"Priority","Area","FilePath","ItemKey","FieldName","CurrentValue","RequiredState","Reason"
"MEDIUM","apply_gate_rollup_2026-04-13","C:\Projects\MindLab_Starter_Project\docs\planning\kids_certified\00_control\apply_gate_rollup_2026-04-13\authoritative_exact_source_values_2026-04-17.csv","Adults","Approver","","Concrete non-placeholder value","Open non-blocked field"
"MEDIUM","apply_gate_rollup_2026-04-13","C:\Projects\MindLab_Starter_Project\docs\planning\kids_certified\00_control\apply_gate_rollup_2026-04-13\authoritative_exact_source_values_2026-04-17.csv","Adults","ApproverEmail","","Concrete non-placeholder value","Open non-blocked field"
"MEDIUM","apply_gate_rollup_2026-04-13","C:\Projects\MindLab_Starter_Project\docs\planning\kids_certified\00_control\apply_gate_rollup_2026-04-13\authoritative_exact_source_values_2026-04-17.csv","Adults","ApproverName","","Concrete non-placeholder value","Open non-blocked field"
"MEDIUM","apply_gate_rollup_2026-04-13","C:\Projects\MindLab_Starter_Project\docs\planning\kids_certified\00_control\apply_gate_rollup_2026-04-13\authoritative_exact_source_values_2026-04-17.csv","Adults","DependencyReviewer","","Concrete non-placeholder value","Open non-blocked field"
"MEDIUM","apply_gate_rollup_2026-04-13","C:\Projects\MindLab_Starter_Project\docs\planning\kids_certified\00_control\apply_gate_rollup_2026-04-13\authoritative_exact_source_values_2026-04-17.csv","Adults","MappingApproved","","Concrete non-placeholder value","Open non-blocked field"
"MEDIUM","apply_gate_rollup_2026-04-13","C:\Projects\MindLab_Starter_Project\docs\planning\kids_certified\00_control\apply_gate_rollup_2026-04-13\authoritative_exact_source_values_2026-04-17.csv","Adults","OwnerEmail","","Concrete non-placeholder value","Open non-blocked field"
"MEDIUM","apply_gate_rollup_2026-04-13","C:\Projects\MindLab_Starter_Project\docs\planning\kids_certified\00_control\apply_gate_rollup_2026-04-13\authoritative_exact_source_values_2026-04-17.csv","Adults","OwnerName","","Concrete non-placeholder value","Open non-blocked field"
"MEDIUM","apply_gate_rollup_2026-04-13","C:\Projects\MindLab_Starter_Project\docs\planning\kids_certified\00_control\apply_gate_rollup_2026-04-13\authoritative_exact_source_values_2026-04-17.csv","Adults","ProposedTarget","","Concrete non-placeholder value","Open non-blocked field"
"MEDIUM","apply_gate_rollup_2026-04-13","C:\Projects\MindLab_Starter_Project\docs\planning\kids_certified\00_control\apply_gate_rollup_2026-04-13\authoritative_exact_source_values_2026-04-17.csv","Adults","QaReviewer","","Concrete non-placeholder value","Open non-blocked field"
"MEDIUM","apply_gate_rollup_2026-04-13","C:\Projects\MindLab_Starter_Project\docs\planning\kids_certified\00_control\apply_gate_rollup_2026-04-13\authoritative_exact_source_values_2026-04-17.csv","Adults","RewriteRequired","","Concrete non-placeholder value","Open non-blocked field"
"MEDIUM","apply_gate_rollup_2026-04-13","C:\Projects\MindLab_Starter_Project\docs\planning\kids_certified\00_control\apply_gate_rollup_2026-04-13\authoritative_exact_source_values_2026-04-17.csv","Adults","SignoffCheckpoint","","Concrete non-placeholder value","Open non-blocked field"
"MEDIUM","apply_gate_rollup_2026-04-13","C:\Projects\MindLab_Starter_Project\docs\planning\kids_certified\00_control\apply_gate_rollup_2026-04-13\authoritative_exact_source_values_2026-04-17.csv","Seniors","Approver","","Concrete non-placeholder value","Open non-blocked field"
"MEDIUM","apply_gate_rollup_2026-04-13","C:\Projects\MindLab_Starter_Project\docs\planning\kids_certified\00_control\apply_gate_rollup_2026-04-13\authoritative_exact_source_values_2026-04-17.csv","Seniors","ApproverEmail","","Concrete non-placeholder value","Open non-blocked field"
"MEDIUM","apply_gate_rollup_2026-04-13","C:\Projects\MindLab_Starter_Project\docs\planning\kids_certified\00_control\apply_gate_rollup_2026-04-13\authoritative_exact_source_values_2026-04-17.csv","Seniors","ApproverName","","Concrete non-placeholder value","Open non-blocked field"
"MEDIUM","apply_gate_rollup_2026-04-13","C:\Projects\MindLab_Starter_Project\docs\planning\kids_certified\00_control\apply_gate_rollup_2026-04-13\authoritative_exact_source_values_2026-04-17.csv","Seniors","DependencyReviewer","","Concrete non-placeholder value","Open non-blocked field"
"MEDIUM","apply_gate_rollup_2026-04-13","C:\Projects\MindLab_Starter_Project\docs\planning\kids_certified\00_control\apply_gate_rollup_2026-04-13\authoritative_exact_source_values_2026-04-17.csv","Seniors","MappingApproved","","Concrete non-placeholder value","Open non-blocked field"
"MEDIUM","apply_gate_rollup_2026-04-13","C:\Projects\MindLab_Starter_Project\docs\planning\kids_certified\00_control\apply_gate_rollup_2026-04-13\authoritative_exact_source_values_2026-04-17.csv","Seniors","OwnerEmail","","Concrete non-placeholder value","Open non-blocked field"
"MEDIUM","apply_gate_rollup_2026-04-13","C:\Projects\MindLab_Starter_Project\docs\planning\kids_certified\00_control\apply_gate_rollup_2026-04-13\authoritative_exact_source_values_2026-04-17.csv","Seniors","OwnerName","","Concrete non-placeholder value","Open non-blocked field"
"MEDIUM","apply_gate_rollup_2026-04-13","C:\Projects\MindLab_Starter_Project\docs\planning\kids_certified\00_control\apply_gate_rollup_2026-04-13\authoritative_exact_source_values_2026-04-17.csv","Seniors","ProposedTarget","","Concrete non-placeholder value","Open non-blocked field"
"MEDIUM","apply_gate_rollup_2026-04-13","C:\Projects\MindLab_Starter_Project\docs\planning\kids_certified\00_control\apply_gate_rollup_2026-04-13\authoritative_exact_source_values_2026-04-17.csv","Seniors","QaReviewer","","Concrete non-placeholder value","Open non-blocked field"
"MEDIUM","apply_gate_rollup_2026-04-13","C:\Projects\MindLab_Starter_Project\docs\planning\kids_certified\00_control\apply_gate_rollup_2026-04-13\authoritative_exact_source_values_2026-04-17.csv","Seniors","RewriteRequired","","Concrete non-placeholder value","Open non-blocked field"
"MEDIUM","apply_gate_rollup_2026-04-13","C:\Projects\MindLab_Starter_Project\docs\planning\kids_certified\00_control\apply_gate_rollup_2026-04-13\authoritative_exact_source_values_2026-04-17.csv","Seniors","SignoffCheckpoint","","Concrete non-placeholder value","Open non-blocked field"
"MEDIUM","apply_gate_rollup_2026-04-13","C:\Projects\MindLab_Starter_Project\docs\planning\kids_certified\00_control\apply_gate_rollup_2026-04-13\authoritative_exact_source_values_2026-04-17.csv","TBD","Approver","","Concrete non-placeholder value","Open non-blocked field"
"MEDIUM","apply_gate_rollup_2026-04-13","C:\Projects\MindLab_Starter_Project\docs\planning\kids_certified\00_control\apply_gate_rollup_2026-04-13\authoritative_exact_source_values_2026-04-17.csv","TBD","Approver","","Concrete non-placeholder value","Open non-blocked field"
"MEDIUM","apply_gate_rollup_2026-04-13","C:\Projects\MindLab_Starter_Project\docs\planning\kids_certified\00_control\apply_gate_rollup_2026-04-13\authoritative_exact_source_values_2026-04-17.csv","TBD","ApproverEmail","","Concrete non-placeholder value","Open non-blocked field"
"MEDIUM","apply_gate_rollup_2026-04-13","C:\Projects\MindLab_Starter_Project\docs\planning\kids_certified\00_control\apply_gate_rollup_2026-04-13\authoritative_exact_source_values_2026-04-17.csv","TBD","ApproverEmail","","Concrete non-placeholder value","Open non-blocked field"
"MEDIUM","apply_gate_rollup_2026-04-13","C:\Projects\MindLab_Starter_Project\docs\planning\kids_certified\00_control\apply_gate_rollup_2026-04-13\authoritative_exact_source_values_2026-04-17.csv","TBD","ApproverName","","Concrete non-placeholder value","Open non-blocked field"
"MEDIUM","apply_gate_rollup_2026-04-13","C:\Projects\MindLab_Starter_Project\docs\planning\kids_certified\00_control\apply_gate_rollup_2026-04-13\authoritative_exact_source_values_2026-04-17.csv","TBD","ApproverName","","Concrete non-placeholder value","Open non-blocked field"
"MEDIUM","apply_gate_rollup_2026-04-13","C:\Projects\MindLab_Starter_Project\docs\planning\kids_certified\00_control\apply_gate_rollup_2026-04-13\authoritative_exact_source_values_2026-04-17.csv","TBD","DependencyReviewer","","Concrete non-placeholder value","Open non-blocked field"
"MEDIUM","apply_gate_rollup_2026-04-13","C:\Projects\MindLab_Starter_Project\docs\planning\kids_certified\00_control\apply_gate_rollup_2026-04-13\authoritative_exact_source_values_2026-04-17.csv","TBD","DependencyReviewer","","Concrete non-placeholder value","Open non-blocked field"
"MEDIUM","apply_gate_rollup_2026-04-13","C:\Projects\MindLab_Starter_Project\docs\planning\kids_certified\00_control\apply_gate_rollup_2026-04-13\authoritative_exact_source_values_2026-04-17.csv","TBD","Item","TBD","Concrete non-placeholder value","Open non-blocked field"
"MEDIUM","apply_gate_rollup_2026-04-13","C:\Projects\MindLab_Starter_Project\docs\planning\kids_certified\00_control\apply_gate_rollup_2026-04-13\authoritative_exact_source_values_2026-04-17.csv","TBD","Item","TBD","Concrete non-placeholder value","Open non-blocked field"
"MEDIUM","apply_gate_rollup_2026-04-13","C:\Projects\MindLab_Starter_Project\docs\planning\kids_certified\00_control\apply_gate_rollup_2026-04-13\authoritative_exact_source_values_2026-04-17.csv","TBD","MappingApproved","","Concrete non-placeholder value","Open non-blocked field"
"MEDIUM","apply_gate_rollup_2026-04-13","C:\Projects\MindLab_Starter_Project\docs\planning\kids_certified\00_control\apply_gate_rollup_2026-04-13\authoritative_exact_source_values_2026-04-17.csv","TBD","MappingApproved","","Concrete non-placeholder value","Open non-blocked field"
"MEDIUM","apply_gate_rollup_2026-04-13","C:\Projects\MindLab_Starter_Project\docs\planning\kids_certified\00_control\apply_gate_rollup_2026-04-13\authoritative_exact_source_values_2026-04-17.csv","TBD","OwnerEmail","","Concrete non-placeholder value","Open non-blocked field"
"MEDIUM","apply_gate_rollup_2026-04-13","C:\Projects\MindLab_Starter_Project\docs\planning\kids_certified\00_control\apply_gate_rollup_2026-04-13\authoritative_exact_source_values_2026-04-17.csv","TBD","OwnerEmail","","Concrete non-placeholder value","Open non-blocked field"
"MEDIUM","apply_gate_rollup_2026-04-13","C:\Projects\MindLab_Starter_Project\docs\planning\kids_certified\00_control\apply_gate_rollup_2026-04-13\authoritative_exact_source_values_2026-04-17.csv","TBD","OwnerName","","Concrete non-placeholder value","Open non-blocked field"
"MEDIUM","apply_gate_rollup_2026-04-13","C:\Projects\MindLab_Starter_Project\docs\planning\kids_certified\00_control\apply_gate_rollup_2026-04-13\authoritative_exact_source_values_2026-04-17.csv","TBD","OwnerName","","Concrete non-placeholder value","Open non-blocked field"
"MEDIUM","apply_gate_rollup_2026-04-13","C:\Projects\MindLab_Starter_Project\docs\planning\kids_certified\00_control\apply_gate_rollup_2026-04-13\authoritative_exact_source_values_2026-04-17.csv","TBD","ProposedTarget","","Concrete non-placeholder value","Open non-blocked field"
"MEDIUM","apply_gate_rollup_2026-04-13","C:\Projects\MindLab_Starter_Project\docs\planning\kids_certified\00_control\apply_gate_rollup_2026-04-13\authoritative_exact_source_values_2026-04-17.csv","TBD","ProposedTarget","","Concrete non-placeholder value","Open non-blocked field"
"MEDIUM","apply_gate_rollup_2026-04-13","C:\Projects\MindLab_Starter_Project\docs\planning\kids_certified\00_control\apply_gate_rollup_2026-04-13\authoritative_exact_source_values_2026-04-17.csv","TBD","QaReviewer","","Concrete non-placeholder value","Open non-blocked field"
"MEDIUM","apply_gate_rollup_2026-04-13","C:\Projects\MindLab_Starter_Project\docs\planning\kids_certified\00_control\apply_gate_rollup_2026-04-13\authoritative_exact_source_values_2026-04-17.csv","TBD","QaReviewer","","Concrete non-placeholder value","Open non-blocked field"
"MEDIUM","apply_gate_rollup_2026-04-13","C:\Projects\MindLab_Starter_Project\docs\planning\kids_certified\00_control\apply_gate_rollup_2026-04-13\authoritative_exact_source_values_2026-04-17.csv","TBD","RewriteRequired","","Concrete non-placeholder value","Open non-blocked field"
"MEDIUM","apply_gate_rollup_2026-04-13","C:\Projects\MindLab_Starter_Project\docs\planning\kids_certified\00_control\apply_gate_rollup_2026-04-13\authoritative_exact_source_values_2026-04-17.csv","TBD","RewriteRequired","","Concrete non-placeholder value","Open non-blocked field"
"MEDIUM","apply_gate_rollup_2026-04-13","C:\Projects\MindLab_Starter_Project\docs\planning\kids_certified\00_control\apply_gate_rollup_2026-04-13\authoritative_exact_source_values_2026-04-17.csv","TBD","SignoffCheckpoint","","Concrete non-placeholder value","Open non-blocked field"
"MEDIUM","apply_gate_rollup_2026-04-13","C:\Projects\MindLab_Starter_Project\docs\planning\kids_certified\00_control\apply_gate_rollup_2026-04-13\authoritative_exact_source_values_2026-04-17.csv","TBD","SignoffCheckpoint","","Concrete non-placeholder value","Open non-blocked field"
"MEDIUM","apply_gate_rollup_2026-04-13","C:\Projects\MindLab_Starter_Project\docs\planning\kids_certified\00_control\apply_gate_rollup_2026-04-13\authoritative_exact_source_values_2026-04-17.csv","W2-B01","Approver","","Concrete non-placeholder value","Open non-blocked field"
"MEDIUM","apply_gate_rollup_2026-04-13","C:\Projects\MindLab_Starter_Project\docs\planning\kids_certified\00_control\apply_gate_rollup_2026-04-13\authoritative_exact_source_values_2026-04-17.csv","W2-B01","ApproverEmail","","Concrete non-placeholder value","Open non-blocked field"
"MEDIUM","apply_gate_rollup_2026-04-13","C:\Projects\MindLab_Starter_Project\docs\planning\kids_certified\00_control\apply_gate_rollup_2026-04-13\authoritative_exact_source_values_2026-04-17.csv","W2-B01","ApproverName","","Concrete non-placeholder value","Open non-blocked field"
"MEDIUM","apply_gate_rollup_2026-04-13","C:\Projects\MindLab_Starter_Project\docs\planning\kids_certified\00_control\apply_gate_rollup_2026-04-13\authoritative_exact_source_values_2026-04-17.csv","W2-B01","DependencyReviewer","","Concrete non-placeholder value","Open non-blocked field"
"MEDIUM","apply_gate_rollup_2026-04-13","C:\Projects\MindLab_Starter_Project\docs\planning\kids_certified\00_control\apply_gate_rollup_2026-04-13\authoritative_exact_source_values_2026-04-17.csv","W2-B01","MappingApproved","","Concrete non-placeholder value","Open non-blocked field"
"MEDIUM","apply_gate_rollup_2026-04-13","C:\Projects\MindLab_Starter_Project\docs\planning\kids_certified\00_control\apply_gate_rollup_2026-04-13\authoritative_exact_source_values_2026-04-17.csv","W2-B01","OwnerEmail","","Concrete non-placeholder value","Open non-blocked field"
"MEDIUM","apply_gate_rollup_2026-04-13","C:\Projects\MindLab_Starter_Project\docs\planning\kids_certified\00_control\apply_gate_rollup_2026-04-13\authoritative_exact_source_values_2026-04-17.csv","W2-B01","OwnerName","","Concrete non-placeholder value","Open non-blocked field"
"MEDIUM","apply_gate_rollup_2026-04-13","C:\Projects\MindLab_Starter_Project\docs\planning\kids_certified\00_control\apply_gate_rollup_2026-04-13\authoritative_exact_source_values_2026-04-17.csv","W2-B01","ProposedTarget","","Concrete non-placeholder value","Open non-blocked field"
"MEDIUM","apply_gate_rollup_2026-04-13","C:\Projects\MindLab_Starter_Project\docs\planning\kids_certified\00_control\apply_gate_rollup_2026-04-13\authoritative_exact_source_values_2026-04-17.csv","W2-B01","QaReviewer","","Concrete non-placeholder value","Open non-blocked field"
"MEDIUM","apply_gate_rollup_2026-04-13","C:\Projects\MindLab_Starter_Project\docs\planning\kids_certified\00_control\apply_gate_rollup_2026-04-13\authoritative_exact_source_values_2026-04-17.csv","W2-B01","RewriteRequired","","Concrete non-placeholder value","Open non-blocked field"
"MEDIUM","apply_gate_rollup_2026-04-13","C:\Projects\MindLab_Starter_Project\docs\planning\kids_certified\00_control\apply_gate_rollup_2026-04-13\authoritative_exact_source_values_2026-04-17.csv","W2-B01","SignoffCheckpoint","","Concrete non-placeholder value","Open non-blocked field"
"MEDIUM","apply_gate_rollup_2026-04-13","C:\Projects\MindLab_Starter_Project\docs\planning\kids_certified\00_control\apply_gate_rollup_2026-04-13\authoritative_exact_source_values_2026-04-17.csv","W2-B02","Approver","","Concrete non-placeholder value","Open non-blocked field"
"MEDIUM","apply_gate_rollup_2026-04-13","C:\Projects\MindLab_Starter_Project\docs\planning\kids_certified\00_control\apply_gate_rollup_2026-04-13\authoritative_exact_source_values_2026-04-17.csv","W2-B02","ApproverEmail","","Concrete non-placeholder value","Open non-blocked field"
"MEDIUM","apply_gate_rollup_2026-04-13","C:\Projects\MindLab_Starter_Project\docs\planning\kids_certified\00_control\apply_gate_rollup_2026-04-13\authoritative_exact_source_values_2026-04-17.csv","W2-B02","ApproverName","","Concrete non-placeholder value","Open non-blocked field"
"MEDIUM","apply_gate_rollup_2026-04-13","C:\Projects\MindLab_Starter_Project\docs\planning\kids_certified\00_control\apply_gate_rollup_2026-04-13\authoritative_exact_source_values_2026-04-17.csv","W2-B02","DependencyReviewer","","Concrete non-placeholder value","Open non-blocked field"
"MEDIUM","apply_gate_rollup_2026-04-13","C:\Projects\MindLab_Starter_Project\docs\planning\kids_certified\00_control\apply_gate_rollup_2026-04-13\authoritative_exact_source_values_2026-04-17.csv","W2-B02","MappingApproved","","Concrete non-placeholder value","Open non-blocked field"
"MEDIUM","apply_gate_rollup_2026-04-13","C:\Projects\MindLab_Starter_Project\docs\planning\kids_certified\00_control\apply_gate_rollup_2026-04-13\authoritative_exact_source_values_2026-04-17.csv","W2-B02","OwnerEmail","","Concrete non-placeholder value","Open non-blocked field"
"MEDIUM","apply_gate_rollup_2026-04-13","C:\Projects\MindLab_Starter_Project\docs\planning\kids_certified\00_control\apply_gate_rollup_2026-04-13\authoritative_exact_source_values_2026-04-17.csv","W2-B02","OwnerName","","Concrete non-placeholder value","Open non-blocked field"
"MEDIUM","apply_gate_rollup_2026-04-13","C:\Projects\MindLab_Starter_Project\docs\planning\kids_certified\00_control\apply_gate_rollup_2026-04-13\authoritative_exact_source_values_2026-04-17.csv","W2-B02","ProposedTarget","","Concrete non-placeholder value","Open non-blocked field"
"MEDIUM","apply_gate_rollup_2026-04-13","C:\Projects\MindLab_Starter_Project\docs\planning\kids_certified\00_control\apply_gate_rollup_2026-04-13\authoritative_exact_source_values_2026-04-17.csv","W2-B02","QaReviewer","","Concrete non-placeholder value","Open non-blocked field"
"MEDIUM","apply_gate_rollup_2026-04-13","C:\Projects\MindLab_Starter_Project\docs\planning\kids_certified\00_control\apply_gate_rollup_2026-04-13\authoritative_exact_source_values_2026-04-17.csv","W2-B02","RewriteRequired","","Concrete non-placeholder value","Open non-blocked field"
"MEDIUM","apply_gate_rollup_2026-04-13","C:\Projects\MindLab_Starter_Project\docs\planning\kids_certified\00_control\apply_gate_rollup_2026-04-13\authoritative_exact_source_values_2026-04-17.csv","W2-B02","SignoffCheckpoint","","Concrete non-placeholder value","Open non-blocked field"
"MEDIUM","apply_gate_rollup_2026-04-13","C:\Projects\MindLab_Starter_Project\docs\planning\kids_certified\00_control\apply_gate_rollup_2026-04-13\authoritative_exact_source_values_2026-04-17.csv","W2-B03","Approver","","Concrete non-placeholder value","Open non-blocked field"
"MEDIUM","apply_gate_rollup_2026-04-13","C:\Projects\MindLab_Starter_Project\docs\planning\kids_certified\00_control\apply_gate_rollup_2026-04-13\authoritative_exact_source_values_2026-04-17.csv","W2-B03","ApproverEmail","","Concrete non-placeholder value","Open non-blocked field"
"MEDIUM","apply_gate_rollup_2026-04-13","C:\Projects\MindLab_Starter_Project\docs\planning\kids_certified\00_control\apply_gate_rollup_2026-04-13\authoritative_exact_source_values_2026-04-17.csv","W2-B03","ApproverName","","Concrete non-placeholder value","Open non-blocked field"
"MEDIUM","apply_gate_rollup_2026-04-13","C:\Projects\MindLab_Starter_Project\docs\planning\kids_certified\00_control\apply_gate_rollup_2026-04-13\authoritative_exact_source_values_2026-04-17.csv","W2-B03","DependencyReviewer","","Concrete non-placeholder value","Open non-blocked field"
"MEDIUM","apply_gate_rollup_2026-04-13","C:\Projects\MindLab_Starter_Project\docs\planning\kids_certified\00_control\apply_gate_rollup_2026-04-13\authoritative_exact_source_values_2026-04-17.csv","W2-B03","MappingApproved","","Concrete non-placeholder value","Open non-blocked field"
"MEDIUM","apply_gate_rollup_2026-04-13","C:\Projects\MindLab_Starter_Project\docs\planning\kids_certified\00_control\apply_gate_rollup_2026-04-13\authoritative_exact_source_values_2026-04-17.csv","W2-B03","OwnerEmail","","Concrete non-placeholder value","Open non-blocked field"
"MEDIUM","apply_gate_rollup_2026-04-13","C:\Projects\MindLab_Starter_Project\docs\planning\kids_certified\00_control\apply_gate_rollup_2026-04-13\authoritative_exact_source_values_2026-04-17.csv","W2-B03","OwnerName","","Concrete non-placeholder value","Open non-blocked field"
"MEDIUM","apply_gate_rollup_2026-04-13","C:\Projects\MindLab_Starter_Project\docs\planning\kids_certified\00_control\apply_gate_rollup_2026-04-13\authoritative_exact_source_values_2026-04-17.csv","W2-B03","ProposedTarget","","Concrete non-placeholder value","Open non-blocked field"
"MEDIUM","apply_gate_rollup_2026-04-13","C:\Projects\MindLab_Starter_Project\docs\planning\kids_certified\00_control\apply_gate_rollup_2026-04-13\authoritative_exact_source_values_2026-04-17.csv","W2-B03","QaReviewer","","Concrete non-placeholder value","Open non-blocked field"
"MEDIUM","apply_gate_rollup_2026-04-13","C:\Projects\MindLab_Starter_Project\docs\planning\kids_certified\00_control\apply_gate_rollup_2026-04-13\authoritative_exact_source_values_2026-04-17.csv","W2-B03","RewriteRequired","","Concrete non-placeholder value","Open non-blocked field"
"MEDIUM","apply_gate_rollup_2026-04-13","C:\Projects\MindLab_Starter_Project\docs\planning\kids_certified\00_control\apply_gate_rollup_2026-04-13\authoritative_exact_source_values_2026-04-17.csv","W2-B03","SignoffCheckpoint","","Concrete non-placeholder value","Open non-blocked field"
"MEDIUM","apply_gate_rollup_2026-04-13","C:\Projects\MindLab_Starter_Project\docs\planning\kids_certified\00_control\apply_gate_rollup_2026-04-13\kids_area_readiness_summary.csv","","ReadinessStatus","PENDING","Concrete non-placeholder value","Open non-blocked field"
"MEDIUM","apply_gate_rollup_2026-04-13","C:\Projects\MindLab_Starter_Project\docs\planning\kids_certified\00_control\apply_gate_rollup_2026-04-13\kids_area_readiness_summary.csv","","ReadinessStatus","PENDING","Concrete non-placeholder value","Open non-blocked field"
"MEDIUM","apply_gate_rollup_2026-04-13","C:\Projects\MindLab_Starter_Project\docs\planning\kids_certified\00_control\apply_gate_rollup_2026-04-13\kids_area_readiness_summary.csv","","ReadinessStatus","PENDING","Concrete non-placeholder value","Open non-blocked field"
"MEDIUM","apply_gate_rollup_2026-04-13","C:\Projects\MindLab_Starter_Project\docs\planning\kids_certified\00_control\apply_gate_rollup_2026-04-13\kids_area_readiness_summary.csv","","ReadinessStatus","PENDING","Concrete non-placeholder value","Open non-blocked field"
"MEDIUM","apply_gate_rollup_2026-04-13","C:\Projects\MindLab_Starter_Project\docs\planning\kids_certified\00_control\apply_gate_rollup_2026-04-13\kids_area_readiness_summary.csv","","ReadinessStatus","PENDING","Concrete non-placeholder value","Open non-blocked field"
"MEDIUM","apply_gate_rollup_2026-04-13","C:\Projects\MindLab_Starter_Project\docs\planning\kids_certified\00_control\apply_gate_rollup_2026-04-13\kids_area_readiness_summary.csv","","ReadinessStatus","PENDING","Concrete non-placeholder value","Open non-blocked field"
"MEDIUM","apply_gate_rollup_2026-04-13","C:\Projects\MindLab_Starter_Project\docs\planning\kids_certified\00_control\apply_gate_rollup_2026-04-13\kids_area_readiness_summary.csv","","SummaryStatus","PENDING","Concrete non-placeholder value","Open non-blocked field"
"MEDIUM","apply_gate_rollup_2026-04-13","C:\Projects\MindLab_Starter_Project\docs\planning\kids_certified\00_control\apply_gate_rollup_2026-04-13\kids_area_readiness_summary.csv","","SummaryStatus","PENDING","Concrete non-placeholder value","Open non-blocked field"
"MEDIUM","apply_gate_rollup_2026-04-13","C:\Projects\MindLab_Starter_Project\docs\planning\kids_certified\00_control\apply_gate_rollup_2026-04-13\kids_area_readiness_summary.csv","","SummaryStatus","PENDING","Concrete non-placeholder value","Open non-blocked field"
"MEDIUM","apply_gate_rollup_2026-04-13","C:\Projects\MindLab_Starter_Project\docs\planning\kids_certified\00_control\apply_gate_rollup_2026-04-13\kids_area_readiness_summary.csv","","SummaryStatus","PENDING","Concrete non-placeholder value","Open non-blocked field"
"MEDIUM","apply_gate_rollup_2026-04-13","C:\Projects\MindLab_Starter_Project\docs\planning\kids_certified\00_control\apply_gate_rollup_2026-04-13\kids_area_readiness_summary.csv","","SummaryStatus","PENDING","Concrete non-placeholder value","Open non-blocked field"
"MEDIUM","apply_gate_rollup_2026-04-13","C:\Projects\MindLab_Starter_Project\docs\planning\kids_certified\00_control\apply_gate_rollup_2026-04-13\kids_area_readiness_summary.csv","","SummaryStatus","PENDING","Concrete non-placeholder value","Open non-blocked field"
"MEDIUM","apply_gate_rollup_2026-04-13","C:\Projects\MindLab_Starter_Project\docs\planning\kids_certified\00_control\apply_gate_rollup_2026-04-13\kids_exact_path_blocker_action_pack.csv","06_ux_qa","BlockerNotes","","Concrete non-placeholder value","Open non-blocked field"
"MEDIUM","apply_gate_rollup_2026-04-13","C:\Projects\MindLab_Starter_Project\docs\planning\kids_certified\00_control\apply_gate_rollup_2026-04-13\kids_exact_path_blocker_action_pack.csv","06_ux_qa","SourceCandidatePath","TBD","Concrete non-placeholder value","Open non-blocked field"
"MEDIUM","apply_gate_rollup_2026-04-13","C:\Projects\MindLab_Starter_Project\docs\planning\kids_certified\00_control\apply_gate_rollup_2026-04-13\kids_exact_path_blocker_action_pack.csv","06_ux_qa","SourceExactPath","TBD","Concrete non-placeholder value","Open non-blocked field"
"MEDIUM","apply_gate_rollup_2026-04-13","C:\Projects\MindLab_Starter_Project\docs\planning\kids_certified\00_control\apply_gate_rollup_2026-04-13\kids_exact_path_blocker_action_pack.csv","ApprovalRecord","BlockerNotes","","Concrete non-placeholder value","Open non-blocked field"
"MEDIUM","apply_gate_rollup_2026-04-13","C:\Projects\MindLab_Starter_Project\docs\planning\kids_certified\00_control\apply_gate_rollup_2026-04-13\kids_exact_path_blocker_action_pack.csv","ApprovalRecord","SourceCandidatePath","TBD","Concrete non-placeholder value","Open non-blocked field"
"MEDIUM","apply_gate_rollup_2026-04-13","C:\Projects\MindLab_Starter_Project\docs\planning\kids_certified\00_control\apply_gate_rollup_2026-04-13\kids_exact_path_blocker_action_pack.csv","ApprovalRecord","SourceExactPath","TBD","Concrete non-placeholder value","Open non-blocked field"
"MEDIUM","apply_gate_rollup_2026-04-13","C:\Projects\MindLab_Starter_Project\docs\planning\kids_certified\00_control\apply_gate_rollup_2026-04-13\kids_exact_path_blocker_action_pack.csv","GovernancePackNotes","BlockerNotes","","Concrete non-placeholder value","Open non-blocked field"
"MEDIUM","apply_gate_rollup_2026-04-13","C:\Projects\MindLab_Starter_Project\docs\planning\kids_certified\00_control\apply_gate_rollup_2026-04-13\kids_exact_path_blocker_action_pack.csv","GovernancePackNotes","SourceCandidatePath","TBD","Concrete non-placeholder value","Open non-blocked field"
"MEDIUM","apply_gate_rollup_2026-04-13","C:\Projects\MindLab_Starter_Project\docs\planning\kids_certified\00_control\apply_gate_rollup_2026-04-13\kids_exact_path_blocker_action_pack.csv","GovernancePackNotes","SourceExactPath","TBD","Concrete non-placeholder value","Open non-blocked field"
"MEDIUM","apply_gate_rollup_2026-04-13","C:\Projects\MindLab_Starter_Project\docs\planning\kids_certified\00_control\apply_gate_rollup_2026-04-13\kids_exact_path_blocker_action_pack.csv","GovernanceReleaseWaveLegacyCrossAge","BlockerNotes","","Concrete non-placeholder value","Open non-blocked field"
"MEDIUM","apply_gate_rollup_2026-04-13","C:\Projects\MindLab_Starter_Project\docs\planning\kids_certified\00_control\apply_gate_rollup_2026-04-13\kids_exact_path_blocker_action_pack.csv","GovernanceReleaseWaveLegacyCrossAge","SourceCandidatePath","TBD","Concrete non-placeholder value","Open non-blocked field"
"MEDIUM","apply_gate_rollup_2026-04-13","C:\Projects\MindLab_Starter_Project\docs\planning\kids_certified\00_control\apply_gate_rollup_2026-04-13\kids_exact_path_blocker_action_pack.csv","GovernanceReleaseWaveLegacyCrossAge","SourceExactPath","TBD","Concrete non-placeholder value","Open non-blocked field"
"MEDIUM","apply_gate_rollup_2026-04-13","C:\Projects\MindLab_Starter_Project\docs\planning\kids_certified\00_control\apply_gate_rollup_2026-04-13\kids_exact_path_blocker_action_pack.csv","RoadmapFacingSourceDocs","BlockerNotes","","Concrete non-placeholder value","Open non-blocked field"
"MEDIUM","apply_gate_rollup_2026-04-13","C:\Projects\MindLab_Starter_Project\docs\planning\kids_certified\00_control\apply_gate_rollup_2026-04-13\kids_exact_path_blocker_action_pack.csv","RoadmapFacingSourceDocs","SourceCandidatePath","TBD","Concrete non-placeholder value","Open non-blocked field"
"MEDIUM","apply_gate_rollup_2026-04-13","C:\Projects\MindLab_Starter_Project\docs\planning\kids_certified\00_control\apply_gate_rollup_2026-04-13\kids_exact_path_blocker_action_pack.csv","RoadmapFacingSourceDocs","SourceExactPath","TBD","Concrete non-placeholder value","Open non-blocked field"
"MEDIUM","apply_gate_rollup_2026-04-13","C:\Projects\MindLab_Starter_Project\docs\planning\kids_certified\00_control\apply_gate_rollup_2026-04-13\kids_exact_path_lookup_index.csv",".dockerignore","BaseName","","Concrete non-placeholder value","Open non-blocked field"
"MEDIUM","apply_gate_rollup_2026-04-13","C:\Projects\MindLab_Starter_Project\docs\planning\kids_certified\00_control\apply_gate_rollup_2026-04-13\kids_exact_path_lookup_index.csv",".dockerignore","LowerBaseName","","Concrete non-placeholder value","Open non-blocked field"
"MEDIUM","apply_gate_rollup_2026-04-13","C:\Projects\MindLab_Starter_Project\docs\planning\kids_certified\00_control\apply_gate_rollup_2026-04-13\kids_exact_path_lookup_index.csv",".editorconfig","BaseName","","Concrete non-placeholder value","Open non-blocked field"
"MEDIUM","apply_gate_rollup_2026-04-13","C:\Projects\MindLab_Starter_Project\docs\planning\kids_certified\00_control\apply_gate_rollup_2026-04-13\kids_exact_path_lookup_index.csv",".editorconfig","LowerBaseName","","Concrete non-placeholder value","Open non-blocked field"
"MEDIUM","apply_gate_rollup_2026-04-13","C:\Projects\MindLab_Starter_Project\docs\planning\kids_certified\00_control\apply_gate_rollup_2026-04-13\kids_exact_path_lookup_index.csv",".gitattributes","BaseName","","Concrete non-placeholder value","Open non-blocked field"
"MEDIUM","apply_gate_rollup_2026-04-13","C:\Projects\MindLab_Starter_Project\docs\planning\kids_certified\00_control\apply_gate_rollup_2026-04-13\kids_exact_path_lookup_index.csv",".gitattributes","LowerBaseName","","Concrete non-placeholder value","Open non-blocked field"
"MEDIUM","apply_gate_rollup_2026-04-13","C:\Projects\MindLab_Starter_Project\docs\planning\kids_certified\00_control\apply_gate_rollup_2026-04-13\kids_exact_path_lookup_index.csv",".gitignore","BaseName","","Concrete non-placeholder value","Open non-blocked field"
"MEDIUM","apply_gate_rollup_2026-04-13","C:\Projects\MindLab_Starter_Project\docs\planning\kids_certified\00_control\apply_gate_rollup_2026-04-13\kids_exact_path_lookup_index.csv",".gitignore","BaseName","","Concrete non-placeholder value","Open non-blocked field"
"MEDIUM","apply_gate_rollup_2026-04-13","C:\Projects\MindLab_Starter_Project\docs\planning\kids_certified\00_control\apply_gate_rollup_2026-04-13\kids_exact_path_lookup_index.csv",".gitignore","LowerBaseName","","Concrete non-placeholder value","Open non-blocked field"
"MEDIUM","apply_gate_rollup_2026-04-13","C:\Projects\MindLab_Starter_Project\docs\planning\kids_certified\00_control\apply_gate_rollup_2026-04-13\kids_exact_path_lookup_index.csv",".gitignore","LowerBaseName","","Concrete non-placeholder value","Open non-blocked field"
"MEDIUM","apply_gate_rollup_2026-04-13","C:\Projects\MindLab_Starter_Project\docs\planning\kids_certified\00_control\apply_gate_rollup_2026-04-13\kids_global_apply_readiness_rollup.csv","","ReadinessStatus","PENDING","Concrete non-placeholder value","Open non-blocked field"
"MEDIUM","apply_gate_rollup_2026-04-13","C:\Projects\MindLab_Starter_Project\docs\planning\kids_certified\00_control\apply_gate_rollup_2026-04-13\kids_global_apply_readiness_rollup.csv","","ReadinessStatus","PENDING","Concrete non-placeholder value","Open non-blocked field"
"MEDIUM","apply_gate_rollup_2026-04-13","C:\Projects\MindLab_Starter_Project\docs\planning\kids_certified\00_control\apply_gate_rollup_2026-04-13\kids_global_apply_readiness_rollup.csv","","ReadinessStatus","PENDING","Concrete non-placeholder value","Open non-blocked field"
"MEDIUM","apply_gate_rollup_2026-04-13","C:\Projects\MindLab_Starter_Project\docs\planning\kids_certified\00_control\apply_gate_rollup_2026-04-13\kids_global_apply_readiness_rollup.csv","","ReadinessStatus","PENDING","Concrete non-placeholder value","Open non-blocked field"
"MEDIUM","apply_gate_rollup_2026-04-13","C:\Projects\MindLab_Starter_Project\docs\planning\kids_certified\00_control\apply_gate_rollup_2026-04-13\kids_global_apply_readiness_rollup.csv","","ReadinessStatus","PENDING","Concrete non-placeholder value","Open non-blocked field"
"MEDIUM","apply_gate_rollup_2026-04-13","C:\Projects\MindLab_Starter_Project\docs\planning\kids_certified\00_control\apply_gate_rollup_2026-04-13\kids_global_apply_readiness_rollup.csv","","ReadinessStatus","PENDING","Concrete non-placeholder value","Open non-blocked field"
"MEDIUM","apply_gate_rollup_2026-04-13","C:\Projects\MindLab_Starter_Project\docs\planning\kids_certified\00_control\apply_gate_rollup_2026-04-13\kids_global_readiness_decision_log.csv","","DecisionDate","TBD","Concrete non-placeholder value","Open non-blocked field"
"MEDIUM","apply_gate_rollup_2026-04-13","C:\Projects\MindLab_Starter_Project\docs\planning\kids_certified\00_control\apply_gate_rollup_2026-04-13\kids_global_readiness_decision_log.csv","","DecisionDate","TBD","Concrete non-placeholder value","Open non-blocked field"
"MEDIUM","apply_gate_rollup_2026-04-13","C:\Projects\MindLab_Starter_Project\docs\planning\kids_certified\00_control\apply_gate_rollup_2026-04-13\kids_global_readiness_decision_log.csv","","DecisionDate","TBD","Concrete non-placeholder value","Open non-blocked field"
"MEDIUM","apply_gate_rollup_2026-04-13","C:\Projects\MindLab_Starter_Project\docs\planning\kids_certified\00_control\apply_gate_rollup_2026-04-13\kids_global_readiness_decision_log.csv","","DecisionDate","TBD","Concrete non-placeholder value","Open non-blocked field"
"MEDIUM","apply_gate_rollup_2026-04-13","C:\Projects\MindLab_Starter_Project\docs\planning\kids_certified\00_control\apply_gate_rollup_2026-04-13\kids_global_readiness_decision_log.csv","","DecisionDate","TBD","Concrete non-placeholder value","Open non-blocked field"
"MEDIUM","apply_gate_rollup_2026-04-13","C:\Projects\MindLab_Starter_Project\docs\planning\kids_certified\00_control\apply_gate_rollup_2026-04-13\kids_global_readiness_decision_log.csv","","DecisionDate","TBD","Concrete non-placeholder value","Open non-blocked field"
"MEDIUM","apply_gate_rollup_2026-04-13","C:\Projects\MindLab_Starter_Project\docs\planning\kids_certified\00_control\apply_gate_rollup_2026-04-13\kids_global_readiness_decision_log.csv","","DecisionStatus","PENDING","Concrete non-placeholder value","Open non-blocked field"
"MEDIUM","apply_gate_rollup_2026-04-13","C:\Projects\MindLab_Starter_Project\docs\planning\kids_certified\00_control\apply_gate_rollup_2026-04-13\kids_global_readiness_decision_log.csv","","DecisionStatus","PENDING","Concrete non-placeholder value","Open non-blocked field"
"MEDIUM","apply_gate_rollup_2026-04-13","C:\Projects\MindLab_Starter_Project\docs\planning\kids_certified\00_control\apply_gate_rollup_2026-04-13\kids_global_readiness_decision_log.csv","","DecisionStatus","PENDING","Concrete non-placeholder value","Open non-blocked field"
"MEDIUM","apply_gate_rollup_2026-04-13","C:\Projects\MindLab_Starter_Project\docs\planning\kids_certified\00_control\apply_gate_rollup_2026-04-13\kids_global_readiness_decision_log.csv","","DecisionStatus","PENDING","Concrete non-placeholder value","Open non-blocked field"
"MEDIUM","apply_gate_rollup_2026-04-13","C:\Projects\MindLab_Starter_Project\docs\planning\kids_certified\00_control\apply_gate_rollup_2026-04-13\kids_global_readiness_decision_log.csv","","DecisionStatus","PENDING","Concrete non-placeholder value","Open non-blocked field"
"MEDIUM","apply_gate_rollup_2026-04-13","C:\Projects\MindLab_Starter_Project\docs\planning\kids_certified\00_control\apply_gate_rollup_2026-04-13\kids_global_readiness_decision_log.csv","","DecisionStatus","PENDING","Concrete non-placeholder value","Open non-blocked field"
"MEDIUM","apply_gate_rollup_2026-04-13","C:\Projects\MindLab_Starter_Project\docs\planning\kids_certified\00_control\apply_gate_rollup_2026-04-13\kids_global_readiness_decision_log.csv","","ReadinessStatus","PENDING","Concrete non-placeholder value","Open non-blocked field"
"MEDIUM","apply_gate_rollup_2026-04-13","C:\Projects\MindLab_Starter_Project\docs\planning\kids_certified\00_control\apply_gate_rollup_2026-04-13\kids_global_readiness_decision_log.csv","","ReadinessStatus","PENDING","Concrete non-placeholder value","Open non-blocked field"
"MEDIUM","apply_gate_rollup_2026-04-13","C:\Projects\MindLab_Starter_Project\docs\planning\kids_certified\00_control\apply_gate_rollup_2026-04-13\kids_global_readiness_decision_log.csv","","ReadinessStatus","PENDING","Concrete non-placeholder value","Open non-blocked field"
"MEDIUM","apply_gate_rollup_2026-04-13","C:\Projects\MindLab_Starter_Project\docs\planning\kids_certified\00_control\apply_gate_rollup_2026-04-13\kids_global_readiness_decision_log.csv","","ReadinessStatus","PENDING","Concrete non-placeholder value","Open non-blocked field"
"MEDIUM","apply_gate_rollup_2026-04-13","C:\Projects\MindLab_Starter_Project\docs\planning\kids_certified\00_control\apply_gate_rollup_2026-04-13\kids_global_readiness_decision_log.csv","","ReadinessStatus","PENDING","Concrete non-placeholder value","Open non-blocked field"
"MEDIUM","apply_gate_rollup_2026-04-13","C:\Projects\MindLab_Starter_Project\docs\planning\kids_certified\00_control\apply_gate_rollup_2026-04-13\kids_global_readiness_decision_log.csv","","ReadinessStatus","PENDING","Concrete non-placeholder value","Open non-blocked field"
"MEDIUM","apply_gate_rollup_2026-04-13","C:\Projects\MindLab_Starter_Project\docs\planning\kids_certified\00_control\apply_gate_rollup_2026-04-13\kids_manual_exact_path_validation.csv","04_vertical_slice","CandidatePath","TBD","Concrete non-placeholder value","Open non-blocked field"
"MEDIUM","apply_gate_rollup_2026-04-13","C:\Projects\MindLab_Starter_Project\docs\planning\kids_certified\00_control\apply_gate_rollup_2026-04-13\kids_manual_exact_path_validation.csv","04_vertical_slice","ManualExactPath","TBD","Concrete non-placeholder value","Open non-blocked field"
"MEDIUM","apply_gate_rollup_2026-04-13","C:\Projects\MindLab_Starter_Project\docs\planning\kids_certified\00_control\apply_gate_rollup_2026-04-13\kids_manual_exact_path_validation.csv","06_ux_qa","CandidatePath","TBD","Concrete non-placeholder value","Open non-blocked field"
"MEDIUM","apply_gate_rollup_2026-04-13","C:\Projects\MindLab_Starter_Project\docs\planning\kids_certified\00_control\apply_gate_rollup_2026-04-13\kids_manual_exact_path_validation.csv","06_ux_qa","ManualExactPath","TBD","Concrete non-placeholder value","Open non-blocked field"
"MEDIUM","apply_gate_rollup_2026-04-13","C:\Projects\MindLab_Starter_Project\docs\planning\kids_certified\00_control\apply_gate_rollup_2026-04-13\kids_manual_exact_path_validation.csv","ApprovalRecord","CandidatePath","TBD","Concrete non-placeholder value","Open non-blocked field"
"MEDIUM","apply_gate_rollup_2026-04-13","C:\Projects\MindLab_Starter_Project\docs\planning\kids_certified\00_control\apply_gate_rollup_2026-04-13\kids_manual_exact_path_validation.csv","ApprovalRecord","ManualExactPath","TBD","Concrete non-placeholder value","Open non-blocked field"
"MEDIUM","apply_gate_rollup_2026-04-13","C:\Projects\MindLab_Starter_Project\docs\planning\kids_certified\00_control\apply_gate_rollup_2026-04-13\kids_manual_exact_path_validation.csv","GovernancePackNotes","CandidatePath","TBD","Concrete non-placeholder value","Open non-blocked field"
"MEDIUM","apply_gate_rollup_2026-04-13","C:\Projects\MindLab_Starter_Project\docs\planning\kids_certified\00_control\apply_gate_rollup_2026-04-13\kids_manual_exact_path_validation.csv","GovernancePackNotes","ManualExactPath","TBD","Concrete non-placeholder value","Open non-blocked field"
"MEDIUM","apply_gate_rollup_2026-04-13","C:\Projects\MindLab_Starter_Project\docs\planning\kids_certified\00_control\apply_gate_rollup_2026-04-13\kids_manual_exact_path_validation.csv","GovernanceReleaseWaveLegacyCrossAge","CandidatePath","TBD","Concrete non-placeholder value","Open non-blocked field"
"MEDIUM","apply_gate_rollup_2026-04-13","C:\Projects\MindLab_Starter_Project\docs\planning\kids_certified\00_control\apply_gate_rollup_2026-04-13\kids_manual_exact_path_validation.csv","GovernanceReleaseWaveLegacyCrossAge","ManualExactPath","TBD","Concrete non-placeholder value","Open non-blocked field"
"MEDIUM","apply_gate_rollup_2026-04-13","C:\Projects\MindLab_Starter_Project\docs\planning\kids_certified\00_control\apply_gate_rollup_2026-04-13\kids_manual_exact_path_validation.csv","K-KC05-K2-B01","CandidatePath","TBD","Concrete non-placeholder value","Open non-blocked field"
"MEDIUM","apply_gate_rollup_2026-04-13","C:\Projects\MindLab_Starter_Project\docs\planning\kids_certified\00_control\apply_gate_rollup_2026-04-13\kids_manual_exact_path_validation.csv","K-KC05-K2-B01","ManualExactPath","TBD","Concrete non-placeholder value","Open non-blocked field"
"MEDIUM","apply_gate_rollup_2026-04-13","C:\Projects\MindLab_Starter_Project\docs\planning\kids_certified\00_control\apply_gate_rollup_2026-04-13\kids_manual_exact_path_validation.csv","RoadmapFacingSourceDocs","CandidatePath","TBD","Concrete non-placeholder value","Open non-blocked field"
"MEDIUM","apply_gate_rollup_2026-04-13","C:\Projects\MindLab_Starter_Project\docs\planning\kids_certified\00_control\apply_gate_rollup_2026-04-13\kids_manual_exact_path_validation.csv","RoadmapFacingSourceDocs","ManualExactPath","TBD","Concrete non-placeholder value","Open non-blocked field"
"MEDIUM","apply_gate_rollup_2026-04-13","C:\Projects\MindLab_Starter_Project\docs\planning\kids_certified\00_control\apply_gate_rollup_2026-04-13\kids_next_action_execution_queue.csv","","QueueStatus","PENDING","Concrete non-placeholder value","Open non-blocked field"
"MEDIUM","apply_gate_rollup_2026-04-13","C:\Projects\MindLab_Starter_Project\docs\planning\kids_certified\00_control\apply_gate_rollup_2026-04-13\kids_next_action_execution_queue.csv","","QueueStatus","PENDING","Concrete non-placeholder value","Open non-blocked field"
"MEDIUM","apply_gate_rollup_2026-04-13","C:\Projects\MindLab_Starter_Project\docs\planning\kids_certified\00_control\apply_gate_rollup_2026-04-13\kids_next_action_execution_queue.csv","","QueueStatus","PENDING","Concrete non-placeholder value","Open non-blocked field"
"MEDIUM","apply_gate_rollup_2026-04-13","C:\Projects\MindLab_Starter_Project\docs\planning\kids_certified\00_control\apply_gate_rollup_2026-04-13\kids_next_action_execution_queue.csv","","QueueStatus","PENDING","Concrete non-placeholder value","Open non-blocked field"
"MEDIUM","apply_gate_rollup_2026-04-13","C:\Projects\MindLab_Starter_Project\docs\planning\kids_certified\00_control\apply_gate_rollup_2026-04-13\kids_next_action_execution_queue.csv","","QueueStatus","PENDING","Concrete non-placeholder value","Open non-blocked field"
"MEDIUM","apply_gate_rollup_2026-04-13","C:\Projects\MindLab_Starter_Project\docs\planning\kids_certified\00_control\apply_gate_rollup_2026-04-13\kids_next_action_execution_queue.csv","","QueueStatus","PENDING","Concrete non-placeholder value","Open non-blocked field"
"MEDIUM","apply_gate_rollup_2026-04-13","C:\Projects\MindLab_Starter_Project\docs\planning\kids_certified\00_control\apply_gate_rollup_2026-04-13\kids_next_action_execution_queue.csv","","QueueStatus","PENDING","Concrete non-placeholder value","Open non-blocked field"
"MEDIUM","apply_gate_rollup_2026-04-13","C:\Projects\MindLab_Starter_Project\docs\planning\kids_certified\00_control\apply_gate_rollup_2026-04-13\kids_pre_apply_snapshot_batch.csv","","BatchStatus","PENDING","Concrete non-placeholder value","Open non-blocked field"
"MEDIUM","apply_gate_rollup_2026-04-13","C:\Projects\MindLab_Starter_Project\docs\planning\kids_certified\00_control\apply_gate_rollup_2026-04-13\kids_pre_apply_snapshot_batch.csv","","BatchStatus","PENDING","Concrete non-placeholder value","Open non-blocked field"
"MEDIUM","apply_gate_rollup_2026-04-13","C:\Projects\MindLab_Starter_Project\docs\planning\kids_certified\00_control\apply_gate_rollup_2026-04-13\kids_pre_apply_snapshot_batch.csv","","BatchStatus","PENDING","Concrete non-placeholder value","Open non-blocked field"
"MEDIUM","apply_gate_rollup_2026-04-13","C:\Projects\MindLab_Starter_Project\docs\planning\kids_certified\00_control\apply_gate_rollup_2026-04-13\kids_pre_apply_snapshot_batch.csv","","BatchStatus","PENDING","Concrete non-placeholder value","Open non-blocked field"
"MEDIUM","apply_gate_rollup_2026-04-13","C:\Projects\MindLab_Starter_Project\docs\planning\kids_certified\00_control\apply_gate_rollup_2026-04-13\kids_pre_apply_snapshot_batch.csv","","BatchStatus","PENDING","Concrete non-placeholder value","Open non-blocked field"
"MEDIUM","apply_gate_rollup_2026-04-13","C:\Projects\MindLab_Starter_Project\docs\planning\kids_certified\00_control\apply_gate_rollup_2026-04-13\kids_pre_apply_snapshot_batch.csv","","BatchStatus","PENDING","Concrete non-placeholder value","Open non-blocked field"
"MEDIUM","apply_gate_rollup_2026-04-13","C:\Projects\MindLab_Starter_Project\docs\planning\kids_certified\00_control\apply_gate_rollup_2026-04-13\kids_pre_apply_snapshot_batch.csv","","SnapshotPath","TBD","Concrete non-placeholder value","Open non-blocked field"
"MEDIUM","apply_gate_rollup_2026-04-13","C:\Projects\MindLab_Starter_Project\docs\planning\kids_certified\00_control\apply_gate_rollup_2026-04-13\kids_pre_apply_snapshot_batch.csv","","SnapshotPath","TBD","Concrete non-placeholder value","Open non-blocked field"
"MEDIUM","apply_gate_rollup_2026-04-13","C:\Projects\MindLab_Starter_Project\docs\planning\kids_certified\00_control\apply_gate_rollup_2026-04-13\kids_pre_apply_snapshot_batch.csv","","SnapshotPath","TBD","Concrete non-placeholder value","Open non-blocked field"
"MEDIUM","apply_gate_rollup_2026-04-13","C:\Projects\MindLab_Starter_Project\docs\planning\kids_certified\00_control\apply_gate_rollup_2026-04-13\kids_pre_apply_snapshot_batch.csv","","SnapshotPath","TBD","Concrete non-placeholder value","Open non-blocked field"
"MEDIUM","apply_gate_rollup_2026-04-13","C:\Projects\MindLab_Starter_Project\docs\planning\kids_certified\00_control\apply_gate_rollup_2026-04-13\kids_pre_apply_snapshot_batch.csv","","SnapshotPath","TBD","Concrete non-placeholder value","Open non-blocked field"
"MEDIUM","apply_gate_rollup_2026-04-13","C:\Projects\MindLab_Starter_Project\docs\planning\kids_certified\00_control\apply_gate_rollup_2026-04-13\kids_pre_apply_snapshot_batch.csv","","SnapshotPath","TBD","Concrete non-placeholder value","Open non-blocked field"
"MEDIUM","apply_gate_rollup_2026-04-13","C:\Projects\MindLab_Starter_Project\docs\planning\kids_certified\00_control\apply_gate_rollup_2026-04-13\kids_pre_apply_snapshot_execution_precheck.csv","","ExecutionReady","PENDING","Concrete non-placeholder value","Open non-blocked field"
"MEDIUM","apply_gate_rollup_2026-04-13","C:\Projects\MindLab_Starter_Project\docs\planning\kids_certified\00_control\apply_gate_rollup_2026-04-13\kids_pre_apply_snapshot_execution_precheck.csv","","ExecutionReady","PENDING","Concrete non-placeholder value","Open non-blocked field"
"MEDIUM","apply_gate_rollup_2026-04-13","C:\Projects\MindLab_Starter_Project\docs\planning\kids_certified\00_control\apply_gate_rollup_2026-04-13\kids_pre_apply_snapshot_execution_precheck.csv","","ExecutionReady","PENDING","Concrete non-placeholder value","Open non-blocked field"
"MEDIUM","apply_gate_rollup_2026-04-13","C:\Projects\MindLab_Starter_Project\docs\planning\kids_certified\00_control\apply_gate_rollup_2026-04-13\kids_pre_apply_snapshot_execution_precheck.csv","","ExecutionReady","PENDING","Concrete non-placeholder value","Open non-blocked field"
"MEDIUM","apply_gate_rollup_2026-04-13","C:\Projects\MindLab_Starter_Project\docs\planning\kids_certified\00_control\apply_gate_rollup_2026-04-13\kids_pre_apply_snapshot_execution_precheck.csv","","ExecutionReady","PENDING","Concrete non-placeholder value","Open non-blocked field"
"MEDIUM","apply_gate_rollup_2026-04-13","C:\Projects\MindLab_Starter_Project\docs\planning\kids_certified\00_control\apply_gate_rollup_2026-04-13\kids_pre_apply_snapshot_execution_precheck.csv","","ExecutionReady","PENDING","Concrete non-placeholder value","Open non-blocked field"
"MEDIUM","apply_gate_rollup_2026-04-13","C:\Projects\MindLab_Starter_Project\docs\planning\kids_certified\00_control\apply_gate_rollup_2026-04-13\kids_pre_apply_snapshot_execution_precheck.csv","","FileReady","PENDING","Concrete non-placeholder value","Open non-blocked field"
"MEDIUM","apply_gate_rollup_2026-04-13","C:\Projects\MindLab_Starter_Project\docs\planning\kids_certified\00_control\apply_gate_rollup_2026-04-13\kids_pre_apply_snapshot_execution_precheck.csv","","FileReady","PENDING","Concrete non-placeholder value","Open non-blocked field"
"MEDIUM","apply_gate_rollup_2026-04-13","C:\Projects\MindLab_Starter_Project\docs\planning\kids_certified\00_control\apply_gate_rollup_2026-04-13\kids_pre_apply_snapshot_execution_precheck.csv","","FileReady","PENDING","Concrete non-placeholder value","Open non-blocked field"
"MEDIUM","apply_gate_rollup_2026-04-13","C:\Projects\MindLab_Starter_Project\docs\planning\kids_certified\00_control\apply_gate_rollup_2026-04-13\kids_pre_apply_snapshot_execution_precheck.csv","","FileReady","PENDING","Concrete non-placeholder value","Open non-blocked field"
"MEDIUM","apply_gate_rollup_2026-04-13","C:\Projects\MindLab_Starter_Project\docs\planning\kids_certified\00_control\apply_gate_rollup_2026-04-13\kids_pre_apply_snapshot_execution_precheck.csv","","FileReady","PENDING","Concrete non-placeholder value","Open non-blocked field"
"MEDIUM","apply_gate_rollup_2026-04-13","C:\Projects\MindLab_Starter_Project\docs\planning\kids_certified\00_control\apply_gate_rollup_2026-04-13\kids_pre_apply_snapshot_execution_precheck.csv","","FileReady","PENDING","Concrete non-placeholder value","Open non-blocked field"
"MEDIUM","apply_gate_rollup_2026-04-13","C:\Projects\MindLab_Starter_Project\docs\planning\kids_certified\00_control\apply_gate_rollup_2026-04-13\kids_pre_apply_snapshot_execution_precheck.csv","","RootReady","PENDING","Concrete non-placeholder value","Open non-blocked field"
"MEDIUM","apply_gate_rollup_2026-04-13","C:\Projects\MindLab_Starter_Project\docs\planning\kids_certified\00_control\apply_gate_rollup_2026-04-13\kids_pre_apply_snapshot_execution_precheck.csv","","RootReady","PENDING","Concrete non-placeholder value","Open non-blocked field"
"MEDIUM","apply_gate_rollup_2026-04-13","C:\Projects\MindLab_Starter_Project\docs\planning\kids_certified\00_control\apply_gate_rollup_2026-04-13\kids_pre_apply_snapshot_execution_precheck.csv","","RootReady","PENDING","Concrete non-placeholder value","Open non-blocked field"
"MEDIUM","apply_gate_rollup_2026-04-13","C:\Projects\MindLab_Starter_Project\docs\planning\kids_certified\00_control\apply_gate_rollup_2026-04-13\kids_pre_apply_snapshot_execution_precheck.csv","","RootReady","PENDING","Concrete non-placeholder value","Open non-blocked field"
"MEDIUM","apply_gate_rollup_2026-04-13","C:\Projects\MindLab_Starter_Project\docs\planning\kids_certified\00_control\apply_gate_rollup_2026-04-13\kids_pre_apply_snapshot_execution_precheck.csv","","RootReady","PENDING","Concrete non-placeholder value","Open non-blocked field"
"MEDIUM","apply_gate_rollup_2026-04-13","C:\Projects\MindLab_Starter_Project\docs\planning\kids_certified\00_control\apply_gate_rollup_2026-04-13\kids_pre_apply_snapshot_execution_precheck.csv","","RootReady","PENDING","Concrete non-placeholder value","Open non-blocked field"
"MEDIUM","apply_gate_rollup_2026-04-13","C:\Projects\MindLab_Starter_Project\docs\planning\kids_certified\00_control\apply_gate_rollup_2026-04-13\kids_pre_apply_snapshot_execution_queue.csv","","SnapshotPath","TBD","Concrete non-placeholder value","Open non-blocked field"
"MEDIUM","apply_gate_rollup_2026-04-13","C:\Projects\MindLab_Starter_Project\docs\planning\kids_certified\00_control\apply_gate_rollup_2026-04-13\kids_pre_apply_snapshot_execution_queue.csv","","SnapshotPath","TBD","Concrete non-placeholder value","Open non-blocked field"
"MEDIUM","apply_gate_rollup_2026-04-13","C:\Projects\MindLab_Starter_Project\docs\planning\kids_certified\00_control\apply_gate_rollup_2026-04-13\kids_pre_apply_snapshot_execution_queue.csv","","SnapshotPath","TBD","Concrete non-placeholder value","Open non-blocked field"
"MEDIUM","apply_gate_rollup_2026-04-13","C:\Projects\MindLab_Starter_Project\docs\planning\kids_certified\00_control\apply_gate_rollup_2026-04-13\kids_pre_apply_snapshot_execution_queue.csv","","SnapshotPath","TBD","Concrete non-placeholder value","Open non-blocked field"
"MEDIUM","apply_gate_rollup_2026-04-13","C:\Projects\MindLab_Starter_Project\docs\planning\kids_certified\00_control\apply_gate_rollup_2026-04-13\kids_pre_apply_snapshot_execution_queue.csv","","SnapshotPath","TBD","Concrete non-placeholder value","Open non-blocked field"
"MEDIUM","apply_gate_rollup_2026-04-13","C:\Projects\MindLab_Starter_Project\docs\planning\kids_certified\00_control\apply_gate_rollup_2026-04-13\kids_pre_apply_snapshot_execution_queue.csv","","SnapshotPath","TBD","Concrete non-placeholder value","Open non-blocked field"
"MEDIUM","apply_gate_rollup_2026-04-13","C:\Projects\MindLab_Starter_Project\docs\planning\kids_certified\00_control\apply_gate_rollup_2026-04-13\kids_pre_apply_snapshot_execution_queue.csv","","SnapshotStatus","PENDING","Concrete non-placeholder value","Open non-blocked field"
"MEDIUM","apply_gate_rollup_2026-04-13","C:\Projects\MindLab_Starter_Project\docs\planning\kids_certified\00_control\apply_gate_rollup_2026-04-13\kids_pre_apply_snapshot_execution_queue.csv","","SnapshotStatus","PENDING","Concrete non-placeholder value","Open non-blocked field"
"MEDIUM","apply_gate_rollup_2026-04-13","C:\Projects\MindLab_Starter_Project\docs\planning\kids_certified\00_control\apply_gate_rollup_2026-04-13\kids_pre_apply_snapshot_execution_queue.csv","","SnapshotStatus","PENDING","Concrete non-placeholder value","Open non-blocked field"
"MEDIUM","apply_gate_rollup_2026-04-13","C:\Projects\MindLab_Starter_Project\docs\planning\kids_certified\00_control\apply_gate_rollup_2026-04-13\kids_pre_apply_snapshot_execution_queue.csv","","SnapshotStatus","PENDING","Concrete non-placeholder value","Open non-blocked field"
"MEDIUM","apply_gate_rollup_2026-04-13","C:\Projects\MindLab_Starter_Project\docs\planning\kids_certified\00_control\apply_gate_rollup_2026-04-13\kids_pre_apply_snapshot_execution_queue.csv","","SnapshotStatus","PENDING","Concrete non-placeholder value","Open non-blocked field"
"MEDIUM","apply_gate_rollup_2026-04-13","C:\Projects\MindLab_Starter_Project\docs\planning\kids_certified\00_control\apply_gate_rollup_2026-04-13\kids_pre_apply_snapshot_execution_queue.csv","","SnapshotStatus","PENDING","Concrete non-placeholder value","Open non-blocked field"
"MEDIUM","apply_gate_rollup_2026-04-13","C:\Projects\MindLab_Starter_Project\docs\planning\kids_certified\00_control\apply_gate_rollup_2026-04-13\kids_pre_apply_snapshot_manifest.csv","","SnapshotPath","TBD","Concrete non-placeholder value","Open non-blocked field"
"MEDIUM","apply_gate_rollup_2026-04-13","C:\Projects\MindLab_Starter_Project\docs\planning\kids_certified\00_control\apply_gate_rollup_2026-04-13\kids_pre_apply_snapshot_manifest.csv","","SnapshotPath","TBD","Concrete non-placeholder value","Open non-blocked field"
"MEDIUM","apply_gate_rollup_2026-04-13","C:\Projects\MindLab_Starter_Project\docs\planning\kids_certified\00_control\apply_gate_rollup_2026-04-13\kids_pre_apply_snapshot_manifest.csv","","SnapshotPath","TBD","Concrete non-placeholder value","Open non-blocked field"
"MEDIUM","apply_gate_rollup_2026-04-13","C:\Projects\MindLab_Starter_Project\docs\planning\kids_certified\00_control\apply_gate_rollup_2026-04-13\kids_pre_apply_snapshot_manifest.csv","","SnapshotPath","TBD","Concrete non-placeholder value","Open non-blocked field"
"MEDIUM","apply_gate_rollup_2026-04-13","C:\Projects\MindLab_Starter_Project\docs\planning\kids_certified\00_control\apply_gate_rollup_2026-04-13\kids_pre_apply_snapshot_manifest.csv","","SnapshotPath","TBD","Concrete non-placeholder value","Open non-blocked field"
"MEDIUM","apply_gate_rollup_2026-04-13","C:\Projects\MindLab_Starter_Project\docs\planning\kids_certified\00_control\apply_gate_rollup_2026-04-13\kids_pre_apply_snapshot_manifest.csv","","SnapshotPath","TBD","Concrete non-placeholder value","Open non-blocked field"
"MEDIUM","apply_gate_rollup_2026-04-13","C:\Projects\MindLab_Starter_Project\docs\planning\kids_certified\00_control\apply_gate_rollup_2026-04-13\kids_pre_apply_snapshot_manifest.csv","","SnapshotStatus","PENDING","Concrete non-placeholder value","Open non-blocked field"
"MEDIUM","apply_gate_rollup_2026-04-13","C:\Projects\MindLab_Starter_Project\docs\planning\kids_certified\00_control\apply_gate_rollup_2026-04-13\kids_pre_apply_snapshot_manifest.csv","","SnapshotStatus","PENDING","Concrete non-placeholder value","Open non-blocked field"
"MEDIUM","apply_gate_rollup_2026-04-13","C:\Projects\MindLab_Starter_Project\docs\planning\kids_certified\00_control\apply_gate_rollup_2026-04-13\kids_pre_apply_snapshot_manifest.csv","","SnapshotStatus","PENDING","Concrete non-placeholder value","Open non-blocked field"
"MEDIUM","apply_gate_rollup_2026-04-13","C:\Projects\MindLab_Starter_Project\docs\planning\kids_certified\00_control\apply_gate_rollup_2026-04-13\kids_pre_apply_snapshot_manifest.csv","","SnapshotStatus","PENDING","Concrete non-placeholder value","Open non-blocked field"
"MEDIUM","apply_gate_rollup_2026-04-13","C:\Projects\MindLab_Starter_Project\docs\planning\kids_certified\00_control\apply_gate_rollup_2026-04-13\kids_pre_apply_snapshot_manifest.csv","","SnapshotStatus","PENDING","Concrete non-placeholder value","Open non-blocked field"
"MEDIUM","apply_gate_rollup_2026-04-13","C:\Projects\MindLab_Starter_Project\docs\planning\kids_certified\00_control\apply_gate_rollup_2026-04-13\kids_pre_apply_snapshot_manifest.csv","","SnapshotStatus","PENDING","Concrete non-placeholder value","Open non-blocked field"
"MEDIUM","apply_gate_rollup_2026-04-13","C:\Projects\MindLab_Starter_Project\docs\planning\kids_certified\00_control\apply_gate_rollup_2026-04-13\kids_pre_apply_snapshot_path_planner.csv","","PlannerStatus","PENDING","Concrete non-placeholder value","Open non-blocked field"
"MEDIUM","apply_gate_rollup_2026-04-13","C:\Projects\MindLab_Starter_Project\docs\planning\kids_certified\00_control\apply_gate_rollup_2026-04-13\kids_pre_apply_snapshot_path_planner.csv","","PlannerStatus","PENDING","Concrete non-placeholder value","Open non-blocked field"
"MEDIUM","apply_gate_rollup_2026-04-13","C:\Projects\MindLab_Starter_Project\docs\planning\kids_certified\00_control\apply_gate_rollup_2026-04-13\kids_pre_apply_snapshot_path_planner.csv","","PlannerStatus","PENDING","Concrete non-placeholder value","Open non-blocked field"
"MEDIUM","apply_gate_rollup_2026-04-13","C:\Projects\MindLab_Starter_Project\docs\planning\kids_certified\00_control\apply_gate_rollup_2026-04-13\kids_pre_apply_snapshot_path_planner.csv","","PlannerStatus","PENDING","Concrete non-placeholder value","Open non-blocked field"
"MEDIUM","apply_gate_rollup_2026-04-13","C:\Projects\MindLab_Starter_Project\docs\planning\kids_certified\00_control\apply_gate_rollup_2026-04-13\kids_pre_apply_snapshot_path_planner.csv","","PlannerStatus","PENDING","Concrete non-placeholder value","Open non-blocked field"
"MEDIUM","apply_gate_rollup_2026-04-13","C:\Projects\MindLab_Starter_Project\docs\planning\kids_certified\00_control\apply_gate_rollup_2026-04-13\kids_pre_apply_snapshot_path_planner.csv","","PlannerStatus","PENDING","Concrete non-placeholder value","Open non-blocked field"
"MEDIUM","apply_gate_rollup_2026-04-13","C:\Projects\MindLab_Starter_Project\docs\planning\kids_certified\00_control\apply_gate_rollup_2026-04-13\kids_repo_file_inventory.csv",".dockerignore","BaseName","","Concrete non-placeholder value","Open non-blocked field"
"MEDIUM","apply_gate_rollup_2026-04-13","C:\Projects\MindLab_Starter_Project\docs\planning\kids_certified\00_control\apply_gate_rollup_2026-04-13\kids_repo_file_inventory.csv",".editorconfig","BaseName","","Concrete non-placeholder value","Open non-blocked field"
"MEDIUM","apply_gate_rollup_2026-04-13","C:\Projects\MindLab_Starter_Project\docs\planning\kids_certified\00_control\apply_gate_rollup_2026-04-13\kids_repo_file_inventory.csv",".gitattributes","BaseName","","Concrete non-placeholder value","Open non-blocked field"
"MEDIUM","apply_gate_rollup_2026-04-13","C:\Projects\MindLab_Starter_Project\docs\planning\kids_certified\00_control\apply_gate_rollup_2026-04-13\kids_repo_file_inventory.csv",".gitignore","BaseName","","Concrete non-placeholder value","Open non-blocked field"
"MEDIUM","apply_gate_rollup_2026-04-13","C:\Projects\MindLab_Starter_Project\docs\planning\kids_certified\00_control\apply_gate_rollup_2026-04-13\kids_repo_file_inventory.csv",".gitignore","BaseName","","Concrete non-placeholder value","Open non-blocked field"
"MEDIUM","apply_gate_rollup_2026-04-13","C:\Projects\MindLab_Starter_Project\docs\planning\kids_certified\00_control\apply_gate_rollup_2026-04-13\kids_repo_file_inventory.csv","activate","Extension","","Concrete non-placeholder value","Open non-blocked field"
"MEDIUM","apply_gate_rollup_2026-04-13","C:\Projects\MindLab_Starter_Project\docs\planning\kids_certified\00_control\apply_gate_rollup_2026-04-13\kids_repo_file_inventory.csv","Caddyfile","Extension","","Concrete non-placeholder value","Open non-blocked field"
"MEDIUM","apply_gate_rollup_2026-04-13","C:\Projects\MindLab_Starter_Project\docs\planning\kids_certified\00_control\apply_gate_rollup_2026-04-13\kids_repo_file_inventory.csv","Dockerfile","Extension","","Concrete non-placeholder value","Open non-blocked field"
"MEDIUM","apply_gate_rollup_2026-04-13","C:\Projects\MindLab_Starter_Project\docs\planning\kids_certified\00_control\apply_gate_rollup_2026-04-13\kids_repo_file_inventory.csv","Dockerfile","Extension","","Concrete non-placeholder value","Open non-blocked field"
"MEDIUM","apply_gate_rollup_2026-04-13","C:\Projects\MindLab_Starter_Project\docs\planning\kids_certified\00_control\apply_gate_rollup_2026-04-13\kids_repo_file_inventory.csv","Dockerfile","Extension","","Concrete non-placeholder value","Open non-blocked field"
"MEDIUM","apply_gate_rollup_2026-04-13","C:\Projects\MindLab_Starter_Project\docs\planning\kids_certified\00_control\apply_gate_rollup_2026-04-13\kids_repo_file_inventory.csv","Dockerfile","Extension","","Concrete non-placeholder value","Open non-blocked field"
"MEDIUM","apply_gate_rollup_2026-04-13","C:\Projects\MindLab_Starter_Project\docs\planning\kids_certified\00_control\apply_gate_rollup_2026-04-13\kids_repo_file_inventory.csv","INSTALLER","Extension","","Concrete non-placeholder value","Open non-blocked field"
"MEDIUM","apply_gate_rollup_2026-04-13","C:\Projects\MindLab_Starter_Project\docs\planning\kids_certified\00_control\apply_gate_rollup_2026-04-13\kids_repo_file_inventory.csv","METADATA","Extension","","Concrete non-placeholder value","Open non-blocked field"
"MEDIUM","apply_gate_rollup_2026-04-13","C:\Projects\MindLab_Starter_Project\docs\planning\kids_certified\00_control\apply_gate_rollup_2026-04-13\kids_repo_file_inventory.csv","RECORD","Extension","","Concrete non-placeholder value","Open non-blocked field"
"MEDIUM","apply_gate_rollup_2026-04-13","C:\Projects\MindLab_Starter_Project\docs\planning\kids_certified\00_control\apply_gate_rollup_2026-04-13\kids_repo_file_inventory.csv","REQUESTED","Extension","","Concrete non-placeholder value","Open non-blocked field"
"MEDIUM","apply_gate_rollup_2026-04-13","C:\Projects\MindLab_Starter_Project\docs\planning\kids_certified\00_control\apply_gate_rollup_2026-04-13\kids_repo_file_inventory.csv","WHEEL","Extension","","Concrete non-placeholder value","Open non-blocked field"
"MEDIUM","apply_gate_rollup_2026-04-13","C:\Projects\MindLab_Starter_Project\docs\planning\kids_certified\00_control\apply_gate_rollup_2026-04-13\kids_snapshot_archive_task_template.csv","","TaskStatus","PENDING","Concrete non-placeholder value","Open non-blocked field"
"MEDIUM","apply_gate_rollup_2026-04-13","C:\Projects\MindLab_Starter_Project\docs\planning\kids_certified\00_control\apply_gate_rollup_2026-04-13\kids_snapshot_archive_task_template.csv","","TaskStatus","PENDING","Concrete non-placeholder value","Open non-blocked field"
"MEDIUM","apply_gate_rollup_2026-04-13","C:\Projects\MindLab_Starter_Project\docs\planning\kids_certified\00_control\apply_gate_rollup_2026-04-13\kids_snapshot_archive_task_template.csv","","TaskStatus","PENDING","Concrete non-placeholder value","Open non-blocked field"
"MEDIUM","apply_gate_rollup_2026-04-13","C:\Projects\MindLab_Starter_Project\docs\planning\kids_certified\00_control\apply_gate_rollup_2026-04-13\kids_snapshot_archive_task_template.csv","","TaskStatus","PENDING","Concrete non-placeholder value","Open non-blocked field"
"MEDIUM","apply_gate_rollup_2026-04-13","C:\Projects\MindLab_Starter_Project\docs\planning\kids_certified\00_control\apply_gate_rollup_2026-04-13\kids_snapshot_archive_task_template.csv","","TaskStatus","PENDING","Concrete non-placeholder value","Open non-blocked field"
"MEDIUM","apply_gate_rollup_2026-04-13","C:\Projects\MindLab_Starter_Project\docs\planning\kids_certified\00_control\apply_gate_rollup_2026-04-13\kids_snapshot_archive_task_template.csv","","TaskStatus","PENDING","Concrete non-placeholder value","Open non-blocked field"
"MEDIUM","apply_gate_rollup_2026-04-13","C:\Projects\MindLab_Starter_Project\docs\planning\kids_certified\00_control\apply_gate_rollup_2026-04-13\kids_snapshot_archive_verification_log.csv","","ArchiveExists","PENDING","Concrete non-placeholder value","Open non-blocked field"
"MEDIUM","apply_gate_rollup_2026-04-13","C:\Projects\MindLab_Starter_Project\docs\planning\kids_certified\00_control\apply_gate_rollup_2026-04-13\kids_snapshot_archive_verification_log.csv","","ArchiveExists","PENDING","Concrete non-placeholder value","Open non-blocked field"
"MEDIUM","apply_gate_rollup_2026-04-13","C:\Projects\MindLab_Starter_Project\docs\planning\kids_certified\00_control\apply_gate_rollup_2026-04-13\kids_snapshot_archive_verification_log.csv","","ArchiveExists","PENDING","Concrete non-placeholder value","Open non-blocked field"
"MEDIUM","apply_gate_rollup_2026-04-13","C:\Projects\MindLab_Starter_Project\docs\planning\kids_certified\00_control\apply_gate_rollup_2026-04-13\kids_snapshot_archive_verification_log.csv","","ArchiveExists","PENDING","Concrete non-placeholder value","Open non-blocked field"
"MEDIUM","apply_gate_rollup_2026-04-13","C:\Projects\MindLab_Starter_Project\docs\planning\kids_certified\00_control\apply_gate_rollup_2026-04-13\kids_snapshot_archive_verification_log.csv","","ArchiveExists","PENDING","Concrete non-placeholder value","Open non-blocked field"
"MEDIUM","apply_gate_rollup_2026-04-13","C:\Projects\MindLab_Starter_Project\docs\planning\kids_certified\00_control\apply_gate_rollup_2026-04-13\kids_snapshot_archive_verification_log.csv","","ArchiveExists","PENDING","Concrete non-placeholder value","Open non-blocked field"
"MEDIUM","apply_gate_rollup_2026-04-13","C:\Projects\MindLab_Starter_Project\docs\planning\kids_certified\00_control\apply_gate_rollup_2026-04-13\kids_snapshot_archive_verification_log.csv","","VerificationStatus","PENDING","Concrete non-placeholder value","Open non-blocked field"
"MEDIUM","apply_gate_rollup_2026-04-13","C:\Projects\MindLab_Starter_Project\docs\planning\kids_certified\00_control\apply_gate_rollup_2026-04-13\kids_snapshot_archive_verification_log.csv","","VerificationStatus","PENDING","Concrete non-placeholder value","Open non-blocked field"
"MEDIUM","apply_gate_rollup_2026-04-13","C:\Projects\MindLab_Starter_Project\docs\planning\kids_certified\00_control\apply_gate_rollup_2026-04-13\kids_snapshot_archive_verification_log.csv","","VerificationStatus","PENDING","Concrete non-placeholder value","Open non-blocked field"
"MEDIUM","apply_gate_rollup_2026-04-13","C:\Projects\MindLab_Starter_Project\docs\planning\kids_certified\00_control\apply_gate_rollup_2026-04-13\kids_snapshot_archive_verification_log.csv","","VerificationStatus","PENDING","Concrete non-placeholder value","Open non-blocked field"
"MEDIUM","apply_gate_rollup_2026-04-13","C:\Projects\MindLab_Starter_Project\docs\planning\kids_certified\00_control\apply_gate_rollup_2026-04-13\kids_snapshot_archive_verification_log.csv","","VerificationStatus","PENDING","Concrete non-placeholder value","Open non-blocked field"
"MEDIUM","apply_gate_rollup_2026-04-13","C:\Projects\MindLab_Starter_Project\docs\planning\kids_certified\00_control\apply_gate_rollup_2026-04-13\kids_snapshot_archive_verification_log.csv","","VerificationStatus","PENDING","Concrete non-placeholder value","Open non-blocked field"
"MEDIUM","apply_gate_rollup_2026-04-13","C:\Projects\MindLab_Starter_Project\docs\planning\kids_certified\00_control\apply_gate_rollup_2026-04-13\kids_snapshot_blocker_resolution.csv","","ResolutionDate","TBD","Concrete non-placeholder value","Open non-blocked field"
"MEDIUM","apply_gate_rollup_2026-04-13","C:\Projects\MindLab_Starter_Project\docs\planning\kids_certified\00_control\apply_gate_rollup_2026-04-13\kids_snapshot_blocker_resolution.csv","","ResolutionDate","TBD","Concrete non-placeholder value","Open non-blocked field"
"MEDIUM","apply_gate_rollup_2026-04-13","C:\Projects\MindLab_Starter_Project\docs\planning\kids_certified\00_control\apply_gate_rollup_2026-04-13\kids_snapshot_blocker_resolution.csv","","ResolutionDate","TBD","Concrete non-placeholder value","Open non-blocked field"
"MEDIUM","apply_gate_rollup_2026-04-13","C:\Projects\MindLab_Starter_Project\docs\planning\kids_certified\00_control\apply_gate_rollup_2026-04-13\kids_snapshot_blocker_resolution.csv","","ResolutionDate","TBD","Concrete non-placeholder value","Open non-blocked field"
"MEDIUM","apply_gate_rollup_2026-04-13","C:\Projects\MindLab_Starter_Project\docs\planning\kids_certified\00_control\apply_gate_rollup_2026-04-13\kids_snapshot_blocker_resolution.csv","","ResolutionDate","TBD","Concrete non-placeholder value","Open non-blocked field"
"MEDIUM","apply_gate_rollup_2026-04-13","C:\Projects\MindLab_Starter_Project\docs\planning\kids_certified\00_control\apply_gate_rollup_2026-04-13\kids_snapshot_blocker_resolution.csv","","ResolutionDate","TBD","Concrete non-placeholder value","Open non-blocked field"
"MEDIUM","apply_gate_rollup_2026-04-13","C:\Projects\MindLab_Starter_Project\docs\planning\kids_certified\00_control\apply_gate_rollup_2026-04-13\kids_snapshot_blocker_resolution.csv","","ResolutionStatus","PENDING","Concrete non-placeholder value","Open non-blocked field"
"MEDIUM","apply_gate_rollup_2026-04-13","C:\Projects\MindLab_Starter_Project\docs\planning\kids_certified\00_control\apply_gate_rollup_2026-04-13\kids_snapshot_blocker_resolution.csv","","ResolutionStatus","PENDING","Concrete non-placeholder value","Open non-blocked field"
"MEDIUM","apply_gate_rollup_2026-04-13","C:\Projects\MindLab_Starter_Project\docs\planning\kids_certified\00_control\apply_gate_rollup_2026-04-13\kids_snapshot_blocker_resolution.csv","","ResolutionStatus","PENDING","Concrete non-placeholder value","Open non-blocked field"
"MEDIUM","apply_gate_rollup_2026-04-13","C:\Projects\MindLab_Starter_Project\docs\planning\kids_certified\00_control\apply_gate_rollup_2026-04-13\kids_snapshot_blocker_resolution.csv","","ResolutionStatus","PENDING","Concrete non-placeholder value","Open non-blocked field"
"MEDIUM","apply_gate_rollup_2026-04-13","C:\Projects\MindLab_Starter_Project\docs\planning\kids_certified\00_control\apply_gate_rollup_2026-04-13\kids_snapshot_blocker_resolution.csv","","ResolutionStatus","PENDING","Concrete non-placeholder value","Open non-blocked field"
"MEDIUM","apply_gate_rollup_2026-04-13","C:\Projects\MindLab_Starter_Project\docs\planning\kids_certified\00_control\apply_gate_rollup_2026-04-13\kids_snapshot_blocker_resolution.csv","","ResolutionStatus","PENDING","Concrete non-placeholder value","Open non-blocked field"
"MEDIUM","apply_gate_rollup_2026-04-13","C:\Projects\MindLab_Starter_Project\docs\planning\kids_certified\00_control\apply_gate_rollup_2026-04-13\kids_snapshot_execution_status.csv","","ExecutionStatus","PENDING","Concrete non-placeholder value","Open non-blocked field"
"MEDIUM","apply_gate_rollup_2026-04-13","C:\Projects\MindLab_Starter_Project\docs\planning\kids_certified\00_control\apply_gate_rollup_2026-04-13\kids_snapshot_execution_status.csv","","ExecutionStatus","PENDING","Concrete non-placeholder value","Open non-blocked field"
"MEDIUM","apply_gate_rollup_2026-04-13","C:\Projects\MindLab_Starter_Project\docs\planning\kids_certified\00_control\apply_gate_rollup_2026-04-13\kids_snapshot_execution_status.csv","","ExecutionStatus","PENDING","Concrete non-placeholder value","Open non-blocked field"
"MEDIUM","apply_gate_rollup_2026-04-13","C:\Projects\MindLab_Starter_Project\docs\planning\kids_certified\00_control\apply_gate_rollup_2026-04-13\kids_snapshot_execution_status.csv","","ExecutionStatus","PENDING","Concrete non-placeholder value","Open non-blocked field"
"MEDIUM","apply_gate_rollup_2026-04-13","C:\Projects\MindLab_Starter_Project\docs\planning\kids_certified\00_control\apply_gate_rollup_2026-04-13\kids_snapshot_execution_status.csv","","ExecutionStatus","PENDING","Concrete non-placeholder value","Open non-blocked field"
"MEDIUM","apply_gate_rollup_2026-04-13","C:\Projects\MindLab_Starter_Project\docs\planning\kids_certified\00_control\apply_gate_rollup_2026-04-13\kids_snapshot_execution_status.csv","","ExecutionStatus","PENDING","Concrete non-placeholder value","Open non-blocked field"
"MEDIUM","apply_gate_rollup_2026-04-13","C:\Projects\MindLab_Starter_Project\docs\planning\kids_certified\00_control\apply_gate_rollup_2026-04-13\kids_snapshot_execution_status.csv","","OutputExists","PENDING","Concrete non-placeholder value","Open non-blocked field"
"MEDIUM","apply_gate_rollup_2026-04-13","C:\Projects\MindLab_Starter_Project\docs\planning\kids_certified\00_control\apply_gate_rollup_2026-04-13\kids_snapshot_execution_status.csv","","OutputExists","PENDING","Concrete non-placeholder value","Open non-blocked field"
"MEDIUM","apply_gate_rollup_2026-04-13","C:\Projects\MindLab_Starter_Project\docs\planning\kids_certified\00_control\apply_gate_rollup_2026-04-13\kids_snapshot_execution_status.csv","","OutputExists","PENDING","Concrete non-placeholder value","Open non-blocked field"
"MEDIUM","apply_gate_rollup_2026-04-13","C:\Projects\MindLab_Starter_Project\docs\planning\kids_certified\00_control\apply_gate_rollup_2026-04-13\kids_snapshot_execution_status.csv","","OutputExists","PENDING","Concrete non-placeholder value","Open non-blocked field"
"MEDIUM","apply_gate_rollup_2026-04-13","C:\Projects\MindLab_Starter_Project\docs\planning\kids_certified\00_control\apply_gate_rollup_2026-04-13\kids_snapshot_execution_status.csv","","OutputExists","PENDING","Concrete non-placeholder value","Open non-blocked field"
"MEDIUM","apply_gate_rollup_2026-04-13","C:\Projects\MindLab_Starter_Project\docs\planning\kids_certified\00_control\apply_gate_rollup_2026-04-13\kids_snapshot_execution_status.csv","","OutputExists","PENDING","Concrete non-placeholder value","Open non-blocked field"
"MEDIUM","apply_gate_rollup_2026-04-13","C:\Projects\MindLab_Starter_Project\docs\planning\kids_certified\00_control\apply_gate_rollup_2026-04-13\kids_snapshot_execution_status.csv","","StatusDate","TBD","Concrete non-placeholder value","Open non-blocked field"
"MEDIUM","apply_gate_rollup_2026-04-13","C:\Projects\MindLab_Starter_Project\docs\planning\kids_certified\00_control\apply_gate_rollup_2026-04-13\kids_snapshot_execution_status.csv","","StatusDate","TBD","Concrete non-placeholder value","Open non-blocked field"
"MEDIUM","apply_gate_rollup_2026-04-13","C:\Projects\MindLab_Starter_Project\docs\planning\kids_certified\00_control\apply_gate_rollup_2026-04-13\kids_snapshot_execution_status.csv","","StatusDate","TBD","Concrete non-placeholder value","Open non-blocked field"
"MEDIUM","apply_gate_rollup_2026-04-13","C:\Projects\MindLab_Starter_Project\docs\planning\kids_certified\00_control\apply_gate_rollup_2026-04-13\kids_snapshot_execution_status.csv","","StatusDate","TBD","Concrete non-placeholder value","Open non-blocked field"
"MEDIUM","apply_gate_rollup_2026-04-13","C:\Projects\MindLab_Starter_Project\docs\planning\kids_certified\00_control\apply_gate_rollup_2026-04-13\kids_snapshot_execution_status.csv","","StatusDate","TBD","Concrete non-placeholder value","Open non-blocked field"
"MEDIUM","apply_gate_rollup_2026-04-13","C:\Projects\MindLab_Starter_Project\docs\planning\kids_certified\00_control\apply_gate_rollup_2026-04-13\kids_snapshot_execution_status.csv","","StatusDate","TBD","Concrete non-placeholder value","Open non-blocked field"
"MEDIUM","apply_gate_rollup_2026-04-13","C:\Projects\MindLab_Starter_Project\docs\planning\kids_certified\00_control\apply_gate_rollup_2026-04-13\kids_snapshot_output_register.csv","","OutputExists","PENDING","Concrete non-placeholder value","Open non-blocked field"
"MEDIUM","apply_gate_rollup_2026-04-13","C:\Projects\MindLab_Starter_Project\docs\planning\kids_certified\00_control\apply_gate_rollup_2026-04-13\kids_snapshot_output_register.csv","","OutputExists","PENDING","Concrete non-placeholder value","Open non-blocked field"
"MEDIUM","apply_gate_rollup_2026-04-13","C:\Projects\MindLab_Starter_Project\docs\planning\kids_certified\00_control\apply_gate_rollup_2026-04-13\kids_snapshot_output_register.csv","","OutputExists","PENDING","Concrete non-placeholder value","Open non-blocked field"
"MEDIUM","apply_gate_rollup_2026-04-13","C:\Projects\MindLab_Starter_Project\docs\planning\kids_certified\00_control\apply_gate_rollup_2026-04-13\kids_snapshot_output_register.csv","","OutputExists","PENDING","Concrete non-placeholder value","Open non-blocked field"
"MEDIUM","apply_gate_rollup_2026-04-13","C:\Projects\MindLab_Starter_Project\docs\planning\kids_certified\00_control\apply_gate_rollup_2026-04-13\kids_snapshot_output_register.csv","","OutputExists","PENDING","Concrete non-placeholder value","Open non-blocked field"
"MEDIUM","apply_gate_rollup_2026-04-13","C:\Projects\MindLab_Starter_Project\docs\planning\kids_certified\00_control\apply_gate_rollup_2026-04-13\kids_snapshot_output_register.csv","","OutputExists","PENDING","Concrete non-placeholder value","Open non-blocked field"
"MEDIUM","apply_gate_rollup_2026-04-13","C:\Projects\MindLab_Starter_Project\docs\planning\kids_certified\00_control\apply_gate_rollup_2026-04-13\kids_snapshot_output_register.csv","","RegisterStatus","PENDING","Concrete non-placeholder value","Open non-blocked field"
"MEDIUM","apply_gate_rollup_2026-04-13","C:\Projects\MindLab_Starter_Project\docs\planning\kids_certified\00_control\apply_gate_rollup_2026-04-13\kids_snapshot_output_register.csv","","RegisterStatus","PENDING","Concrete non-placeholder value","Open non-blocked field"
"MEDIUM","apply_gate_rollup_2026-04-13","C:\Projects\MindLab_Starter_Project\docs\planning\kids_certified\00_control\apply_gate_rollup_2026-04-13\kids_snapshot_output_register.csv","","RegisterStatus","PENDING","Concrete non-placeholder value","Open non-blocked field"
"MEDIUM","apply_gate_rollup_2026-04-13","C:\Projects\MindLab_Starter_Project\docs\planning\kids_certified\00_control\apply_gate_rollup_2026-04-13\kids_snapshot_output_register.csv","","RegisterStatus","PENDING","Concrete non-placeholder value","Open non-blocked field"
"MEDIUM","apply_gate_rollup_2026-04-13","C:\Projects\MindLab_Starter_Project\docs\planning\kids_certified\00_control\apply_gate_rollup_2026-04-13\kids_snapshot_output_register.csv","","RegisterStatus","PENDING","Concrete non-placeholder value","Open non-blocked field"
"MEDIUM","apply_gate_rollup_2026-04-13","C:\Projects\MindLab_Starter_Project\docs\planning\kids_certified\00_control\apply_gate_rollup_2026-04-13\kids_snapshot_output_register.csv","","RegisterStatus","PENDING","Concrete non-placeholder value","Open non-blocked field"
"MEDIUM","apply_gate_rollup_2026-04-13","C:\Projects\MindLab_Starter_Project\docs\planning\kids_certified\00_control\apply_gate_rollup_2026-04-13\kids_snapshot_output_verification_queue.csv","","VerificationStatus","PENDING","Concrete non-placeholder value","Open non-blocked field"
"MEDIUM","apply_gate_rollup_2026-04-13","C:\Projects\MindLab_Starter_Project\docs\planning\kids_certified\00_control\apply_gate_rollup_2026-04-13\kids_snapshot_output_verification_queue.csv","","VerificationStatus","PENDING","Concrete non-placeholder value","Open non-blocked field"
"MEDIUM","apply_gate_rollup_2026-04-13","C:\Projects\MindLab_Starter_Project\docs\planning\kids_certified\00_control\apply_gate_rollup_2026-04-13\kids_snapshot_output_verification_queue.csv","","VerificationStatus","PENDING","Concrete non-placeholder value","Open non-blocked field"
"MEDIUM","apply_gate_rollup_2026-04-13","C:\Projects\MindLab_Starter_Project\docs\planning\kids_certified\00_control\apply_gate_rollup_2026-04-13\kids_snapshot_output_verification_queue.csv","","VerificationStatus","PENDING","Concrete non-placeholder value","Open non-blocked field"
"MEDIUM","apply_gate_rollup_2026-04-13","C:\Projects\MindLab_Starter_Project\docs\planning\kids_certified\00_control\apply_gate_rollup_2026-04-13\kids_snapshot_output_verification_queue.csv","","VerificationStatus","PENDING","Concrete non-placeholder value","Open non-blocked field"
"MEDIUM","apply_gate_rollup_2026-04-13","C:\Projects\MindLab_Starter_Project\docs\planning\kids_certified\00_control\apply_gate_rollup_2026-04-13\kids_snapshot_output_verification_queue.csv","","VerificationStatus","PENDING","Concrete non-placeholder value","Open non-blocked field"
"MEDIUM","apply_gate_rollup_2026-04-13","C:\Projects\MindLab_Starter_Project\docs\planning\kids_certified\00_control\apply_gate_rollup_2026-04-13\kids_snapshot_output_verification_queue.csv","","VerifiedBy","TBD","Concrete non-placeholder value","Open non-blocked field"
"MEDIUM","apply_gate_rollup_2026-04-13","C:\Projects\MindLab_Starter_Project\docs\planning\kids_certified\00_control\apply_gate_rollup_2026-04-13\kids_snapshot_output_verification_queue.csv","","VerifiedBy","TBD","Concrete non-placeholder value","Open non-blocked field"
"MEDIUM","apply_gate_rollup_2026-04-13","C:\Projects\MindLab_Starter_Project\docs\planning\kids_certified\00_control\apply_gate_rollup_2026-04-13\kids_snapshot_output_verification_queue.csv","","VerifiedBy","TBD","Concrete non-placeholder value","Open non-blocked field"
"MEDIUM","apply_gate_rollup_2026-04-13","C:\Projects\MindLab_Starter_Project\docs\planning\kids_certified\00_control\apply_gate_rollup_2026-04-13\kids_snapshot_output_verification_queue.csv","","VerifiedBy","TBD","Concrete non-placeholder value","Open non-blocked field"
"MEDIUM","apply_gate_rollup_2026-04-13","C:\Projects\MindLab_Starter_Project\docs\planning\kids_certified\00_control\apply_gate_rollup_2026-04-13\kids_snapshot_output_verification_queue.csv","","VerifiedBy","TBD","Concrete non-placeholder value","Open non-blocked field"
"MEDIUM","apply_gate_rollup_2026-04-13","C:\Projects\MindLab_Starter_Project\docs\planning\kids_certified\00_control\apply_gate_rollup_2026-04-13\kids_snapshot_output_verification_queue.csv","","VerifiedBy","TBD","Concrete non-placeholder value","Open non-blocked field"
"MEDIUM","apply_gate_rollup_2026-04-13","C:\Projects\MindLab_Starter_Project\docs\planning\kids_certified\00_control\apply_gate_rollup_2026-04-13\kids_snapshot_readiness_decision_log.csv","","DecisionDate","TBD","Concrete non-placeholder value","Open non-blocked field"
"MEDIUM","apply_gate_rollup_2026-04-13","C:\Projects\MindLab_Starter_Project\docs\planning\kids_certified\00_control\apply_gate_rollup_2026-04-13\kids_snapshot_readiness_decision_log.csv","","DecisionDate","TBD","Concrete non-placeholder value","Open non-blocked field"
"MEDIUM","apply_gate_rollup_2026-04-13","C:\Projects\MindLab_Starter_Project\docs\planning\kids_certified\00_control\apply_gate_rollup_2026-04-13\kids_snapshot_readiness_decision_log.csv","","DecisionDate","TBD","Concrete non-placeholder value","Open non-blocked field"
"MEDIUM","apply_gate_rollup_2026-04-13","C:\Projects\MindLab_Starter_Project\docs\planning\kids_certified\00_control\apply_gate_rollup_2026-04-13\kids_snapshot_readiness_decision_log.csv","","DecisionDate","TBD","Concrete non-placeholder value","Open non-blocked field"
"MEDIUM","apply_gate_rollup_2026-04-13","C:\Projects\MindLab_Starter_Project\docs\planning\kids_certified\00_control\apply_gate_rollup_2026-04-13\kids_snapshot_readiness_decision_log.csv","","DecisionDate","TBD","Concrete non-placeholder value","Open non-blocked field"
"MEDIUM","apply_gate_rollup_2026-04-13","C:\Projects\MindLab_Starter_Project\docs\planning\kids_certified\00_control\apply_gate_rollup_2026-04-13\kids_snapshot_readiness_decision_log.csv","","DecisionDate","TBD","Concrete non-placeholder value","Open non-blocked field"
"MEDIUM","apply_gate_rollup_2026-04-13","C:\Projects\MindLab_Starter_Project\docs\planning\kids_certified\00_control\apply_gate_rollup_2026-04-13\kids_snapshot_readiness_decision_log.csv","","DecisionStatus","PENDING","Concrete non-placeholder value","Open non-blocked field"
"MEDIUM","apply_gate_rollup_2026-04-13","C:\Projects\MindLab_Starter_Project\docs\planning\kids_certified\00_control\apply_gate_rollup_2026-04-13\kids_snapshot_readiness_decision_log.csv","","DecisionStatus","PENDING","Concrete non-placeholder value","Open non-blocked field"
"MEDIUM","apply_gate_rollup_2026-04-13","C:\Projects\MindLab_Starter_Project\docs\planning\kids_certified\00_control\apply_gate_rollup_2026-04-13\kids_snapshot_readiness_decision_log.csv","","DecisionStatus","PENDING","Concrete non-placeholder value","Open non-blocked field"
"MEDIUM","apply_gate_rollup_2026-04-13","C:\Projects\MindLab_Starter_Project\docs\planning\kids_certified\00_control\apply_gate_rollup_2026-04-13\kids_snapshot_readiness_decision_log.csv","","DecisionStatus","PENDING","Concrete non-placeholder value","Open non-blocked field"
"MEDIUM","apply_gate_rollup_2026-04-13","C:\Projects\MindLab_Starter_Project\docs\planning\kids_certified\00_control\apply_gate_rollup_2026-04-13\kids_snapshot_readiness_decision_log.csv","","DecisionStatus","PENDING","Concrete non-placeholder value","Open non-blocked field"
"MEDIUM","apply_gate_rollup_2026-04-13","C:\Projects\MindLab_Starter_Project\docs\planning\kids_certified\00_control\apply_gate_rollup_2026-04-13\kids_snapshot_readiness_decision_log.csv","","DecisionStatus","PENDING","Concrete non-placeholder value","Open non-blocked field"
"MEDIUM","apply_gate_rollup_2026-04-13","C:\Projects\MindLab_Starter_Project\docs\planning\kids_certified\00_control\apply_gate_rollup_2026-04-13\kids_snapshot_readiness_rollup.csv","","ExecutionStatus","PENDING","Concrete non-placeholder value","Open non-blocked field"
"MEDIUM","apply_gate_rollup_2026-04-13","C:\Projects\MindLab_Starter_Project\docs\planning\kids_certified\00_control\apply_gate_rollup_2026-04-13\kids_snapshot_readiness_rollup.csv","","ExecutionStatus","PENDING","Concrete non-placeholder value","Open non-blocked field"
"MEDIUM","apply_gate_rollup_2026-04-13","C:\Projects\MindLab_Starter_Project\docs\planning\kids_certified\00_control\apply_gate_rollup_2026-04-13\kids_snapshot_readiness_rollup.csv","","ExecutionStatus","PENDING","Concrete non-placeholder value","Open non-blocked field"
"MEDIUM","apply_gate_rollup_2026-04-13","C:\Projects\MindLab_Starter_Project\docs\planning\kids_certified\00_control\apply_gate_rollup_2026-04-13\kids_snapshot_readiness_rollup.csv","","ExecutionStatus","PENDING","Concrete non-placeholder value","Open non-blocked field"
"MEDIUM","apply_gate_rollup_2026-04-13","C:\Projects\MindLab_Starter_Project\docs\planning\kids_certified\00_control\apply_gate_rollup_2026-04-13\kids_snapshot_readiness_rollup.csv","","ExecutionStatus","PENDING","Concrete non-placeholder value","Open non-blocked field"
"MEDIUM","apply_gate_rollup_2026-04-13","C:\Projects\MindLab_Starter_Project\docs\planning\kids_certified\00_control\apply_gate_rollup_2026-04-13\kids_snapshot_readiness_rollup.csv","","ExecutionStatus","PENDING","Concrete non-placeholder value","Open non-blocked field"
"MEDIUM","apply_gate_rollup_2026-04-13","C:\Projects\MindLab_Starter_Project\docs\planning\kids_certified\00_control\apply_gate_rollup_2026-04-13\kids_snapshot_readiness_rollup.csv","","OutputExists","PENDING","Concrete non-placeholder value","Open non-blocked field"
"MEDIUM","apply_gate_rollup_2026-04-13","C:\Projects\MindLab_Starter_Project\docs\planning\kids_certified\00_control\apply_gate_rollup_2026-04-13\kids_snapshot_readiness_rollup.csv","","OutputExists","PENDING","Concrete non-placeholder value","Open non-blocked field"
"MEDIUM","apply_gate_rollup_2026-04-13","C:\Projects\MindLab_Starter_Project\docs\planning\kids_certified\00_control\apply_gate_rollup_2026-04-13\kids_snapshot_readiness_rollup.csv","","OutputExists","PENDING","Concrete non-placeholder value","Open non-blocked field"
"MEDIUM","apply_gate_rollup_2026-04-13","C:\Projects\MindLab_Starter_Project\docs\planning\kids_certified\00_control\apply_gate_rollup_2026-04-13\kids_snapshot_readiness_rollup.csv","","OutputExists","PENDING","Concrete non-placeholder value","Open non-blocked field"
"MEDIUM","apply_gate_rollup_2026-04-13","C:\Projects\MindLab_Starter_Project\docs\planning\kids_certified\00_control\apply_gate_rollup_2026-04-13\kids_snapshot_readiness_rollup.csv","","OutputExists","PENDING","Concrete non-placeholder value","Open non-blocked field"
"MEDIUM","apply_gate_rollup_2026-04-13","C:\Projects\MindLab_Starter_Project\docs\planning\kids_certified\00_control\apply_gate_rollup_2026-04-13\kids_snapshot_readiness_rollup.csv","","OutputExists","PENDING","Concrete non-placeholder value","Open non-blocked field"
"MEDIUM","apply_gate_rollup_2026-04-13","C:\Projects\MindLab_Starter_Project\docs\planning\kids_certified\00_control\apply_gate_rollup_2026-04-13\kids_snapshot_readiness_rollup.csv","","ReadinessStatus","PENDING","Concrete non-placeholder value","Open non-blocked field"
"MEDIUM","apply_gate_rollup_2026-04-13","C:\Projects\MindLab_Starter_Project\docs\planning\kids_certified\00_control\apply_gate_rollup_2026-04-13\kids_snapshot_readiness_rollup.csv","","ReadinessStatus","PENDING","Concrete non-placeholder value","Open non-blocked field"
"MEDIUM","apply_gate_rollup_2026-04-13","C:\Projects\MindLab_Starter_Project\docs\planning\kids_certified\00_control\apply_gate_rollup_2026-04-13\kids_snapshot_readiness_rollup.csv","","ReadinessStatus","PENDING","Concrete non-placeholder value","Open non-blocked field"
"MEDIUM","apply_gate_rollup_2026-04-13","C:\Projects\MindLab_Starter_Project\docs\planning\kids_certified\00_control\apply_gate_rollup_2026-04-13\kids_snapshot_readiness_rollup.csv","","ReadinessStatus","PENDING","Concrete non-placeholder value","Open non-blocked field"
"MEDIUM","apply_gate_rollup_2026-04-13","C:\Projects\MindLab_Starter_Project\docs\planning\kids_certified\00_control\apply_gate_rollup_2026-04-13\kids_snapshot_readiness_rollup.csv","","ReadinessStatus","PENDING","Concrete non-placeholder value","Open non-blocked field"
"MEDIUM","apply_gate_rollup_2026-04-13","C:\Projects\MindLab_Starter_Project\docs\planning\kids_certified\00_control\apply_gate_rollup_2026-04-13\kids_snapshot_readiness_rollup.csv","","ReadinessStatus","PENDING","Concrete non-placeholder value","Open non-blocked field"
"MEDIUM","apply_gate_rollup_2026-04-13","C:\Projects\MindLab_Starter_Project\docs\planning\kids_certified\00_control\apply_gate_rollup_2026-04-13\machine_patch_blocker_register.csv","TBD","Item","TBD","Concrete non-placeholder value","Open non-blocked field"
"MEDIUM","apply_gate_rollup_2026-04-13","C:\Projects\MindLab_Starter_Project\docs\planning\kids_certified\00_control\apply_gate_rollup_2026-04-13\machine_patch_blocker_register.csv","TBD","Item","TBD","Concrete non-placeholder value","Open non-blocked field"
"MEDIUM","apply_gate_rollup_2026-04-13","C:\Projects\MindLab_Starter_Project\docs\planning\kids_certified\00_control\apply_gate_rollup_2026-04-13\open_bundle_population_audit.csv","CleanUnresolvedSummary","MissingFields","","Concrete non-placeholder value","Open non-blocked field"
"MEDIUM","apply_gate_rollup_2026-04-13","C:\Projects\MindLab_Starter_Project\docs\planning\kids_certified\00_control\apply_gate_rollup_2026-04-13\open_bundle_population_audit.csv","CleanUnresolvedSummary","MissingFields","","Concrete non-placeholder value","Open non-blocked field"
"MEDIUM","apply_gate_rollup_2026-04-13","C:\Projects\MindLab_Starter_Project\docs\planning\kids_certified\00_control\apply_gate_rollup_2026-04-13\open_bundle_population_audit.csv","ClosureReport","MissingFields","","Concrete non-placeholder value","Open non-blocked field"
"MEDIUM","apply_gate_rollup_2026-04-13","C:\Projects\MindLab_Starter_Project\docs\planning\kids_certified\00_control\apply_gate_rollup_2026-04-13\open_bundle_population_audit.csv","ClosureReport","MissingFields","","Concrete non-placeholder value","Open non-blocked field"
"MEDIUM","apply_gate_rollup_2026-04-13","C:\Projects\MindLab_Starter_Project\docs\planning\kids_certified\00_control\apply_gate_rollup_2026-04-13\open_bundle_population_audit.csv","FinalHeadReference","MissingFields","","Concrete non-placeholder value","Open non-blocked field"
"MEDIUM","apply_gate_rollup_2026-04-13","C:\Projects\MindLab_Starter_Project\docs\planning\kids_certified\00_control\apply_gate_rollup_2026-04-13\open_bundle_population_audit.csv","FinalHeadReference","MissingFields","","Concrete non-placeholder value","Open non-blocked field"
"MEDIUM","apply_gate_rollup_2026-04-13","C:\Projects\MindLab_Starter_Project\docs\planning\kids_certified\00_control\apply_gate_rollup_2026-04-13\open_bundle_population_audit.csv","FinalTagReference","MissingFields","","Concrete non-placeholder value","Open non-blocked field"
"MEDIUM","apply_gate_rollup_2026-04-13","C:\Projects\MindLab_Starter_Project\docs\planning\kids_certified\00_control\apply_gate_rollup_2026-04-13\open_bundle_population_audit.csv","FinalTagReference","MissingFields","","Concrete non-placeholder value","Open non-blocked field"
"MEDIUM","apply_gate_rollup_2026-04-13","C:\Projects\MindLab_Starter_Project\docs\planning\kids_certified\00_control\apply_gate_rollup_2026-04-13\open_bundle_population_audit.csv","TBD","Item","TBD","Concrete non-placeholder value","Open non-blocked field"
"MEDIUM","apply_gate_rollup_2026-04-13","C:\Projects\MindLab_Starter_Project\docs\planning\kids_certified\00_control\apply_gate_rollup_2026-04-13\open_bundle_population_audit.csv","TBD","Item","TBD","Concrete non-placeholder value","Open non-blocked field"
"MEDIUM","apply_gate_rollup_2026-04-13","C:\Projects\MindLab_Starter_Project\docs\planning\kids_certified\00_control\apply_gate_rollup_2026-04-13\unresolved_exact_source_gap_register.csv","TBD","Item","TBD","Concrete non-placeholder value","Open non-blocked field"
"MEDIUM","apply_gate_rollup_2026-04-13","C:\Projects\MindLab_Starter_Project\docs\planning\kids_certified\00_control\apply_gate_rollup_2026-04-13\unresolved_exact_source_gap_register.csv","TBD","Item","TBD","Concrete non-placeholder value","Open non-blocked field"
"MEDIUM","apply_snapshots_2026-04-14","C:\Projects\MindLab_Starter_Project\docs\planning\kids_certified\00_control\apply_snapshots_2026-04-14\apply_snapshot_area_checklist.csv","","ChecklistStatus","PENDING","Concrete non-placeholder value","Open non-blocked field"
"MEDIUM","apply_snapshots_2026-04-14","C:\Projects\MindLab_Starter_Project\docs\planning\kids_certified\00_control\apply_snapshots_2026-04-14\apply_snapshot_area_checklist.csv","","ChecklistStatus","PENDING","Concrete non-placeholder value","Open non-blocked field"
"MEDIUM","apply_snapshots_2026-04-14","C:\Projects\MindLab_Starter_Project\docs\planning\kids_certified\00_control\apply_snapshots_2026-04-14\apply_snapshot_area_checklist.csv","","ChecklistStatus","PENDING","Concrete non-placeholder value","Open non-blocked field"
"MEDIUM","apply_snapshots_2026-04-14","C:\Projects\MindLab_Starter_Project\docs\planning\kids_certified\00_control\apply_snapshots_2026-04-14\apply_snapshot_area_checklist.csv","","ChecklistStatus","PENDING","Concrete non-placeholder value","Open non-blocked field"
"MEDIUM","apply_snapshots_2026-04-14","C:\Projects\MindLab_Starter_Project\docs\planning\kids_certified\00_control\apply_snapshots_2026-04-14\apply_snapshot_area_checklist.csv","","ChecklistStatus","PENDING","Concrete non-placeholder value","Open non-blocked field"
"MEDIUM","apply_snapshots_2026-04-14","C:\Projects\MindLab_Starter_Project\docs\planning\kids_certified\00_control\apply_snapshots_2026-04-14\apply_snapshot_area_checklist.csv","","ChecklistStatus","PENDING","Concrete non-placeholder value","Open non-blocked field"
"MEDIUM","apply_snapshots_2026-04-14","C:\Projects\MindLab_Starter_Project\docs\planning\kids_certified\00_control\apply_snapshots_2026-04-14\apply_snapshot_execution_template.csv","","ExecutionStatus","PENDING","Concrete non-placeholder value","Open non-blocked field"
"MEDIUM","apply_snapshots_2026-04-14","C:\Projects\MindLab_Starter_Project\docs\planning\kids_certified\00_control\apply_snapshots_2026-04-14\apply_snapshot_execution_template.csv","","ExecutionStatus","PENDING","Concrete non-placeholder value","Open non-blocked field"
"MEDIUM","apply_snapshots_2026-04-14","C:\Projects\MindLab_Starter_Project\docs\planning\kids_certified\00_control\apply_snapshots_2026-04-14\apply_snapshot_execution_template.csv","","ExecutionStatus","PENDING","Concrete non-placeholder value","Open non-blocked field"
"MEDIUM","apply_snapshots_2026-04-14","C:\Projects\MindLab_Starter_Project\docs\planning\kids_certified\00_control\apply_snapshots_2026-04-14\apply_snapshot_execution_template.csv","","ExecutionStatus","PENDING","Concrete non-placeholder value","Open non-blocked field"
"MEDIUM","apply_snapshots_2026-04-14","C:\Projects\MindLab_Starter_Project\docs\planning\kids_certified\00_control\apply_snapshots_2026-04-14\apply_snapshot_execution_template.csv","","ExecutionStatus","PENDING","Concrete non-placeholder value","Open non-blocked field"
"MEDIUM","apply_snapshots_2026-04-14","C:\Projects\MindLab_Starter_Project\docs\planning\kids_certified\00_control\apply_snapshots_2026-04-14\apply_snapshot_execution_template.csv","","ExecutionStatus","PENDING","Concrete non-placeholder value","Open non-blocked field"
"MEDIUM","apply_snapshots_2026-04-14","C:\Projects\MindLab_Starter_Project\docs\planning\kids_certified\00_control\apply_snapshots_2026-04-14\apply_snapshot_run_log.csv","","RunDate","TBD","Concrete non-placeholder value","Open non-blocked field"
"MEDIUM","apply_snapshots_2026-04-14","C:\Projects\MindLab_Starter_Project\docs\planning\kids_certified\00_control\apply_snapshots_2026-04-14\apply_snapshot_run_log.csv","","RunDate","TBD","Concrete non-placeholder value","Open non-blocked field"
"MEDIUM","apply_snapshots_2026-04-14","C:\Projects\MindLab_Starter_Project\docs\planning\kids_certified\00_control\apply_snapshots_2026-04-14\apply_snapshot_run_log.csv","","RunDate","TBD","Concrete non-placeholder value","Open non-blocked field"
"MEDIUM","apply_snapshots_2026-04-14","C:\Projects\MindLab_Starter_Project\docs\planning\kids_certified\00_control\apply_snapshots_2026-04-14\apply_snapshot_run_log.csv","","RunDate","TBD","Concrete non-placeholder value","Open non-blocked field"
"MEDIUM","apply_snapshots_2026-04-14","C:\Projects\MindLab_Starter_Project\docs\planning\kids_certified\00_control\apply_snapshots_2026-04-14\apply_snapshot_run_log.csv","","RunDate","TBD","Concrete non-placeholder value","Open non-blocked field"
"MEDIUM","apply_snapshots_2026-04-14","C:\Projects\MindLab_Starter_Project\docs\planning\kids_certified\00_control\apply_snapshots_2026-04-14\apply_snapshot_run_log.csv","","RunDate","TBD","Concrete non-placeholder value","Open non-blocked field"
"MEDIUM","apply_snapshots_2026-04-14","C:\Projects\MindLab_Starter_Project\docs\planning\kids_certified\00_control\apply_snapshots_2026-04-14\apply_snapshot_run_log.csv","","RunStatus","PENDING","Concrete non-placeholder value","Open non-blocked field"
"MEDIUM","apply_snapshots_2026-04-14","C:\Projects\MindLab_Starter_Project\docs\planning\kids_certified\00_control\apply_snapshots_2026-04-14\apply_snapshot_run_log.csv","","RunStatus","PENDING","Concrete non-placeholder value","Open non-blocked field"
"MEDIUM","apply_snapshots_2026-04-14","C:\Projects\MindLab_Starter_Project\docs\planning\kids_certified\00_control\apply_snapshots_2026-04-14\apply_snapshot_run_log.csv","","RunStatus","PENDING","Concrete non-placeholder value","Open non-blocked field"
"MEDIUM","apply_snapshots_2026-04-14","C:\Projects\MindLab_Starter_Project\docs\planning\kids_certified\00_control\apply_snapshots_2026-04-14\apply_snapshot_run_log.csv","","RunStatus","PENDING","Concrete non-placeholder value","Open non-blocked field"
"MEDIUM","apply_snapshots_2026-04-14","C:\Projects\MindLab_Starter_Project\docs\planning\kids_certified\00_control\apply_snapshots_2026-04-14\apply_snapshot_run_log.csv","","RunStatus","PENDING","Concrete non-placeholder value","Open non-blocked field"
"MEDIUM","apply_snapshots_2026-04-14","C:\Projects\MindLab_Starter_Project\docs\planning\kids_certified\00_control\apply_snapshots_2026-04-14\apply_snapshot_run_log.csv","","RunStatus","PENDING","Concrete non-placeholder value","Open non-blocked field"
"MEDIUM","restore_manifest_2026-04-15","C:\Projects\MindLab_Starter_Project\docs\planning\kids_certified\00_control\restore_manifest_2026-04-15\kids_missing_source_restore_check.csv","06_ux_qa","PathChecked","TBD","Concrete non-placeholder value","Open non-blocked field"
"MEDIUM","restore_manifest_2026-04-15","C:\Projects\MindLab_Starter_Project\docs\planning\kids_certified\00_control\restore_manifest_2026-04-15\kids_missing_source_restore_check.csv","ApprovalRecord","PathChecked","TBD","Concrete non-placeholder value","Open non-blocked field"
"MEDIUM","restore_manifest_2026-04-15","C:\Projects\MindLab_Starter_Project\docs\planning\kids_certified\00_control\restore_manifest_2026-04-15\kids_missing_source_restore_check.csv","GovernancePackNotes","PathChecked","TBD","Concrete non-placeholder value","Open non-blocked field"
"MEDIUM","restore_manifest_2026-04-15","C:\Projects\MindLab_Starter_Project\docs\planning\kids_certified\00_control\restore_manifest_2026-04-15\kids_missing_source_restore_check.csv","GovernanceReleaseWaveLegacyCrossAge","PathChecked","TBD","Concrete non-placeholder value","Open non-blocked field"
"MEDIUM","restore_manifest_2026-04-15","C:\Projects\MindLab_Starter_Project\docs\planning\kids_certified\00_control\restore_manifest_2026-04-15\kids_missing_source_restore_check.csv","RoadmapFacingSourceDocs","PathChecked","TBD","Concrete non-placeholder value","Open non-blocked field"
"MEDIUM","restore_manifest_2026-04-15","C:\Projects\MindLab_Starter_Project\docs\planning\kids_certified\00_control\restore_manifest_2026-04-15\kids_missing_source_restore_created.csv","06_ux_qa","ExactPath","TBD","Concrete non-placeholder value","Open non-blocked field"
"MEDIUM","restore_manifest_2026-04-15","C:\Projects\MindLab_Starter_Project\docs\planning\kids_certified\00_control\restore_manifest_2026-04-15\kids_missing_source_restore_created.csv","ApprovalRecord","ExactPath","TBD","Concrete non-placeholder value","Open non-blocked field"
"MEDIUM","restore_manifest_2026-04-15","C:\Projects\MindLab_Starter_Project\docs\planning\kids_certified\00_control\restore_manifest_2026-04-15\kids_missing_source_restore_created.csv","GovernancePackNotes","ExactPath","TBD","Concrete non-placeholder value","Open non-blocked field"
"MEDIUM","restore_manifest_2026-04-15","C:\Projects\MindLab_Starter_Project\docs\planning\kids_certified\00_control\restore_manifest_2026-04-15\kids_missing_source_restore_created.csv","GovernanceReleaseWaveLegacyCrossAge","ExactPath","TBD","Concrete non-placeholder value","Open non-blocked field"
"MEDIUM","restore_manifest_2026-04-15","C:\Projects\MindLab_Starter_Project\docs\planning\kids_certified\00_control\restore_manifest_2026-04-15\kids_missing_source_restore_created.csv","RoadmapFacingSourceDocs","ExactPath","TBD","Concrete non-placeholder value","Open non-blocked field"
"MEDIUM","restore_manifest_2026-04-15","C:\Projects\MindLab_Starter_Project\docs\planning\kids_certified\00_control\restore_manifest_2026-04-15\kids_missing_source_restore_manifest.csv","06_ux_qa","CandidatePath","TBD","Concrete non-placeholder value","Open non-blocked field"
"MEDIUM","restore_manifest_2026-04-15","C:\Projects\MindLab_Starter_Project\docs\planning\kids_certified\00_control\restore_manifest_2026-04-15\kids_missing_source_restore_manifest.csv","ApprovalRecord","CandidatePath","TBD","Concrete non-placeholder value","Open non-blocked field"
"MEDIUM","restore_manifest_2026-04-15","C:\Projects\MindLab_Starter_Project\docs\planning\kids_certified\00_control\restore_manifest_2026-04-15\kids_missing_source_restore_manifest.csv","GovernancePackNotes","CandidatePath","TBD","Concrete non-placeholder value","Open non-blocked field"
"MEDIUM","restore_manifest_2026-04-15","C:\Projects\MindLab_Starter_Project\docs\planning\kids_certified\00_control\restore_manifest_2026-04-15\kids_missing_source_restore_manifest.csv","GovernanceReleaseWaveLegacyCrossAge","CandidatePath","TBD","Concrete non-placeholder value","Open non-blocked field"
"MEDIUM","restore_manifest_2026-04-15","C:\Projects\MindLab_Starter_Project\docs\planning\kids_certified\00_control\restore_manifest_2026-04-15\kids_missing_source_restore_manifest.csv","RoadmapFacingSourceDocs","CandidatePath","TBD","Concrete non-placeholder value","Open non-blocked field"
"MEDIUM","restore_manifest_2026-04-15","C:\Projects\MindLab_Starter_Project\docs\planning\kids_certified\00_control\restore_manifest_2026-04-15\kids_missing_source_restore_pending.csv","06_ux_qa","CandidatePath","TBD","Concrete non-placeholder value","Open non-blocked field"
"MEDIUM","restore_manifest_2026-04-15","C:\Projects\MindLab_Starter_Project\docs\planning\kids_certified\00_control\restore_manifest_2026-04-15\kids_missing_source_restore_pending.csv","06_ux_qa","RestoreStatus","PENDING","Concrete non-placeholder value","Open non-blocked field"
"MEDIUM","restore_manifest_2026-04-15","C:\Projects\MindLab_Starter_Project\docs\planning\kids_certified\00_control\restore_manifest_2026-04-15\kids_missing_source_restore_pending.csv","ApprovalRecord","CandidatePath","TBD","Concrete non-placeholder value","Open non-blocked field"
"MEDIUM","restore_manifest_2026-04-15","C:\Projects\MindLab_Starter_Project\docs\planning\kids_certified\00_control\restore_manifest_2026-04-15\kids_missing_source_restore_pending.csv","ApprovalRecord","RestoreStatus","PENDING","Concrete non-placeholder value","Open non-blocked field"
"MEDIUM","restore_manifest_2026-04-15","C:\Projects\MindLab_Starter_Project\docs\planning\kids_certified\00_control\restore_manifest_2026-04-15\kids_missing_source_restore_pending.csv","GovernancePackNotes","CandidatePath","TBD","Concrete non-placeholder value","Open non-blocked field"
"MEDIUM","restore_manifest_2026-04-15","C:\Projects\MindLab_Starter_Project\docs\planning\kids_certified\00_control\restore_manifest_2026-04-15\kids_missing_source_restore_pending.csv","GovernancePackNotes","RestoreStatus","PENDING","Concrete non-placeholder value","Open non-blocked field"
"MEDIUM","restore_manifest_2026-04-15","C:\Projects\MindLab_Starter_Project\docs\planning\kids_certified\00_control\restore_manifest_2026-04-15\kids_missing_source_restore_pending.csv","GovernanceReleaseWaveLegacyCrossAge","CandidatePath","TBD","Concrete non-placeholder value","Open non-blocked field"
"MEDIUM","restore_manifest_2026-04-15","C:\Projects\MindLab_Starter_Project\docs\planning\kids_certified\00_control\restore_manifest_2026-04-15\kids_missing_source_restore_pending.csv","GovernanceReleaseWaveLegacyCrossAge","RestoreStatus","PENDING","Concrete non-placeholder value","Open non-blocked field"
"MEDIUM","restore_manifest_2026-04-15","C:\Projects\MindLab_Starter_Project\docs\planning\kids_certified\00_control\restore_manifest_2026-04-15\kids_missing_source_restore_pending.csv","RoadmapFacingSourceDocs","CandidatePath","TBD","Concrete non-placeholder value","Open non-blocked field"
"MEDIUM","restore_manifest_2026-04-15","C:\Projects\MindLab_Starter_Project\docs\planning\kids_certified\00_control\restore_manifest_2026-04-15\kids_missing_source_restore_pending.csv","RoadmapFacingSourceDocs","RestoreStatus","PENDING","Concrete non-placeholder value","Open non-blocked field"
"MEDIUM","tracker_refresh_2026-04-12","C:\Projects\MindLab_Starter_Project\docs\planning\kids_certified\00_control\tracker_refresh_2026-04-12\tracker_apply_precheck.csv","","ApplyReady","PENDING","Concrete non-placeholder value","Open non-blocked field"
"MEDIUM","tracker_refresh_2026-04-12","C:\Projects\MindLab_Starter_Project\docs\planning\kids_certified\00_control\tracker_refresh_2026-04-12\tracker_apply_precheck.csv","","ApplyReady","PENDING","Concrete non-placeholder value","Open non-blocked field"
"MEDIUM","tracker_refresh_2026-04-12","C:\Projects\MindLab_Starter_Project\docs\planning\kids_certified\00_control\tracker_refresh_2026-04-12\tracker_apply_precheck.csv","","ApplyReady","PENDING","Concrete non-placeholder value","Open non-blocked field"
"MEDIUM","tracker_refresh_2026-04-12","C:\Projects\MindLab_Starter_Project\docs\planning\kids_certified\00_control\tracker_refresh_2026-04-12\tracker_apply_precheck.csv","","ApplyReady","PENDING","Concrete non-placeholder value","Open non-blocked field"
"MEDIUM","tracker_refresh_2026-04-12","C:\Projects\MindLab_Starter_Project\docs\planning\kids_certified\00_control\tracker_refresh_2026-04-12\tracker_apply_precheck.csv","","SelectedPath","TBD","Concrete non-placeholder value","Open non-blocked field"
"MEDIUM","tracker_refresh_2026-04-12","C:\Projects\MindLab_Starter_Project\docs\planning\kids_certified\00_control\tracker_refresh_2026-04-12\tracker_apply_precheck.csv","","SelectedPath","TBD","Concrete non-placeholder value","Open non-blocked field"
"MEDIUM","tracker_refresh_2026-04-12","C:\Projects\MindLab_Starter_Project\docs\planning\kids_certified\00_control\tracker_refresh_2026-04-12\tracker_apply_precheck.csv","","SelectedPath","TBD","Concrete non-placeholder value","Open non-blocked field"
"MEDIUM","tracker_refresh_2026-04-12","C:\Projects\MindLab_Starter_Project\docs\planning\kids_certified\00_control\tracker_refresh_2026-04-12\tracker_apply_precheck.csv","","SelectedPath","TBD","Concrete non-placeholder value","Open non-blocked field"
"MEDIUM","tracker_refresh_2026-04-12","C:\Projects\MindLab_Starter_Project\docs\planning\kids_certified\00_control\tracker_refresh_2026-04-12\tracker_apply_precheck.csv","","SnapshotReady","PENDING","Concrete non-placeholder value","Open non-blocked field"
"MEDIUM","tracker_refresh_2026-04-12","C:\Projects\MindLab_Starter_Project\docs\planning\kids_certified\00_control\tracker_refresh_2026-04-12\tracker_apply_precheck.csv","","SnapshotReady","PENDING","Concrete non-placeholder value","Open non-blocked field"
"MEDIUM","tracker_refresh_2026-04-12","C:\Projects\MindLab_Starter_Project\docs\planning\kids_certified\00_control\tracker_refresh_2026-04-12\tracker_apply_precheck.csv","","SnapshotReady","PENDING","Concrete non-placeholder value","Open non-blocked field"
"MEDIUM","tracker_refresh_2026-04-12","C:\Projects\MindLab_Starter_Project\docs\planning\kids_certified\00_control\tracker_refresh_2026-04-12\tracker_apply_precheck.csv","","SnapshotReady","PENDING","Concrete non-placeholder value","Open non-blocked field"
"MEDIUM","tracker_refresh_2026-04-12","C:\Projects\MindLab_Starter_Project\docs\planning\kids_certified\00_control\tracker_refresh_2026-04-12\tracker_broader_exact_path_scan.csv","","CandidatePath","TBD","Concrete non-placeholder value","Open non-blocked field"
"MEDIUM","tracker_refresh_2026-04-12","C:\Projects\MindLab_Starter_Project\docs\planning\kids_certified\00_control\tracker_refresh_2026-04-12\tracker_broader_exact_path_scan.csv","","CandidatePath","TBD","Concrete non-placeholder value","Open non-blocked field"
"MEDIUM","tracker_refresh_2026-04-12","C:\Projects\MindLab_Starter_Project\docs\planning\kids_certified\00_control\tracker_refresh_2026-04-12\tracker_broader_exact_path_scan.csv","","CandidatePath","TBD","Concrete non-placeholder value","Open non-blocked field"
"MEDIUM","tracker_refresh_2026-04-12","C:\Projects\MindLab_Starter_Project\docs\planning\kids_certified\00_control\tracker_refresh_2026-04-12\tracker_broader_exact_path_scan.csv","","CandidatePath","TBD","Concrete non-placeholder value","Open non-blocked field"
"MEDIUM","tracker_refresh_2026-04-12","C:\Projects\MindLab_Starter_Project\docs\planning\kids_certified\00_control\tracker_refresh_2026-04-12\tracker_broader_exact_path_scan.csv","","FirstMatch","TBD","Concrete non-placeholder value","Open non-blocked field"
"MEDIUM","tracker_refresh_2026-04-12","C:\Projects\MindLab_Starter_Project\docs\planning\kids_certified\00_control\tracker_refresh_2026-04-12\tracker_broader_exact_path_scan.csv","","FirstMatch","TBD","Concrete non-placeholder value","Open non-blocked field"
"MEDIUM","tracker_refresh_2026-04-12","C:\Projects\MindLab_Starter_Project\docs\planning\kids_certified\00_control\tracker_refresh_2026-04-12\tracker_broader_exact_path_scan.csv","","FirstMatch","TBD","Concrete non-placeholder value","Open non-blocked field"
"MEDIUM","tracker_refresh_2026-04-12","C:\Projects\MindLab_Starter_Project\docs\planning\kids_certified\00_control\tracker_refresh_2026-04-12\tracker_broader_exact_path_scan.csv","","FirstMatch","TBD","Concrete non-placeholder value","Open non-blocked field"
"MEDIUM","tracker_refresh_2026-04-12","C:\Projects\MindLab_Starter_Project\docs\planning\kids_certified\00_control\tracker_refresh_2026-04-12\tracker_deep_exact_path_matches.csv","","CandidatePath","TBD","Concrete non-placeholder value","Open non-blocked field"
"MEDIUM","tracker_refresh_2026-04-12","C:\Projects\MindLab_Starter_Project\docs\planning\kids_certified\00_control\tracker_refresh_2026-04-12\tracker_deep_exact_path_matches.csv","","CandidatePath","TBD","Concrete non-placeholder value","Open non-blocked field"
"MEDIUM","tracker_refresh_2026-04-12","C:\Projects\MindLab_Starter_Project\docs\planning\kids_certified\00_control\tracker_refresh_2026-04-12\tracker_deep_exact_path_matches.csv","","CandidatePath","TBD","Concrete non-placeholder value","Open non-blocked field"
"MEDIUM","tracker_refresh_2026-04-12","C:\Projects\MindLab_Starter_Project\docs\planning\kids_certified\00_control\tracker_refresh_2026-04-12\tracker_deep_exact_path_matches.csv","","CandidatePath","TBD","Concrete non-placeholder value","Open non-blocked field"
"MEDIUM","tracker_refresh_2026-04-12","C:\Projects\MindLab_Starter_Project\docs\planning\kids_certified\00_control\tracker_refresh_2026-04-12\tracker_deep_exact_path_matches.csv","","CandidatePath","TBD","Concrete non-placeholder value","Open non-blocked field"
"MEDIUM","tracker_refresh_2026-04-12","C:\Projects\MindLab_Starter_Project\docs\planning\kids_certified\00_control\tracker_refresh_2026-04-12\tracker_deep_exact_path_matches.csv","","CandidatePath","TBD","Concrete non-placeholder value","Open non-blocked field"
"MEDIUM","tracker_refresh_2026-04-12","C:\Projects\MindLab_Starter_Project\docs\planning\kids_certified\00_control\tracker_refresh_2026-04-12\tracker_exact_path_candidate_scan.csv","","CandidatePath","TBD","Concrete non-placeholder value","Open non-blocked field"
"MEDIUM","tracker_refresh_2026-04-12","C:\Projects\MindLab_Starter_Project\docs\planning\kids_certified\00_control\tracker_refresh_2026-04-12\tracker_exact_path_candidate_scan.csv","","CandidatePath","TBD","Concrete non-placeholder value","Open non-blocked field"
"MEDIUM","tracker_refresh_2026-04-12","C:\Projects\MindLab_Starter_Project\docs\planning\kids_certified\00_control\tracker_refresh_2026-04-12\tracker_exact_path_candidate_scan.csv","","CandidatePath","TBD","Concrete non-placeholder value","Open non-blocked field"
"MEDIUM","tracker_refresh_2026-04-12","C:\Projects\MindLab_Starter_Project\docs\planning\kids_certified\00_control\tracker_refresh_2026-04-12\tracker_exact_path_candidate_scan.csv","","CandidatePath","TBD","Concrete non-placeholder value","Open non-blocked field"
"MEDIUM","tracker_refresh_2026-04-12","C:\Projects\MindLab_Starter_Project\docs\planning\kids_certified\00_control\tracker_refresh_2026-04-12\tracker_exact_path_candidate_scan.csv","","ExactPath","TBD","Concrete non-placeholder value","Open non-blocked field"
"MEDIUM","tracker_refresh_2026-04-12","C:\Projects\MindLab_Starter_Project\docs\planning\kids_certified\00_control\tracker_refresh_2026-04-12\tracker_exact_path_candidate_scan.csv","","ExactPath","TBD","Concrete non-placeholder value","Open non-blocked field"
"MEDIUM","tracker_refresh_2026-04-12","C:\Projects\MindLab_Starter_Project\docs\planning\kids_certified\00_control\tracker_refresh_2026-04-12\tracker_exact_path_candidate_scan.csv","","ExactPath","TBD","Concrete non-placeholder value","Open non-blocked field"
"MEDIUM","tracker_refresh_2026-04-12","C:\Projects\MindLab_Starter_Project\docs\planning\kids_certified\00_control\tracker_refresh_2026-04-12\tracker_exact_path_candidate_scan.csv","","ExactPath","TBD","Concrete non-placeholder value","Open non-blocked field"
"MEDIUM","tracker_refresh_2026-04-12","C:\Projects\MindLab_Starter_Project\docs\planning\kids_certified\00_control\tracker_refresh_2026-04-12\tracker_exact_path_candidate_scan.csv","","ScanStatus","PENDING","Concrete non-placeholder value","Open non-blocked field"
"MEDIUM","tracker_refresh_2026-04-12","C:\Projects\MindLab_Starter_Project\docs\planning\kids_certified\00_control\tracker_refresh_2026-04-12\tracker_exact_path_candidate_scan.csv","","ScanStatus","PENDING","Concrete non-placeholder value","Open non-blocked field"
"MEDIUM","tracker_refresh_2026-04-12","C:\Projects\MindLab_Starter_Project\docs\planning\kids_certified\00_control\tracker_refresh_2026-04-12\tracker_exact_path_candidate_scan.csv","","ScanStatus","PENDING","Concrete non-placeholder value","Open non-blocked field"
"MEDIUM","tracker_refresh_2026-04-12","C:\Projects\MindLab_Starter_Project\docs\planning\kids_certified\00_control\tracker_refresh_2026-04-12\tracker_exact_path_candidate_scan.csv","","ScanStatus","PENDING","Concrete non-placeholder value","Open non-blocked field"
"MEDIUM","tracker_refresh_2026-04-12","C:\Projects\MindLab_Starter_Project\docs\planning\kids_certified\00_control\tracker_refresh_2026-04-12\tracker_exact_path_resolution.csv","","CandidatePath","TBD","Concrete non-placeholder value","Open non-blocked field"
"MEDIUM","tracker_refresh_2026-04-12","C:\Projects\MindLab_Starter_Project\docs\planning\kids_certified\00_control\tracker_refresh_2026-04-12\tracker_exact_path_resolution.csv","","CandidatePath","TBD","Concrete non-placeholder value","Open non-blocked field"
"MEDIUM","tracker_refresh_2026-04-12","C:\Projects\MindLab_Starter_Project\docs\planning\kids_certified\00_control\tracker_refresh_2026-04-12\tracker_exact_path_resolution.csv","","CandidatePath","TBD","Concrete non-placeholder value","Open non-blocked field"
"MEDIUM","tracker_refresh_2026-04-12","C:\Projects\MindLab_Starter_Project\docs\planning\kids_certified\00_control\tracker_refresh_2026-04-12\tracker_exact_path_resolution.csv","","CandidatePath","TBD","Concrete non-placeholder value","Open non-blocked field"
"MEDIUM","tracker_refresh_2026-04-12","C:\Projects\MindLab_Starter_Project\docs\planning\kids_certified\00_control\tracker_refresh_2026-04-12\tracker_exact_path_scan_execution_log.csv","","CandidatePath","TBD","Concrete non-placeholder value","Open non-blocked field"
"MEDIUM","tracker_refresh_2026-04-12","C:\Projects\MindLab_Starter_Project\docs\planning\kids_certified\00_control\tracker_refresh_2026-04-12\tracker_exact_path_scan_execution_log.csv","","CandidatePath","TBD","Concrete non-placeholder value","Open non-blocked field"
"MEDIUM","tracker_refresh_2026-04-12","C:\Projects\MindLab_Starter_Project\docs\planning\kids_certified\00_control\tracker_refresh_2026-04-12\tracker_exact_path_scan_execution_log.csv","","CandidatePath","TBD","Concrete non-placeholder value","Open non-blocked field"
"MEDIUM","tracker_refresh_2026-04-12","C:\Projects\MindLab_Starter_Project\docs\planning\kids_certified\00_control\tracker_refresh_2026-04-12\tracker_exact_path_scan_execution_log.csv","","CandidatePath","TBD","Concrete non-placeholder value","Open non-blocked field"
"MEDIUM","tracker_refresh_2026-04-12","C:\Projects\MindLab_Starter_Project\docs\planning\kids_certified\00_control\tracker_refresh_2026-04-12\tracker_exact_path_scan_execution_log.csv","","ExactPath","TBD","Concrete non-placeholder value","Open non-blocked field"
"MEDIUM","tracker_refresh_2026-04-12","C:\Projects\MindLab_Starter_Project\docs\planning\kids_certified\00_control\tracker_refresh_2026-04-12\tracker_exact_path_scan_execution_log.csv","","ExactPath","TBD","Concrete non-placeholder value","Open non-blocked field"
"MEDIUM","tracker_refresh_2026-04-12","C:\Projects\MindLab_Starter_Project\docs\planning\kids_certified\00_control\tracker_refresh_2026-04-12\tracker_exact_path_scan_execution_log.csv","","ExactPath","TBD","Concrete non-placeholder value","Open non-blocked field"
"MEDIUM","tracker_refresh_2026-04-12","C:\Projects\MindLab_Starter_Project\docs\planning\kids_certified\00_control\tracker_refresh_2026-04-12\tracker_exact_path_scan_execution_log.csv","","ExactPath","TBD","Concrete non-placeholder value","Open non-blocked field"
"MEDIUM","tracker_refresh_2026-04-12","C:\Projects\MindLab_Starter_Project\docs\planning\kids_certified\00_control\tracker_refresh_2026-04-12\tracker_exact_path_scan_execution_log.csv","","ExecutionDate","TBD","Concrete non-placeholder value","Open non-blocked field"
"MEDIUM","tracker_refresh_2026-04-12","C:\Projects\MindLab_Starter_Project\docs\planning\kids_certified\00_control\tracker_refresh_2026-04-12\tracker_exact_path_scan_execution_log.csv","","ExecutionDate","TBD","Concrete non-placeholder value","Open non-blocked field"
"MEDIUM","tracker_refresh_2026-04-12","C:\Projects\MindLab_Starter_Project\docs\planning\kids_certified\00_control\tracker_refresh_2026-04-12\tracker_exact_path_scan_execution_log.csv","","ExecutionDate","TBD","Concrete non-placeholder value","Open non-blocked field"
"MEDIUM","tracker_refresh_2026-04-12","C:\Projects\MindLab_Starter_Project\docs\planning\kids_certified\00_control\tracker_refresh_2026-04-12\tracker_exact_path_scan_execution_log.csv","","ExecutionDate","TBD","Concrete non-placeholder value","Open non-blocked field"
"MEDIUM","tracker_refresh_2026-04-12","C:\Projects\MindLab_Starter_Project\docs\planning\kids_certified\00_control\tracker_refresh_2026-04-12\tracker_exact_path_scan_execution_log.csv","","ExecutionStatus","PENDING","Concrete non-placeholder value","Open non-blocked field"
"MEDIUM","tracker_refresh_2026-04-12","C:\Projects\MindLab_Starter_Project\docs\planning\kids_certified\00_control\tracker_refresh_2026-04-12\tracker_exact_path_scan_execution_log.csv","","ExecutionStatus","PENDING","Concrete non-placeholder value","Open non-blocked field"
"MEDIUM","tracker_refresh_2026-04-12","C:\Projects\MindLab_Starter_Project\docs\planning\kids_certified\00_control\tracker_refresh_2026-04-12\tracker_exact_path_scan_execution_log.csv","","ExecutionStatus","PENDING","Concrete non-placeholder value","Open non-blocked field"
"MEDIUM","tracker_refresh_2026-04-12","C:\Projects\MindLab_Starter_Project\docs\planning\kids_certified\00_control\tracker_refresh_2026-04-12\tracker_exact_path_scan_execution_log.csv","","ExecutionStatus","PENDING","Concrete non-placeholder value","Open non-blocked field"
"MEDIUM","tracker_refresh_2026-04-12","C:\Projects\MindLab_Starter_Project\docs\planning\kids_certified\00_control\tracker_refresh_2026-04-12\tracker_exact_path_suggestions.csv","","CandidatePath","TBD","Concrete non-placeholder value","Open non-blocked field"
"MEDIUM","tracker_refresh_2026-04-12","C:\Projects\MindLab_Starter_Project\docs\planning\kids_certified\00_control\tracker_refresh_2026-04-12\tracker_exact_path_suggestions.csv","","CandidatePath","TBD","Concrete non-placeholder value","Open non-blocked field"
"MEDIUM","tracker_refresh_2026-04-12","C:\Projects\MindLab_Starter_Project\docs\planning\kids_certified\00_control\tracker_refresh_2026-04-12\tracker_exact_path_suggestions.csv","","CandidatePath","TBD","Concrete non-placeholder value","Open non-blocked field"
"MEDIUM","tracker_refresh_2026-04-12","C:\Projects\MindLab_Starter_Project\docs\planning\kids_certified\00_control\tracker_refresh_2026-04-12\tracker_exact_path_suggestions.csv","","CandidatePath","TBD","Concrete non-placeholder value","Open non-blocked field"
"MEDIUM","tracker_refresh_2026-04-12","C:\Projects\MindLab_Starter_Project\docs\planning\kids_certified\00_control\tracker_refresh_2026-04-12\tracker_exact_path_suggestions.csv","","SuggestedPath1","TBD","Concrete non-placeholder value","Open non-blocked field"
"MEDIUM","tracker_refresh_2026-04-12","C:\Projects\MindLab_Starter_Project\docs\planning\kids_certified\00_control\tracker_refresh_2026-04-12\tracker_exact_path_suggestions.csv","","SuggestedPath1","TBD","Concrete non-placeholder value","Open non-blocked field"
"MEDIUM","tracker_refresh_2026-04-12","C:\Projects\MindLab_Starter_Project\docs\planning\kids_certified\00_control\tracker_refresh_2026-04-12\tracker_exact_path_suggestions.csv","","SuggestedPath1","TBD","Concrete non-placeholder value","Open non-blocked field"
"MEDIUM","tracker_refresh_2026-04-12","C:\Projects\MindLab_Starter_Project\docs\planning\kids_certified\00_control\tracker_refresh_2026-04-12\tracker_exact_path_suggestions.csv","","SuggestedPath1","TBD","Concrete non-placeholder value","Open non-blocked field"
"MEDIUM","tracker_refresh_2026-04-12","C:\Projects\MindLab_Starter_Project\docs\planning\kids_certified\00_control\tracker_refresh_2026-04-12\tracker_exact_path_suggestions.csv","","SuggestedPath2","TBD","Concrete non-placeholder value","Open non-blocked field"
"MEDIUM","tracker_refresh_2026-04-12","C:\Projects\MindLab_Starter_Project\docs\planning\kids_certified\00_control\tracker_refresh_2026-04-12\tracker_exact_path_suggestions.csv","","SuggestedPath2","TBD","Concrete non-placeholder value","Open non-blocked field"
"MEDIUM","tracker_refresh_2026-04-12","C:\Projects\MindLab_Starter_Project\docs\planning\kids_certified\00_control\tracker_refresh_2026-04-12\tracker_exact_path_suggestions.csv","","SuggestedPath2","TBD","Concrete non-placeholder value","Open non-blocked field"
"MEDIUM","tracker_refresh_2026-04-12","C:\Projects\MindLab_Starter_Project\docs\planning\kids_certified\00_control\tracker_refresh_2026-04-12\tracker_exact_path_suggestions.csv","","SuggestedPath2","TBD","Concrete non-placeholder value","Open non-blocked field"
"MEDIUM","tracker_refresh_2026-04-12","C:\Projects\MindLab_Starter_Project\docs\planning\kids_certified\00_control\tracker_refresh_2026-04-12\tracker_exact_path_suggestions.csv","","SuggestedPath3","TBD","Concrete non-placeholder value","Open non-blocked field"
"MEDIUM","tracker_refresh_2026-04-12","C:\Projects\MindLab_Starter_Project\docs\planning\kids_certified\00_control\tracker_refresh_2026-04-12\tracker_exact_path_suggestions.csv","","SuggestedPath3","TBD","Concrete non-placeholder value","Open non-blocked field"
"MEDIUM","tracker_refresh_2026-04-12","C:\Projects\MindLab_Starter_Project\docs\planning\kids_certified\00_control\tracker_refresh_2026-04-12\tracker_exact_path_suggestions.csv","","SuggestedPath3","TBD","Concrete non-placeholder value","Open non-blocked field"
"MEDIUM","tracker_refresh_2026-04-12","C:\Projects\MindLab_Starter_Project\docs\planning\kids_certified\00_control\tracker_refresh_2026-04-12\tracker_exact_path_suggestions.csv","","SuggestedPath3","TBD","Concrete non-placeholder value","Open non-blocked field"
"MEDIUM","tracker_refresh_2026-04-12","C:\Projects\MindLab_Starter_Project\docs\planning\kids_certified\00_control\tracker_refresh_2026-04-12\tracker_exact_path_verification_queue.csv","","CandidatePath","TBD","Concrete non-placeholder value","Open non-blocked field"
"MEDIUM","tracker_refresh_2026-04-12","C:\Projects\MindLab_Starter_Project\docs\planning\kids_certified\00_control\tracker_refresh_2026-04-12\tracker_exact_path_verification_queue.csv","","CandidatePath","TBD","Concrete non-placeholder value","Open non-blocked field"
"MEDIUM","tracker_refresh_2026-04-12","C:\Projects\MindLab_Starter_Project\docs\planning\kids_certified\00_control\tracker_refresh_2026-04-12\tracker_exact_path_verification_queue.csv","","CandidatePath","TBD","Concrete non-placeholder value","Open non-blocked field"
"MEDIUM","tracker_refresh_2026-04-12","C:\Projects\MindLab_Starter_Project\docs\planning\kids_certified\00_control\tracker_refresh_2026-04-12\tracker_exact_path_verification_queue.csv","","CandidatePath","TBD","Concrete non-placeholder value","Open non-blocked field"
"MEDIUM","tracker_refresh_2026-04-12","C:\Projects\MindLab_Starter_Project\docs\planning\kids_certified\00_control\tracker_refresh_2026-04-12\tracker_exact_path_verification_queue.csv","","VerifiedBy","TBD","Concrete non-placeholder value","Open non-blocked field"
"MEDIUM","tracker_refresh_2026-04-12","C:\Projects\MindLab_Starter_Project\docs\planning\kids_certified\00_control\tracker_refresh_2026-04-12\tracker_exact_path_verification_queue.csv","","VerifiedBy","TBD","Concrete non-placeholder value","Open non-blocked field"
"MEDIUM","tracker_refresh_2026-04-12","C:\Projects\MindLab_Starter_Project\docs\planning\kids_certified\00_control\tracker_refresh_2026-04-12\tracker_exact_path_verification_queue.csv","","VerifiedBy","TBD","Concrete non-placeholder value","Open non-blocked field"
"MEDIUM","tracker_refresh_2026-04-12","C:\Projects\MindLab_Starter_Project\docs\planning\kids_certified\00_control\tracker_refresh_2026-04-12\tracker_exact_path_verification_queue.csv","","VerifiedBy","TBD","Concrete non-placeholder value","Open non-blocked field"
"MEDIUM","tracker_refresh_2026-04-12","C:\Projects\MindLab_Starter_Project\docs\planning\kids_certified\00_control\tracker_refresh_2026-04-12\tracker_fallback_auto_resolution_audit.csv","","CandidatePath","TBD","Concrete non-placeholder value","Open non-blocked field"
"MEDIUM","tracker_refresh_2026-04-12","C:\Projects\MindLab_Starter_Project\docs\planning\kids_certified\00_control\tracker_refresh_2026-04-12\tracker_fallback_auto_resolution_audit.csv","","CandidatePath","TBD","Concrete non-placeholder value","Open non-blocked field"
"MEDIUM","tracker_refresh_2026-04-12","C:\Projects\MindLab_Starter_Project\docs\planning\kids_certified\00_control\tracker_refresh_2026-04-12\tracker_fallback_auto_resolution_audit.csv","","ProposedPath","","Concrete non-placeholder value","Open non-blocked field"
"MEDIUM","tracker_refresh_2026-04-12","C:\Projects\MindLab_Starter_Project\docs\planning\kids_certified\00_control\tracker_refresh_2026-04-12\tracker_fallback_auto_resolution_audit.csv","","ProposedPath","","Concrete non-placeholder value","Open non-blocked field"
"MEDIUM","tracker_refresh_2026-04-12","C:\Projects\MindLab_Starter_Project\docs\planning\kids_certified\00_control\tracker_refresh_2026-04-12\tracker_fallback_auto_resolution_audit.csv","","ProposedScore","","Concrete non-placeholder value","Open non-blocked field"
"MEDIUM","tracker_refresh_2026-04-12","C:\Projects\MindLab_Starter_Project\docs\planning\kids_certified\00_control\tracker_refresh_2026-04-12\tracker_fallback_auto_resolution_audit.csv","","ProposedScore","","Concrete non-placeholder value","Open non-blocked field"
"MEDIUM","tracker_refresh_2026-04-12","C:\Projects\MindLab_Starter_Project\docs\planning\kids_certified\00_control\tracker_refresh_2026-04-12\tracker_final_unresolved_blockers.csv","06_ux_qa","CandidatePath","TBD","Concrete non-placeholder value","Open non-blocked field"
"MEDIUM","tracker_refresh_2026-04-12","C:\Projects\MindLab_Starter_Project\docs\planning\kids_certified\00_control\tracker_refresh_2026-04-12\tracker_final_unresolved_blockers.csv","06_ux_qa","ExactPath","TBD","Concrete non-placeholder value","Open non-blocked field"
"MEDIUM","tracker_refresh_2026-04-12","C:\Projects\MindLab_Starter_Project\docs\planning\kids_certified\00_control\tracker_refresh_2026-04-12\tracker_final_unresolved_blockers.csv","GovernanceReleaseWaveLegacyCrossAge","CandidatePath","TBD","Concrete non-placeholder value","Open non-blocked field"
"MEDIUM","tracker_refresh_2026-04-12","C:\Projects\MindLab_Starter_Project\docs\planning\kids_certified\00_control\tracker_refresh_2026-04-12\tracker_final_unresolved_blockers.csv","GovernanceReleaseWaveLegacyCrossAge","ExactPath","TBD","Concrete non-placeholder value","Open non-blocked field"
"MEDIUM","tracker_refresh_2026-04-12","C:\Projects\MindLab_Starter_Project\docs\planning\kids_certified\00_control\tracker_refresh_2026-04-12\tracker_manual_exact_path_intake.csv","","CandidatePath","TBD","Concrete non-placeholder value","Open non-blocked field"
"MEDIUM","tracker_refresh_2026-04-12","C:\Projects\MindLab_Starter_Project\docs\planning\kids_certified\00_control\tracker_refresh_2026-04-12\tracker_manual_exact_path_intake.csv","","CandidatePath","TBD","Concrete non-placeholder value","Open non-blocked field"
"MEDIUM","tracker_refresh_2026-04-12","C:\Projects\MindLab_Starter_Project\docs\planning\kids_certified\00_control\tracker_refresh_2026-04-12\tracker_manual_exact_path_intake.csv","","CandidatePath","TBD","Concrete non-placeholder value","Open non-blocked field"
"MEDIUM","tracker_refresh_2026-04-12","C:\Projects\MindLab_Starter_Project\docs\planning\kids_certified\00_control\tracker_refresh_2026-04-12\tracker_manual_exact_path_intake.csv","","CandidatePath","TBD","Concrete non-placeholder value","Open non-blocked field"
"MEDIUM","tracker_refresh_2026-04-12","C:\Projects\MindLab_Starter_Project\docs\planning\kids_certified\00_control\tracker_refresh_2026-04-12\tracker_manual_exact_path_selection.csv","","CandidatePath","TBD","Concrete non-placeholder value","Open non-blocked field"
"MEDIUM","tracker_refresh_2026-04-12","C:\Projects\MindLab_Starter_Project\docs\planning\kids_certified\00_control\tracker_refresh_2026-04-12\tracker_manual_exact_path_selection.csv","","CandidatePath","TBD","Concrete non-placeholder value","Open non-blocked field"
"MEDIUM","tracker_refresh_2026-04-12","C:\Projects\MindLab_Starter_Project\docs\planning\kids_certified\00_control\tracker_refresh_2026-04-12\tracker_manual_exact_path_selection.csv","","CandidatePath","TBD","Concrete non-placeholder value","Open non-blocked field"
"MEDIUM","tracker_refresh_2026-04-12","C:\Projects\MindLab_Starter_Project\docs\planning\kids_certified\00_control\tracker_refresh_2026-04-12\tracker_manual_exact_path_selection.csv","","CandidatePath","TBD","Concrete non-placeholder value","Open non-blocked field"
"MEDIUM","tracker_refresh_2026-04-12","C:\Projects\MindLab_Starter_Project\docs\planning\kids_certified\00_control\tracker_refresh_2026-04-12\tracker_manual_exact_path_selection.csv","","SelectedManualPath","TBD","Concrete non-placeholder value","Open non-blocked field"
"MEDIUM","tracker_refresh_2026-04-12","C:\Projects\MindLab_Starter_Project\docs\planning\kids_certified\00_control\tracker_refresh_2026-04-12\tracker_manual_exact_path_selection.csv","","SelectedManualPath","TBD","Concrete non-placeholder value","Open non-blocked field"
"MEDIUM","tracker_refresh_2026-04-12","C:\Projects\MindLab_Starter_Project\docs\planning\kids_certified\00_control\tracker_refresh_2026-04-12\tracker_manual_exact_path_selection.csv","","SelectionStatus","PENDING","Concrete non-placeholder value","Open non-blocked field"
"MEDIUM","tracker_refresh_2026-04-12","C:\Projects\MindLab_Starter_Project\docs\planning\kids_certified\00_control\tracker_refresh_2026-04-12\tracker_manual_exact_path_selection.csv","","SelectionStatus","PENDING","Concrete non-placeholder value","Open non-blocked field"
"MEDIUM","tracker_refresh_2026-04-12","C:\Projects\MindLab_Starter_Project\docs\planning\kids_certified\00_control\tracker_refresh_2026-04-12\tracker_manual_exact_path_selection.csv","","SuggestedPath1","TBD","Concrete non-placeholder value","Open non-blocked field"
"MEDIUM","tracker_refresh_2026-04-12","C:\Projects\MindLab_Starter_Project\docs\planning\kids_certified\00_control\tracker_refresh_2026-04-12\tracker_manual_exact_path_selection.csv","","SuggestedPath1","TBD","Concrete non-placeholder value","Open non-blocked field"
"MEDIUM","tracker_refresh_2026-04-12","C:\Projects\MindLab_Starter_Project\docs\planning\kids_certified\00_control\tracker_refresh_2026-04-12\tracker_manual_exact_path_selection.csv","","SuggestedPath2","TBD","Concrete non-placeholder value","Open non-blocked field"
"MEDIUM","tracker_refresh_2026-04-12","C:\Projects\MindLab_Starter_Project\docs\planning\kids_certified\00_control\tracker_refresh_2026-04-12\tracker_manual_exact_path_selection.csv","","SuggestedPath2","TBD","Concrete non-placeholder value","Open non-blocked field"
"MEDIUM","tracker_refresh_2026-04-12","C:\Projects\MindLab_Starter_Project\docs\planning\kids_certified\00_control\tracker_refresh_2026-04-12\tracker_manual_exact_path_selection.csv","","SuggestedPath2","TBD","Concrete non-placeholder value","Open non-blocked field"
"MEDIUM","tracker_refresh_2026-04-12","C:\Projects\MindLab_Starter_Project\docs\planning\kids_certified\00_control\tracker_refresh_2026-04-12\tracker_manual_exact_path_selection.csv","","SuggestedPath3","TBD","Concrete non-placeholder value","Open non-blocked field"
"MEDIUM","tracker_refresh_2026-04-12","C:\Projects\MindLab_Starter_Project\docs\planning\kids_certified\00_control\tracker_refresh_2026-04-12\tracker_manual_exact_path_selection.csv","","SuggestedPath3","TBD","Concrete non-placeholder value","Open non-blocked field"
"MEDIUM","tracker_refresh_2026-04-12","C:\Projects\MindLab_Starter_Project\docs\planning\kids_certified\00_control\tracker_refresh_2026-04-12\tracker_manual_exact_path_selection.csv","","SuggestedPath3","TBD","Concrete non-placeholder value","Open non-blocked field"
"MEDIUM","tracker_refresh_2026-04-12","C:\Projects\MindLab_Starter_Project\docs\planning\kids_certified\00_control\tracker_refresh_2026-04-12\tracker_no_match_blockers.csv","","CandidatePath","TBD","Concrete non-placeholder value","Open non-blocked field"
"MEDIUM","tracker_refresh_2026-04-12","C:\Projects\MindLab_Starter_Project\docs\planning\kids_certified\00_control\tracker_refresh_2026-04-12\tracker_no_match_blockers.csv","","CandidatePath","TBD","Concrete non-placeholder value","Open non-blocked field"
"MEDIUM","tracker_refresh_2026-04-12","C:\Projects\MindLab_Starter_Project\docs\planning\kids_certified\00_control\tracker_refresh_2026-04-12\tracker_no_match_blockers.csv","","CandidatePath","TBD","Concrete non-placeholder value","Open non-blocked field"
"MEDIUM","tracker_refresh_2026-04-12","C:\Projects\MindLab_Starter_Project\docs\planning\kids_certified\00_control\tracker_refresh_2026-04-12\tracker_no_match_blockers.csv","","CandidatePath","TBD","Concrete non-placeholder value","Open non-blocked field"
"MEDIUM","tracker_refresh_2026-04-12","C:\Projects\MindLab_Starter_Project\docs\planning\kids_certified\00_control\tracker_refresh_2026-04-12\tracker_refresh_apply_status.csv","","AppliedBy","TBD","Concrete non-placeholder value","Open non-blocked field"
"MEDIUM","tracker_refresh_2026-04-12","C:\Projects\MindLab_Starter_Project\docs\planning\kids_certified\00_control\tracker_refresh_2026-04-12\tracker_refresh_apply_status.csv","","AppliedBy","TBD","Concrete non-placeholder value","Open non-blocked field"
"MEDIUM","tracker_refresh_2026-04-12","C:\Projects\MindLab_Starter_Project\docs\planning\kids_certified\00_control\tracker_refresh_2026-04-12\tracker_refresh_apply_status.csv","","AppliedDate","TBD","Concrete non-placeholder value","Open non-blocked field"
"MEDIUM","tracker_refresh_2026-04-12","C:\Projects\MindLab_Starter_Project\docs\planning\kids_certified\00_control\tracker_refresh_2026-04-12\tracker_refresh_apply_status.csv","","AppliedDate","TBD","Concrete non-placeholder value","Open non-blocked field"
"MEDIUM","tracker_refresh_2026-04-12","C:\Projects\MindLab_Starter_Project\docs\planning\kids_certified\00_control\tracker_refresh_2026-04-12\tracker_refresh_apply_status.csv","","ApplyStatus","PENDING","Concrete non-placeholder value","Open non-blocked field"
"MEDIUM","tracker_refresh_2026-04-12","C:\Projects\MindLab_Starter_Project\docs\planning\kids_certified\00_control\tracker_refresh_2026-04-12\tracker_refresh_apply_status.csv","","ApplyStatus","PENDING","Concrete non-placeholder value","Open non-blocked field"
"MEDIUM","tracker_refresh_2026-04-12","C:\Projects\MindLab_Starter_Project\docs\planning\kids_certified\00_control\tracker_refresh_2026-04-12\tracker_refresh_change_log.csv","","ChangeDate","TBD","Concrete non-placeholder value","Open non-blocked field"
"MEDIUM","tracker_refresh_2026-04-12","C:\Projects\MindLab_Starter_Project\docs\planning\kids_certified\00_control\tracker_refresh_2026-04-12\tracker_refresh_change_log.csv","","ChangeDate","TBD","Concrete non-placeholder value","Open non-blocked field"
"MEDIUM","tracker_refresh_2026-04-12","C:\Projects\MindLab_Starter_Project\docs\planning\kids_certified\00_control\tracker_refresh_2026-04-12\tracker_refresh_change_log.csv","","NewState","TBD","Concrete non-placeholder value","Open non-blocked field"
"MEDIUM","tracker_refresh_2026-04-12","C:\Projects\MindLab_Starter_Project\docs\planning\kids_certified\00_control\tracker_refresh_2026-04-12\tracker_refresh_change_log.csv","","NewState","TBD","Concrete non-placeholder value","Open non-blocked field"
"MEDIUM","tracker_refresh_2026-04-12","C:\Projects\MindLab_Starter_Project\docs\planning\kids_certified\00_control\tracker_refresh_2026-04-12\tracker_refresh_change_log.csv","","PreviousState","TBD","Concrete non-placeholder value","Open non-blocked field"
"MEDIUM","tracker_refresh_2026-04-12","C:\Projects\MindLab_Starter_Project\docs\planning\kids_certified\00_control\tracker_refresh_2026-04-12\tracker_refresh_change_log.csv","","PreviousState","TBD","Concrete non-placeholder value","Open non-blocked field"
"MEDIUM","tracker_refresh_2026-04-12","C:\Projects\MindLab_Starter_Project\docs\planning\kids_certified\00_control\tracker_refresh_2026-04-12\tracker_refresh_change_log.csv","","Status","PENDING","Concrete non-placeholder value","Open non-blocked field"
"MEDIUM","tracker_refresh_2026-04-12","C:\Projects\MindLab_Starter_Project\docs\planning\kids_certified\00_control\tracker_refresh_2026-04-12\tracker_refresh_change_log.csv","","Status","PENDING","Concrete non-placeholder value","Open non-blocked field"
"MEDIUM","tracker_refresh_2026-04-12","C:\Projects\MindLab_Starter_Project\docs\planning\kids_certified\00_control\tracker_refresh_2026-04-12\tracker_refresh_execution_queue.csv","","Owner","TBD","Concrete non-placeholder value","Open non-blocked field"
"MEDIUM","tracker_refresh_2026-04-12","C:\Projects\MindLab_Starter_Project\docs\planning\kids_certified\00_control\tracker_refresh_2026-04-12\tracker_refresh_execution_queue.csv","","Owner","TBD","Concrete non-placeholder value","Open non-blocked field"
"MEDIUM","tracker_refresh_2026-04-12","C:\Projects\MindLab_Starter_Project\docs\planning\kids_certified\00_control\tracker_refresh_2026-04-12\tracker_refresh_execution_queue.csv","","Owner","TBD","Concrete non-placeholder value","Open non-blocked field"
"MEDIUM","tracker_refresh_2026-04-12","C:\Projects\MindLab_Starter_Project\docs\planning\kids_certified\00_control\tracker_refresh_2026-04-12\tracker_refresh_execution_queue.csv","","Owner","TBD","Concrete non-placeholder value","Open non-blocked field"
"MEDIUM","tracker_refresh_2026-04-12","C:\Projects\MindLab_Starter_Project\docs\planning\kids_certified\00_control\tracker_refresh_2026-04-12\tracker_selected_path_fill_template.csv","","FillStatus","PENDING","Concrete non-placeholder value","Open non-blocked field"
"MEDIUM","tracker_refresh_2026-04-12","C:\Projects\MindLab_Starter_Project\docs\planning\kids_certified\00_control\tracker_refresh_2026-04-12\tracker_selected_path_fill_template.csv","","FillStatus","PENDING","Concrete non-placeholder value","Open non-blocked field"
"MEDIUM","tracker_refresh_2026-04-12","C:\Projects\MindLab_Starter_Project\docs\planning\kids_certified\00_control\tracker_refresh_2026-04-12\tracker_selected_path_fill_template.csv","","FillStatus","PENDING","Concrete non-placeholder value","Open non-blocked field"
"MEDIUM","tracker_refresh_2026-04-12","C:\Projects\MindLab_Starter_Project\docs\planning\kids_certified\00_control\tracker_refresh_2026-04-12\tracker_selected_path_fill_template.csv","","FillStatus","PENDING","Concrete non-placeholder value","Open non-blocked field"
"MEDIUM","tracker_refresh_2026-04-12","C:\Projects\MindLab_Starter_Project\docs\planning\kids_certified\00_control\tracker_refresh_2026-04-12\tracker_selected_path_fill_template.csv","","ReplacementPath","TBD","Concrete non-placeholder value","Open non-blocked field"
"MEDIUM","tracker_refresh_2026-04-12","C:\Projects\MindLab_Starter_Project\docs\planning\kids_certified\00_control\tracker_refresh_2026-04-12\tracker_selected_path_fill_template.csv","","ReplacementPath","TBD","Concrete non-placeholder value","Open non-blocked field"
"MEDIUM","tracker_refresh_2026-04-12","C:\Projects\MindLab_Starter_Project\docs\planning\kids_certified\00_control\tracker_refresh_2026-04-12\tracker_selected_path_fill_template.csv","","ReplacementPath","TBD","Concrete non-placeholder value","Open non-blocked field"
"MEDIUM","tracker_refresh_2026-04-12","C:\Projects\MindLab_Starter_Project\docs\planning\kids_certified\00_control\tracker_refresh_2026-04-12\tracker_selected_path_fill_template.csv","","ReplacementPath","TBD","Concrete non-placeholder value","Open non-blocked field"
"MEDIUM","tracker_refresh_2026-04-12","C:\Projects\MindLab_Starter_Project\docs\planning\kids_certified\00_control\tracker_refresh_2026-04-12\tracker_selected_path_fill_template.csv","","SelectedPath","TBD","Concrete non-placeholder value","Open non-blocked field"
"MEDIUM","tracker_refresh_2026-04-12","C:\Projects\MindLab_Starter_Project\docs\planning\kids_certified\00_control\tracker_refresh_2026-04-12\tracker_selected_path_fill_template.csv","","SelectedPath","TBD","Concrete non-placeholder value","Open non-blocked field"
"MEDIUM","tracker_refresh_2026-04-12","C:\Projects\MindLab_Starter_Project\docs\planning\kids_certified\00_control\tracker_refresh_2026-04-12\tracker_selected_path_fill_template.csv","","SelectedPath","TBD","Concrete non-placeholder value","Open non-blocked field"
"MEDIUM","tracker_refresh_2026-04-12","C:\Projects\MindLab_Starter_Project\docs\planning\kids_certified\00_control\tracker_refresh_2026-04-12\tracker_selected_path_fill_template.csv","","SelectedPath","TBD","Concrete non-placeholder value","Open non-blocked field"
"MEDIUM","tracker_refresh_2026-04-12","C:\Projects\MindLab_Starter_Project\docs\planning\kids_certified\00_control\tracker_refresh_2026-04-12\tracker_selected_target_manifest.csv","","SelectedPath","TBD","Concrete non-placeholder value","Open non-blocked field"
"MEDIUM","tracker_refresh_2026-04-12","C:\Projects\MindLab_Starter_Project\docs\planning\kids_certified\00_control\tracker_refresh_2026-04-12\tracker_selected_target_manifest.csv","","SelectedPath","TBD","Concrete non-placeholder value","Open non-blocked field"
"MEDIUM","tracker_refresh_2026-04-12","C:\Projects\MindLab_Starter_Project\docs\planning\kids_certified\00_control\tracker_refresh_2026-04-12\tracker_selected_target_manifest.csv","","SelectedPath","TBD","Concrete non-placeholder value","Open non-blocked field"
"MEDIUM","tracker_refresh_2026-04-12","C:\Projects\MindLab_Starter_Project\docs\planning\kids_certified\00_control\tracker_refresh_2026-04-12\tracker_selected_target_manifest.csv","","SelectedPath","TBD","Concrete non-placeholder value","Open non-blocked field"
"MEDIUM","tracker_refresh_2026-04-12","C:\Projects\MindLab_Starter_Project\docs\planning\kids_certified\00_control\tracker_refresh_2026-04-12\tracker_selected_target_manifest.csv","","SelectionStatus","PENDING","Concrete non-placeholder value","Open non-blocked field"
"MEDIUM","tracker_refresh_2026-04-12","C:\Projects\MindLab_Starter_Project\docs\planning\kids_certified\00_control\tracker_refresh_2026-04-12\tracker_selected_target_manifest.csv","","SelectionStatus","PENDING","Concrete non-placeholder value","Open non-blocked field"
"MEDIUM","tracker_refresh_2026-04-12","C:\Projects\MindLab_Starter_Project\docs\planning\kids_certified\00_control\tracker_refresh_2026-04-12\tracker_selected_target_manifest.csv","","SelectionStatus","PENDING","Concrete non-placeholder value","Open non-blocked field"
"MEDIUM","tracker_refresh_2026-04-12","C:\Projects\MindLab_Starter_Project\docs\planning\kids_certified\00_control\tracker_refresh_2026-04-12\tracker_selected_target_manifest.csv","","SelectionStatus","PENDING","Concrete non-placeholder value","Open non-blocked field"
"MEDIUM","tracker_refresh_2026-04-12","C:\Projects\MindLab_Starter_Project\docs\planning\kids_certified\00_control\tracker_refresh_2026-04-12\tracker_selected_target_population.csv","","PopulatedBy","TBD","Concrete non-placeholder value","Open non-blocked field"
"MEDIUM","tracker_refresh_2026-04-12","C:\Projects\MindLab_Starter_Project\docs\planning\kids_certified\00_control\tracker_refresh_2026-04-12\tracker_selected_target_population.csv","","PopulatedBy","TBD","Concrete non-placeholder value","Open non-blocked field"
"MEDIUM","tracker_refresh_2026-04-12","C:\Projects\MindLab_Starter_Project\docs\planning\kids_certified\00_control\tracker_refresh_2026-04-12\tracker_selected_target_population.csv","","PopulatedBy","TBD","Concrete non-placeholder value","Open non-blocked field"
"MEDIUM","tracker_refresh_2026-04-12","C:\Projects\MindLab_Starter_Project\docs\planning\kids_certified\00_control\tracker_refresh_2026-04-12\tracker_selected_target_population.csv","","PopulatedBy","TBD","Concrete non-placeholder value","Open non-blocked field"
"MEDIUM","tracker_refresh_2026-04-12","C:\Projects\MindLab_Starter_Project\docs\planning\kids_certified\00_control\tracker_refresh_2026-04-12\tracker_selected_target_population.csv","","PopulationDate","TBD","Concrete non-placeholder value","Open non-blocked field"
"MEDIUM","tracker_refresh_2026-04-12","C:\Projects\MindLab_Starter_Project\docs\planning\kids_certified\00_control\tracker_refresh_2026-04-12\tracker_selected_target_population.csv","","PopulationDate","TBD","Concrete non-placeholder value","Open non-blocked field"
"MEDIUM","tracker_refresh_2026-04-12","C:\Projects\MindLab_Starter_Project\docs\planning\kids_certified\00_control\tracker_refresh_2026-04-12\tracker_selected_target_population.csv","","PopulationDate","TBD","Concrete non-placeholder value","Open non-blocked field"
"MEDIUM","tracker_refresh_2026-04-12","C:\Projects\MindLab_Starter_Project\docs\planning\kids_certified\00_control\tracker_refresh_2026-04-12\tracker_selected_target_population.csv","","PopulationDate","TBD","Concrete non-placeholder value","Open non-blocked field"
"MEDIUM","tracker_refresh_2026-04-12","C:\Projects\MindLab_Starter_Project\docs\planning\kids_certified\00_control\tracker_refresh_2026-04-12\tracker_selected_target_population.csv","","PopulationStatus","PENDING","Concrete non-placeholder value","Open non-blocked field"
"MEDIUM","tracker_refresh_2026-04-12","C:\Projects\MindLab_Starter_Project\docs\planning\kids_certified\00_control\tracker_refresh_2026-04-12\tracker_selected_target_population.csv","","PopulationStatus","PENDING","Concrete non-placeholder value","Open non-blocked field"
"MEDIUM","tracker_refresh_2026-04-12","C:\Projects\MindLab_Starter_Project\docs\planning\kids_certified\00_control\tracker_refresh_2026-04-12\tracker_selected_target_population.csv","","PopulationStatus","PENDING","Concrete non-placeholder value","Open non-blocked field"
"MEDIUM","tracker_refresh_2026-04-12","C:\Projects\MindLab_Starter_Project\docs\planning\kids_certified\00_control\tracker_refresh_2026-04-12\tracker_selected_target_population.csv","","PopulationStatus","PENDING","Concrete non-placeholder value","Open non-blocked field"
"MEDIUM","tracker_refresh_2026-04-12","C:\Projects\MindLab_Starter_Project\docs\planning\kids_certified\00_control\tracker_refresh_2026-04-12\tracker_selected_target_population.csv","","SelectedPath","TBD","Concrete non-placeholder value","Open non-blocked field"
"MEDIUM","tracker_refresh_2026-04-12","C:\Projects\MindLab_Starter_Project\docs\planning\kids_certified\00_control\tracker_refresh_2026-04-12\tracker_selected_target_population.csv","","SelectedPath","TBD","Concrete non-placeholder value","Open non-blocked field"
"MEDIUM","tracker_refresh_2026-04-12","C:\Projects\MindLab_Starter_Project\docs\planning\kids_certified\00_control\tracker_refresh_2026-04-12\tracker_selected_target_population.csv","","SelectedPath","TBD","Concrete non-placeholder value","Open non-blocked field"
"MEDIUM","tracker_refresh_2026-04-12","C:\Projects\MindLab_Starter_Project\docs\planning\kids_certified\00_control\tracker_refresh_2026-04-12\tracker_selected_target_population.csv","","SelectedPath","TBD","Concrete non-placeholder value","Open non-blocked field"
"MEDIUM","tracker_refresh_2026-04-12","C:\Projects\MindLab_Starter_Project\docs\planning\kids_certified\00_control\tracker_refresh_2026-04-12\tracker_shortlist_decision_log.csv","","DecisionReason","TBD","Concrete non-placeholder value","Open non-blocked field"
"MEDIUM","tracker_refresh_2026-04-12","C:\Projects\MindLab_Starter_Project\docs\planning\kids_certified\00_control\tracker_refresh_2026-04-12\tracker_shortlist_decision_log.csv","","DecisionReason","TBD","Concrete non-placeholder value","Open non-blocked field"
"MEDIUM","tracker_refresh_2026-04-12","C:\Projects\MindLab_Starter_Project\docs\planning\kids_certified\00_control\tracker_refresh_2026-04-12\tracker_shortlist_decision_log.csv","","DecisionReason","TBD","Concrete non-placeholder value","Open non-blocked field"
"MEDIUM","tracker_refresh_2026-04-12","C:\Projects\MindLab_Starter_Project\docs\planning\kids_certified\00_control\tracker_refresh_2026-04-12\tracker_shortlist_decision_log.csv","","DecisionReason","TBD","Concrete non-placeholder value","Open non-blocked field"
"MEDIUM","tracker_refresh_2026-04-12","C:\Projects\MindLab_Starter_Project\docs\planning\kids_certified\00_control\tracker_refresh_2026-04-12\tracker_shortlist_decision_log.csv","","DecisionReason","TBD","Concrete non-placeholder value","Open non-blocked field"
"MEDIUM","tracker_refresh_2026-04-12","C:\Projects\MindLab_Starter_Project\docs\planning\kids_certified\00_control\tracker_refresh_2026-04-12\tracker_shortlist_decision_log.csv","","DecisionReason","TBD","Concrete non-placeholder value","Open non-blocked field"
"MEDIUM","tracker_refresh_2026-04-12","C:\Projects\MindLab_Starter_Project\docs\planning\kids_certified\00_control\tracker_refresh_2026-04-12\tracker_shortlist_decision_log.csv","","DecisionReason","TBD","Concrete non-placeholder value","Open non-blocked field"
"MEDIUM","tracker_refresh_2026-04-12","C:\Projects\MindLab_Starter_Project\docs\planning\kids_certified\00_control\tracker_refresh_2026-04-12\tracker_shortlist_decision_log.csv","","DecisionReason","TBD","Concrete non-placeholder value","Open non-blocked field"
"MEDIUM","tracker_refresh_2026-04-12","C:\Projects\MindLab_Starter_Project\docs\planning\kids_certified\00_control\tracker_refresh_2026-04-12\tracker_shortlist_decision_log.csv","","DecisionReason","TBD","Concrete non-placeholder value","Open non-blocked field"
"MEDIUM","tracker_refresh_2026-04-12","C:\Projects\MindLab_Starter_Project\docs\planning\kids_certified\00_control\tracker_refresh_2026-04-12\tracker_shortlist_decision_log.csv","","DecisionReason","TBD","Concrete non-placeholder value","Open non-blocked field"
"MEDIUM","tracker_refresh_2026-04-12","C:\Projects\MindLab_Starter_Project\docs\planning\kids_certified\00_control\tracker_refresh_2026-04-12\tracker_shortlist_decision_log.csv","","DecisionReason","TBD","Concrete non-placeholder value","Open non-blocked field"
"MEDIUM","tracker_refresh_2026-04-12","C:\Projects\MindLab_Starter_Project\docs\planning\kids_certified\00_control\tracker_refresh_2026-04-12\tracker_shortlist_decision_log.csv","","DecisionReason","TBD","Concrete non-placeholder value","Open non-blocked field"
"MEDIUM","tracker_refresh_2026-04-12","C:\Projects\MindLab_Starter_Project\docs\planning\kids_certified\00_control\tracker_refresh_2026-04-12\tracker_shortlist_decision_log.csv","","DecisionReason","TBD","Concrete non-placeholder value","Open non-blocked field"
"MEDIUM","tracker_refresh_2026-04-12","C:\Projects\MindLab_Starter_Project\docs\planning\kids_certified\00_control\tracker_refresh_2026-04-12\tracker_shortlist_decision_log.csv","","DecisionReason","TBD","Concrete non-placeholder value","Open non-blocked field"
"MEDIUM","tracker_refresh_2026-04-12","C:\Projects\MindLab_Starter_Project\docs\planning\kids_certified\00_control\tracker_refresh_2026-04-12\tracker_shortlist_decision_log.csv","","DecisionReason","TBD","Concrete non-placeholder value","Open non-blocked field"
"MEDIUM","tracker_refresh_2026-04-12","C:\Projects\MindLab_Starter_Project\docs\planning\kids_certified\00_control\tracker_refresh_2026-04-12\tracker_shortlist_decision_log.csv","","DecisionReason","TBD","Concrete non-placeholder value","Open non-blocked field"
"MEDIUM","tracker_refresh_2026-04-12","C:\Projects\MindLab_Starter_Project\docs\planning\kids_certified\00_control\tracker_refresh_2026-04-12\tracker_shortlist_decision_log.csv","","DecisionReason","TBD","Concrete non-placeholder value","Open non-blocked field"
"MEDIUM","tracker_refresh_2026-04-12","C:\Projects\MindLab_Starter_Project\docs\planning\kids_certified\00_control\tracker_refresh_2026-04-12\tracker_shortlist_decision_log.csv","","DecisionReason","TBD","Concrete non-placeholder value","Open non-blocked field"
"MEDIUM","tracker_refresh_2026-04-12","C:\Projects\MindLab_Starter_Project\docs\planning\kids_certified\00_control\tracker_refresh_2026-04-12\tracker_shortlist_decision_log.csv","","DecisionReason","TBD","Concrete non-placeholder value","Open non-blocked field"
"MEDIUM","tracker_refresh_2026-04-12","C:\Projects\MindLab_Starter_Project\docs\planning\kids_certified\00_control\tracker_refresh_2026-04-12\tracker_shortlist_decision_log.csv","","DecisionReason","TBD","Concrete non-placeholder value","Open non-blocked field"
"MEDIUM","tracker_refresh_2026-04-12","C:\Projects\MindLab_Starter_Project\docs\planning\kids_certified\00_control\tracker_refresh_2026-04-12\tracker_shortlist_decision_log.csv","","DecisionReason","TBD","Concrete non-placeholder value","Open non-blocked field"
"MEDIUM","tracker_refresh_2026-04-12","C:\Projects\MindLab_Starter_Project\docs\planning\kids_certified\00_control\tracker_refresh_2026-04-12\tracker_shortlist_decision_log.csv","","DecisionReason","TBD","Concrete non-placeholder value","Open non-blocked field"
"MEDIUM","tracker_refresh_2026-04-12","C:\Projects\MindLab_Starter_Project\docs\planning\kids_certified\00_control\tracker_refresh_2026-04-12\tracker_shortlist_decision_log.csv","","DecisionReason","TBD","Concrete non-placeholder value","Open non-blocked field"
"MEDIUM","tracker_refresh_2026-04-12","C:\Projects\MindLab_Starter_Project\docs\planning\kids_certified\00_control\tracker_refresh_2026-04-12\tracker_shortlist_decision_log.csv","","DecisionReason","TBD","Concrete non-placeholder value","Open non-blocked field"
"MEDIUM","tracker_refresh_2026-04-12","C:\Projects\MindLab_Starter_Project\docs\planning\kids_certified\00_control\tracker_refresh_2026-04-12\tracker_shortlist_decision_log.csv","","DecisionReason","TBD","Concrete non-placeholder value","Open non-blocked field"
"MEDIUM","tracker_refresh_2026-04-12","C:\Projects\MindLab_Starter_Project\docs\planning\kids_certified\00_control\tracker_refresh_2026-04-12\tracker_shortlist_decision_log.csv","","DecisionReason","TBD","Concrete non-placeholder value","Open non-blocked field"
"MEDIUM","tracker_refresh_2026-04-12","C:\Projects\MindLab_Starter_Project\docs\planning\kids_certified\00_control\tracker_refresh_2026-04-12\tracker_shortlist_decision_log.csv","","DecisionReason","TBD","Concrete non-placeholder value","Open non-blocked field"
"MEDIUM","tracker_refresh_2026-04-12","C:\Projects\MindLab_Starter_Project\docs\planning\kids_certified\00_control\tracker_refresh_2026-04-12\tracker_shortlist_decision_log.csv","","DecisionReason","TBD","Concrete non-placeholder value","Open non-blocked field"
"MEDIUM","tracker_refresh_2026-04-12","C:\Projects\MindLab_Starter_Project\docs\planning\kids_certified\00_control\tracker_refresh_2026-04-12\tracker_shortlist_decision_log.csv","","DecisionReason","TBD","Concrete non-placeholder value","Open non-blocked field"
"MEDIUM","tracker_refresh_2026-04-12","C:\Projects\MindLab_Starter_Project\docs\planning\kids_certified\00_control\tracker_refresh_2026-04-12\tracker_shortlist_decision_log.csv","","DecisionReason","TBD","Concrete non-placeholder value","Open non-blocked field"
"MEDIUM","tracker_refresh_2026-04-12","C:\Projects\MindLab_Starter_Project\docs\planning\kids_certified\00_control\tracker_refresh_2026-04-12\tracker_shortlist_decision_log.csv","","DecisionReason","TBD","Concrete non-placeholder value","Open non-blocked field"
"MEDIUM","tracker_refresh_2026-04-12","C:\Projects\MindLab_Starter_Project\docs\planning\kids_certified\00_control\tracker_refresh_2026-04-12\tracker_shortlist_decision_log.csv","","DecisionReason","TBD","Concrete non-placeholder value","Open non-blocked field"
"MEDIUM","tracker_refresh_2026-04-12","C:\Projects\MindLab_Starter_Project\docs\planning\kids_certified\00_control\tracker_refresh_2026-04-12\tracker_shortlist_decision_log.csv","","DecisionReason","TBD","Concrete non-placeholder value","Open non-blocked field"
"MEDIUM","tracker_refresh_2026-04-12","C:\Projects\MindLab_Starter_Project\docs\planning\kids_certified\00_control\tracker_refresh_2026-04-12\tracker_shortlist_decision_log.csv","","DecisionReason","TBD","Concrete non-placeholder value","Open non-blocked field"
"MEDIUM","tracker_refresh_2026-04-12","C:\Projects\MindLab_Starter_Project\docs\planning\kids_certified\00_control\tracker_refresh_2026-04-12\tracker_shortlist_decision_log.csv","","DecisionReason","TBD","Concrete non-placeholder value","Open non-blocked field"
"MEDIUM","tracker_refresh_2026-04-12","C:\Projects\MindLab_Starter_Project\docs\planning\kids_certified\00_control\tracker_refresh_2026-04-12\tracker_shortlist_decision_log.csv","","DecisionReason","TBD","Concrete non-placeholder value","Open non-blocked field"
"MEDIUM","tracker_refresh_2026-04-12","C:\Projects\MindLab_Starter_Project\docs\planning\kids_certified\00_control\tracker_refresh_2026-04-12\tracker_shortlist_decision_log.csv","","DecisionReason","TBD","Concrete non-placeholder value","Open non-blocked field"
"MEDIUM","tracker_refresh_2026-04-12","C:\Projects\MindLab_Starter_Project\docs\planning\kids_certified\00_control\tracker_refresh_2026-04-12\tracker_shortlist_decision_log.csv","","DecisionReason","TBD","Concrete non-placeholder value","Open non-blocked field"
"MEDIUM","tracker_refresh_2026-04-12","C:\Projects\MindLab_Starter_Project\docs\planning\kids_certified\00_control\tracker_refresh_2026-04-12\tracker_shortlist_decision_log.csv","","DecisionReason","TBD","Concrete non-placeholder value","Open non-blocked field"
"MEDIUM","tracker_refresh_2026-04-12","C:\Projects\MindLab_Starter_Project\docs\planning\kids_certified\00_control\tracker_refresh_2026-04-12\tracker_shortlist_decision_log.csv","","DecisionReason","TBD","Concrete non-placeholder value","Open non-blocked field"
"MEDIUM","tracker_refresh_2026-04-12","C:\Projects\MindLab_Starter_Project\docs\planning\kids_certified\00_control\tracker_refresh_2026-04-12\tracker_shortlist_decision_log.csv","","DecisionStatus","PENDING","Concrete non-placeholder value","Open non-blocked field"
"MEDIUM","tracker_refresh_2026-04-12","C:\Projects\MindLab_Starter_Project\docs\planning\kids_certified\00_control\tracker_refresh_2026-04-12\tracker_shortlist_decision_log.csv","","DecisionStatus","PENDING","Concrete non-placeholder value","Open non-blocked field"
"MEDIUM","tracker_refresh_2026-04-12","C:\Projects\MindLab_Starter_Project\docs\planning\kids_certified\00_control\tracker_refresh_2026-04-12\tracker_shortlist_decision_log.csv","","DecisionStatus","PENDING","Concrete non-placeholder value","Open non-blocked field"
"MEDIUM","tracker_refresh_2026-04-12","C:\Projects\MindLab_Starter_Project\docs\planning\kids_certified\00_control\tracker_refresh_2026-04-12\tracker_shortlist_decision_log.csv","","DecisionStatus","PENDING","Concrete non-placeholder value","Open non-blocked field"
"MEDIUM","tracker_refresh_2026-04-12","C:\Projects\MindLab_Starter_Project\docs\planning\kids_certified\00_control\tracker_refresh_2026-04-12\tracker_shortlist_decision_log.csv","","DecisionStatus","PENDING","Concrete non-placeholder value","Open non-blocked field"
"MEDIUM","tracker_refresh_2026-04-12","C:\Projects\MindLab_Starter_Project\docs\planning\kids_certified\00_control\tracker_refresh_2026-04-12\tracker_shortlist_decision_log.csv","","DecisionStatus","PENDING","Concrete non-placeholder value","Open non-blocked field"
"MEDIUM","tracker_refresh_2026-04-12","C:\Projects\MindLab_Starter_Project\docs\planning\kids_certified\00_control\tracker_refresh_2026-04-12\tracker_shortlist_decision_log.csv","","DecisionStatus","PENDING","Concrete non-placeholder value","Open non-blocked field"
"MEDIUM","tracker_refresh_2026-04-12","C:\Projects\MindLab_Starter_Project\docs\planning\kids_certified\00_control\tracker_refresh_2026-04-12\tracker_shortlist_decision_log.csv","","DecisionStatus","PENDING","Concrete non-placeholder value","Open non-blocked field"
"MEDIUM","tracker_refresh_2026-04-12","C:\Projects\MindLab_Starter_Project\docs\planning\kids_certified\00_control\tracker_refresh_2026-04-12\tracker_shortlist_decision_log.csv","","DecisionStatus","PENDING","Concrete non-placeholder value","Open non-blocked field"
"MEDIUM","tracker_refresh_2026-04-12","C:\Projects\MindLab_Starter_Project\docs\planning\kids_certified\00_control\tracker_refresh_2026-04-12\tracker_shortlist_decision_log.csv","","DecisionStatus","PENDING","Concrete non-placeholder value","Open non-blocked field"
"MEDIUM","tracker_refresh_2026-04-12","C:\Projects\MindLab_Starter_Project\docs\planning\kids_certified\00_control\tracker_refresh_2026-04-12\tracker_shortlist_decision_log.csv","","DecisionStatus","PENDING","Concrete non-placeholder value","Open non-blocked field"
"MEDIUM","tracker_refresh_2026-04-12","C:\Projects\MindLab_Starter_Project\docs\planning\kids_certified\00_control\tracker_refresh_2026-04-12\tracker_shortlist_decision_log.csv","","DecisionStatus","PENDING","Concrete non-placeholder value","Open non-blocked field"
"MEDIUM","tracker_refresh_2026-04-12","C:\Projects\MindLab_Starter_Project\docs\planning\kids_certified\00_control\tracker_refresh_2026-04-12\tracker_shortlist_decision_log.csv","","DecisionStatus","PENDING","Concrete non-placeholder value","Open non-blocked field"
"MEDIUM","tracker_refresh_2026-04-12","C:\Projects\MindLab_Starter_Project\docs\planning\kids_certified\00_control\tracker_refresh_2026-04-12\tracker_shortlist_decision_log.csv","","DecisionStatus","PENDING","Concrete non-placeholder value","Open non-blocked field"
"MEDIUM","tracker_refresh_2026-04-12","C:\Projects\MindLab_Starter_Project\docs\planning\kids_certified\00_control\tracker_refresh_2026-04-12\tracker_shortlist_decision_log.csv","","DecisionStatus","PENDING","Concrete non-placeholder value","Open non-blocked field"
"MEDIUM","tracker_refresh_2026-04-12","C:\Projects\MindLab_Starter_Project\docs\planning\kids_certified\00_control\tracker_refresh_2026-04-12\tracker_shortlist_decision_log.csv","","DecisionStatus","PENDING","Concrete non-placeholder value","Open non-blocked field"
"MEDIUM","tracker_refresh_2026-04-12","C:\Projects\MindLab_Starter_Project\docs\planning\kids_certified\00_control\tracker_refresh_2026-04-12\tracker_shortlist_decision_log.csv","","DecisionStatus","PENDING","Concrete non-placeholder value","Open non-blocked field"
"MEDIUM","tracker_refresh_2026-04-12","C:\Projects\MindLab_Starter_Project\docs\planning\kids_certified\00_control\tracker_refresh_2026-04-12\tracker_shortlist_decision_log.csv","","DecisionStatus","PENDING","Concrete non-placeholder value","Open non-blocked field"
"MEDIUM","tracker_refresh_2026-04-12","C:\Projects\MindLab_Starter_Project\docs\planning\kids_certified\00_control\tracker_refresh_2026-04-12\tracker_shortlist_decision_log.csv","","DecisionStatus","PENDING","Concrete non-placeholder value","Open non-blocked field"
"MEDIUM","tracker_refresh_2026-04-12","C:\Projects\MindLab_Starter_Project\docs\planning\kids_certified\00_control\tracker_refresh_2026-04-12\tracker_shortlist_decision_log.csv","","DecisionStatus","PENDING","Concrete non-placeholder value","Open non-blocked field"
"MEDIUM","tracker_refresh_2026-04-12","C:\Projects\MindLab_Starter_Project\docs\planning\kids_certified\00_control\tracker_refresh_2026-04-12\tracker_shortlist_decision_log.csv","","DecisionStatus","PENDING","Concrete non-placeholder value","Open non-blocked field"
"MEDIUM","tracker_refresh_2026-04-12","C:\Projects\MindLab_Starter_Project\docs\planning\kids_certified\00_control\tracker_refresh_2026-04-12\tracker_shortlist_decision_log.csv","","DecisionStatus","PENDING","Concrete non-placeholder value","Open non-blocked field"
"MEDIUM","tracker_refresh_2026-04-12","C:\Projects\MindLab_Starter_Project\docs\planning\kids_certified\00_control\tracker_refresh_2026-04-12\tracker_shortlist_decision_log.csv","","DecisionStatus","PENDING","Concrete non-placeholder value","Open non-blocked field"
"MEDIUM","tracker_refresh_2026-04-12","C:\Projects\MindLab_Starter_Project\docs\planning\kids_certified\00_control\tracker_refresh_2026-04-12\tracker_shortlist_decision_log.csv","","DecisionStatus","PENDING","Concrete non-placeholder value","Open non-blocked field"
"MEDIUM","tracker_refresh_2026-04-12","C:\Projects\MindLab_Starter_Project\docs\planning\kids_certified\00_control\tracker_refresh_2026-04-12\tracker_shortlist_decision_log.csv","","DecisionStatus","PENDING","Concrete non-placeholder value","Open non-blocked field"
"MEDIUM","tracker_refresh_2026-04-12","C:\Projects\MindLab_Starter_Project\docs\planning\kids_certified\00_control\tracker_refresh_2026-04-12\tracker_shortlist_decision_log.csv","","DecisionStatus","PENDING","Concrete non-placeholder value","Open non-blocked field"
"MEDIUM","tracker_refresh_2026-04-12","C:\Projects\MindLab_Starter_Project\docs\planning\kids_certified\00_control\tracker_refresh_2026-04-12\tracker_shortlist_decision_log.csv","","DecisionStatus","PENDING","Concrete non-placeholder value","Open non-blocked field"
"MEDIUM","tracker_refresh_2026-04-12","C:\Projects\MindLab_Starter_Project\docs\planning\kids_certified\00_control\tracker_refresh_2026-04-12\tracker_shortlist_decision_log.csv","","DecisionStatus","PENDING","Concrete non-placeholder value","Open non-blocked field"
"MEDIUM","tracker_refresh_2026-04-12","C:\Projects\MindLab_Starter_Project\docs\planning\kids_certified\00_control\tracker_refresh_2026-04-12\tracker_shortlist_decision_log.csv","","DecisionStatus","PENDING","Concrete non-placeholder value","Open non-blocked field"
"MEDIUM","tracker_refresh_2026-04-12","C:\Projects\MindLab_Starter_Project\docs\planning\kids_certified\00_control\tracker_refresh_2026-04-12\tracker_shortlist_decision_log.csv","","DecisionStatus","PENDING","Concrete non-placeholder value","Open non-blocked field"
"MEDIUM","tracker_refresh_2026-04-12","C:\Projects\MindLab_Starter_Project\docs\planning\kids_certified\00_control\tracker_refresh_2026-04-12\tracker_shortlist_decision_log.csv","","DecisionStatus","PENDING","Concrete non-placeholder value","Open non-blocked field"
"MEDIUM","tracker_refresh_2026-04-12","C:\Projects\MindLab_Starter_Project\docs\planning\kids_certified\00_control\tracker_refresh_2026-04-12\tracker_shortlist_decision_log.csv","","DecisionStatus","PENDING","Concrete non-placeholder value","Open non-blocked field"
"MEDIUM","tracker_refresh_2026-04-12","C:\Projects\MindLab_Starter_Project\docs\planning\kids_certified\00_control\tracker_refresh_2026-04-12\tracker_shortlist_decision_log.csv","","DecisionStatus","PENDING","Concrete non-placeholder value","Open non-blocked field"
"MEDIUM","tracker_refresh_2026-04-12","C:\Projects\MindLab_Starter_Project\docs\planning\kids_certified\00_control\tracker_refresh_2026-04-12\tracker_shortlist_decision_log.csv","","DecisionStatus","PENDING","Concrete non-placeholder value","Open non-blocked field"
"MEDIUM","tracker_refresh_2026-04-12","C:\Projects\MindLab_Starter_Project\docs\planning\kids_certified\00_control\tracker_refresh_2026-04-12\tracker_shortlist_decision_log.csv","","DecisionStatus","PENDING","Concrete non-placeholder value","Open non-blocked field"
"MEDIUM","tracker_refresh_2026-04-12","C:\Projects\MindLab_Starter_Project\docs\planning\kids_certified\00_control\tracker_refresh_2026-04-12\tracker_shortlist_decision_log.csv","","DecisionStatus","PENDING","Concrete non-placeholder value","Open non-blocked field"
"MEDIUM","tracker_refresh_2026-04-12","C:\Projects\MindLab_Starter_Project\docs\planning\kids_certified\00_control\tracker_refresh_2026-04-12\tracker_shortlist_decision_log.csv","","DecisionStatus","PENDING","Concrete non-placeholder value","Open non-blocked field"
"MEDIUM","tracker_refresh_2026-04-12","C:\Projects\MindLab_Starter_Project\docs\planning\kids_certified\00_control\tracker_refresh_2026-04-12\tracker_shortlist_decision_log.csv","","DecisionStatus","PENDING","Concrete non-placeholder value","Open non-blocked field"
"MEDIUM","tracker_refresh_2026-04-12","C:\Projects\MindLab_Starter_Project\docs\planning\kids_certified\00_control\tracker_refresh_2026-04-12\tracker_shortlist_decision_log.csv","","DecisionStatus","PENDING","Concrete non-placeholder value","Open non-blocked field"
"MEDIUM","tracker_refresh_2026-04-12","C:\Projects\MindLab_Starter_Project\docs\planning\kids_certified\00_control\tracker_refresh_2026-04-12\tracker_shortlist_decision_log.csv","","DecisionStatus","PENDING","Concrete non-placeholder value","Open non-blocked field"
"MEDIUM","tracker_refresh_2026-04-12","C:\Projects\MindLab_Starter_Project\docs\planning\kids_certified\00_control\tracker_refresh_2026-04-12\tracker_shortlist_decision_log.csv","","SelectedTarget","TBD","Concrete non-placeholder value","Open non-blocked field"
"MEDIUM","tracker_refresh_2026-04-12","C:\Projects\MindLab_Starter_Project\docs\planning\kids_certified\00_control\tracker_refresh_2026-04-12\tracker_shortlist_decision_log.csv","","SelectedTarget","TBD","Concrete non-placeholder value","Open non-blocked field"
"MEDIUM","tracker_refresh_2026-04-12","C:\Projects\MindLab_Starter_Project\docs\planning\kids_certified\00_control\tracker_refresh_2026-04-12\tracker_shortlist_decision_log.csv","","SelectedTarget","TBD","Concrete non-placeholder value","Open non-blocked field"
"MEDIUM","tracker_refresh_2026-04-12","C:\Projects\MindLab_Starter_Project\docs\planning\kids_certified\00_control\tracker_refresh_2026-04-12\tracker_shortlist_decision_log.csv","","SelectedTarget","TBD","Concrete non-placeholder value","Open non-blocked field"
"MEDIUM","tracker_refresh_2026-04-12","C:\Projects\MindLab_Starter_Project\docs\planning\kids_certified\00_control\tracker_refresh_2026-04-12\tracker_shortlist_decision_log.csv","","SelectedTarget","TBD","Concrete non-placeholder value","Open non-blocked field"
"MEDIUM","tracker_refresh_2026-04-12","C:\Projects\MindLab_Starter_Project\docs\planning\kids_certified\00_control\tracker_refresh_2026-04-12\tracker_shortlist_decision_log.csv","","SelectedTarget","TBD","Concrete non-placeholder value","Open non-blocked field"
"MEDIUM","tracker_refresh_2026-04-12","C:\Projects\MindLab_Starter_Project\docs\planning\kids_certified\00_control\tracker_refresh_2026-04-12\tracker_shortlist_decision_log.csv","","SelectedTarget","TBD","Concrete non-placeholder value","Open non-blocked field"
"MEDIUM","tracker_refresh_2026-04-12","C:\Projects\MindLab_Starter_Project\docs\planning\kids_certified\00_control\tracker_refresh_2026-04-12\tracker_shortlist_decision_log.csv","","SelectedTarget","TBD","Concrete non-placeholder value","Open non-blocked field"
"MEDIUM","tracker_refresh_2026-04-12","C:\Projects\MindLab_Starter_Project\docs\planning\kids_certified\00_control\tracker_refresh_2026-04-12\tracker_shortlist_decision_log.csv","","SelectedTarget","TBD","Concrete non-placeholder value","Open non-blocked field"
"MEDIUM","tracker_refresh_2026-04-12","C:\Projects\MindLab_Starter_Project\docs\planning\kids_certified\00_control\tracker_refresh_2026-04-12\tracker_shortlist_decision_log.csv","","SelectedTarget","TBD","Concrete non-placeholder value","Open non-blocked field"
"MEDIUM","tracker_refresh_2026-04-12","C:\Projects\MindLab_Starter_Project\docs\planning\kids_certified\00_control\tracker_refresh_2026-04-12\tracker_shortlist_decision_log.csv","","SelectedTarget","TBD","Concrete non-placeholder value","Open non-blocked field"
"MEDIUM","tracker_refresh_2026-04-12","C:\Projects\MindLab_Starter_Project\docs\planning\kids_certified\00_control\tracker_refresh_2026-04-12\tracker_shortlist_decision_log.csv","","SelectedTarget","TBD","Concrete non-placeholder value","Open non-blocked field"
"MEDIUM","tracker_refresh_2026-04-12","C:\Projects\MindLab_Starter_Project\docs\planning\kids_certified\00_control\tracker_refresh_2026-04-12\tracker_shortlist_decision_log.csv","","SelectedTarget","TBD","Concrete non-placeholder value","Open non-blocked field"
"MEDIUM","tracker_refresh_2026-04-12","C:\Projects\MindLab_Starter_Project\docs\planning\kids_certified\00_control\tracker_refresh_2026-04-12\tracker_shortlist_decision_log.csv","","SelectedTarget","TBD","Concrete non-placeholder value","Open non-blocked field"
"MEDIUM","tracker_refresh_2026-04-12","C:\Projects\MindLab_Starter_Project\docs\planning\kids_certified\00_control\tracker_refresh_2026-04-12\tracker_shortlist_decision_log.csv","","SelectedTarget","TBD","Concrete non-placeholder value","Open non-blocked field"
"MEDIUM","tracker_refresh_2026-04-12","C:\Projects\MindLab_Starter_Project\docs\planning\kids_certified\00_control\tracker_refresh_2026-04-12\tracker_shortlist_decision_log.csv","","SelectedTarget","TBD","Concrete non-placeholder value","Open non-blocked field"
"MEDIUM","tracker_refresh_2026-04-12","C:\Projects\MindLab_Starter_Project\docs\planning\kids_certified\00_control\tracker_refresh_2026-04-12\tracker_shortlist_decision_log.csv","","SelectedTarget","TBD","Concrete non-placeholder value","Open non-blocked field"
"MEDIUM","tracker_refresh_2026-04-12","C:\Projects\MindLab_Starter_Project\docs\planning\kids_certified\00_control\tracker_refresh_2026-04-12\tracker_shortlist_decision_log.csv","","SelectedTarget","TBD","Concrete non-placeholder value","Open non-blocked field"
"MEDIUM","tracker_refresh_2026-04-12","C:\Projects\MindLab_Starter_Project\docs\planning\kids_certified\00_control\tracker_refresh_2026-04-12\tracker_shortlist_decision_log.csv","","SelectedTarget","TBD","Concrete non-placeholder value","Open non-blocked field"
"MEDIUM","tracker_refresh_2026-04-12","C:\Projects\MindLab_Starter_Project\docs\planning\kids_certified\00_control\tracker_refresh_2026-04-12\tracker_shortlist_decision_log.csv","","SelectedTarget","TBD","Concrete non-placeholder value","Open non-blocked field"
"MEDIUM","tracker_refresh_2026-04-12","C:\Projects\MindLab_Starter_Project\docs\planning\kids_certified\00_control\tracker_refresh_2026-04-12\tracker_shortlist_decision_log.csv","","SelectedTarget","TBD","Concrete non-placeholder value","Open non-blocked field"
"MEDIUM","tracker_refresh_2026-04-12","C:\Projects\MindLab_Starter_Project\docs\planning\kids_certified\00_control\tracker_refresh_2026-04-12\tracker_shortlist_decision_log.csv","","SelectedTarget","TBD","Concrete non-placeholder value","Open non-blocked field"
"MEDIUM","tracker_refresh_2026-04-12","C:\Projects\MindLab_Starter_Project\docs\planning\kids_certified\00_control\tracker_refresh_2026-04-12\tracker_shortlist_decision_log.csv","","SelectedTarget","TBD","Concrete non-placeholder value","Open non-blocked field"
"MEDIUM","tracker_refresh_2026-04-12","C:\Projects\MindLab_Starter_Project\docs\planning\kids_certified\00_control\tracker_refresh_2026-04-12\tracker_shortlist_decision_log.csv","","SelectedTarget","TBD","Concrete non-placeholder value","Open non-blocked field"
"MEDIUM","tracker_refresh_2026-04-12","C:\Projects\MindLab_Starter_Project\docs\planning\kids_certified\00_control\tracker_refresh_2026-04-12\tracker_shortlist_decision_log.csv","","SelectedTarget","TBD","Concrete non-placeholder value","Open non-blocked field"
"MEDIUM","tracker_refresh_2026-04-12","C:\Projects\MindLab_Starter_Project\docs\planning\kids_certified\00_control\tracker_refresh_2026-04-12\tracker_shortlist_decision_log.csv","","SelectedTarget","TBD","Concrete non-placeholder value","Open non-blocked field"
"MEDIUM","tracker_refresh_2026-04-12","C:\Projects\MindLab_Starter_Project\docs\planning\kids_certified\00_control\tracker_refresh_2026-04-12\tracker_shortlist_decision_log.csv","","SelectedTarget","TBD","Concrete non-placeholder value","Open non-blocked field"
"MEDIUM","tracker_refresh_2026-04-12","C:\Projects\MindLab_Starter_Project\docs\planning\kids_certified\00_control\tracker_refresh_2026-04-12\tracker_shortlist_decision_log.csv","","SelectedTarget","TBD","Concrete non-placeholder value","Open non-blocked field"
"MEDIUM","tracker_refresh_2026-04-12","C:\Projects\MindLab_Starter_Project\docs\planning\kids_certified\00_control\tracker_refresh_2026-04-12\tracker_shortlist_decision_log.csv","","SelectedTarget","TBD","Concrete non-placeholder value","Open non-blocked field"
"MEDIUM","tracker_refresh_2026-04-12","C:\Projects\MindLab_Starter_Project\docs\planning\kids_certified\00_control\tracker_refresh_2026-04-12\tracker_shortlist_decision_log.csv","","SelectedTarget","TBD","Concrete non-placeholder value","Open non-blocked field"
"MEDIUM","tracker_refresh_2026-04-12","C:\Projects\MindLab_Starter_Project\docs\planning\kids_certified\00_control\tracker_refresh_2026-04-12\tracker_shortlist_decision_log.csv","","SelectedTarget","TBD","Concrete non-placeholder value","Open non-blocked field"
"MEDIUM","tracker_refresh_2026-04-12","C:\Projects\MindLab_Starter_Project\docs\planning\kids_certified\00_control\tracker_refresh_2026-04-12\tracker_shortlist_decision_log.csv","","SelectedTarget","TBD","Concrete non-placeholder value","Open non-blocked field"
"MEDIUM","tracker_refresh_2026-04-12","C:\Projects\MindLab_Starter_Project\docs\planning\kids_certified\00_control\tracker_refresh_2026-04-12\tracker_shortlist_decision_log.csv","","SelectedTarget","TBD","Concrete non-placeholder value","Open non-blocked field"
"MEDIUM","tracker_refresh_2026-04-12","C:\Projects\MindLab_Starter_Project\docs\planning\kids_certified\00_control\tracker_refresh_2026-04-12\tracker_shortlist_decision_log.csv","","SelectedTarget","TBD","Concrete non-placeholder value","Open non-blocked field"
"MEDIUM","tracker_refresh_2026-04-12","C:\Projects\MindLab_Starter_Project\docs\planning\kids_certified\00_control\tracker_refresh_2026-04-12\tracker_shortlist_decision_log.csv","","SelectedTarget","TBD","Concrete non-placeholder value","Open non-blocked field"
"MEDIUM","tracker_refresh_2026-04-12","C:\Projects\MindLab_Starter_Project\docs\planning\kids_certified\00_control\tracker_refresh_2026-04-12\tracker_shortlist_decision_log.csv","","SelectedTarget","TBD","Concrete non-placeholder value","Open non-blocked field"
"MEDIUM","tracker_refresh_2026-04-12","C:\Projects\MindLab_Starter_Project\docs\planning\kids_certified\00_control\tracker_refresh_2026-04-12\tracker_shortlist_decision_log.csv","","SelectedTarget","TBD","Concrete non-placeholder value","Open non-blocked field"
"MEDIUM","tracker_refresh_2026-04-12","C:\Projects\MindLab_Starter_Project\docs\planning\kids_certified\00_control\tracker_refresh_2026-04-12\tracker_shortlist_decision_log.csv","","SelectedTarget","TBD","Concrete non-placeholder value","Open non-blocked field"
"MEDIUM","tracker_refresh_2026-04-12","C:\Projects\MindLab_Starter_Project\docs\planning\kids_certified\00_control\tracker_refresh_2026-04-12\tracker_shortlist_decision_log.csv","","SelectedTarget","TBD","Concrete non-placeholder value","Open non-blocked field"
"MEDIUM","tracker_refresh_2026-04-12","C:\Projects\MindLab_Starter_Project\docs\planning\kids_certified\00_control\tracker_refresh_2026-04-12\tracker_shortlist_decision_log.csv","","SelectedTarget","TBD","Concrete non-placeholder value","Open non-blocked field"
"MEDIUM","tracker_refresh_2026-04-12","C:\Projects\MindLab_Starter_Project\docs\planning\kids_certified\00_control\tracker_refresh_2026-04-12\tracker_snapshot_execution_queue.csv","","SnapshotPath","TBD","Concrete non-placeholder value","Open non-blocked field"
"MEDIUM","tracker_refresh_2026-04-12","C:\Projects\MindLab_Starter_Project\docs\planning\kids_certified\00_control\tracker_refresh_2026-04-12\tracker_snapshot_execution_queue.csv","","SnapshotPath","TBD","Concrete non-placeholder value","Open non-blocked field"
"MEDIUM","tracker_refresh_2026-04-12","C:\Projects\MindLab_Starter_Project\docs\planning\kids_certified\00_control\tracker_refresh_2026-04-12\tracker_snapshot_execution_queue.csv","","SnapshotPath","TBD","Concrete non-placeholder value","Open non-blocked field"
"MEDIUM","tracker_refresh_2026-04-12","C:\Projects\MindLab_Starter_Project\docs\planning\kids_certified\00_control\tracker_refresh_2026-04-12\tracker_snapshot_execution_queue.csv","","SnapshotPath","TBD","Concrete non-placeholder value","Open non-blocked field"
"MEDIUM","tracker_refresh_2026-04-12","C:\Projects\MindLab_Starter_Project\docs\planning\kids_certified\00_control\tracker_refresh_2026-04-12\tracker_snapshot_execution_queue.csv","","SnapshotPath","TBD","Concrete non-placeholder value","Open non-blocked field"
"MEDIUM","tracker_refresh_2026-04-12","C:\Projects\MindLab_Starter_Project\docs\planning\kids_certified\00_control\tracker_refresh_2026-04-12\tracker_snapshot_execution_queue.csv","","SnapshotPath","TBD","Concrete non-placeholder value","Open non-blocked field"
"MEDIUM","tracker_refresh_2026-04-12","C:\Projects\MindLab_Starter_Project\docs\planning\kids_certified\00_control\tracker_refresh_2026-04-12\tracker_snapshot_execution_queue.csv","","SnapshotPath","TBD","Concrete non-placeholder value","Open non-blocked field"
"MEDIUM","tracker_refresh_2026-04-12","C:\Projects\MindLab_Starter_Project\docs\planning\kids_certified\00_control\tracker_refresh_2026-04-12\tracker_snapshot_execution_queue.csv","","SnapshotPath","TBD","Concrete non-placeholder value","Open non-blocked field"
"MEDIUM","tracker_refresh_2026-04-12","C:\Projects\MindLab_Starter_Project\docs\planning\kids_certified\00_control\tracker_refresh_2026-04-12\tracker_snapshot_execution_queue.csv","","SnapshotPath","TBD","Concrete non-placeholder value","Open non-blocked field"
"MEDIUM","tracker_refresh_2026-04-12","C:\Projects\MindLab_Starter_Project\docs\planning\kids_certified\00_control\tracker_refresh_2026-04-12\tracker_snapshot_execution_queue.csv","","SnapshotPath","TBD","Concrete non-placeholder value","Open non-blocked field"
"MEDIUM","tracker_refresh_2026-04-12","C:\Projects\MindLab_Starter_Project\docs\planning\kids_certified\00_control\tracker_refresh_2026-04-12\tracker_snapshot_execution_queue.csv","","SnapshotPath","TBD","Concrete non-placeholder value","Open non-blocked field"
"MEDIUM","tracker_refresh_2026-04-12","C:\Projects\MindLab_Starter_Project\docs\planning\kids_certified\00_control\tracker_refresh_2026-04-12\tracker_snapshot_execution_queue.csv","","SnapshotPath","TBD","Concrete non-placeholder value","Open non-blocked field"
"MEDIUM","tracker_refresh_2026-04-12","C:\Projects\MindLab_Starter_Project\docs\planning\kids_certified\00_control\tracker_refresh_2026-04-12\tracker_snapshot_execution_queue.csv","","SnapshotPath","TBD","Concrete non-placeholder value","Open non-blocked field"
"MEDIUM","tracker_refresh_2026-04-12","C:\Projects\MindLab_Starter_Project\docs\planning\kids_certified\00_control\tracker_refresh_2026-04-12\tracker_snapshot_execution_queue.csv","","SnapshotPath","TBD","Concrete non-placeholder value","Open non-blocked field"
"MEDIUM","tracker_refresh_2026-04-12","C:\Projects\MindLab_Starter_Project\docs\planning\kids_certified\00_control\tracker_refresh_2026-04-12\tracker_snapshot_execution_queue.csv","","SnapshotPath","TBD","Concrete non-placeholder value","Open non-blocked field"
"MEDIUM","tracker_refresh_2026-04-12","C:\Projects\MindLab_Starter_Project\docs\planning\kids_certified\00_control\tracker_refresh_2026-04-12\tracker_snapshot_execution_queue.csv","","SnapshotStatus","PENDING","Concrete non-placeholder value","Open non-blocked field"
"MEDIUM","tracker_refresh_2026-04-12","C:\Projects\MindLab_Starter_Project\docs\planning\kids_certified\00_control\tracker_refresh_2026-04-12\tracker_snapshot_execution_queue.csv","","SnapshotStatus","PENDING","Concrete non-placeholder value","Open non-blocked field"
"MEDIUM","tracker_refresh_2026-04-12","C:\Projects\MindLab_Starter_Project\docs\planning\kids_certified\00_control\tracker_refresh_2026-04-12\tracker_snapshot_execution_queue.csv","","SnapshotStatus","PENDING","Concrete non-placeholder value","Open non-blocked field"
"MEDIUM","tracker_refresh_2026-04-12","C:\Projects\MindLab_Starter_Project\docs\planning\kids_certified\00_control\tracker_refresh_2026-04-12\tracker_snapshot_execution_queue.csv","","SnapshotStatus","PENDING","Concrete non-placeholder value","Open non-blocked field"
"MEDIUM","tracker_refresh_2026-04-12","C:\Projects\MindLab_Starter_Project\docs\planning\kids_certified\00_control\tracker_refresh_2026-04-12\tracker_snapshot_execution_queue.csv","","SnapshotStatus","PENDING","Concrete non-placeholder value","Open non-blocked field"
"MEDIUM","tracker_refresh_2026-04-12","C:\Projects\MindLab_Starter_Project\docs\planning\kids_certified\00_control\tracker_refresh_2026-04-12\tracker_snapshot_execution_queue.csv","","SnapshotStatus","PENDING","Concrete non-placeholder value","Open non-blocked field"
"MEDIUM","tracker_refresh_2026-04-12","C:\Projects\MindLab_Starter_Project\docs\planning\kids_certified\00_control\tracker_refresh_2026-04-12\tracker_snapshot_execution_queue.csv","","SnapshotStatus","PENDING","Concrete non-placeholder value","Open non-blocked field"
"MEDIUM","tracker_refresh_2026-04-12","C:\Projects\MindLab_Starter_Project\docs\planning\kids_certified\00_control\tracker_refresh_2026-04-12\tracker_snapshot_execution_queue.csv","","SnapshotStatus","PENDING","Concrete non-placeholder value","Open non-blocked field"
"MEDIUM","tracker_refresh_2026-04-12","C:\Projects\MindLab_Starter_Project\docs\planning\kids_certified\00_control\tracker_refresh_2026-04-12\tracker_snapshot_execution_queue.csv","","SnapshotStatus","PENDING","Concrete non-placeholder value","Open non-blocked field"
"MEDIUM","tracker_refresh_2026-04-12","C:\Projects\MindLab_Starter_Project\docs\planning\kids_certified\00_control\tracker_refresh_2026-04-12\tracker_snapshot_execution_queue.csv","","SnapshotStatus","PENDING","Concrete non-placeholder value","Open non-blocked field"
"MEDIUM","tracker_refresh_2026-04-12","C:\Projects\MindLab_Starter_Project\docs\planning\kids_certified\00_control\tracker_refresh_2026-04-12\tracker_snapshot_execution_queue.csv","","SnapshotStatus","PENDING","Concrete non-placeholder value","Open non-blocked field"
"MEDIUM","tracker_refresh_2026-04-12","C:\Projects\MindLab_Starter_Project\docs\planning\kids_certified\00_control\tracker_refresh_2026-04-12\tracker_snapshot_execution_queue.csv","","SnapshotStatus","PENDING","Concrete non-placeholder value","Open non-blocked field"
"MEDIUM","tracker_refresh_2026-04-12","C:\Projects\MindLab_Starter_Project\docs\planning\kids_certified\00_control\tracker_refresh_2026-04-12\tracker_snapshot_execution_queue.csv","","SnapshotStatus","PENDING","Concrete non-placeholder value","Open non-blocked field"
"MEDIUM","tracker_refresh_2026-04-12","C:\Projects\MindLab_Starter_Project\docs\planning\kids_certified\00_control\tracker_refresh_2026-04-12\tracker_snapshot_execution_queue.csv","","SnapshotStatus","PENDING","Concrete non-placeholder value","Open non-blocked field"
"MEDIUM","tracker_refresh_2026-04-12","C:\Projects\MindLab_Starter_Project\docs\planning\kids_certified\00_control\tracker_refresh_2026-04-12\tracker_snapshot_execution_queue.csv","","SnapshotStatus","PENDING","Concrete non-placeholder value","Open non-blocked field"
"MEDIUM","tracker_refresh_2026-04-12","C:\Projects\MindLab_Starter_Project\docs\planning\kids_certified\00_control\tracker_refresh_2026-04-12\tracker_snapshot_task_queue.csv","","SelectedPath","TBD","Concrete non-placeholder value","Open non-blocked field"
"MEDIUM","tracker_refresh_2026-04-12","C:\Projects\MindLab_Starter_Project\docs\planning\kids_certified\00_control\tracker_refresh_2026-04-12\tracker_snapshot_task_queue.csv","","SelectedPath","TBD","Concrete non-placeholder value","Open non-blocked field"
"MEDIUM","tracker_refresh_2026-04-12","C:\Projects\MindLab_Starter_Project\docs\planning\kids_certified\00_control\tracker_refresh_2026-04-12\tracker_snapshot_task_queue.csv","","SelectedPath","TBD","Concrete non-placeholder value","Open non-blocked field"
"MEDIUM","tracker_refresh_2026-04-12","C:\Projects\MindLab_Starter_Project\docs\planning\kids_certified\00_control\tracker_refresh_2026-04-12\tracker_snapshot_task_queue.csv","","SelectedPath","TBD","Concrete non-placeholder value","Open non-blocked field"
"MEDIUM","tracker_refresh_2026-04-12","C:\Projects\MindLab_Starter_Project\docs\planning\kids_certified\00_control\tracker_refresh_2026-04-12\tracker_snapshot_task_queue.csv","","SnapshotPath","TBD","Concrete non-placeholder value","Open non-blocked field"
"MEDIUM","tracker_refresh_2026-04-12","C:\Projects\MindLab_Starter_Project\docs\planning\kids_certified\00_control\tracker_refresh_2026-04-12\tracker_snapshot_task_queue.csv","","SnapshotPath","TBD","Concrete non-placeholder value","Open non-blocked field"
"MEDIUM","tracker_refresh_2026-04-12","C:\Projects\MindLab_Starter_Project\docs\planning\kids_certified\00_control\tracker_refresh_2026-04-12\tracker_snapshot_task_queue.csv","","SnapshotPath","TBD","Concrete non-placeholder value","Open non-blocked field"
"MEDIUM","tracker_refresh_2026-04-12","C:\Projects\MindLab_Starter_Project\docs\planning\kids_certified\00_control\tracker_refresh_2026-04-12\tracker_snapshot_task_queue.csv","","SnapshotPath","TBD","Concrete non-placeholder value","Open non-blocked field"
"MEDIUM","tracker_refresh_2026-04-12","C:\Projects\MindLab_Starter_Project\docs\planning\kids_certified\00_control\tracker_refresh_2026-04-12\tracker_snapshot_task_queue.csv","","TaskStatus","PENDING","Concrete non-placeholder value","Open non-blocked field"
"MEDIUM","tracker_refresh_2026-04-12","C:\Projects\MindLab_Starter_Project\docs\planning\kids_certified\00_control\tracker_refresh_2026-04-12\tracker_snapshot_task_queue.csv","","TaskStatus","PENDING","Concrete non-placeholder value","Open non-blocked field"
"MEDIUM","tracker_refresh_2026-04-12","C:\Projects\MindLab_Starter_Project\docs\planning\kids_certified\00_control\tracker_refresh_2026-04-12\tracker_snapshot_task_queue.csv","","TaskStatus","PENDING","Concrete non-placeholder value","Open non-blocked field"
"MEDIUM","tracker_refresh_2026-04-12","C:\Projects\MindLab_Starter_Project\docs\planning\kids_certified\00_control\tracker_refresh_2026-04-12\tracker_snapshot_task_queue.csv","","TaskStatus","PENDING","Concrete non-placeholder value","Open non-blocked field"
"MEDIUM","tracker_refresh_2026-04-12","C:\Projects\MindLab_Starter_Project\docs\planning\kids_certified\00_control\tracker_refresh_2026-04-12\tracker_source_snapshot_log.csv","","SnapshotDate","TBD","Concrete non-placeholder value","Open non-blocked field"
"MEDIUM","tracker_refresh_2026-04-12","C:\Projects\MindLab_Starter_Project\docs\planning\kids_certified\00_control\tracker_refresh_2026-04-12\tracker_source_snapshot_log.csv","","SnapshotDate","TBD","Concrete non-placeholder value","Open non-blocked field"
"MEDIUM","tracker_refresh_2026-04-12","C:\Projects\MindLab_Starter_Project\docs\planning\kids_certified\00_control\tracker_refresh_2026-04-12\tracker_source_snapshot_log.csv","","SnapshotPath","TBD","Concrete non-placeholder value","Open non-blocked field"
"MEDIUM","tracker_refresh_2026-04-12","C:\Projects\MindLab_Starter_Project\docs\planning\kids_certified\00_control\tracker_refresh_2026-04-12\tracker_source_snapshot_log.csv","","SnapshotPath","TBD","Concrete non-placeholder value","Open non-blocked field"
"MEDIUM","tracker_refresh_2026-04-12","C:\Projects\MindLab_Starter_Project\docs\planning\kids_certified\00_control\tracker_refresh_2026-04-12\tracker_source_snapshot_log.csv","","SnapshotStatus","PENDING","Concrete non-placeholder value","Open non-blocked field"
"MEDIUM","tracker_refresh_2026-04-12","C:\Projects\MindLab_Starter_Project\docs\planning\kids_certified\00_control\tracker_refresh_2026-04-12\tracker_source_snapshot_log.csv","","SnapshotStatus","PENDING","Concrete non-placeholder value","Open non-blocked field"
"MEDIUM","tracker_refresh_2026-04-12","C:\Projects\MindLab_Starter_Project\docs\planning\kids_certified\00_control\tracker_refresh_2026-04-12\tracker_source_update_register.csv","","ApplyStatus","PENDING","Concrete non-placeholder value","Open non-blocked field"
"MEDIUM","tracker_refresh_2026-04-12","C:\Projects\MindLab_Starter_Project\docs\planning\kids_certified\00_control\tracker_refresh_2026-04-12\tracker_source_update_register.csv","","ApplyStatus","PENDING","Concrete non-placeholder value","Open non-blocked field"
"MEDIUM","tracker_refresh_2026-04-12","C:\Projects\MindLab_Starter_Project\docs\planning\kids_certified\00_control\tracker_refresh_2026-04-12\tracker_source_update_register.csv","","ApplyStatus","PENDING","Concrete non-placeholder value","Open non-blocked field"
"MEDIUM","tracker_refresh_2026-04-12","C:\Projects\MindLab_Starter_Project\docs\planning\kids_certified\00_control\tracker_refresh_2026-04-12\tracker_source_update_register.csv","","ApplyStatus","PENDING","Concrete non-placeholder value","Open non-blocked field"
"MEDIUM","tracker_refresh_2026-04-12","C:\Projects\MindLab_Starter_Project\docs\planning\kids_certified\00_control\tracker_refresh_2026-04-12\tracker_source_update_register.csv","","SourceFile","TBD","Concrete non-placeholder value","Open non-blocked field"
"MEDIUM","tracker_refresh_2026-04-12","C:\Projects\MindLab_Starter_Project\docs\planning\kids_certified\00_control\tracker_refresh_2026-04-12\tracker_source_update_register.csv","","SourceFile","TBD","Concrete non-placeholder value","Open non-blocked field"
"MEDIUM","tracker_refresh_2026-04-12","C:\Projects\MindLab_Starter_Project\docs\planning\kids_certified\00_control\tracker_refresh_2026-04-12\tracker_source_update_register.csv","","SourceFile","TBD","Concrete non-placeholder value","Open non-blocked field"
"MEDIUM","tracker_refresh_2026-04-12","C:\Projects\MindLab_Starter_Project\docs\planning\kids_certified\00_control\tracker_refresh_2026-04-12\tracker_source_update_register.csv","","SourceFile","TBD","Concrete non-placeholder value","Open non-blocked field"
"MEDIUM","tracker_refresh_2026-04-12","C:\Projects\MindLab_Starter_Project\docs\planning\kids_certified\00_control\tracker_refresh_2026-04-12\tracker_target_population_status.csv","","PopulationStatus","PENDING","Concrete non-placeholder value","Open non-blocked field"
"MEDIUM","tracker_refresh_2026-04-12","C:\Projects\MindLab_Starter_Project\docs\planning\kids_certified\00_control\tracker_refresh_2026-04-12\tracker_target_population_status.csv","","PopulationStatus","PENDING","Concrete non-placeholder value","Open non-blocked field"
"MEDIUM","tracker_refresh_2026-04-12","C:\Projects\MindLab_Starter_Project\docs\planning\kids_certified\00_control\tracker_refresh_2026-04-12\tracker_target_population_status.csv","","PopulationStatus","PENDING","Concrete non-placeholder value","Open non-blocked field"
"MEDIUM","tracker_refresh_2026-04-12","C:\Projects\MindLab_Starter_Project\docs\planning\kids_certified\00_control\tracker_refresh_2026-04-12\tracker_target_population_status.csv","","PopulationStatus","PENDING","Concrete non-placeholder value","Open non-blocked field"
"MEDIUM","tracker_refresh_2026-04-12","C:\Projects\MindLab_Starter_Project\docs\planning\kids_certified\00_control\tracker_refresh_2026-04-12\tracker_target_population_status.csv","","TargetPath","TBD","Concrete non-placeholder value","Open non-blocked field"
"MEDIUM","tracker_refresh_2026-04-12","C:\Projects\MindLab_Starter_Project\docs\planning\kids_certified\00_control\tracker_refresh_2026-04-12\tracker_target_population_status.csv","","TargetPath","TBD","Concrete non-placeholder value","Open non-blocked field"
"MEDIUM","tracker_refresh_2026-04-12","C:\Projects\MindLab_Starter_Project\docs\planning\kids_certified\00_control\tracker_refresh_2026-04-12\tracker_target_population_status.csv","","TargetPath","TBD","Concrete non-placeholder value","Open non-blocked field"
"MEDIUM","tracker_refresh_2026-04-12","C:\Projects\MindLab_Starter_Project\docs\planning\kids_certified\00_control\tracker_refresh_2026-04-12\tracker_target_population_status.csv","","TargetPath","TBD","Concrete non-placeholder value","Open non-blocked field"
"MEDIUM","tracker_refresh_2026-04-12","C:\Projects\MindLab_Starter_Project\docs\planning\kids_certified\00_control\tracker_refresh_2026-04-12\tracker_target_shortlist.csv","","SelectionStatus","PENDING","Concrete non-placeholder value","Open non-blocked field"
"MEDIUM","tracker_refresh_2026-04-12","C:\Projects\MindLab_Starter_Project\docs\planning\kids_certified\00_control\tracker_refresh_2026-04-12\tracker_target_shortlist.csv","","SelectionStatus","PENDING","Concrete non-placeholder value","Open non-blocked field"
"MEDIUM","tracker_refresh_2026-04-12","C:\Projects\MindLab_Starter_Project\docs\planning\kids_certified\00_control\tracker_refresh_2026-04-12\tracker_target_shortlist.csv","","SelectionStatus","PENDING","Concrete non-placeholder value","Open non-blocked field"
"MEDIUM","tracker_refresh_2026-04-12","C:\Projects\MindLab_Starter_Project\docs\planning\kids_certified\00_control\tracker_refresh_2026-04-12\tracker_target_shortlist.csv","","SelectionStatus","PENDING","Concrete non-placeholder value","Open non-blocked field"
"MEDIUM","tracker_refresh_2026-04-12","C:\Projects\MindLab_Starter_Project\docs\planning\kids_certified\00_control\tracker_refresh_2026-04-12\tracker_target_shortlist.csv","","SelectionStatus","PENDING","Concrete non-placeholder value","Open non-blocked field"
"MEDIUM","tracker_refresh_2026-04-12","C:\Projects\MindLab_Starter_Project\docs\planning\kids_certified\00_control\tracker_refresh_2026-04-12\tracker_target_shortlist.csv","","SelectionStatus","PENDING","Concrete non-placeholder value","Open non-blocked field"
"MEDIUM","tracker_refresh_2026-04-12","C:\Projects\MindLab_Starter_Project\docs\planning\kids_certified\00_control\tracker_refresh_2026-04-12\tracker_target_shortlist.csv","","SelectionStatus","PENDING","Concrete non-placeholder value","Open non-blocked field"
"MEDIUM","tracker_refresh_2026-04-12","C:\Projects\MindLab_Starter_Project\docs\planning\kids_certified\00_control\tracker_refresh_2026-04-12\tracker_target_shortlist.csv","","SelectionStatus","PENDING","Concrete non-placeholder value","Open non-blocked field"
"MEDIUM","tracker_refresh_2026-04-12","C:\Projects\MindLab_Starter_Project\docs\planning\kids_certified\00_control\tracker_refresh_2026-04-12\tracker_target_shortlist.csv","","SelectionStatus","PENDING","Concrete non-placeholder value","Open non-blocked field"
"MEDIUM","tracker_refresh_2026-04-12","C:\Projects\MindLab_Starter_Project\docs\planning\kids_certified\00_control\tracker_refresh_2026-04-12\tracker_target_shortlist.csv","","SelectionStatus","PENDING","Concrete non-placeholder value","Open non-blocked field"
"MEDIUM","tracker_refresh_2026-04-12","C:\Projects\MindLab_Starter_Project\docs\planning\kids_certified\00_control\tracker_refresh_2026-04-12\tracker_target_shortlist.csv","","SelectionStatus","PENDING","Concrete non-placeholder value","Open non-blocked field"
"MEDIUM","tracker_refresh_2026-04-12","C:\Projects\MindLab_Starter_Project\docs\planning\kids_certified\00_control\tracker_refresh_2026-04-12\tracker_target_shortlist.csv","","SelectionStatus","PENDING","Concrete non-placeholder value","Open non-blocked field"
"MEDIUM","tracker_refresh_2026-04-12","C:\Projects\MindLab_Starter_Project\docs\planning\kids_certified\00_control\tracker_refresh_2026-04-12\tracker_target_shortlist.csv","","SelectionStatus","PENDING","Concrete non-placeholder value","Open non-blocked field"
"MEDIUM","tracker_refresh_2026-04-12","C:\Projects\MindLab_Starter_Project\docs\planning\kids_certified\00_control\tracker_refresh_2026-04-12\tracker_target_shortlist.csv","","SelectionStatus","PENDING","Concrete non-placeholder value","Open non-blocked field"
"MEDIUM","tracker_refresh_2026-04-12","C:\Projects\MindLab_Starter_Project\docs\planning\kids_certified\00_control\tracker_refresh_2026-04-12\tracker_target_shortlist.csv","","SelectionStatus","PENDING","Concrete non-placeholder value","Open non-blocked field"
"MEDIUM","tracker_refresh_2026-04-12","C:\Projects\MindLab_Starter_Project\docs\planning\kids_certified\00_control\tracker_refresh_2026-04-12\tracker_target_shortlist.csv","","SelectionStatus","PENDING","Concrete non-placeholder value","Open non-blocked field"
"MEDIUM","tracker_refresh_2026-04-12","C:\Projects\MindLab_Starter_Project\docs\planning\kids_certified\00_control\tracker_refresh_2026-04-12\tracker_target_shortlist.csv","","SelectionStatus","PENDING","Concrete non-placeholder value","Open non-blocked field"
"MEDIUM","tracker_refresh_2026-04-12","C:\Projects\MindLab_Starter_Project\docs\planning\kids_certified\00_control\tracker_refresh_2026-04-12\tracker_target_shortlist.csv","","SelectionStatus","PENDING","Concrete non-placeholder value","Open non-blocked field"
"MEDIUM","tracker_refresh_2026-04-12","C:\Projects\MindLab_Starter_Project\docs\planning\kids_certified\00_control\tracker_refresh_2026-04-12\tracker_target_shortlist.csv","","SelectionStatus","PENDING","Concrete non-placeholder value","Open non-blocked field"
"MEDIUM","tracker_refresh_2026-04-12","C:\Projects\MindLab_Starter_Project\docs\planning\kids_certified\00_control\tracker_refresh_2026-04-12\tracker_target_shortlist.csv","","SelectionStatus","PENDING","Concrete non-placeholder value","Open non-blocked field"
"MEDIUM","tracker_refresh_2026-04-12","C:\Projects\MindLab_Starter_Project\docs\planning\kids_certified\00_control\tracker_refresh_2026-04-12\tracker_target_shortlist.csv","","SelectionStatus","PENDING","Concrete non-placeholder value","Open non-blocked field"
"MEDIUM","tracker_refresh_2026-04-12","C:\Projects\MindLab_Starter_Project\docs\planning\kids_certified\00_control\tracker_refresh_2026-04-12\tracker_target_shortlist.csv","","SelectionStatus","PENDING","Concrete non-placeholder value","Open non-blocked field"
"MEDIUM","tracker_refresh_2026-04-12","C:\Projects\MindLab_Starter_Project\docs\planning\kids_certified\00_control\tracker_refresh_2026-04-12\tracker_target_shortlist.csv","","SelectionStatus","PENDING","Concrete non-placeholder value","Open non-blocked field"
"MEDIUM","tracker_refresh_2026-04-12","C:\Projects\MindLab_Starter_Project\docs\planning\kids_certified\00_control\tracker_refresh_2026-04-12\tracker_target_shortlist.csv","","SelectionStatus","PENDING","Concrete non-placeholder value","Open non-blocked field"
"MEDIUM","tracker_refresh_2026-04-12","C:\Projects\MindLab_Starter_Project\docs\planning\kids_certified\00_control\tracker_refresh_2026-04-12\tracker_target_shortlist.csv","","SelectionStatus","PENDING","Concrete non-placeholder value","Open non-blocked field"
"MEDIUM","tracker_refresh_2026-04-12","C:\Projects\MindLab_Starter_Project\docs\planning\kids_certified\00_control\tracker_refresh_2026-04-12\tracker_target_shortlist.csv","","SelectionStatus","PENDING","Concrete non-placeholder value","Open non-blocked field"
"MEDIUM","tracker_refresh_2026-04-12","C:\Projects\MindLab_Starter_Project\docs\planning\kids_certified\00_control\tracker_refresh_2026-04-12\tracker_target_shortlist.csv","","SelectionStatus","PENDING","Concrete non-placeholder value","Open non-blocked field"
"MEDIUM","tracker_refresh_2026-04-12","C:\Projects\MindLab_Starter_Project\docs\planning\kids_certified\00_control\tracker_refresh_2026-04-12\tracker_target_shortlist.csv","","SelectionStatus","PENDING","Concrete non-placeholder value","Open non-blocked field"
"MEDIUM","tracker_refresh_2026-04-12","C:\Projects\MindLab_Starter_Project\docs\planning\kids_certified\00_control\tracker_refresh_2026-04-12\tracker_target_shortlist.csv","","SelectionStatus","PENDING","Concrete non-placeholder value","Open non-blocked field"
"MEDIUM","tracker_refresh_2026-04-12","C:\Projects\MindLab_Starter_Project\docs\planning\kids_certified\00_control\tracker_refresh_2026-04-12\tracker_target_shortlist.csv","","SelectionStatus","PENDING","Concrete non-placeholder value","Open non-blocked field"
"MEDIUM","tracker_refresh_2026-04-12","C:\Projects\MindLab_Starter_Project\docs\planning\kids_certified\00_control\tracker_refresh_2026-04-12\tracker_target_shortlist.csv","","SelectionStatus","PENDING","Concrete non-placeholder value","Open non-blocked field"
"MEDIUM","tracker_refresh_2026-04-12","C:\Projects\MindLab_Starter_Project\docs\planning\kids_certified\00_control\tracker_refresh_2026-04-12\tracker_target_shortlist.csv","","SelectionStatus","PENDING","Concrete non-placeholder value","Open non-blocked field"
"MEDIUM","tracker_refresh_2026-04-12","C:\Projects\MindLab_Starter_Project\docs\planning\kids_certified\00_control\tracker_refresh_2026-04-12\tracker_target_shortlist.csv","","SelectionStatus","PENDING","Concrete non-placeholder value","Open non-blocked field"
"MEDIUM","tracker_refresh_2026-04-12","C:\Projects\MindLab_Starter_Project\docs\planning\kids_certified\00_control\tracker_refresh_2026-04-12\tracker_target_shortlist.csv","","SelectionStatus","PENDING","Concrete non-placeholder value","Open non-blocked field"
"MEDIUM","tracker_refresh_2026-04-12","C:\Projects\MindLab_Starter_Project\docs\planning\kids_certified\00_control\tracker_refresh_2026-04-12\tracker_target_shortlist.csv","","SelectionStatus","PENDING","Concrete non-placeholder value","Open non-blocked field"
"MEDIUM","tracker_refresh_2026-04-12","C:\Projects\MindLab_Starter_Project\docs\planning\kids_certified\00_control\tracker_refresh_2026-04-12\tracker_target_shortlist.csv","","SelectionStatus","PENDING","Concrete non-placeholder value","Open non-blocked field"
"MEDIUM","tracker_refresh_2026-04-12","C:\Projects\MindLab_Starter_Project\docs\planning\kids_certified\00_control\tracker_refresh_2026-04-12\tracker_target_shortlist.csv","","SelectionStatus","PENDING","Concrete non-placeholder value","Open non-blocked field"
"MEDIUM","tracker_refresh_2026-04-12","C:\Projects\MindLab_Starter_Project\docs\planning\kids_certified\00_control\tracker_refresh_2026-04-12\tracker_target_shortlist.csv","","SelectionStatus","PENDING","Concrete non-placeholder value","Open non-blocked field"
"MEDIUM","tracker_refresh_2026-04-12","C:\Projects\MindLab_Starter_Project\docs\planning\kids_certified\00_control\tracker_refresh_2026-04-12\tracker_target_shortlist.csv","","SelectionStatus","PENDING","Concrete non-placeholder value","Open non-blocked field"
"MEDIUM","tracker_refresh_2026-04-12","C:\Projects\MindLab_Starter_Project\docs\planning\kids_certified\00_control\tracker_refresh_2026-04-12\tracker_target_shortlist.csv","","SelectionStatus","PENDING","Concrete non-placeholder value","Open non-blocked field"
"MEDIUM","tracker_refresh_2026-04-12","C:\Projects\MindLab_Starter_Project\docs\planning\kids_certified\00_control\tracker_refresh_2026-04-12\tracker_unresolved_exact_paths.csv","","CandidatePath","TBD","Concrete non-placeholder value","Open non-blocked field"
"MEDIUM","tracker_refresh_2026-04-12","C:\Projects\MindLab_Starter_Project\docs\planning\kids_certified\00_control\tracker_refresh_2026-04-12\tracker_unresolved_exact_paths.csv","","CandidatePath","TBD","Concrete non-placeholder value","Open non-blocked field"
"MEDIUM","tracker_refresh_2026-04-12","C:\Projects\MindLab_Starter_Project\docs\planning\kids_certified\00_control\tracker_refresh_2026-04-12\tracker_unresolved_exact_paths.csv","","CurrentExactPath","TBD","Concrete non-placeholder value","Open non-blocked field"
"MEDIUM","tracker_refresh_2026-04-12","C:\Projects\MindLab_Starter_Project\docs\planning\kids_certified\00_control\tracker_refresh_2026-04-12\tracker_unresolved_exact_paths.csv","","CurrentExactPath","TBD","Concrete non-placeholder value","Open non-blocked field"
"MEDIUM","tracker_refresh_2026-04-12","C:\Projects\MindLab_Starter_Project\docs\planning\kids_certified\00_control\tracker_refresh_2026-04-12\tracker_unresolved_exact_paths.csv","","ManualExactPath","TBD","Concrete non-placeholder value","Open non-blocked field"
"MEDIUM","tracker_refresh_2026-04-12","C:\Projects\MindLab_Starter_Project\docs\planning\kids_certified\00_control\tracker_refresh_2026-04-12\tracker_unresolved_exact_paths.csv","","ManualExactPath","TBD","Concrete non-placeholder value","Open non-blocked field"
"MEDIUM","tracker_refresh_2026-04-12","C:\Projects\MindLab_Starter_Project\docs\planning\kids_certified\00_control\tracker_refresh_2026-04-12\tracker_unresolved_exact_paths.csv","","ResolutionStatus","PENDING","Concrete non-placeholder value","Open non-blocked field"
"MEDIUM","tracker_refresh_2026-04-12","C:\Projects\MindLab_Starter_Project\docs\planning\kids_certified\00_control\tracker_refresh_2026-04-12\tracker_unresolved_exact_paths.csv","","ResolutionStatus","PENDING","Concrete non-placeholder value","Open non-blocked field"
"MEDIUM","closure_sync_2026-04-12","C:\Projects\MindLab_Starter_Project\docs\planning\kids_certified\01_governance\closure_sync_2026-04-12\governance_broader_exact_path_scan.csv","","CandidatePath","TBD","Concrete non-placeholder value","Open non-blocked field"
"MEDIUM","closure_sync_2026-04-12","C:\Projects\MindLab_Starter_Project\docs\planning\kids_certified\01_governance\closure_sync_2026-04-12\governance_broader_exact_path_scan.csv","","CandidatePath","TBD","Concrete non-placeholder value","Open non-blocked field"
"MEDIUM","closure_sync_2026-04-12","C:\Projects\MindLab_Starter_Project\docs\planning\kids_certified\01_governance\closure_sync_2026-04-12\governance_broader_exact_path_scan.csv","","CandidatePath","TBD","Concrete non-placeholder value","Open non-blocked field"
"MEDIUM","closure_sync_2026-04-12","C:\Projects\MindLab_Starter_Project\docs\planning\kids_certified\01_governance\closure_sync_2026-04-12\governance_broader_exact_path_scan.csv","","FirstMatch","TBD","Concrete non-placeholder value","Open non-blocked field"
"MEDIUM","closure_sync_2026-04-12","C:\Projects\MindLab_Starter_Project\docs\planning\kids_certified\01_governance\closure_sync_2026-04-12\governance_broader_exact_path_scan.csv","","FirstMatch","TBD","Concrete non-placeholder value","Open non-blocked field"
"MEDIUM","closure_sync_2026-04-12","C:\Projects\MindLab_Starter_Project\docs\planning\kids_certified\01_governance\closure_sync_2026-04-12\governance_broader_exact_path_scan.csv","","FirstMatch","TBD","Concrete non-placeholder value","Open non-blocked field"
"MEDIUM","closure_sync_2026-04-12","C:\Projects\MindLab_Starter_Project\docs\planning\kids_certified\01_governance\closure_sync_2026-04-12\governance_exact_path_candidate_scan.csv","","CandidatePath","TBD","Concrete non-placeholder value","Open non-blocked field"
"MEDIUM","closure_sync_2026-04-12","C:\Projects\MindLab_Starter_Project\docs\planning\kids_certified\01_governance\closure_sync_2026-04-12\governance_exact_path_candidate_scan.csv","","CandidatePath","TBD","Concrete non-placeholder value","Open non-blocked field"
"MEDIUM","closure_sync_2026-04-12","C:\Projects\MindLab_Starter_Project\docs\planning\kids_certified\01_governance\closure_sync_2026-04-12\governance_exact_path_candidate_scan.csv","","CandidatePath","TBD","Concrete non-placeholder value","Open non-blocked field"
"MEDIUM","closure_sync_2026-04-12","C:\Projects\MindLab_Starter_Project\docs\planning\kids_certified\01_governance\closure_sync_2026-04-12\governance_exact_path_candidate_scan.csv","","ExactPath","TBD","Concrete non-placeholder value","Open non-blocked field"
"MEDIUM","closure_sync_2026-04-12","C:\Projects\MindLab_Starter_Project\docs\planning\kids_certified\01_governance\closure_sync_2026-04-12\governance_exact_path_candidate_scan.csv","","ExactPath","TBD","Concrete non-placeholder value","Open non-blocked field"
"MEDIUM","closure_sync_2026-04-12","C:\Projects\MindLab_Starter_Project\docs\planning\kids_certified\01_governance\closure_sync_2026-04-12\governance_exact_path_candidate_scan.csv","","ExactPath","TBD","Concrete non-placeholder value","Open non-blocked field"
"MEDIUM","closure_sync_2026-04-12","C:\Projects\MindLab_Starter_Project\docs\planning\kids_certified\01_governance\closure_sync_2026-04-12\governance_exact_path_candidate_scan.csv","","ScanStatus","PENDING","Concrete non-placeholder value","Open non-blocked field"
"MEDIUM","closure_sync_2026-04-12","C:\Projects\MindLab_Starter_Project\docs\planning\kids_certified\01_governance\closure_sync_2026-04-12\governance_exact_path_candidate_scan.csv","","ScanStatus","PENDING","Concrete non-placeholder value","Open non-blocked field"
"MEDIUM","closure_sync_2026-04-12","C:\Projects\MindLab_Starter_Project\docs\planning\kids_certified\01_governance\closure_sync_2026-04-12\governance_exact_path_candidate_scan.csv","","ScanStatus","PENDING","Concrete non-placeholder value","Open non-blocked field"
"MEDIUM","closure_sync_2026-04-12","C:\Projects\MindLab_Starter_Project\docs\planning\kids_certified\01_governance\closure_sync_2026-04-12\governance_exact_path_resolution.csv","","CandidatePath","TBD","Concrete non-placeholder value","Open non-blocked field"
"MEDIUM","closure_sync_2026-04-12","C:\Projects\MindLab_Starter_Project\docs\planning\kids_certified\01_governance\closure_sync_2026-04-12\governance_exact_path_resolution.csv","","CandidatePath","TBD","Concrete non-placeholder value","Open non-blocked field"
"MEDIUM","closure_sync_2026-04-12","C:\Projects\MindLab_Starter_Project\docs\planning\kids_certified\01_governance\closure_sync_2026-04-12\governance_exact_path_resolution.csv","","CandidatePath","TBD","Concrete non-placeholder value","Open non-blocked field"
"MEDIUM","closure_sync_2026-04-12","C:\Projects\MindLab_Starter_Project\docs\planning\kids_certified\01_governance\closure_sync_2026-04-12\governance_exact_path_scan_execution_log.csv","","CandidatePath","TBD","Concrete non-placeholder value","Open non-blocked field"
"MEDIUM","closure_sync_2026-04-12","C:\Projects\MindLab_Starter_Project\docs\planning\kids_certified\01_governance\closure_sync_2026-04-12\governance_exact_path_scan_execution_log.csv","","CandidatePath","TBD","Concrete non-placeholder value","Open non-blocked field"
"MEDIUM","closure_sync_2026-04-12","C:\Projects\MindLab_Starter_Project\docs\planning\kids_certified\01_governance\closure_sync_2026-04-12\governance_exact_path_scan_execution_log.csv","","CandidatePath","TBD","Concrete non-placeholder value","Open non-blocked field"
"MEDIUM","closure_sync_2026-04-12","C:\Projects\MindLab_Starter_Project\docs\planning\kids_certified\01_governance\closure_sync_2026-04-12\governance_exact_path_scan_execution_log.csv","","ExactPath","TBD","Concrete non-placeholder value","Open non-blocked field"
"MEDIUM","closure_sync_2026-04-12","C:\Projects\MindLab_Starter_Project\docs\planning\kids_certified\01_governance\closure_sync_2026-04-12\governance_exact_path_scan_execution_log.csv","","ExactPath","TBD","Concrete non-placeholder value","Open non-blocked field"
"MEDIUM","closure_sync_2026-04-12","C:\Projects\MindLab_Starter_Project\docs\planning\kids_certified\01_governance\closure_sync_2026-04-12\governance_exact_path_scan_execution_log.csv","","ExactPath","TBD","Concrete non-placeholder value","Open non-blocked field"
"MEDIUM","closure_sync_2026-04-12","C:\Projects\MindLab_Starter_Project\docs\planning\kids_certified\01_governance\closure_sync_2026-04-12\governance_exact_path_scan_execution_log.csv","","ExecutionDate","TBD","Concrete non-placeholder value","Open non-blocked field"
"MEDIUM","closure_sync_2026-04-12","C:\Projects\MindLab_Starter_Project\docs\planning\kids_certified\01_governance\closure_sync_2026-04-12\governance_exact_path_scan_execution_log.csv","","ExecutionDate","TBD","Concrete non-placeholder value","Open non-blocked field"
"MEDIUM","closure_sync_2026-04-12","C:\Projects\MindLab_Starter_Project\docs\planning\kids_certified\01_governance\closure_sync_2026-04-12\governance_exact_path_scan_execution_log.csv","","ExecutionDate","TBD","Concrete non-placeholder value","Open non-blocked field"
"MEDIUM","closure_sync_2026-04-12","C:\Projects\MindLab_Starter_Project\docs\planning\kids_certified\01_governance\closure_sync_2026-04-12\governance_exact_path_scan_execution_log.csv","","ExecutionStatus","PENDING","Concrete non-placeholder value","Open non-blocked field"
"MEDIUM","closure_sync_2026-04-12","C:\Projects\MindLab_Starter_Project\docs\planning\kids_certified\01_governance\closure_sync_2026-04-12\governance_exact_path_scan_execution_log.csv","","ExecutionStatus","PENDING","Concrete non-placeholder value","Open non-blocked field"
"MEDIUM","closure_sync_2026-04-12","C:\Projects\MindLab_Starter_Project\docs\planning\kids_certified\01_governance\closure_sync_2026-04-12\governance_exact_path_scan_execution_log.csv","","ExecutionStatus","PENDING","Concrete non-placeholder value","Open non-blocked field"
"MEDIUM","closure_sync_2026-04-12","C:\Projects\MindLab_Starter_Project\docs\planning\kids_certified\01_governance\closure_sync_2026-04-12\governance_exact_path_suggestions.csv","","CandidatePath","TBD","Concrete non-placeholder value","Open non-blocked field"
"MEDIUM","closure_sync_2026-04-12","C:\Projects\MindLab_Starter_Project\docs\planning\kids_certified\01_governance\closure_sync_2026-04-12\governance_exact_path_suggestions.csv","","CandidatePath","TBD","Concrete non-placeholder value","Open non-blocked field"
"MEDIUM","closure_sync_2026-04-12","C:\Projects\MindLab_Starter_Project\docs\planning\kids_certified\01_governance\closure_sync_2026-04-12\governance_exact_path_suggestions.csv","","CandidatePath","TBD","Concrete non-placeholder value","Open non-blocked field"
"MEDIUM","closure_sync_2026-04-12","C:\Projects\MindLab_Starter_Project\docs\planning\kids_certified\01_governance\closure_sync_2026-04-12\governance_exact_path_suggestions.csv","","SuggestedPath1","TBD","Concrete non-placeholder value","Open non-blocked field"
"MEDIUM","closure_sync_2026-04-12","C:\Projects\MindLab_Starter_Project\docs\planning\kids_certified\01_governance\closure_sync_2026-04-12\governance_exact_path_suggestions.csv","","SuggestedPath1","TBD","Concrete non-placeholder value","Open non-blocked field"
"MEDIUM","closure_sync_2026-04-12","C:\Projects\MindLab_Starter_Project\docs\planning\kids_certified\01_governance\closure_sync_2026-04-12\governance_exact_path_suggestions.csv","","SuggestedPath1","TBD","Concrete non-placeholder value","Open non-blocked field"
"MEDIUM","closure_sync_2026-04-12","C:\Projects\MindLab_Starter_Project\docs\planning\kids_certified\01_governance\closure_sync_2026-04-12\governance_exact_path_suggestions.csv","","SuggestedPath2","TBD","Concrete non-placeholder value","Open non-blocked field"
"MEDIUM","closure_sync_2026-04-12","C:\Projects\MindLab_Starter_Project\docs\planning\kids_certified\01_governance\closure_sync_2026-04-12\governance_exact_path_suggestions.csv","","SuggestedPath2","TBD","Concrete non-placeholder value","Open non-blocked field"
"MEDIUM","closure_sync_2026-04-12","C:\Projects\MindLab_Starter_Project\docs\planning\kids_certified\01_governance\closure_sync_2026-04-12\governance_exact_path_suggestions.csv","","SuggestedPath2","TBD","Concrete non-placeholder value","Open non-blocked field"
"MEDIUM","closure_sync_2026-04-12","C:\Projects\MindLab_Starter_Project\docs\planning\kids_certified\01_governance\closure_sync_2026-04-12\governance_exact_path_suggestions.csv","","SuggestedPath3","TBD","Concrete non-placeholder value","Open non-blocked field"
"MEDIUM","closure_sync_2026-04-12","C:\Projects\MindLab_Starter_Project\docs\planning\kids_certified\01_governance\closure_sync_2026-04-12\governance_exact_path_suggestions.csv","","SuggestedPath3","TBD","Concrete non-placeholder value","Open non-blocked field"
"MEDIUM","closure_sync_2026-04-12","C:\Projects\MindLab_Starter_Project\docs\planning\kids_certified\01_governance\closure_sync_2026-04-12\governance_exact_path_suggestions.csv","","SuggestedPath3","TBD","Concrete non-placeholder value","Open non-blocked field"
"MEDIUM","closure_sync_2026-04-12","C:\Projects\MindLab_Starter_Project\docs\planning\kids_certified\01_governance\closure_sync_2026-04-12\governance_exact_path_verification_queue.csv","","CandidatePath","TBD","Concrete non-placeholder value","Open non-blocked field"
"MEDIUM","closure_sync_2026-04-12","C:\Projects\MindLab_Starter_Project\docs\planning\kids_certified\01_governance\closure_sync_2026-04-12\governance_exact_path_verification_queue.csv","","CandidatePath","TBD","Concrete non-placeholder value","Open non-blocked field"
"MEDIUM","closure_sync_2026-04-12","C:\Projects\MindLab_Starter_Project\docs\planning\kids_certified\01_governance\closure_sync_2026-04-12\governance_exact_path_verification_queue.csv","","CandidatePath","TBD","Concrete non-placeholder value","Open non-blocked field"
"MEDIUM","closure_sync_2026-04-12","C:\Projects\MindLab_Starter_Project\docs\planning\kids_certified\01_governance\closure_sync_2026-04-12\governance_exact_path_verification_queue.csv","","VerifiedBy","TBD","Concrete non-placeholder value","Open non-blocked field"
"MEDIUM","closure_sync_2026-04-12","C:\Projects\MindLab_Starter_Project\docs\planning\kids_certified\01_governance\closure_sync_2026-04-12\governance_exact_path_verification_queue.csv","","VerifiedBy","TBD","Concrete non-placeholder value","Open non-blocked field"
"MEDIUM","closure_sync_2026-04-12","C:\Projects\MindLab_Starter_Project\docs\planning\kids_certified\01_governance\closure_sync_2026-04-12\governance_exact_path_verification_queue.csv","","VerifiedBy","TBD","Concrete non-placeholder value","Open non-blocked field"
"MEDIUM","closure_sync_2026-04-12","C:\Projects\MindLab_Starter_Project\docs\planning\kids_certified\01_governance\closure_sync_2026-04-12\governance_fallback_auto_resolution_audit.csv","","CandidatePath","TBD","Concrete non-placeholder value","Open non-blocked field"
"MEDIUM","closure_sync_2026-04-12","C:\Projects\MindLab_Starter_Project\docs\planning\kids_certified\01_governance\closure_sync_2026-04-12\governance_fallback_auto_resolution_audit.csv","","CandidatePath","TBD","Concrete non-placeholder value","Open non-blocked field"
"MEDIUM","closure_sync_2026-04-12","C:\Projects\MindLab_Starter_Project\docs\planning\kids_certified\01_governance\closure_sync_2026-04-12\governance_fallback_auto_resolution_audit.csv","","CandidatePath","TBD","Concrete non-placeholder value","Open non-blocked field"
"MEDIUM","closure_sync_2026-04-12","C:\Projects\MindLab_Starter_Project\docs\planning\kids_certified\01_governance\closure_sync_2026-04-12\governance_fallback_auto_resolution_audit.csv","","ProposedPath","","Concrete non-placeholder value","Open non-blocked field"
"MEDIUM","closure_sync_2026-04-12","C:\Projects\MindLab_Starter_Project\docs\planning\kids_certified\01_governance\closure_sync_2026-04-12\governance_fallback_auto_resolution_audit.csv","","ProposedPath","","Concrete non-placeholder value","Open non-blocked field"
"MEDIUM","closure_sync_2026-04-12","C:\Projects\MindLab_Starter_Project\docs\planning\kids_certified\01_governance\closure_sync_2026-04-12\governance_fallback_auto_resolution_audit.csv","","ProposedPath","","Concrete non-placeholder value","Open non-blocked field"
"MEDIUM","closure_sync_2026-04-12","C:\Projects\MindLab_Starter_Project\docs\planning\kids_certified\01_governance\closure_sync_2026-04-12\governance_fallback_auto_resolution_audit.csv","","ProposedScore","","Concrete non-placeholder value","Open non-blocked field"
"MEDIUM","closure_sync_2026-04-12","C:\Projects\MindLab_Starter_Project\docs\planning\kids_certified\01_governance\closure_sync_2026-04-12\governance_fallback_auto_resolution_audit.csv","","ProposedScore","","Concrete non-placeholder value","Open non-blocked field"
"MEDIUM","closure_sync_2026-04-12","C:\Projects\MindLab_Starter_Project\docs\planning\kids_certified\01_governance\closure_sync_2026-04-12\governance_fallback_auto_resolution_audit.csv","","ProposedScore","","Concrete non-placeholder value","Open non-blocked field"
"MEDIUM","closure_sync_2026-04-12","C:\Projects\MindLab_Starter_Project\docs\planning\kids_certified\01_governance\closure_sync_2026-04-12\governance_final_unresolved_blockers.csv","ApprovalRecord","CandidatePath","TBD","Concrete non-placeholder value","Open non-blocked field"
"MEDIUM","closure_sync_2026-04-12","C:\Projects\MindLab_Starter_Project\docs\planning\kids_certified\01_governance\closure_sync_2026-04-12\governance_final_unresolved_blockers.csv","ApprovalRecord","ExactPath","TBD","Concrete non-placeholder value","Open non-blocked field"
"MEDIUM","closure_sync_2026-04-12","C:\Projects\MindLab_Starter_Project\docs\planning\kids_certified\01_governance\closure_sync_2026-04-12\governance_final_unresolved_blockers.csv","GovernancePackNotes","CandidatePath","TBD","Concrete non-placeholder value","Open non-blocked field"
"MEDIUM","closure_sync_2026-04-12","C:\Projects\MindLab_Starter_Project\docs\planning\kids_certified\01_governance\closure_sync_2026-04-12\governance_final_unresolved_blockers.csv","GovernancePackNotes","ExactPath","TBD","Concrete non-placeholder value","Open non-blocked field"
"MEDIUM","closure_sync_2026-04-12","C:\Projects\MindLab_Starter_Project\docs\planning\kids_certified\01_governance\closure_sync_2026-04-12\governance_final_unresolved_blockers.csv","RoadmapFacingSourceDocs","CandidatePath","TBD","Concrete non-placeholder value","Open non-blocked field"
"MEDIUM","closure_sync_2026-04-12","C:\Projects\MindLab_Starter_Project\docs\planning\kids_certified\01_governance\closure_sync_2026-04-12\governance_final_unresolved_blockers.csv","RoadmapFacingSourceDocs","ExactPath","TBD","Concrete non-placeholder value","Open non-blocked field"
"MEDIUM","closure_sync_2026-04-12","C:\Projects\MindLab_Starter_Project\docs\planning\kids_certified\01_governance\closure_sync_2026-04-12\governance_manual_exact_path_intake.csv","","CandidatePath","TBD","Concrete non-placeholder value","Open non-blocked field"
"MEDIUM","closure_sync_2026-04-12","C:\Projects\MindLab_Starter_Project\docs\planning\kids_certified\01_governance\closure_sync_2026-04-12\governance_manual_exact_path_intake.csv","","CandidatePath","TBD","Concrete non-placeholder value","Open non-blocked field"
"MEDIUM","closure_sync_2026-04-12","C:\Projects\MindLab_Starter_Project\docs\planning\kids_certified\01_governance\closure_sync_2026-04-12\governance_manual_exact_path_intake.csv","","CandidatePath","TBD","Concrete non-placeholder value","Open non-blocked field"
"MEDIUM","closure_sync_2026-04-12","C:\Projects\MindLab_Starter_Project\docs\planning\kids_certified\01_governance\closure_sync_2026-04-12\governance_manual_exact_path_selection.csv","","CandidatePath","TBD","Concrete non-placeholder value","Open non-blocked field"
"MEDIUM","closure_sync_2026-04-12","C:\Projects\MindLab_Starter_Project\docs\planning\kids_certified\01_governance\closure_sync_2026-04-12\governance_manual_exact_path_selection.csv","","CandidatePath","TBD","Concrete non-placeholder value","Open non-blocked field"
"MEDIUM","closure_sync_2026-04-12","C:\Projects\MindLab_Starter_Project\docs\planning\kids_certified\01_governance\closure_sync_2026-04-12\governance_manual_exact_path_selection.csv","","CandidatePath","TBD","Concrete non-placeholder value","Open non-blocked field"
"MEDIUM","closure_sync_2026-04-12","C:\Projects\MindLab_Starter_Project\docs\planning\kids_certified\01_governance\closure_sync_2026-04-12\governance_manual_exact_path_selection.csv","","SelectedManualPath","TBD","Concrete non-placeholder value","Open non-blocked field"
"MEDIUM","closure_sync_2026-04-12","C:\Projects\MindLab_Starter_Project\docs\planning\kids_certified\01_governance\closure_sync_2026-04-12\governance_manual_exact_path_selection.csv","","SelectedManualPath","TBD","Concrete non-placeholder value","Open non-blocked field"
"MEDIUM","closure_sync_2026-04-12","C:\Projects\MindLab_Starter_Project\docs\planning\kids_certified\01_governance\closure_sync_2026-04-12\governance_manual_exact_path_selection.csv","","SelectedManualPath","TBD","Concrete non-placeholder value","Open non-blocked field"
"MEDIUM","closure_sync_2026-04-12","C:\Projects\MindLab_Starter_Project\docs\planning\kids_certified\01_governance\closure_sync_2026-04-12\governance_manual_exact_path_selection.csv","","SelectionStatus","PENDING","Concrete non-placeholder value","Open non-blocked field"
"MEDIUM","closure_sync_2026-04-12","C:\Projects\MindLab_Starter_Project\docs\planning\kids_certified\01_governance\closure_sync_2026-04-12\governance_manual_exact_path_selection.csv","","SelectionStatus","PENDING","Concrete non-placeholder value","Open non-blocked field"
"MEDIUM","closure_sync_2026-04-12","C:\Projects\MindLab_Starter_Project\docs\planning\kids_certified\01_governance\closure_sync_2026-04-12\governance_manual_exact_path_selection.csv","","SelectionStatus","PENDING","Concrete non-placeholder value","Open non-blocked field"
"MEDIUM","closure_sync_2026-04-12","C:\Projects\MindLab_Starter_Project\docs\planning\kids_certified\01_governance\closure_sync_2026-04-12\governance_manual_exact_path_selection.csv","","SuggestedPath1","TBD","Concrete non-placeholder value","Open non-blocked field"
"MEDIUM","closure_sync_2026-04-12","C:\Projects\MindLab_Starter_Project\docs\planning\kids_certified\01_governance\closure_sync_2026-04-12\governance_manual_exact_path_selection.csv","","SuggestedPath1","TBD","Concrete non-placeholder value","Open non-blocked field"
"MEDIUM","closure_sync_2026-04-12","C:\Projects\MindLab_Starter_Project\docs\planning\kids_certified\01_governance\closure_sync_2026-04-12\governance_manual_exact_path_selection.csv","","SuggestedPath1","TBD","Concrete non-placeholder value","Open non-blocked field"
"MEDIUM","closure_sync_2026-04-12","C:\Projects\MindLab_Starter_Project\docs\planning\kids_certified\01_governance\closure_sync_2026-04-12\governance_manual_exact_path_selection.csv","","SuggestedPath2","TBD","Concrete non-placeholder value","Open non-blocked field"
"MEDIUM","closure_sync_2026-04-12","C:\Projects\MindLab_Starter_Project\docs\planning\kids_certified\01_governance\closure_sync_2026-04-12\governance_manual_exact_path_selection.csv","","SuggestedPath2","TBD","Concrete non-placeholder value","Open non-blocked field"
"MEDIUM","closure_sync_2026-04-12","C:\Projects\MindLab_Starter_Project\docs\planning\kids_certified\01_governance\closure_sync_2026-04-12\governance_manual_exact_path_selection.csv","","SuggestedPath2","TBD","Concrete non-placeholder value","Open non-blocked field"
"MEDIUM","closure_sync_2026-04-12","C:\Projects\MindLab_Starter_Project\docs\planning\kids_certified\01_governance\closure_sync_2026-04-12\governance_manual_exact_path_selection.csv","","SuggestedPath3","TBD","Concrete non-placeholder value","Open non-blocked field"
"MEDIUM","closure_sync_2026-04-12","C:\Projects\MindLab_Starter_Project\docs\planning\kids_certified\01_governance\closure_sync_2026-04-12\governance_manual_exact_path_selection.csv","","SuggestedPath3","TBD","Concrete non-placeholder value","Open non-blocked field"
"MEDIUM","closure_sync_2026-04-12","C:\Projects\MindLab_Starter_Project\docs\planning\kids_certified\01_governance\closure_sync_2026-04-12\governance_manual_exact_path_selection.csv","","SuggestedPath3","TBD","Concrete non-placeholder value","Open non-blocked field"
"MEDIUM","closure_sync_2026-04-12","C:\Projects\MindLab_Starter_Project\docs\planning\kids_certified\01_governance\closure_sync_2026-04-12\governance_no_match_blockers.csv","","CandidatePath","TBD","Concrete non-placeholder value","Open non-blocked field"
"MEDIUM","closure_sync_2026-04-12","C:\Projects\MindLab_Starter_Project\docs\planning\kids_certified\01_governance\closure_sync_2026-04-12\governance_no_match_blockers.csv","","CandidatePath","TBD","Concrete non-placeholder value","Open non-blocked field"
"MEDIUM","closure_sync_2026-04-12","C:\Projects\MindLab_Starter_Project\docs\planning\kids_certified\01_governance\closure_sync_2026-04-12\governance_no_match_blockers.csv","","CandidatePath","TBD","Concrete non-placeholder value","Open non-blocked field"
"MEDIUM","closure_sync_2026-04-12","C:\Projects\MindLab_Starter_Project\docs\planning\kids_certified\01_governance\closure_sync_2026-04-12\governance_selected_path_fill_template.csv","","FillStatus","PENDING","Concrete non-placeholder value","Open non-blocked field"
"MEDIUM","closure_sync_2026-04-12","C:\Projects\MindLab_Starter_Project\docs\planning\kids_certified\01_governance\closure_sync_2026-04-12\governance_selected_path_fill_template.csv","","FillStatus","PENDING","Concrete non-placeholder value","Open non-blocked field"
"MEDIUM","closure_sync_2026-04-12","C:\Projects\MindLab_Starter_Project\docs\planning\kids_certified\01_governance\closure_sync_2026-04-12\governance_selected_path_fill_template.csv","","FillStatus","PENDING","Concrete non-placeholder value","Open non-blocked field"
"MEDIUM","closure_sync_2026-04-12","C:\Projects\MindLab_Starter_Project\docs\planning\kids_certified\01_governance\closure_sync_2026-04-12\governance_selected_path_fill_template.csv","","ReplacementPath","TBD","Concrete non-placeholder value","Open non-blocked field"
"MEDIUM","closure_sync_2026-04-12","C:\Projects\MindLab_Starter_Project\docs\planning\kids_certified\01_governance\closure_sync_2026-04-12\governance_selected_path_fill_template.csv","","ReplacementPath","TBD","Concrete non-placeholder value","Open non-blocked field"
"MEDIUM","closure_sync_2026-04-12","C:\Projects\MindLab_Starter_Project\docs\planning\kids_certified\01_governance\closure_sync_2026-04-12\governance_selected_path_fill_template.csv","","ReplacementPath","TBD","Concrete non-placeholder value","Open non-blocked field"
"MEDIUM","closure_sync_2026-04-12","C:\Projects\MindLab_Starter_Project\docs\planning\kids_certified\01_governance\closure_sync_2026-04-12\governance_selected_path_fill_template.csv","","SelectedPath","TBD","Concrete non-placeholder value","Open non-blocked field"
"MEDIUM","closure_sync_2026-04-12","C:\Projects\MindLab_Starter_Project\docs\planning\kids_certified\01_governance\closure_sync_2026-04-12\governance_selected_path_fill_template.csv","","SelectedPath","TBD","Concrete non-placeholder value","Open non-blocked field"
"MEDIUM","closure_sync_2026-04-12","C:\Projects\MindLab_Starter_Project\docs\planning\kids_certified\01_governance\closure_sync_2026-04-12\governance_selected_path_fill_template.csv","","SelectedPath","TBD","Concrete non-placeholder value","Open non-blocked field"
"MEDIUM","closure_sync_2026-04-12","C:\Projects\MindLab_Starter_Project\docs\planning\kids_certified\01_governance\closure_sync_2026-04-12\governance_selected_target_manifest.csv","","SelectedPath","TBD","Concrete non-placeholder value","Open non-blocked field"
"MEDIUM","closure_sync_2026-04-12","C:\Projects\MindLab_Starter_Project\docs\planning\kids_certified\01_governance\closure_sync_2026-04-12\governance_selected_target_manifest.csv","","SelectedPath","TBD","Concrete non-placeholder value","Open non-blocked field"
"MEDIUM","closure_sync_2026-04-12","C:\Projects\MindLab_Starter_Project\docs\planning\kids_certified\01_governance\closure_sync_2026-04-12\governance_selected_target_manifest.csv","","SelectedPath","TBD","Concrete non-placeholder value","Open non-blocked field"
"MEDIUM","closure_sync_2026-04-12","C:\Projects\MindLab_Starter_Project\docs\planning\kids_certified\01_governance\closure_sync_2026-04-12\governance_selected_target_manifest.csv","","SelectionStatus","PENDING","Concrete non-placeholder value","Open non-blocked field"
"MEDIUM","closure_sync_2026-04-12","C:\Projects\MindLab_Starter_Project\docs\planning\kids_certified\01_governance\closure_sync_2026-04-12\governance_selected_target_manifest.csv","","SelectionStatus","PENDING","Concrete non-placeholder value","Open non-blocked field"
"MEDIUM","closure_sync_2026-04-12","C:\Projects\MindLab_Starter_Project\docs\planning\kids_certified\01_governance\closure_sync_2026-04-12\governance_selected_target_manifest.csv","","SelectionStatus","PENDING","Concrete non-placeholder value","Open non-blocked field"
"MEDIUM","closure_sync_2026-04-12","C:\Projects\MindLab_Starter_Project\docs\planning\kids_certified\01_governance\closure_sync_2026-04-12\governance_selected_target_population.csv","","PopulatedBy","TBD","Concrete non-placeholder value","Open non-blocked field"
"MEDIUM","closure_sync_2026-04-12","C:\Projects\MindLab_Starter_Project\docs\planning\kids_certified\01_governance\closure_sync_2026-04-12\governance_selected_target_population.csv","","PopulatedBy","TBD","Concrete non-placeholder value","Open non-blocked field"
"MEDIUM","closure_sync_2026-04-12","C:\Projects\MindLab_Starter_Project\docs\planning\kids_certified\01_governance\closure_sync_2026-04-12\governance_selected_target_population.csv","","PopulatedBy","TBD","Concrete non-placeholder value","Open non-blocked field"
"MEDIUM","closure_sync_2026-04-12","C:\Projects\MindLab_Starter_Project\docs\planning\kids_certified\01_governance\closure_sync_2026-04-12\governance_selected_target_population.csv","","PopulationDate","TBD","Concrete non-placeholder value","Open non-blocked field"
"MEDIUM","closure_sync_2026-04-12","C:\Projects\MindLab_Starter_Project\docs\planning\kids_certified\01_governance\closure_sync_2026-04-12\governance_selected_target_population.csv","","PopulationDate","TBD","Concrete non-placeholder value","Open non-blocked field"
"MEDIUM","closure_sync_2026-04-12","C:\Projects\MindLab_Starter_Project\docs\planning\kids_certified\01_governance\closure_sync_2026-04-12\governance_selected_target_population.csv","","PopulationDate","TBD","Concrete non-placeholder value","Open non-blocked field"
"MEDIUM","closure_sync_2026-04-12","C:\Projects\MindLab_Starter_Project\docs\planning\kids_certified\01_governance\closure_sync_2026-04-12\governance_selected_target_population.csv","","PopulationStatus","PENDING","Concrete non-placeholder value","Open non-blocked field"
"MEDIUM","closure_sync_2026-04-12","C:\Projects\MindLab_Starter_Project\docs\planning\kids_certified\01_governance\closure_sync_2026-04-12\governance_selected_target_population.csv","","PopulationStatus","PENDING","Concrete non-placeholder value","Open non-blocked field"
"MEDIUM","closure_sync_2026-04-12","C:\Projects\MindLab_Starter_Project\docs\planning\kids_certified\01_governance\closure_sync_2026-04-12\governance_selected_target_population.csv","","PopulationStatus","PENDING","Concrete non-placeholder value","Open non-blocked field"
"MEDIUM","closure_sync_2026-04-12","C:\Projects\MindLab_Starter_Project\docs\planning\kids_certified\01_governance\closure_sync_2026-04-12\governance_selected_target_population.csv","","SelectedPath","TBD","Concrete non-placeholder value","Open non-blocked field"
"MEDIUM","closure_sync_2026-04-12","C:\Projects\MindLab_Starter_Project\docs\planning\kids_certified\01_governance\closure_sync_2026-04-12\governance_selected_target_population.csv","","SelectedPath","TBD","Concrete non-placeholder value","Open non-blocked field"
"MEDIUM","closure_sync_2026-04-12","C:\Projects\MindLab_Starter_Project\docs\planning\kids_certified\01_governance\closure_sync_2026-04-12\governance_selected_target_population.csv","","SelectedPath","TBD","Concrete non-placeholder value","Open non-blocked field"
"MEDIUM","closure_sync_2026-04-12","C:\Projects\MindLab_Starter_Project\docs\planning\kids_certified\01_governance\closure_sync_2026-04-12\governance_shortlist_decision_log.csv","","DecisionReason","TBD","Concrete non-placeholder value","Open non-blocked field"
"MEDIUM","closure_sync_2026-04-12","C:\Projects\MindLab_Starter_Project\docs\planning\kids_certified\01_governance\closure_sync_2026-04-12\governance_shortlist_decision_log.csv","","DecisionReason","TBD","Concrete non-placeholder value","Open non-blocked field"
"MEDIUM","closure_sync_2026-04-12","C:\Projects\MindLab_Starter_Project\docs\planning\kids_certified\01_governance\closure_sync_2026-04-12\governance_shortlist_decision_log.csv","","DecisionReason","TBD","Concrete non-placeholder value","Open non-blocked field"
"MEDIUM","closure_sync_2026-04-12","C:\Projects\MindLab_Starter_Project\docs\planning\kids_certified\01_governance\closure_sync_2026-04-12\governance_shortlist_decision_log.csv","","DecisionReason","TBD","Concrete non-placeholder value","Open non-blocked field"
"MEDIUM","closure_sync_2026-04-12","C:\Projects\MindLab_Starter_Project\docs\planning\kids_certified\01_governance\closure_sync_2026-04-12\governance_shortlist_decision_log.csv","","DecisionReason","TBD","Concrete non-placeholder value","Open non-blocked field"
"MEDIUM","closure_sync_2026-04-12","C:\Projects\MindLab_Starter_Project\docs\planning\kids_certified\01_governance\closure_sync_2026-04-12\governance_shortlist_decision_log.csv","","DecisionReason","TBD","Concrete non-placeholder value","Open non-blocked field"
"MEDIUM","closure_sync_2026-04-12","C:\Projects\MindLab_Starter_Project\docs\planning\kids_certified\01_governance\closure_sync_2026-04-12\governance_shortlist_decision_log.csv","","DecisionReason","TBD","Concrete non-placeholder value","Open non-blocked field"
"MEDIUM","closure_sync_2026-04-12","C:\Projects\MindLab_Starter_Project\docs\planning\kids_certified\01_governance\closure_sync_2026-04-12\governance_shortlist_decision_log.csv","","DecisionReason","TBD","Concrete non-placeholder value","Open non-blocked field"
"MEDIUM","closure_sync_2026-04-12","C:\Projects\MindLab_Starter_Project\docs\planning\kids_certified\01_governance\closure_sync_2026-04-12\governance_shortlist_decision_log.csv","","DecisionReason","TBD","Concrete non-placeholder value","Open non-blocked field"
"MEDIUM","closure_sync_2026-04-12","C:\Projects\MindLab_Starter_Project\docs\planning\kids_certified\01_governance\closure_sync_2026-04-12\governance_shortlist_decision_log.csv","","DecisionReason","TBD","Concrete non-placeholder value","Open non-blocked field"
"MEDIUM","closure_sync_2026-04-12","C:\Projects\MindLab_Starter_Project\docs\planning\kids_certified\01_governance\closure_sync_2026-04-12\governance_shortlist_decision_log.csv","","DecisionReason","TBD","Concrete non-placeholder value","Open non-blocked field"
"MEDIUM","closure_sync_2026-04-12","C:\Projects\MindLab_Starter_Project\docs\planning\kids_certified\01_governance\closure_sync_2026-04-12\governance_shortlist_decision_log.csv","","DecisionReason","TBD","Concrete non-placeholder value","Open non-blocked field"
"MEDIUM","closure_sync_2026-04-12","C:\Projects\MindLab_Starter_Project\docs\planning\kids_certified\01_governance\closure_sync_2026-04-12\governance_shortlist_decision_log.csv","","DecisionReason","TBD","Concrete non-placeholder value","Open non-blocked field"
"MEDIUM","closure_sync_2026-04-12","C:\Projects\MindLab_Starter_Project\docs\planning\kids_certified\01_governance\closure_sync_2026-04-12\governance_shortlist_decision_log.csv","","DecisionReason","TBD","Concrete non-placeholder value","Open non-blocked field"
"MEDIUM","closure_sync_2026-04-12","C:\Projects\MindLab_Starter_Project\docs\planning\kids_certified\01_governance\closure_sync_2026-04-12\governance_shortlist_decision_log.csv","","DecisionReason","TBD","Concrete non-placeholder value","Open non-blocked field"
"MEDIUM","closure_sync_2026-04-12","C:\Projects\MindLab_Starter_Project\docs\planning\kids_certified\01_governance\closure_sync_2026-04-12\governance_shortlist_decision_log.csv","","DecisionReason","TBD","Concrete non-placeholder value","Open non-blocked field"
"MEDIUM","closure_sync_2026-04-12","C:\Projects\MindLab_Starter_Project\docs\planning\kids_certified\01_governance\closure_sync_2026-04-12\governance_shortlist_decision_log.csv","","DecisionReason","TBD","Concrete non-placeholder value","Open non-blocked field"
"MEDIUM","closure_sync_2026-04-12","C:\Projects\MindLab_Starter_Project\docs\planning\kids_certified\01_governance\closure_sync_2026-04-12\governance_shortlist_decision_log.csv","","DecisionReason","TBD","Concrete non-placeholder value","Open non-blocked field"
"MEDIUM","closure_sync_2026-04-12","C:\Projects\MindLab_Starter_Project\docs\planning\kids_certified\01_governance\closure_sync_2026-04-12\governance_shortlist_decision_log.csv","","DecisionReason","TBD","Concrete non-placeholder value","Open non-blocked field"
"MEDIUM","closure_sync_2026-04-12","C:\Projects\MindLab_Starter_Project\docs\planning\kids_certified\01_governance\closure_sync_2026-04-12\governance_shortlist_decision_log.csv","","DecisionReason","TBD","Concrete non-placeholder value","Open non-blocked field"
"MEDIUM","closure_sync_2026-04-12","C:\Projects\MindLab_Starter_Project\docs\planning\kids_certified\01_governance\closure_sync_2026-04-12\governance_shortlist_decision_log.csv","","DecisionReason","TBD","Concrete non-placeholder value","Open non-blocked field"
"MEDIUM","closure_sync_2026-04-12","C:\Projects\MindLab_Starter_Project\docs\planning\kids_certified\01_governance\closure_sync_2026-04-12\governance_shortlist_decision_log.csv","","DecisionReason","TBD","Concrete non-placeholder value","Open non-blocked field"
"MEDIUM","closure_sync_2026-04-12","C:\Projects\MindLab_Starter_Project\docs\planning\kids_certified\01_governance\closure_sync_2026-04-12\governance_shortlist_decision_log.csv","","DecisionReason","TBD","Concrete non-placeholder value","Open non-blocked field"
"MEDIUM","closure_sync_2026-04-12","C:\Projects\MindLab_Starter_Project\docs\planning\kids_certified\01_governance\closure_sync_2026-04-12\governance_shortlist_decision_log.csv","","DecisionReason","TBD","Concrete non-placeholder value","Open non-blocked field"
"MEDIUM","closure_sync_2026-04-12","C:\Projects\MindLab_Starter_Project\docs\planning\kids_certified\01_governance\closure_sync_2026-04-12\governance_shortlist_decision_log.csv","","DecisionReason","TBD","Concrete non-placeholder value","Open non-blocked field"
"MEDIUM","closure_sync_2026-04-12","C:\Projects\MindLab_Starter_Project\docs\planning\kids_certified\01_governance\closure_sync_2026-04-12\governance_shortlist_decision_log.csv","","DecisionStatus","PENDING","Concrete non-placeholder value","Open non-blocked field"
"MEDIUM","closure_sync_2026-04-12","C:\Projects\MindLab_Starter_Project\docs\planning\kids_certified\01_governance\closure_sync_2026-04-12\governance_shortlist_decision_log.csv","","DecisionStatus","PENDING","Concrete non-placeholder value","Open non-blocked field"
"MEDIUM","closure_sync_2026-04-12","C:\Projects\MindLab_Starter_Project\docs\planning\kids_certified\01_governance\closure_sync_2026-04-12\governance_shortlist_decision_log.csv","","DecisionStatus","PENDING","Concrete non-placeholder value","Open non-blocked field"
"MEDIUM","closure_sync_2026-04-12","C:\Projects\MindLab_Starter_Project\docs\planning\kids_certified\01_governance\closure_sync_2026-04-12\governance_shortlist_decision_log.csv","","DecisionStatus","PENDING","Concrete non-placeholder value","Open non-blocked field"
"MEDIUM","closure_sync_2026-04-12","C:\Projects\MindLab_Starter_Project\docs\planning\kids_certified\01_governance\closure_sync_2026-04-12\governance_shortlist_decision_log.csv","","DecisionStatus","PENDING","Concrete non-placeholder value","Open non-blocked field"
"MEDIUM","closure_sync_2026-04-12","C:\Projects\MindLab_Starter_Project\docs\planning\kids_certified\01_governance\closure_sync_2026-04-12\governance_shortlist_decision_log.csv","","DecisionStatus","PENDING","Concrete non-placeholder value","Open non-blocked field"
"MEDIUM","closure_sync_2026-04-12","C:\Projects\MindLab_Starter_Project\docs\planning\kids_certified\01_governance\closure_sync_2026-04-12\governance_shortlist_decision_log.csv","","DecisionStatus","PENDING","Concrete non-placeholder value","Open non-blocked field"
"MEDIUM","closure_sync_2026-04-12","C:\Projects\MindLab_Starter_Project\docs\planning\kids_certified\01_governance\closure_sync_2026-04-12\governance_shortlist_decision_log.csv","","DecisionStatus","PENDING","Concrete non-placeholder value","Open non-blocked field"
"MEDIUM","closure_sync_2026-04-12","C:\Projects\MindLab_Starter_Project\docs\planning\kids_certified\01_governance\closure_sync_2026-04-12\governance_shortlist_decision_log.csv","","DecisionStatus","PENDING","Concrete non-placeholder value","Open non-blocked field"
"MEDIUM","closure_sync_2026-04-12","C:\Projects\MindLab_Starter_Project\docs\planning\kids_certified\01_governance\closure_sync_2026-04-12\governance_shortlist_decision_log.csv","","DecisionStatus","PENDING","Concrete non-placeholder value","Open non-blocked field"
"MEDIUM","closure_sync_2026-04-12","C:\Projects\MindLab_Starter_Project\docs\planning\kids_certified\01_governance\closure_sync_2026-04-12\governance_shortlist_decision_log.csv","","DecisionStatus","PENDING","Concrete non-placeholder value","Open non-blocked field"
"MEDIUM","closure_sync_2026-04-12","C:\Projects\MindLab_Starter_Project\docs\planning\kids_certified\01_governance\closure_sync_2026-04-12\governance_shortlist_decision_log.csv","","DecisionStatus","PENDING","Concrete non-placeholder value","Open non-blocked field"
"MEDIUM","closure_sync_2026-04-12","C:\Projects\MindLab_Starter_Project\docs\planning\kids_certified\01_governance\closure_sync_2026-04-12\governance_shortlist_decision_log.csv","","DecisionStatus","PENDING","Concrete non-placeholder value","Open non-blocked field"
"MEDIUM","closure_sync_2026-04-12","C:\Projects\MindLab_Starter_Project\docs\planning\kids_certified\01_governance\closure_sync_2026-04-12\governance_shortlist_decision_log.csv","","DecisionStatus","PENDING","Concrete non-placeholder value","Open non-blocked field"
"MEDIUM","closure_sync_2026-04-12","C:\Projects\MindLab_Starter_Project\docs\planning\kids_certified\01_governance\closure_sync_2026-04-12\governance_shortlist_decision_log.csv","","DecisionStatus","PENDING","Concrete non-placeholder value","Open non-blocked field"
"MEDIUM","closure_sync_2026-04-12","C:\Projects\MindLab_Starter_Project\docs\planning\kids_certified\01_governance\closure_sync_2026-04-12\governance_shortlist_decision_log.csv","","DecisionStatus","PENDING","Concrete non-placeholder value","Open non-blocked field"
"MEDIUM","closure_sync_2026-04-12","C:\Projects\MindLab_Starter_Project\docs\planning\kids_certified\01_governance\closure_sync_2026-04-12\governance_shortlist_decision_log.csv","","DecisionStatus","PENDING","Concrete non-placeholder value","Open non-blocked field"
"MEDIUM","closure_sync_2026-04-12","C:\Projects\MindLab_Starter_Project\docs\planning\kids_certified\01_governance\closure_sync_2026-04-12\governance_shortlist_decision_log.csv","","DecisionStatus","PENDING","Concrete non-placeholder value","Open non-blocked field"
"MEDIUM","closure_sync_2026-04-12","C:\Projects\MindLab_Starter_Project\docs\planning\kids_certified\01_governance\closure_sync_2026-04-12\governance_shortlist_decision_log.csv","","DecisionStatus","PENDING","Concrete non-placeholder value","Open non-blocked field"
"MEDIUM","closure_sync_2026-04-12","C:\Projects\MindLab_Starter_Project\docs\planning\kids_certified\01_governance\closure_sync_2026-04-12\governance_shortlist_decision_log.csv","","DecisionStatus","PENDING","Concrete non-placeholder value","Open non-blocked field"
"MEDIUM","closure_sync_2026-04-12","C:\Projects\MindLab_Starter_Project\docs\planning\kids_certified\01_governance\closure_sync_2026-04-12\governance_shortlist_decision_log.csv","","DecisionStatus","PENDING","Concrete non-placeholder value","Open non-blocked field"
"MEDIUM","closure_sync_2026-04-12","C:\Projects\MindLab_Starter_Project\docs\planning\kids_certified\01_governance\closure_sync_2026-04-12\governance_shortlist_decision_log.csv","","DecisionStatus","PENDING","Concrete non-placeholder value","Open non-blocked field"
"MEDIUM","closure_sync_2026-04-12","C:\Projects\MindLab_Starter_Project\docs\planning\kids_certified\01_governance\closure_sync_2026-04-12\governance_shortlist_decision_log.csv","","DecisionStatus","PENDING","Concrete non-placeholder value","Open non-blocked field"
"MEDIUM","closure_sync_2026-04-12","C:\Projects\MindLab_Starter_Project\docs\planning\kids_certified\01_governance\closure_sync_2026-04-12\governance_shortlist_decision_log.csv","","DecisionStatus","PENDING","Concrete non-placeholder value","Open non-blocked field"
"MEDIUM","closure_sync_2026-04-12","C:\Projects\MindLab_Starter_Project\docs\planning\kids_certified\01_governance\closure_sync_2026-04-12\governance_shortlist_decision_log.csv","","DecisionStatus","PENDING","Concrete non-placeholder value","Open non-blocked field"
"MEDIUM","closure_sync_2026-04-12","C:\Projects\MindLab_Starter_Project\docs\planning\kids_certified\01_governance\closure_sync_2026-04-12\governance_shortlist_decision_log.csv","","SelectedRole","TBD","Concrete non-placeholder value","Open non-blocked field"
"MEDIUM","closure_sync_2026-04-12","C:\Projects\MindLab_Starter_Project\docs\planning\kids_certified\01_governance\closure_sync_2026-04-12\governance_shortlist_decision_log.csv","","SelectedRole","TBD","Concrete non-placeholder value","Open non-blocked field"
"MEDIUM","closure_sync_2026-04-12","C:\Projects\MindLab_Starter_Project\docs\planning\kids_certified\01_governance\closure_sync_2026-04-12\governance_shortlist_decision_log.csv","","SelectedRole","TBD","Concrete non-placeholder value","Open non-blocked field"
"MEDIUM","closure_sync_2026-04-12","C:\Projects\MindLab_Starter_Project\docs\planning\kids_certified\01_governance\closure_sync_2026-04-12\governance_shortlist_decision_log.csv","","SelectedRole","TBD","Concrete non-placeholder value","Open non-blocked field"
"MEDIUM","closure_sync_2026-04-12","C:\Projects\MindLab_Starter_Project\docs\planning\kids_certified\01_governance\closure_sync_2026-04-12\governance_shortlist_decision_log.csv","","SelectedRole","TBD","Concrete non-placeholder value","Open non-blocked field"
"MEDIUM","closure_sync_2026-04-12","C:\Projects\MindLab_Starter_Project\docs\planning\kids_certified\01_governance\closure_sync_2026-04-12\governance_shortlist_decision_log.csv","","SelectedRole","TBD","Concrete non-placeholder value","Open non-blocked field"
"MEDIUM","closure_sync_2026-04-12","C:\Projects\MindLab_Starter_Project\docs\planning\kids_certified\01_governance\closure_sync_2026-04-12\governance_shortlist_decision_log.csv","","SelectedRole","TBD","Concrete non-placeholder value","Open non-blocked field"
"MEDIUM","closure_sync_2026-04-12","C:\Projects\MindLab_Starter_Project\docs\planning\kids_certified\01_governance\closure_sync_2026-04-12\governance_shortlist_decision_log.csv","","SelectedRole","TBD","Concrete non-placeholder value","Open non-blocked field"
"MEDIUM","closure_sync_2026-04-12","C:\Projects\MindLab_Starter_Project\docs\planning\kids_certified\01_governance\closure_sync_2026-04-12\governance_shortlist_decision_log.csv","","SelectedRole","TBD","Concrete non-placeholder value","Open non-blocked field"
"MEDIUM","closure_sync_2026-04-12","C:\Projects\MindLab_Starter_Project\docs\planning\kids_certified\01_governance\closure_sync_2026-04-12\governance_shortlist_decision_log.csv","","SelectedRole","TBD","Concrete non-placeholder value","Open non-blocked field"
"MEDIUM","closure_sync_2026-04-12","C:\Projects\MindLab_Starter_Project\docs\planning\kids_certified\01_governance\closure_sync_2026-04-12\governance_shortlist_decision_log.csv","","SelectedRole","TBD","Concrete non-placeholder value","Open non-blocked field"
"MEDIUM","closure_sync_2026-04-12","C:\Projects\MindLab_Starter_Project\docs\planning\kids_certified\01_governance\closure_sync_2026-04-12\governance_shortlist_decision_log.csv","","SelectedRole","TBD","Concrete non-placeholder value","Open non-blocked field"
"MEDIUM","closure_sync_2026-04-12","C:\Projects\MindLab_Starter_Project\docs\planning\kids_certified\01_governance\closure_sync_2026-04-12\governance_shortlist_decision_log.csv","","SelectedRole","TBD","Concrete non-placeholder value","Open non-blocked field"
"MEDIUM","closure_sync_2026-04-12","C:\Projects\MindLab_Starter_Project\docs\planning\kids_certified\01_governance\closure_sync_2026-04-12\governance_shortlist_decision_log.csv","","SelectedRole","TBD","Concrete non-placeholder value","Open non-blocked field"
"MEDIUM","closure_sync_2026-04-12","C:\Projects\MindLab_Starter_Project\docs\planning\kids_certified\01_governance\closure_sync_2026-04-12\governance_shortlist_decision_log.csv","","SelectedRole","TBD","Concrete non-placeholder value","Open non-blocked field"
"MEDIUM","closure_sync_2026-04-12","C:\Projects\MindLab_Starter_Project\docs\planning\kids_certified\01_governance\closure_sync_2026-04-12\governance_shortlist_decision_log.csv","","SelectedRole","TBD","Concrete non-placeholder value","Open non-blocked field"
"MEDIUM","closure_sync_2026-04-12","C:\Projects\MindLab_Starter_Project\docs\planning\kids_certified\01_governance\closure_sync_2026-04-12\governance_shortlist_decision_log.csv","","SelectedRole","TBD","Concrete non-placeholder value","Open non-blocked field"
"MEDIUM","closure_sync_2026-04-12","C:\Projects\MindLab_Starter_Project\docs\planning\kids_certified\01_governance\closure_sync_2026-04-12\governance_shortlist_decision_log.csv","","SelectedRole","TBD","Concrete non-placeholder value","Open non-blocked field"
"MEDIUM","closure_sync_2026-04-12","C:\Projects\MindLab_Starter_Project\docs\planning\kids_certified\01_governance\closure_sync_2026-04-12\governance_shortlist_decision_log.csv","","SelectedRole","TBD","Concrete non-placeholder value","Open non-blocked field"
"MEDIUM","closure_sync_2026-04-12","C:\Projects\MindLab_Starter_Project\docs\planning\kids_certified\01_governance\closure_sync_2026-04-12\governance_shortlist_decision_log.csv","","SelectedRole","TBD","Concrete non-placeholder value","Open non-blocked field"
"MEDIUM","closure_sync_2026-04-12","C:\Projects\MindLab_Starter_Project\docs\planning\kids_certified\01_governance\closure_sync_2026-04-12\governance_shortlist_decision_log.csv","","SelectedRole","TBD","Concrete non-placeholder value","Open non-blocked field"
"MEDIUM","closure_sync_2026-04-12","C:\Projects\MindLab_Starter_Project\docs\planning\kids_certified\01_governance\closure_sync_2026-04-12\governance_shortlist_decision_log.csv","","SelectedRole","TBD","Concrete non-placeholder value","Open non-blocked field"
"MEDIUM","closure_sync_2026-04-12","C:\Projects\MindLab_Starter_Project\docs\planning\kids_certified\01_governance\closure_sync_2026-04-12\governance_shortlist_decision_log.csv","","SelectedRole","TBD","Concrete non-placeholder value","Open non-blocked field"
"MEDIUM","closure_sync_2026-04-12","C:\Projects\MindLab_Starter_Project\docs\planning\kids_certified\01_governance\closure_sync_2026-04-12\governance_shortlist_decision_log.csv","","SelectedRole","TBD","Concrete non-placeholder value","Open non-blocked field"
"MEDIUM","closure_sync_2026-04-12","C:\Projects\MindLab_Starter_Project\docs\planning\kids_certified\01_governance\closure_sync_2026-04-12\governance_shortlist_decision_log.csv","","SelectedRole","TBD","Concrete non-placeholder value","Open non-blocked field"
"MEDIUM","closure_sync_2026-04-12","C:\Projects\MindLab_Starter_Project\docs\planning\kids_certified\01_governance\closure_sync_2026-04-12\governance_snapshot_execution_queue.csv","","SnapshotPath","TBD","Concrete non-placeholder value","Open non-blocked field"
"MEDIUM","closure_sync_2026-04-12","C:\Projects\MindLab_Starter_Project\docs\planning\kids_certified\01_governance\closure_sync_2026-04-12\governance_snapshot_execution_queue.csv","","SnapshotPath","TBD","Concrete non-placeholder value","Open non-blocked field"
"MEDIUM","closure_sync_2026-04-12","C:\Projects\MindLab_Starter_Project\docs\planning\kids_certified\01_governance\closure_sync_2026-04-12\governance_snapshot_execution_queue.csv","","SnapshotPath","TBD","Concrete non-placeholder value","Open non-blocked field"
"MEDIUM","closure_sync_2026-04-12","C:\Projects\MindLab_Starter_Project\docs\planning\kids_certified\01_governance\closure_sync_2026-04-12\governance_snapshot_execution_queue.csv","","SnapshotPath","TBD","Concrete non-placeholder value","Open non-blocked field"
"MEDIUM","closure_sync_2026-04-12","C:\Projects\MindLab_Starter_Project\docs\planning\kids_certified\01_governance\closure_sync_2026-04-12\governance_snapshot_execution_queue.csv","","SnapshotPath","TBD","Concrete non-placeholder value","Open non-blocked field"
"MEDIUM","closure_sync_2026-04-12","C:\Projects\MindLab_Starter_Project\docs\planning\kids_certified\01_governance\closure_sync_2026-04-12\governance_snapshot_execution_queue.csv","","SnapshotPath","TBD","Concrete non-placeholder value","Open non-blocked field"
"MEDIUM","closure_sync_2026-04-12","C:\Projects\MindLab_Starter_Project\docs\planning\kids_certified\01_governance\closure_sync_2026-04-12\governance_snapshot_execution_queue.csv","","SnapshotPath","TBD","Concrete non-placeholder value","Open non-blocked field"
"MEDIUM","closure_sync_2026-04-12","C:\Projects\MindLab_Starter_Project\docs\planning\kids_certified\01_governance\closure_sync_2026-04-12\governance_snapshot_execution_queue.csv","","SnapshotPath","TBD","Concrete non-placeholder value","Open non-blocked field"
"MEDIUM","closure_sync_2026-04-12","C:\Projects\MindLab_Starter_Project\docs\planning\kids_certified\01_governance\closure_sync_2026-04-12\governance_snapshot_execution_queue.csv","","SnapshotPath","TBD","Concrete non-placeholder value","Open non-blocked field"
"MEDIUM","closure_sync_2026-04-12","C:\Projects\MindLab_Starter_Project\docs\planning\kids_certified\01_governance\closure_sync_2026-04-12\governance_snapshot_execution_queue.csv","","SnapshotPath","TBD","Concrete non-placeholder value","Open non-blocked field"
"MEDIUM","closure_sync_2026-04-12","C:\Projects\MindLab_Starter_Project\docs\planning\kids_certified\01_governance\closure_sync_2026-04-12\governance_snapshot_execution_queue.csv","","SnapshotStatus","PENDING","Concrete non-placeholder value","Open non-blocked field"
"MEDIUM","closure_sync_2026-04-12","C:\Projects\MindLab_Starter_Project\docs\planning\kids_certified\01_governance\closure_sync_2026-04-12\governance_snapshot_execution_queue.csv","","SnapshotStatus","PENDING","Concrete non-placeholder value","Open non-blocked field"
"MEDIUM","closure_sync_2026-04-12","C:\Projects\MindLab_Starter_Project\docs\planning\kids_certified\01_governance\closure_sync_2026-04-12\governance_snapshot_execution_queue.csv","","SnapshotStatus","PENDING","Concrete non-placeholder value","Open non-blocked field"
"MEDIUM","closure_sync_2026-04-12","C:\Projects\MindLab_Starter_Project\docs\planning\kids_certified\01_governance\closure_sync_2026-04-12\governance_snapshot_execution_queue.csv","","SnapshotStatus","PENDING","Concrete non-placeholder value","Open non-blocked field"
"MEDIUM","closure_sync_2026-04-12","C:\Projects\MindLab_Starter_Project\docs\planning\kids_certified\01_governance\closure_sync_2026-04-12\governance_snapshot_execution_queue.csv","","SnapshotStatus","PENDING","Concrete non-placeholder value","Open non-blocked field"
"MEDIUM","closure_sync_2026-04-12","C:\Projects\MindLab_Starter_Project\docs\planning\kids_certified\01_governance\closure_sync_2026-04-12\governance_snapshot_execution_queue.csv","","SnapshotStatus","PENDING","Concrete non-placeholder value","Open non-blocked field"
"MEDIUM","closure_sync_2026-04-12","C:\Projects\MindLab_Starter_Project\docs\planning\kids_certified\01_governance\closure_sync_2026-04-12\governance_snapshot_execution_queue.csv","","SnapshotStatus","PENDING","Concrete non-placeholder value","Open non-blocked field"
"MEDIUM","closure_sync_2026-04-12","C:\Projects\MindLab_Starter_Project\docs\planning\kids_certified\01_governance\closure_sync_2026-04-12\governance_snapshot_execution_queue.csv","","SnapshotStatus","PENDING","Concrete non-placeholder value","Open non-blocked field"
"MEDIUM","closure_sync_2026-04-12","C:\Projects\MindLab_Starter_Project\docs\planning\kids_certified\01_governance\closure_sync_2026-04-12\governance_snapshot_execution_queue.csv","","SnapshotStatus","PENDING","Concrete non-placeholder value","Open non-blocked field"
"MEDIUM","closure_sync_2026-04-12","C:\Projects\MindLab_Starter_Project\docs\planning\kids_certified\01_governance\closure_sync_2026-04-12\governance_snapshot_execution_queue.csv","","SnapshotStatus","PENDING","Concrete non-placeholder value","Open non-blocked field"
"MEDIUM","closure_sync_2026-04-12","C:\Projects\MindLab_Starter_Project\docs\planning\kids_certified\01_governance\closure_sync_2026-04-12\governance_snapshot_task_queue.csv","","SelectedPath","TBD","Concrete non-placeholder value","Open non-blocked field"
"MEDIUM","closure_sync_2026-04-12","C:\Projects\MindLab_Starter_Project\docs\planning\kids_certified\01_governance\closure_sync_2026-04-12\governance_snapshot_task_queue.csv","","SelectedPath","TBD","Concrete non-placeholder value","Open non-blocked field"
"MEDIUM","closure_sync_2026-04-12","C:\Projects\MindLab_Starter_Project\docs\planning\kids_certified\01_governance\closure_sync_2026-04-12\governance_snapshot_task_queue.csv","","SelectedPath","TBD","Concrete non-placeholder value","Open non-blocked field"
"MEDIUM","closure_sync_2026-04-12","C:\Projects\MindLab_Starter_Project\docs\planning\kids_certified\01_governance\closure_sync_2026-04-12\governance_snapshot_task_queue.csv","","SnapshotPath","TBD","Concrete non-placeholder value","Open non-blocked field"
"MEDIUM","closure_sync_2026-04-12","C:\Projects\MindLab_Starter_Project\docs\planning\kids_certified\01_governance\closure_sync_2026-04-12\governance_snapshot_task_queue.csv","","SnapshotPath","TBD","Concrete non-placeholder value","Open non-blocked field"
"MEDIUM","closure_sync_2026-04-12","C:\Projects\MindLab_Starter_Project\docs\planning\kids_certified\01_governance\closure_sync_2026-04-12\governance_snapshot_task_queue.csv","","SnapshotPath","TBD","Concrete non-placeholder value","Open non-blocked field"
"MEDIUM","closure_sync_2026-04-12","C:\Projects\MindLab_Starter_Project\docs\planning\kids_certified\01_governance\closure_sync_2026-04-12\governance_snapshot_task_queue.csv","","TaskStatus","PENDING","Concrete non-placeholder value","Open non-blocked field"
"MEDIUM","closure_sync_2026-04-12","C:\Projects\MindLab_Starter_Project\docs\planning\kids_certified\01_governance\closure_sync_2026-04-12\governance_snapshot_task_queue.csv","","TaskStatus","PENDING","Concrete non-placeholder value","Open non-blocked field"
"MEDIUM","closure_sync_2026-04-12","C:\Projects\MindLab_Starter_Project\docs\planning\kids_certified\01_governance\closure_sync_2026-04-12\governance_snapshot_task_queue.csv","","TaskStatus","PENDING","Concrete non-placeholder value","Open non-blocked field"
"MEDIUM","closure_sync_2026-04-12","C:\Projects\MindLab_Starter_Project\docs\planning\kids_certified\01_governance\closure_sync_2026-04-12\governance_source_apply_precheck.csv","","ApplyReady","PENDING","Concrete non-placeholder value","Open non-blocked field"
"MEDIUM","closure_sync_2026-04-12","C:\Projects\MindLab_Starter_Project\docs\planning\kids_certified\01_governance\closure_sync_2026-04-12\governance_source_apply_precheck.csv","","ApplyReady","PENDING","Concrete non-placeholder value","Open non-blocked field"
"MEDIUM","closure_sync_2026-04-12","C:\Projects\MindLab_Starter_Project\docs\planning\kids_certified\01_governance\closure_sync_2026-04-12\governance_source_apply_precheck.csv","","ApplyReady","PENDING","Concrete non-placeholder value","Open non-blocked field"
"MEDIUM","closure_sync_2026-04-12","C:\Projects\MindLab_Starter_Project\docs\planning\kids_certified\01_governance\closure_sync_2026-04-12\governance_source_apply_precheck.csv","","SelectedPath","TBD","Concrete non-placeholder value","Open non-blocked field"
"MEDIUM","closure_sync_2026-04-12","C:\Projects\MindLab_Starter_Project\docs\planning\kids_certified\01_governance\closure_sync_2026-04-12\governance_source_apply_precheck.csv","","SelectedPath","TBD","Concrete non-placeholder value","Open non-blocked field"
"MEDIUM","closure_sync_2026-04-12","C:\Projects\MindLab_Starter_Project\docs\planning\kids_certified\01_governance\closure_sync_2026-04-12\governance_source_apply_precheck.csv","","SelectedPath","TBD","Concrete non-placeholder value","Open non-blocked field"
"MEDIUM","closure_sync_2026-04-12","C:\Projects\MindLab_Starter_Project\docs\planning\kids_certified\01_governance\closure_sync_2026-04-12\governance_source_apply_precheck.csv","","SnapshotReady","PENDING","Concrete non-placeholder value","Open non-blocked field"
"MEDIUM","closure_sync_2026-04-12","C:\Projects\MindLab_Starter_Project\docs\planning\kids_certified\01_governance\closure_sync_2026-04-12\governance_source_apply_precheck.csv","","SnapshotReady","PENDING","Concrete non-placeholder value","Open non-blocked field"
"MEDIUM","closure_sync_2026-04-12","C:\Projects\MindLab_Starter_Project\docs\planning\kids_certified\01_governance\closure_sync_2026-04-12\governance_source_apply_precheck.csv","","SnapshotReady","PENDING","Concrete non-placeholder value","Open non-blocked field"
"MEDIUM","closure_sync_2026-04-12","C:\Projects\MindLab_Starter_Project\docs\planning\kids_certified\01_governance\closure_sync_2026-04-12\governance_source_doc_sync_plan.csv","","Owner","TBD","Concrete non-placeholder value","Open non-blocked field"
"MEDIUM","closure_sync_2026-04-12","C:\Projects\MindLab_Starter_Project\docs\planning\kids_certified\01_governance\closure_sync_2026-04-12\governance_source_doc_sync_plan.csv","","Owner","TBD","Concrete non-placeholder value","Open non-blocked field"
"MEDIUM","closure_sync_2026-04-12","C:\Projects\MindLab_Starter_Project\docs\planning\kids_certified\01_governance\closure_sync_2026-04-12\governance_source_doc_sync_plan.csv","","Owner","TBD","Concrete non-placeholder value","Open non-blocked field"
"MEDIUM","closure_sync_2026-04-12","C:\Projects\MindLab_Starter_Project\docs\planning\kids_certified\01_governance\closure_sync_2026-04-12\governance_source_doc_sync_plan.csv","","Owner","TBD","Concrete non-placeholder value","Open non-blocked field"
"MEDIUM","closure_sync_2026-04-12","C:\Projects\MindLab_Starter_Project\docs\planning\kids_certified\01_governance\closure_sync_2026-04-12\governance_source_snapshot_log.csv","","SnapshotDate","TBD","Concrete non-placeholder value","Open non-blocked field"
"MEDIUM","closure_sync_2026-04-12","C:\Projects\MindLab_Starter_Project\docs\planning\kids_certified\01_governance\closure_sync_2026-04-12\governance_source_snapshot_log.csv","","SnapshotDate","TBD","Concrete non-placeholder value","Open non-blocked field"
"MEDIUM","closure_sync_2026-04-12","C:\Projects\MindLab_Starter_Project\docs\planning\kids_certified\01_governance\closure_sync_2026-04-12\governance_source_snapshot_log.csv","","SnapshotPath","TBD","Concrete non-placeholder value","Open non-blocked field"
"MEDIUM","closure_sync_2026-04-12","C:\Projects\MindLab_Starter_Project\docs\planning\kids_certified\01_governance\closure_sync_2026-04-12\governance_source_snapshot_log.csv","","SnapshotPath","TBD","Concrete non-placeholder value","Open non-blocked field"
"MEDIUM","closure_sync_2026-04-12","C:\Projects\MindLab_Starter_Project\docs\planning\kids_certified\01_governance\closure_sync_2026-04-12\governance_source_snapshot_log.csv","","SnapshotStatus","PENDING","Concrete non-placeholder value","Open non-blocked field"
"MEDIUM","closure_sync_2026-04-12","C:\Projects\MindLab_Starter_Project\docs\planning\kids_certified\01_governance\closure_sync_2026-04-12\governance_source_snapshot_log.csv","","SnapshotStatus","PENDING","Concrete non-placeholder value","Open non-blocked field"
"MEDIUM","closure_sync_2026-04-12","C:\Projects\MindLab_Starter_Project\docs\planning\kids_certified\01_governance\closure_sync_2026-04-12\governance_source_update_register.csv","","ApplyStatus","PENDING","Concrete non-placeholder value","Open non-blocked field"
"MEDIUM","closure_sync_2026-04-12","C:\Projects\MindLab_Starter_Project\docs\planning\kids_certified\01_governance\closure_sync_2026-04-12\governance_source_update_register.csv","","ApplyStatus","PENDING","Concrete non-placeholder value","Open non-blocked field"
"MEDIUM","closure_sync_2026-04-12","C:\Projects\MindLab_Starter_Project\docs\planning\kids_certified\01_governance\closure_sync_2026-04-12\governance_source_update_register.csv","","ApplyStatus","PENDING","Concrete non-placeholder value","Open non-blocked field"
"MEDIUM","closure_sync_2026-04-12","C:\Projects\MindLab_Starter_Project\docs\planning\kids_certified\01_governance\closure_sync_2026-04-12\governance_source_update_register.csv","","TargetPath","TBD","Concrete non-placeholder value","Open non-blocked field"
"MEDIUM","closure_sync_2026-04-12","C:\Projects\MindLab_Starter_Project\docs\planning\kids_certified\01_governance\closure_sync_2026-04-12\governance_source_update_register.csv","","TargetPath","TBD","Concrete non-placeholder value","Open non-blocked field"
"MEDIUM","closure_sync_2026-04-12","C:\Projects\MindLab_Starter_Project\docs\planning\kids_certified\01_governance\closure_sync_2026-04-12\governance_source_update_register.csv","","TargetPath","TBD","Concrete non-placeholder value","Open non-blocked field"
"MEDIUM","closure_sync_2026-04-12","C:\Projects\MindLab_Starter_Project\docs\planning\kids_certified\01_governance\closure_sync_2026-04-12\governance_sync_approval_log.csv","","ApprovalDate","TBD","Concrete non-placeholder value","Open non-blocked field"
"MEDIUM","closure_sync_2026-04-12","C:\Projects\MindLab_Starter_Project\docs\planning\kids_certified\01_governance\closure_sync_2026-04-12\governance_sync_approval_log.csv","","ApprovalDate","TBD","Concrete non-placeholder value","Open non-blocked field"
"MEDIUM","closure_sync_2026-04-12","C:\Projects\MindLab_Starter_Project\docs\planning\kids_certified\01_governance\closure_sync_2026-04-12\governance_sync_approval_log.csv","","Approver","TBD","Concrete non-placeholder value","Open non-blocked field"
"MEDIUM","closure_sync_2026-04-12","C:\Projects\MindLab_Starter_Project\docs\planning\kids_certified\01_governance\closure_sync_2026-04-12\governance_sync_approval_log.csv","","Approver","TBD","Concrete non-placeholder value","Open non-blocked field"
"MEDIUM","closure_sync_2026-04-12","C:\Projects\MindLab_Starter_Project\docs\planning\kids_certified\01_governance\closure_sync_2026-04-12\governance_sync_approval_log.csv","","Status","PENDING","Concrete non-placeholder value","Open non-blocked field"
"MEDIUM","closure_sync_2026-04-12","C:\Projects\MindLab_Starter_Project\docs\planning\kids_certified\01_governance\closure_sync_2026-04-12\governance_sync_approval_log.csv","","Status","PENDING","Concrete non-placeholder value","Open non-blocked field"
"MEDIUM","closure_sync_2026-04-12","C:\Projects\MindLab_Starter_Project\docs\planning\kids_certified\01_governance\closure_sync_2026-04-12\governance_sync_execution_status.csv","","LastUpdated","TBD","Concrete non-placeholder value","Open non-blocked field"
"MEDIUM","closure_sync_2026-04-12","C:\Projects\MindLab_Starter_Project\docs\planning\kids_certified\01_governance\closure_sync_2026-04-12\governance_sync_execution_status.csv","","LastUpdated","TBD","Concrete non-placeholder value","Open non-blocked field"
"MEDIUM","closure_sync_2026-04-12","C:\Projects\MindLab_Starter_Project\docs\planning\kids_certified\01_governance\closure_sync_2026-04-12\governance_sync_execution_status.csv","","LastUpdated","TBD","Concrete non-placeholder value","Open non-blocked field"
"MEDIUM","closure_sync_2026-04-12","C:\Projects\MindLab_Starter_Project\docs\planning\kids_certified\01_governance\closure_sync_2026-04-12\governance_sync_execution_status.csv","","LastUpdated","TBD","Concrete non-placeholder value","Open non-blocked field"
"MEDIUM","closure_sync_2026-04-12","C:\Projects\MindLab_Starter_Project\docs\planning\kids_certified\01_governance\closure_sync_2026-04-12\governance_sync_execution_status.csv","","Owner","TBD","Concrete non-placeholder value","Open non-blocked field"
"MEDIUM","closure_sync_2026-04-12","C:\Projects\MindLab_Starter_Project\docs\planning\kids_certified\01_governance\closure_sync_2026-04-12\governance_sync_execution_status.csv","","Owner","TBD","Concrete non-placeholder value","Open non-blocked field"
"MEDIUM","closure_sync_2026-04-12","C:\Projects\MindLab_Starter_Project\docs\planning\kids_certified\01_governance\closure_sync_2026-04-12\governance_sync_execution_status.csv","","Owner","TBD","Concrete non-placeholder value","Open non-blocked field"
"MEDIUM","closure_sync_2026-04-12","C:\Projects\MindLab_Starter_Project\docs\planning\kids_certified\01_governance\closure_sync_2026-04-12\governance_sync_execution_status.csv","","Owner","TBD","Concrete non-placeholder value","Open non-blocked field"
"MEDIUM","closure_sync_2026-04-12","C:\Projects\MindLab_Starter_Project\docs\planning\kids_certified\01_governance\closure_sync_2026-04-12\governance_target_population_status.csv","","PopulationStatus","PENDING","Concrete non-placeholder value","Open non-blocked field"
"MEDIUM","closure_sync_2026-04-12","C:\Projects\MindLab_Starter_Project\docs\planning\kids_certified\01_governance\closure_sync_2026-04-12\governance_target_population_status.csv","","PopulationStatus","PENDING","Concrete non-placeholder value","Open non-blocked field"
"MEDIUM","closure_sync_2026-04-12","C:\Projects\MindLab_Starter_Project\docs\planning\kids_certified\01_governance\closure_sync_2026-04-12\governance_target_population_status.csv","","PopulationStatus","PENDING","Concrete non-placeholder value","Open non-blocked field"
"MEDIUM","closure_sync_2026-04-12","C:\Projects\MindLab_Starter_Project\docs\planning\kids_certified\01_governance\closure_sync_2026-04-12\governance_target_population_status.csv","","TargetPath","TBD","Concrete non-placeholder value","Open non-blocked field"
"MEDIUM","closure_sync_2026-04-12","C:\Projects\MindLab_Starter_Project\docs\planning\kids_certified\01_governance\closure_sync_2026-04-12\governance_target_population_status.csv","","TargetPath","TBD","Concrete non-placeholder value","Open non-blocked field"
"MEDIUM","closure_sync_2026-04-12","C:\Projects\MindLab_Starter_Project\docs\planning\kids_certified\01_governance\closure_sync_2026-04-12\governance_target_population_status.csv","","TargetPath","TBD","Concrete non-placeholder value","Open non-blocked field"
"MEDIUM","closure_sync_2026-04-12","C:\Projects\MindLab_Starter_Project\docs\planning\kids_certified\01_governance\closure_sync_2026-04-12\governance_target_shortlist.csv","","SelectionStatus","PENDING","Concrete non-placeholder value","Open non-blocked field"
"MEDIUM","closure_sync_2026-04-12","C:\Projects\MindLab_Starter_Project\docs\planning\kids_certified\01_governance\closure_sync_2026-04-12\governance_target_shortlist.csv","","SelectionStatus","PENDING","Concrete non-placeholder value","Open non-blocked field"
"MEDIUM","closure_sync_2026-04-12","C:\Projects\MindLab_Starter_Project\docs\planning\kids_certified\01_governance\closure_sync_2026-04-12\governance_target_shortlist.csv","","SelectionStatus","PENDING","Concrete non-placeholder value","Open non-blocked field"
"MEDIUM","closure_sync_2026-04-12","C:\Projects\MindLab_Starter_Project\docs\planning\kids_certified\01_governance\closure_sync_2026-04-12\governance_target_shortlist.csv","","SelectionStatus","PENDING","Concrete non-placeholder value","Open non-blocked field"
"MEDIUM","closure_sync_2026-04-12","C:\Projects\MindLab_Starter_Project\docs\planning\kids_certified\01_governance\closure_sync_2026-04-12\governance_target_shortlist.csv","","SelectionStatus","PENDING","Concrete non-placeholder value","Open non-blocked field"
"MEDIUM","closure_sync_2026-04-12","C:\Projects\MindLab_Starter_Project\docs\planning\kids_certified\01_governance\closure_sync_2026-04-12\governance_target_shortlist.csv","","SelectionStatus","PENDING","Concrete non-placeholder value","Open non-blocked field"
"MEDIUM","closure_sync_2026-04-12","C:\Projects\MindLab_Starter_Project\docs\planning\kids_certified\01_governance\closure_sync_2026-04-12\governance_target_shortlist.csv","","SelectionStatus","PENDING","Concrete non-placeholder value","Open non-blocked field"
"MEDIUM","closure_sync_2026-04-12","C:\Projects\MindLab_Starter_Project\docs\planning\kids_certified\01_governance\closure_sync_2026-04-12\governance_target_shortlist.csv","","SelectionStatus","PENDING","Concrete non-placeholder value","Open non-blocked field"
"MEDIUM","closure_sync_2026-04-12","C:\Projects\MindLab_Starter_Project\docs\planning\kids_certified\01_governance\closure_sync_2026-04-12\governance_target_shortlist.csv","","SelectionStatus","PENDING","Concrete non-placeholder value","Open non-blocked field"
"MEDIUM","closure_sync_2026-04-12","C:\Projects\MindLab_Starter_Project\docs\planning\kids_certified\01_governance\closure_sync_2026-04-12\governance_target_shortlist.csv","","SelectionStatus","PENDING","Concrete non-placeholder value","Open non-blocked field"
"MEDIUM","closure_sync_2026-04-12","C:\Projects\MindLab_Starter_Project\docs\planning\kids_certified\01_governance\closure_sync_2026-04-12\governance_target_shortlist.csv","","SelectionStatus","PENDING","Concrete non-placeholder value","Open non-blocked field"
"MEDIUM","closure_sync_2026-04-12","C:\Projects\MindLab_Starter_Project\docs\planning\kids_certified\01_governance\closure_sync_2026-04-12\governance_target_shortlist.csv","","SelectionStatus","PENDING","Concrete non-placeholder value","Open non-blocked field"
"MEDIUM","closure_sync_2026-04-12","C:\Projects\MindLab_Starter_Project\docs\planning\kids_certified\01_governance\closure_sync_2026-04-12\governance_target_shortlist.csv","","SelectionStatus","PENDING","Concrete non-placeholder value","Open non-blocked field"
"MEDIUM","closure_sync_2026-04-12","C:\Projects\MindLab_Starter_Project\docs\planning\kids_certified\01_governance\closure_sync_2026-04-12\governance_target_shortlist.csv","","SelectionStatus","PENDING","Concrete non-placeholder value","Open non-blocked field"
"MEDIUM","closure_sync_2026-04-12","C:\Projects\MindLab_Starter_Project\docs\planning\kids_certified\01_governance\closure_sync_2026-04-12\governance_target_shortlist.csv","","SelectionStatus","PENDING","Concrete non-placeholder value","Open non-blocked field"
"MEDIUM","closure_sync_2026-04-12","C:\Projects\MindLab_Starter_Project\docs\planning\kids_certified\01_governance\closure_sync_2026-04-12\governance_target_shortlist.csv","","SelectionStatus","PENDING","Concrete non-placeholder value","Open non-blocked field"
"MEDIUM","closure_sync_2026-04-12","C:\Projects\MindLab_Starter_Project\docs\planning\kids_certified\01_governance\closure_sync_2026-04-12\governance_target_shortlist.csv","","SelectionStatus","PENDING","Concrete non-placeholder value","Open non-blocked field"
"MEDIUM","closure_sync_2026-04-12","C:\Projects\MindLab_Starter_Project\docs\planning\kids_certified\01_governance\closure_sync_2026-04-12\governance_target_shortlist.csv","","SelectionStatus","PENDING","Concrete non-placeholder value","Open non-blocked field"
"MEDIUM","closure_sync_2026-04-12","C:\Projects\MindLab_Starter_Project\docs\planning\kids_certified\01_governance\closure_sync_2026-04-12\governance_target_shortlist.csv","","SelectionStatus","PENDING","Concrete non-placeholder value","Open non-blocked field"
"MEDIUM","closure_sync_2026-04-12","C:\Projects\MindLab_Starter_Project\docs\planning\kids_certified\01_governance\closure_sync_2026-04-12\governance_target_shortlist.csv","","SelectionStatus","PENDING","Concrete non-placeholder value","Open non-blocked field"
"MEDIUM","closure_sync_2026-04-12","C:\Projects\MindLab_Starter_Project\docs\planning\kids_certified\01_governance\closure_sync_2026-04-12\governance_target_shortlist.csv","","SelectionStatus","PENDING","Concrete non-placeholder value","Open non-blocked field"
"MEDIUM","closure_sync_2026-04-12","C:\Projects\MindLab_Starter_Project\docs\planning\kids_certified\01_governance\closure_sync_2026-04-12\governance_target_shortlist.csv","","SelectionStatus","PENDING","Concrete non-placeholder value","Open non-blocked field"
"MEDIUM","closure_sync_2026-04-12","C:\Projects\MindLab_Starter_Project\docs\planning\kids_certified\01_governance\closure_sync_2026-04-12\governance_target_shortlist.csv","","SelectionStatus","PENDING","Concrete non-placeholder value","Open non-blocked field"
"MEDIUM","closure_sync_2026-04-12","C:\Projects\MindLab_Starter_Project\docs\planning\kids_certified\01_governance\closure_sync_2026-04-12\governance_target_shortlist.csv","","SelectionStatus","PENDING","Concrete non-placeholder value","Open non-blocked field"
"MEDIUM","closure_sync_2026-04-12","C:\Projects\MindLab_Starter_Project\docs\planning\kids_certified\01_governance\closure_sync_2026-04-12\governance_target_shortlist.csv","","SelectionStatus","PENDING","Concrete non-placeholder value","Open non-blocked field"
"MEDIUM","closure_sync_2026-04-12","C:\Projects\MindLab_Starter_Project\docs\planning\kids_certified\01_governance\closure_sync_2026-04-12\governance_unresolved_exact_paths.csv","","CandidatePath","TBD","Concrete non-placeholder value","Open non-blocked field"
"MEDIUM","closure_sync_2026-04-12","C:\Projects\MindLab_Starter_Project\docs\planning\kids_certified\01_governance\closure_sync_2026-04-12\governance_unresolved_exact_paths.csv","","CandidatePath","TBD","Concrete non-placeholder value","Open non-blocked field"
"MEDIUM","closure_sync_2026-04-12","C:\Projects\MindLab_Starter_Project\docs\planning\kids_certified\01_governance\closure_sync_2026-04-12\governance_unresolved_exact_paths.csv","","CandidatePath","TBD","Concrete non-placeholder value","Open non-blocked field"
"MEDIUM","closure_sync_2026-04-12","C:\Projects\MindLab_Starter_Project\docs\planning\kids_certified\01_governance\closure_sync_2026-04-12\governance_unresolved_exact_paths.csv","","CurrentExactPath","TBD","Concrete non-placeholder value","Open non-blocked field"
"MEDIUM","closure_sync_2026-04-12","C:\Projects\MindLab_Starter_Project\docs\planning\kids_certified\01_governance\closure_sync_2026-04-12\governance_unresolved_exact_paths.csv","","CurrentExactPath","TBD","Concrete non-placeholder value","Open non-blocked field"
"MEDIUM","closure_sync_2026-04-12","C:\Projects\MindLab_Starter_Project\docs\planning\kids_certified\01_governance\closure_sync_2026-04-12\governance_unresolved_exact_paths.csv","","CurrentExactPath","TBD","Concrete non-placeholder value","Open non-blocked field"
"MEDIUM","closure_sync_2026-04-12","C:\Projects\MindLab_Starter_Project\docs\planning\kids_certified\01_governance\closure_sync_2026-04-12\governance_unresolved_exact_paths.csv","","ManualExactPath","TBD","Concrete non-placeholder value","Open non-blocked field"
"MEDIUM","closure_sync_2026-04-12","C:\Projects\MindLab_Starter_Project\docs\planning\kids_certified\01_governance\closure_sync_2026-04-12\governance_unresolved_exact_paths.csv","","ManualExactPath","TBD","Concrete non-placeholder value","Open non-blocked field"
"MEDIUM","closure_sync_2026-04-12","C:\Projects\MindLab_Starter_Project\docs\planning\kids_certified\01_governance\closure_sync_2026-04-12\governance_unresolved_exact_paths.csv","","ManualExactPath","TBD","Concrete non-placeholder value","Open non-blocked field"
"MEDIUM","closure_sync_2026-04-12","C:\Projects\MindLab_Starter_Project\docs\planning\kids_certified\01_governance\closure_sync_2026-04-12\governance_unresolved_exact_paths.csv","","ResolutionStatus","PENDING","Concrete non-placeholder value","Open non-blocked field"
"MEDIUM","closure_sync_2026-04-12","C:\Projects\MindLab_Starter_Project\docs\planning\kids_certified\01_governance\closure_sync_2026-04-12\governance_unresolved_exact_paths.csv","","ResolutionStatus","PENDING","Concrete non-placeholder value","Open non-blocked field"
"MEDIUM","closure_sync_2026-04-12","C:\Projects\MindLab_Starter_Project\docs\planning\kids_certified\01_governance\closure_sync_2026-04-12\governance_unresolved_exact_paths.csv","","ResolutionStatus","PENDING","Concrete non-placeholder value","Open non-blocked field"
"MEDIUM","01_governance","C:\Projects\MindLab_Starter_Project\docs\planning\kids_certified\01_governance\kids_blocker_exception_register.csv","K-BLK-001","Owner","","Concrete non-placeholder value","Open non-blocked field"
"MEDIUM","01_governance","C:\Projects\MindLab_Starter_Project\docs\planning\kids_certified\01_governance\kids_blocker_exception_register.csv","K-BLK-002","Owner","","Concrete non-placeholder value","Open non-blocked field"
"MEDIUM","01_governance","C:\Projects\MindLab_Starter_Project\docs\planning\kids_certified\01_governance\kids_blocker_exception_register.csv","K-BLK-003","Owner","","Concrete non-placeholder value","Open non-blocked field"
"MEDIUM","02_architecture","C:\Projects\MindLab_Starter_Project\docs\planning\kids_certified\02_architecture\kids_master_taxonomy_map.csv","","AdultsCarryForward","Pending","Concrete non-placeholder value","Open non-blocked field"
"MEDIUM","02_architecture","C:\Projects\MindLab_Starter_Project\docs\planning\kids_certified\02_architecture\kids_master_taxonomy_map.csv","","AdultsCarryForward","Pending","Concrete non-placeholder value","Open non-blocked field"
"MEDIUM","02_architecture","C:\Projects\MindLab_Starter_Project\docs\planning\kids_certified\02_architecture\kids_master_taxonomy_map.csv","","AdultsCarryForward","Pending","Concrete non-placeholder value","Open non-blocked field"
"MEDIUM","02_architecture","C:\Projects\MindLab_Starter_Project\docs\planning\kids_certified\02_architecture\kids_master_taxonomy_map.csv","","AdultsCarryForward","Pending","Concrete non-placeholder value","Open non-blocked field"
"MEDIUM","02_architecture","C:\Projects\MindLab_Starter_Project\docs\planning\kids_certified\02_architecture\kids_master_taxonomy_map.csv","","AdultsCarryForward","Pending","Concrete non-placeholder value","Open non-blocked field"
"MEDIUM","02_architecture","C:\Projects\MindLab_Starter_Project\docs\planning\kids_certified\02_architecture\kids_master_taxonomy_map.csv","","AdultsCarryForward","Pending","Concrete non-placeholder value","Open non-blocked field"
"MEDIUM","02_architecture","C:\Projects\MindLab_Starter_Project\docs\planning\kids_certified\02_architecture\kids_master_taxonomy_map.csv","","AdultsCarryForward","Pending","Concrete non-placeholder value","Open non-blocked field"
"MEDIUM","02_architecture","C:\Projects\MindLab_Starter_Project\docs\planning\kids_certified\02_architecture\kids_master_taxonomy_map.csv","","AdultsCarryForward","Pending","Concrete non-placeholder value","Open non-blocked field"
"MEDIUM","02_architecture","C:\Projects\MindLab_Starter_Project\docs\planning\kids_certified\02_architecture\kids_master_taxonomy_map.csv","","Notes","","Concrete non-placeholder value","Open non-blocked field"
"MEDIUM","02_architecture","C:\Projects\MindLab_Starter_Project\docs\planning\kids_certified\02_architecture\kids_master_taxonomy_map.csv","","Notes","","Concrete non-placeholder value","Open non-blocked field"
"MEDIUM","02_architecture","C:\Projects\MindLab_Starter_Project\docs\planning\kids_certified\02_architecture\kids_master_taxonomy_map.csv","","Notes","","Concrete non-placeholder value","Open non-blocked field"
"MEDIUM","02_architecture","C:\Projects\MindLab_Starter_Project\docs\planning\kids_certified\02_architecture\kids_master_taxonomy_map.csv","","Notes","","Concrete non-placeholder value","Open non-blocked field"
"MEDIUM","02_architecture","C:\Projects\MindLab_Starter_Project\docs\planning\kids_certified\02_architecture\kids_master_taxonomy_map.csv","","Notes","","Concrete non-placeholder value","Open non-blocked field"
"MEDIUM","02_architecture","C:\Projects\MindLab_Starter_Project\docs\planning\kids_certified\02_architecture\kids_master_taxonomy_map.csv","","Notes","","Concrete non-placeholder value","Open non-blocked field"
"MEDIUM","02_architecture","C:\Projects\MindLab_Starter_Project\docs\planning\kids_certified\02_architecture\kids_master_taxonomy_map.csv","","Notes","","Concrete non-placeholder value","Open non-blocked field"
"MEDIUM","02_architecture","C:\Projects\MindLab_Starter_Project\docs\planning\kids_certified\02_architecture\kids_master_taxonomy_map.csv","","Notes","","Concrete non-placeholder value","Open non-blocked field"
"MEDIUM","02_architecture","C:\Projects\MindLab_Starter_Project\docs\planning\kids_certified\02_architecture\kids_master_taxonomy_map.csv","","SeniorsCarryForward","Pending","Concrete non-placeholder value","Open non-blocked field"
"MEDIUM","02_architecture","C:\Projects\MindLab_Starter_Project\docs\planning\kids_certified\02_architecture\kids_master_taxonomy_map.csv","","SeniorsCarryForward","Pending","Concrete non-placeholder value","Open non-blocked field"
"MEDIUM","02_architecture","C:\Projects\MindLab_Starter_Project\docs\planning\kids_certified\02_architecture\kids_master_taxonomy_map.csv","","SeniorsCarryForward","Pending","Concrete non-placeholder value","Open non-blocked field"
"MEDIUM","02_architecture","C:\Projects\MindLab_Starter_Project\docs\planning\kids_certified\02_architecture\kids_master_taxonomy_map.csv","","SeniorsCarryForward","Pending","Concrete non-placeholder value","Open non-blocked field"
"MEDIUM","02_architecture","C:\Projects\MindLab_Starter_Project\docs\planning\kids_certified\02_architecture\kids_master_taxonomy_map.csv","","SeniorsCarryForward","Pending","Concrete non-placeholder value","Open non-blocked field"
"MEDIUM","02_architecture","C:\Projects\MindLab_Starter_Project\docs\planning\kids_certified\02_architecture\kids_master_taxonomy_map.csv","","SeniorsCarryForward","Pending","Concrete non-placeholder value","Open non-blocked field"
"MEDIUM","02_architecture","C:\Projects\MindLab_Starter_Project\docs\planning\kids_certified\02_architecture\kids_master_taxonomy_map.csv","","SeniorsCarryForward","Pending","Concrete non-placeholder value","Open non-blocked field"
"MEDIUM","02_architecture","C:\Projects\MindLab_Starter_Project\docs\planning\kids_certified\02_architecture\kids_master_taxonomy_map.csv","","SeniorsCarryForward","Pending","Concrete non-placeholder value","Open non-blocked field"
"MEDIUM","05_ops_legacy","C:\Projects\MindLab_Starter_Project\docs\planning\kids_certified\05_ops_legacy\kids_category_stage_backlog.csv","K-KC01-K1-B01","Owner","","Concrete non-placeholder value","Open non-blocked field"
"MEDIUM","05_ops_legacy","C:\Projects\MindLab_Starter_Project\docs\planning\kids_certified\05_ops_legacy\kids_category_stage_backlog.csv","K-KC01-K2-B01","Owner","","Concrete non-placeholder value","Open non-blocked field"
"MEDIUM","05_ops_legacy","C:\Projects\MindLab_Starter_Project\docs\planning\kids_certified\05_ops_legacy\kids_category_stage_backlog.csv","K-KC01-K3-B01","Owner","","Concrete non-placeholder value","Open non-blocked field"
"MEDIUM","05_ops_legacy","C:\Projects\MindLab_Starter_Project\docs\planning\kids_certified\05_ops_legacy\kids_category_stage_backlog.csv","K-KC01-K4-B01","Owner","","Concrete non-placeholder value","Open non-blocked field"
"MEDIUM","05_ops_legacy","C:\Projects\MindLab_Starter_Project\docs\planning\kids_certified\05_ops_legacy\kids_category_stage_backlog.csv","K-KC01-K5-B01","Owner","","Concrete non-placeholder value","Open non-blocked field"
"MEDIUM","05_ops_legacy","C:\Projects\MindLab_Starter_Project\docs\planning\kids_certified\05_ops_legacy\kids_category_stage_backlog.csv","K-KC02-K1-B01","Owner","","Concrete non-placeholder value","Open non-blocked field"
"MEDIUM","05_ops_legacy","C:\Projects\MindLab_Starter_Project\docs\planning\kids_certified\05_ops_legacy\kids_category_stage_backlog.csv","K-KC02-K2-B01","Owner","","Concrete non-placeholder value","Open non-blocked field"
"MEDIUM","05_ops_legacy","C:\Projects\MindLab_Starter_Project\docs\planning\kids_certified\05_ops_legacy\kids_category_stage_backlog.csv","K-KC02-K3-B01","Owner","","Concrete non-placeholder value","Open non-blocked field"
"MEDIUM","05_ops_legacy","C:\Projects\MindLab_Starter_Project\docs\planning\kids_certified\05_ops_legacy\kids_category_stage_backlog.csv","K-KC02-K4-B01","Owner","","Concrete non-placeholder value","Open non-blocked field"
"MEDIUM","05_ops_legacy","C:\Projects\MindLab_Starter_Project\docs\planning\kids_certified\05_ops_legacy\kids_category_stage_backlog.csv","K-KC02-K5-B01","Owner","","Concrete non-placeholder value","Open non-blocked field"
"MEDIUM","05_ops_legacy","C:\Projects\MindLab_Starter_Project\docs\planning\kids_certified\05_ops_legacy\kids_category_stage_backlog.csv","K-KC03-K1-B01","Owner","","Concrete non-placeholder value","Open non-blocked field"
"MEDIUM","05_ops_legacy","C:\Projects\MindLab_Starter_Project\docs\planning\kids_certified\05_ops_legacy\kids_category_stage_backlog.csv","K-KC03-K2-B01","Owner","","Concrete non-placeholder value","Open non-blocked field"
"MEDIUM","05_ops_legacy","C:\Projects\MindLab_Starter_Project\docs\planning\kids_certified\05_ops_legacy\kids_category_stage_backlog.csv","K-KC03-K3-B01","Owner","","Concrete non-placeholder value","Open non-blocked field"
"MEDIUM","05_ops_legacy","C:\Projects\MindLab_Starter_Project\docs\planning\kids_certified\05_ops_legacy\kids_category_stage_backlog.csv","K-KC03-K4-B01","Owner","","Concrete non-placeholder value","Open non-blocked field"
"MEDIUM","05_ops_legacy","C:\Projects\MindLab_Starter_Project\docs\planning\kids_certified\05_ops_legacy\kids_category_stage_backlog.csv","K-KC03-K5-B01","Owner","","Concrete non-placeholder value","Open non-blocked field"
"MEDIUM","05_ops_legacy","C:\Projects\MindLab_Starter_Project\docs\planning\kids_certified\05_ops_legacy\kids_category_stage_backlog.csv","K-KC04-K1-B01","Owner","","Concrete non-placeholder value","Open non-blocked field"
"MEDIUM","05_ops_legacy","C:\Projects\MindLab_Starter_Project\docs\planning\kids_certified\05_ops_legacy\kids_category_stage_backlog.csv","K-KC04-K2-B01","Owner","","Concrete non-placeholder value","Open non-blocked field"
"MEDIUM","05_ops_legacy","C:\Projects\MindLab_Starter_Project\docs\planning\kids_certified\05_ops_legacy\kids_category_stage_backlog.csv","K-KC04-K3-B01","Owner","","Concrete non-placeholder value","Open non-blocked field"
"MEDIUM","05_ops_legacy","C:\Projects\MindLab_Starter_Project\docs\planning\kids_certified\05_ops_legacy\kids_category_stage_backlog.csv","K-KC04-K4-B01","Owner","","Concrete non-placeholder value","Open non-blocked field"
"MEDIUM","05_ops_legacy","C:\Projects\MindLab_Starter_Project\docs\planning\kids_certified\05_ops_legacy\kids_category_stage_backlog.csv","K-KC04-K5-B01","Owner","","Concrete non-placeholder value","Open non-blocked field"
"MEDIUM","05_ops_legacy","C:\Projects\MindLab_Starter_Project\docs\planning\kids_certified\05_ops_legacy\kids_category_stage_backlog.csv","K-KC05-K1-B01","Owner","","Concrete non-placeholder value","Open non-blocked field"
"MEDIUM","05_ops_legacy","C:\Projects\MindLab_Starter_Project\docs\planning\kids_certified\05_ops_legacy\kids_category_stage_backlog.csv","K-KC05-K2-B01","Owner","","Concrete non-placeholder value","Open non-blocked field"
"MEDIUM","05_ops_legacy","C:\Projects\MindLab_Starter_Project\docs\planning\kids_certified\05_ops_legacy\kids_category_stage_backlog.csv","K-KC05-K3-B01","Owner","","Concrete non-placeholder value","Open non-blocked field"
"MEDIUM","05_ops_legacy","C:\Projects\MindLab_Starter_Project\docs\planning\kids_certified\05_ops_legacy\kids_category_stage_backlog.csv","K-KC05-K4-B01","Owner","","Concrete non-placeholder value","Open non-blocked field"
"MEDIUM","05_ops_legacy","C:\Projects\MindLab_Starter_Project\docs\planning\kids_certified\05_ops_legacy\kids_category_stage_backlog.csv","K-KC05-K5-B01","Owner","","Concrete non-placeholder value","Open non-blocked field"
"MEDIUM","05_ops_legacy","C:\Projects\MindLab_Starter_Project\docs\planning\kids_certified\05_ops_legacy\kids_category_stage_backlog.csv","K-KC06-K1-B01","Owner","","Concrete non-placeholder value","Open non-blocked field"
"MEDIUM","05_ops_legacy","C:\Projects\MindLab_Starter_Project\docs\planning\kids_certified\05_ops_legacy\kids_category_stage_backlog.csv","K-KC06-K2-B01","Owner","","Concrete non-placeholder value","Open non-blocked field"
"MEDIUM","05_ops_legacy","C:\Projects\MindLab_Starter_Project\docs\planning\kids_certified\05_ops_legacy\kids_category_stage_backlog.csv","K-KC06-K3-B01","Owner","","Concrete non-placeholder value","Open non-blocked field"
"MEDIUM","05_ops_legacy","C:\Projects\MindLab_Starter_Project\docs\planning\kids_certified\05_ops_legacy\kids_category_stage_backlog.csv","K-KC06-K4-B01","Owner","","Concrete non-placeholder value","Open non-blocked field"
"MEDIUM","05_ops_legacy","C:\Projects\MindLab_Starter_Project\docs\planning\kids_certified\05_ops_legacy\kids_category_stage_backlog.csv","K-KC06-K5-B01","Owner","","Concrete non-placeholder value","Open non-blocked field"
"MEDIUM","05_ops_legacy","C:\Projects\MindLab_Starter_Project\docs\planning\kids_certified\05_ops_legacy\kids_category_stage_backlog.csv","K-KC07-K1-B01","Owner","","Concrete non-placeholder value","Open non-blocked field"
"MEDIUM","05_ops_legacy","C:\Projects\MindLab_Starter_Project\docs\planning\kids_certified\05_ops_legacy\kids_category_stage_backlog.csv","K-KC07-K2-B01","Owner","","Concrete non-placeholder value","Open non-blocked field"
"MEDIUM","05_ops_legacy","C:\Projects\MindLab_Starter_Project\docs\planning\kids_certified\05_ops_legacy\kids_category_stage_backlog.csv","K-KC07-K3-B01","Owner","","Concrete non-placeholder value","Open non-blocked field"
"MEDIUM","05_ops_legacy","C:\Projects\MindLab_Starter_Project\docs\planning\kids_certified\05_ops_legacy\kids_category_stage_backlog.csv","K-KC07-K4-B01","Owner","","Concrete non-placeholder value","Open non-blocked field"
"MEDIUM","05_ops_legacy","C:\Projects\MindLab_Starter_Project\docs\planning\kids_certified\05_ops_legacy\kids_category_stage_backlog.csv","K-KC07-K5-B01","Owner","","Concrete non-placeholder value","Open non-blocked field"
"MEDIUM","05_ops_legacy","C:\Projects\MindLab_Starter_Project\docs\planning\kids_certified\05_ops_legacy\kids_category_stage_backlog.csv","K-KC08-K1-B01","Owner","","Concrete non-placeholder value","Open non-blocked field"
"MEDIUM","05_ops_legacy","C:\Projects\MindLab_Starter_Project\docs\planning\kids_certified\05_ops_legacy\kids_category_stage_backlog.csv","K-KC08-K2-B01","Owner","","Concrete non-placeholder value","Open non-blocked field"
"MEDIUM","05_ops_legacy","C:\Projects\MindLab_Starter_Project\docs\planning\kids_certified\05_ops_legacy\kids_category_stage_backlog.csv","K-KC08-K3-B01","Owner","","Concrete non-placeholder value","Open non-blocked field"
"MEDIUM","05_ops_legacy","C:\Projects\MindLab_Starter_Project\docs\planning\kids_certified\05_ops_legacy\kids_category_stage_backlog.csv","K-KC08-K4-B01","Owner","","Concrete non-placeholder value","Open non-blocked field"
"MEDIUM","05_ops_legacy","C:\Projects\MindLab_Starter_Project\docs\planning\kids_certified\05_ops_legacy\kids_category_stage_backlog.csv","K-KC08-K5-B01","Owner","","Concrete non-placeholder value","Open non-blocked field"
"MEDIUM","05_ops_legacy","C:\Projects\MindLab_Starter_Project\docs\planning\kids_certified\05_ops_legacy\legacy_inventory_scan.csv","LEG-001","PossibleStage","","Concrete non-placeholder value","Open non-blocked field"
"MEDIUM","05_ops_legacy","C:\Projects\MindLab_Starter_Project\docs\planning\kids_certified\05_ops_legacy\legacy_inventory_scan.csv","LEG-002","PossibleStage","","Concrete non-placeholder value","Open non-blocked field"
"MEDIUM","05_ops_legacy","C:\Projects\MindLab_Starter_Project\docs\planning\kids_certified\05_ops_legacy\legacy_inventory_scan.csv","LEG-003","PossibleStage","","Concrete non-placeholder value","Open non-blocked field"
"MEDIUM","05_ops_legacy","C:\Projects\MindLab_Starter_Project\docs\planning\kids_certified\05_ops_legacy\legacy_inventory_scan.csv","LEG-004","PossibleStage","","Concrete non-placeholder value","Open non-blocked field"
"MEDIUM","05_ops_legacy","C:\Projects\MindLab_Starter_Project\docs\planning\kids_certified\05_ops_legacy\legacy_inventory_scan.csv","LEG-005","PossibleStage","","Concrete non-placeholder value","Open non-blocked field"
"MEDIUM","05_ops_legacy","C:\Projects\MindLab_Starter_Project\docs\planning\kids_certified\05_ops_legacy\legacy_inventory_scan.csv","LEG-006","PossibleStage","","Concrete non-placeholder value","Open non-blocked field"
"MEDIUM","05_ops_legacy","C:\Projects\MindLab_Starter_Project\docs\planning\kids_certified\05_ops_legacy\legacy_inventory_scan.csv","LEG-007","PossibleStage","","Concrete non-placeholder value","Open non-blocked field"
"MEDIUM","05_ops_legacy","C:\Projects\MindLab_Starter_Project\docs\planning\kids_certified\05_ops_legacy\legacy_inventory_scan.csv","LEG-008","PossibleStage","","Concrete non-placeholder value","Open non-blocked field"
"MEDIUM","05_ops_legacy","C:\Projects\MindLab_Starter_Project\docs\planning\kids_certified\05_ops_legacy\legacy_inventory_scan.csv","LEG-009","PossibleCategory","","Concrete non-placeholder value","Open non-blocked field"
"MEDIUM","05_ops_legacy","C:\Projects\MindLab_Starter_Project\docs\planning\kids_certified\05_ops_legacy\legacy_inventory_scan.csv","LEG-009","PossibleStage","","Concrete non-placeholder value","Open non-blocked field"
"MEDIUM","05_ops_legacy","C:\Projects\MindLab_Starter_Project\docs\planning\kids_certified\05_ops_legacy\legacy_inventory_scan.csv","LEG-010","PossibleCategory","","Concrete non-placeholder value","Open non-blocked field"
"MEDIUM","05_ops_legacy","C:\Projects\MindLab_Starter_Project\docs\planning\kids_certified\05_ops_legacy\legacy_inventory_scan.csv","LEG-010","PossibleStage","","Concrete non-placeholder value","Open non-blocked field"
"MEDIUM","05_ops_legacy","C:\Projects\MindLab_Starter_Project\docs\planning\kids_certified\05_ops_legacy\legacy_inventory_scan.csv","LEG-011","PossibleCategory","","Concrete non-placeholder value","Open non-blocked field"
"MEDIUM","05_ops_legacy","C:\Projects\MindLab_Starter_Project\docs\planning\kids_certified\05_ops_legacy\legacy_inventory_scan.csv","LEG-011","PossibleStage","","Concrete non-placeholder value","Open non-blocked field"
"MEDIUM","05_ops_legacy","C:\Projects\MindLab_Starter_Project\docs\planning\kids_certified\05_ops_legacy\legacy_inventory_scan.csv","LEG-012","PossibleCategory","","Concrete non-placeholder value","Open non-blocked field"
"MEDIUM","05_ops_legacy","C:\Projects\MindLab_Starter_Project\docs\planning\kids_certified\05_ops_legacy\legacy_inventory_scan.csv","LEG-012","PossibleStage","","Concrete non-placeholder value","Open non-blocked field"
"MEDIUM","05_ops_legacy","C:\Projects\MindLab_Starter_Project\docs\planning\kids_certified\05_ops_legacy\legacy_inventory_scan.csv","LEG-013","PossibleCategory","","Concrete non-placeholder value","Open non-blocked field"
"MEDIUM","05_ops_legacy","C:\Projects\MindLab_Starter_Project\docs\planning\kids_certified\05_ops_legacy\legacy_inventory_scan.csv","LEG-013","PossibleStage","","Concrete non-placeholder value","Open non-blocked field"
"MEDIUM","05_ops_legacy","C:\Projects\MindLab_Starter_Project\docs\planning\kids_certified\05_ops_legacy\legacy_inventory_scan.csv","LEG-014","PossibleCategory","","Concrete non-placeholder value","Open non-blocked field"
"MEDIUM","05_ops_legacy","C:\Projects\MindLab_Starter_Project\docs\planning\kids_certified\05_ops_legacy\legacy_inventory_scan.csv","LEG-014","PossibleStage","","Concrete non-placeholder value","Open non-blocked field"
"MEDIUM","05_ops_legacy","C:\Projects\MindLab_Starter_Project\docs\planning\kids_certified\05_ops_legacy\legacy_inventory_scan.csv","LEG-015","PossibleCategory","","Concrete non-placeholder value","Open non-blocked field"
"MEDIUM","05_ops_legacy","C:\Projects\MindLab_Starter_Project\docs\planning\kids_certified\05_ops_legacy\legacy_inventory_scan.csv","LEG-015","PossibleStage","","Concrete non-placeholder value","Open non-blocked field"
"MEDIUM","05_ops_legacy","C:\Projects\MindLab_Starter_Project\docs\planning\kids_certified\05_ops_legacy\legacy_inventory_scan.csv","LEG-016","PossibleCategory","","Concrete non-placeholder value","Open non-blocked field"
"MEDIUM","05_ops_legacy","C:\Projects\MindLab_Starter_Project\docs\planning\kids_certified\05_ops_legacy\legacy_inventory_scan.csv","LEG-016","PossibleStage","","Concrete non-placeholder value","Open non-blocked field"
"MEDIUM","05_ops_legacy","C:\Projects\MindLab_Starter_Project\docs\planning\kids_certified\05_ops_legacy\legacy_inventory_scan.csv","LEG-017","PossibleCategory","","Concrete non-placeholder value","Open non-blocked field"
"MEDIUM","05_ops_legacy","C:\Projects\MindLab_Starter_Project\docs\planning\kids_certified\05_ops_legacy\legacy_inventory_scan.csv","LEG-017","PossibleStage","","Concrete non-placeholder value","Open non-blocked field"
"MEDIUM","05_ops_legacy","C:\Projects\MindLab_Starter_Project\docs\planning\kids_certified\05_ops_legacy\legacy_inventory_scan.csv","LEG-018","PossibleCategory","","Concrete non-placeholder value","Open non-blocked field"
"MEDIUM","05_ops_legacy","C:\Projects\MindLab_Starter_Project\docs\planning\kids_certified\05_ops_legacy\legacy_inventory_scan.csv","LEG-018","PossibleStage","","Concrete non-placeholder value","Open non-blocked field"
"MEDIUM","05_ops_legacy","C:\Projects\MindLab_Starter_Project\docs\planning\kids_certified\05_ops_legacy\legacy_inventory_scan.csv","LEG-019","PossibleCategory","","Concrete non-placeholder value","Open non-blocked field"
"MEDIUM","05_ops_legacy","C:\Projects\MindLab_Starter_Project\docs\planning\kids_certified\05_ops_legacy\legacy_inventory_scan.csv","LEG-019","PossibleStage","","Concrete non-placeholder value","Open non-blocked field"
"MEDIUM","05_ops_legacy","C:\Projects\MindLab_Starter_Project\docs\planning\kids_certified\05_ops_legacy\legacy_inventory_scan.csv","LEG-020","PossibleCategory","","Concrete non-placeholder value","Open non-blocked field"
"MEDIUM","05_ops_legacy","C:\Projects\MindLab_Starter_Project\docs\planning\kids_certified\05_ops_legacy\legacy_inventory_scan.csv","LEG-020","PossibleStage","","Concrete non-placeholder value","Open non-blocked field"
"MEDIUM","05_ops_legacy","C:\Projects\MindLab_Starter_Project\docs\planning\kids_certified\05_ops_legacy\legacy_inventory_scan.csv","LEG-021","PossibleCategory","","Concrete non-placeholder value","Open non-blocked field"
"MEDIUM","05_ops_legacy","C:\Projects\MindLab_Starter_Project\docs\planning\kids_certified\05_ops_legacy\legacy_inventory_scan.csv","LEG-021","PossibleStage","","Concrete non-placeholder value","Open non-blocked field"
"MEDIUM","05_ops_legacy","C:\Projects\MindLab_Starter_Project\docs\planning\kids_certified\05_ops_legacy\legacy_inventory_scan.csv","LEG-022","PossibleCategory","","Concrete non-placeholder value","Open non-blocked field"
"MEDIUM","05_ops_legacy","C:\Projects\MindLab_Starter_Project\docs\planning\kids_certified\05_ops_legacy\legacy_inventory_scan.csv","LEG-022","PossibleStage","","Concrete non-placeholder value","Open non-blocked field"
"MEDIUM","05_ops_legacy","C:\Projects\MindLab_Starter_Project\docs\planning\kids_certified\05_ops_legacy\legacy_inventory_scan.csv","LEG-023","PossibleCategory","","Concrete non-placeholder value","Open non-blocked field"
"MEDIUM","05_ops_legacy","C:\Projects\MindLab_Starter_Project\docs\planning\kids_certified\05_ops_legacy\legacy_inventory_scan.csv","LEG-023","PossibleStage","","Concrete non-placeholder value","Open non-blocked field"
"MEDIUM","05_ops_legacy","C:\Projects\MindLab_Starter_Project\docs\planning\kids_certified\05_ops_legacy\legacy_inventory_scan.csv","LEG-024","PossibleCategory","","Concrete non-placeholder value","Open non-blocked field"
"MEDIUM","05_ops_legacy","C:\Projects\MindLab_Starter_Project\docs\planning\kids_certified\05_ops_legacy\legacy_inventory_scan.csv","LEG-024","PossibleStage","","Concrete non-placeholder value","Open non-blocked field"
"MEDIUM","05_ops_legacy","C:\Projects\MindLab_Starter_Project\docs\planning\kids_certified\05_ops_legacy\legacy_inventory_scan.csv","LEG-025","PossibleCategory","","Concrete non-placeholder value","Open non-blocked field"
"MEDIUM","05_ops_legacy","C:\Projects\MindLab_Starter_Project\docs\planning\kids_certified\05_ops_legacy\legacy_inventory_scan.csv","LEG-025","PossibleStage","","Concrete non-placeholder value","Open non-blocked field"
"MEDIUM","05_ops_legacy","C:\Projects\MindLab_Starter_Project\docs\planning\kids_certified\05_ops_legacy\legacy_inventory_scan.csv","LEG-026","PossibleCategory","","Concrete non-placeholder value","Open non-blocked field"
"MEDIUM","05_ops_legacy","C:\Projects\MindLab_Starter_Project\docs\planning\kids_certified\05_ops_legacy\legacy_inventory_scan.csv","LEG-026","PossibleStage","","Concrete non-placeholder value","Open non-blocked field"
"MEDIUM","05_ops_legacy","C:\Projects\MindLab_Starter_Project\docs\planning\kids_certified\05_ops_legacy\legacy_inventory_scan.csv","LEG-027","PossibleCategory","","Concrete non-placeholder value","Open non-blocked field"
"MEDIUM","05_ops_legacy","C:\Projects\MindLab_Starter_Project\docs\planning\kids_certified\05_ops_legacy\legacy_inventory_scan.csv","LEG-027","PossibleStage","","Concrete non-placeholder value","Open non-blocked field"
"MEDIUM","05_ops_legacy","C:\Projects\MindLab_Starter_Project\docs\planning\kids_certified\05_ops_legacy\legacy_inventory_scan.csv","LEG-028","PossibleCategory","","Concrete non-placeholder value","Open non-blocked field"
"MEDIUM","05_ops_legacy","C:\Projects\MindLab_Starter_Project\docs\planning\kids_certified\05_ops_legacy\legacy_inventory_scan.csv","LEG-028","PossibleStage","","Concrete non-placeholder value","Open non-blocked field"
"MEDIUM","05_ops_legacy","C:\Projects\MindLab_Starter_Project\docs\planning\kids_certified\05_ops_legacy\legacy_inventory_scan.csv","LEG-029","PossibleCategory","","Concrete non-placeholder value","Open non-blocked field"
"MEDIUM","05_ops_legacy","C:\Projects\MindLab_Starter_Project\docs\planning\kids_certified\05_ops_legacy\legacy_inventory_scan.csv","LEG-029","PossibleStage","","Concrete non-placeholder value","Open non-blocked field"
"MEDIUM","05_ops_legacy","C:\Projects\MindLab_Starter_Project\docs\planning\kids_certified\05_ops_legacy\legacy_inventory_scan.csv","LEG-030","PossibleCategory","","Concrete non-placeholder value","Open non-blocked field"
"MEDIUM","05_ops_legacy","C:\Projects\MindLab_Starter_Project\docs\planning\kids_certified\05_ops_legacy\legacy_inventory_scan.csv","LEG-030","PossibleStage","","Concrete non-placeholder value","Open non-blocked field"
"MEDIUM","05_ops_legacy","C:\Projects\MindLab_Starter_Project\docs\planning\kids_certified\05_ops_legacy\legacy_inventory_scan.csv","LEG-031","PossibleCategory","","Concrete non-placeholder value","Open non-blocked field"
"MEDIUM","05_ops_legacy","C:\Projects\MindLab_Starter_Project\docs\planning\kids_certified\05_ops_legacy\legacy_inventory_scan.csv","LEG-031","PossibleStage","","Concrete non-placeholder value","Open non-blocked field"
"MEDIUM","05_ops_legacy","C:\Projects\MindLab_Starter_Project\docs\planning\kids_certified\05_ops_legacy\legacy_inventory_scan.csv","LEG-032","PossibleCategory","","Concrete non-placeholder value","Open non-blocked field"
"MEDIUM","05_ops_legacy","C:\Projects\MindLab_Starter_Project\docs\planning\kids_certified\05_ops_legacy\legacy_inventory_scan.csv","LEG-032","PossibleStage","","Concrete non-placeholder value","Open non-blocked field"
"MEDIUM","05_ops_legacy","C:\Projects\MindLab_Starter_Project\docs\planning\kids_certified\05_ops_legacy\legacy_inventory_scan.csv","LEG-033","PossibleCategory","","Concrete non-placeholder value","Open non-blocked field"
"MEDIUM","05_ops_legacy","C:\Projects\MindLab_Starter_Project\docs\planning\kids_certified\05_ops_legacy\legacy_inventory_scan.csv","LEG-033","PossibleStage","","Concrete non-placeholder value","Open non-blocked field"
"MEDIUM","05_ops_legacy","C:\Projects\MindLab_Starter_Project\docs\planning\kids_certified\05_ops_legacy\legacy_inventory_scan.csv","LEG-034","PossibleCategory","","Concrete non-placeholder value","Open non-blocked field"
"MEDIUM","05_ops_legacy","C:\Projects\MindLab_Starter_Project\docs\planning\kids_certified\05_ops_legacy\legacy_inventory_scan.csv","LEG-034","PossibleStage","","Concrete non-placeholder value","Open non-blocked field"
"MEDIUM","05_ops_legacy","C:\Projects\MindLab_Starter_Project\docs\planning\kids_certified\05_ops_legacy\legacy_inventory_scan.csv","LEG-035","PossibleCategory","","Concrete non-placeholder value","Open non-blocked field"
"MEDIUM","05_ops_legacy","C:\Projects\MindLab_Starter_Project\docs\planning\kids_certified\05_ops_legacy\legacy_inventory_scan.csv","LEG-035","PossibleStage","","Concrete non-placeholder value","Open non-blocked field"
"MEDIUM","05_ops_legacy","C:\Projects\MindLab_Starter_Project\docs\planning\kids_certified\05_ops_legacy\legacy_inventory_scan.csv","LEG-036","PossibleCategory","","Concrete non-placeholder value","Open non-blocked field"
"MEDIUM","05_ops_legacy","C:\Projects\MindLab_Starter_Project\docs\planning\kids_certified\05_ops_legacy\legacy_inventory_scan.csv","LEG-036","PossibleStage","","Concrete non-placeholder value","Open non-blocked field"
"MEDIUM","05_ops_legacy","C:\Projects\MindLab_Starter_Project\docs\planning\kids_certified\05_ops_legacy\legacy_inventory_scan.csv","LEG-037","PossibleCategory","","Concrete non-placeholder value","Open non-blocked field"
"MEDIUM","05_ops_legacy","C:\Projects\MindLab_Starter_Project\docs\planning\kids_certified\05_ops_legacy\legacy_inventory_scan.csv","LEG-037","PossibleStage","","Concrete non-placeholder value","Open non-blocked field"
"MEDIUM","05_ops_legacy","C:\Projects\MindLab_Starter_Project\docs\planning\kids_certified\05_ops_legacy\legacy_inventory_scan.csv","LEG-038","PossibleCategory","","Concrete non-placeholder value","Open non-blocked field"
"MEDIUM","05_ops_legacy","C:\Projects\MindLab_Starter_Project\docs\planning\kids_certified\05_ops_legacy\legacy_inventory_scan.csv","LEG-038","PossibleStage","","Concrete non-placeholder value","Open non-blocked field"
"MEDIUM","05_ops_legacy","C:\Projects\MindLab_Starter_Project\docs\planning\kids_certified\05_ops_legacy\legacy_inventory_scan.csv","LEG-039","PossibleCategory","","Concrete non-placeholder value","Open non-blocked field"
"MEDIUM","05_ops_legacy","C:\Projects\MindLab_Starter_Project\docs\planning\kids_certified\05_ops_legacy\legacy_inventory_scan.csv","LEG-039","PossibleStage","","Concrete non-placeholder value","Open non-blocked field"
"MEDIUM","05_ops_legacy","C:\Projects\MindLab_Starter_Project\docs\planning\kids_certified\05_ops_legacy\legacy_inventory_scan.csv","LEG-040","PossibleCategory","","Concrete non-placeholder value","Open non-blocked field"
"MEDIUM","05_ops_legacy","C:\Projects\MindLab_Starter_Project\docs\planning\kids_certified\05_ops_legacy\legacy_inventory_scan.csv","LEG-040","PossibleStage","","Concrete non-placeholder value","Open non-blocked field"
"MEDIUM","05_ops_legacy","C:\Projects\MindLab_Starter_Project\docs\planning\kids_certified\05_ops_legacy\legacy_inventory_scan.csv","LEG-041","PossibleCategory","","Concrete non-placeholder value","Open non-blocked field"
"MEDIUM","05_ops_legacy","C:\Projects\MindLab_Starter_Project\docs\planning\kids_certified\05_ops_legacy\legacy_inventory_scan.csv","LEG-041","PossibleStage","","Concrete non-placeholder value","Open non-blocked field"
"MEDIUM","05_ops_legacy","C:\Projects\MindLab_Starter_Project\docs\planning\kids_certified\05_ops_legacy\legacy_inventory_scan.csv","LEG-042","PossibleCategory","","Concrete non-placeholder value","Open non-blocked field"
"MEDIUM","05_ops_legacy","C:\Projects\MindLab_Starter_Project\docs\planning\kids_certified\05_ops_legacy\legacy_inventory_scan.csv","LEG-042","PossibleStage","","Concrete non-placeholder value","Open non-blocked field"
"MEDIUM","05_ops_legacy","C:\Projects\MindLab_Starter_Project\docs\planning\kids_certified\05_ops_legacy\legacy_inventory_scan.csv","LEG-043","PossibleCategory","","Concrete non-placeholder value","Open non-blocked field"
"MEDIUM","05_ops_legacy","C:\Projects\MindLab_Starter_Project\docs\planning\kids_certified\05_ops_legacy\legacy_inventory_scan.csv","LEG-043","PossibleStage","","Concrete non-placeholder value","Open non-blocked field"
"MEDIUM","05_ops_legacy","C:\Projects\MindLab_Starter_Project\docs\planning\kids_certified\05_ops_legacy\legacy_inventory_scan.csv","LEG-044","PossibleCategory","","Concrete non-placeholder value","Open non-blocked field"
"MEDIUM","05_ops_legacy","C:\Projects\MindLab_Starter_Project\docs\planning\kids_certified\05_ops_legacy\legacy_inventory_scan.csv","LEG-044","PossibleStage","","Concrete non-placeholder value","Open non-blocked field"
"MEDIUM","05_ops_legacy","C:\Projects\MindLab_Starter_Project\docs\planning\kids_certified\05_ops_legacy\legacy_inventory_scan.csv","LEG-045","PossibleCategory","","Concrete non-placeholder value","Open non-blocked field"
"MEDIUM","05_ops_legacy","C:\Projects\MindLab_Starter_Project\docs\planning\kids_certified\05_ops_legacy\legacy_inventory_scan.csv","LEG-045","PossibleStage","","Concrete non-placeholder value","Open non-blocked field"
"MEDIUM","05_ops_legacy","C:\Projects\MindLab_Starter_Project\docs\planning\kids_certified\05_ops_legacy\legacy_inventory_scan.csv","LEG-046","PossibleCategory","","Concrete non-placeholder value","Open non-blocked field"
"MEDIUM","05_ops_legacy","C:\Projects\MindLab_Starter_Project\docs\planning\kids_certified\05_ops_legacy\legacy_inventory_scan.csv","LEG-046","PossibleStage","","Concrete non-placeholder value","Open non-blocked field"
"MEDIUM","05_ops_legacy","C:\Projects\MindLab_Starter_Project\docs\planning\kids_certified\05_ops_legacy\legacy_inventory_scan.csv","LEG-047","PossibleCategory","","Concrete non-placeholder value","Open non-blocked field"
"MEDIUM","05_ops_legacy","C:\Projects\MindLab_Starter_Project\docs\planning\kids_certified\05_ops_legacy\legacy_inventory_scan.csv","LEG-047","PossibleStage","","Concrete non-placeholder value","Open non-blocked field"
"MEDIUM","05_ops_legacy","C:\Projects\MindLab_Starter_Project\docs\planning\kids_certified\05_ops_legacy\legacy_inventory_scan.csv","LEG-048","PossibleCategory","","Concrete non-placeholder value","Open non-blocked field"
"MEDIUM","05_ops_legacy","C:\Projects\MindLab_Starter_Project\docs\planning\kids_certified\05_ops_legacy\legacy_inventory_scan.csv","LEG-048","PossibleStage","","Concrete non-placeholder value","Open non-blocked field"
"MEDIUM","05_ops_legacy","C:\Projects\MindLab_Starter_Project\docs\planning\kids_certified\05_ops_legacy\legacy_inventory_scan.csv","LEG-049","PossibleCategory","","Concrete non-placeholder value","Open non-blocked field"
"MEDIUM","05_ops_legacy","C:\Projects\MindLab_Starter_Project\docs\planning\kids_certified\05_ops_legacy\legacy_inventory_scan.csv","LEG-049","PossibleStage","","Concrete non-placeholder value","Open non-blocked field"
"MEDIUM","05_ops_legacy","C:\Projects\MindLab_Starter_Project\docs\planning\kids_certified\05_ops_legacy\legacy_inventory_scan.csv","LEG-050","PossibleCategory","","Concrete non-placeholder value","Open non-blocked field"
"MEDIUM","05_ops_legacy","C:\Projects\MindLab_Starter_Project\docs\planning\kids_certified\05_ops_legacy\legacy_inventory_scan.csv","LEG-050","PossibleStage","","Concrete non-placeholder value","Open non-blocked field"
"MEDIUM","05_ops_legacy","C:\Projects\MindLab_Starter_Project\docs\planning\kids_certified\05_ops_legacy\legacy_inventory_scan.csv","LEG-051","PossibleCategory","","Concrete non-placeholder value","Open non-blocked field"
"MEDIUM","05_ops_legacy","C:\Projects\MindLab_Starter_Project\docs\planning\kids_certified\05_ops_legacy\legacy_inventory_scan.csv","LEG-051","PossibleStage","","Concrete non-placeholder value","Open non-blocked field"
"MEDIUM","05_ops_legacy","C:\Projects\MindLab_Starter_Project\docs\planning\kids_certified\05_ops_legacy\legacy_inventory_scan.csv","LEG-052","PossibleCategory","","Concrete non-placeholder value","Open non-blocked field"
"MEDIUM","05_ops_legacy","C:\Projects\MindLab_Starter_Project\docs\planning\kids_certified\05_ops_legacy\legacy_inventory_scan.csv","LEG-052","PossibleStage","","Concrete non-placeholder value","Open non-blocked field"
"MEDIUM","05_ops_legacy","C:\Projects\MindLab_Starter_Project\docs\planning\kids_certified\05_ops_legacy\legacy_inventory_scan.csv","LEG-053","PossibleCategory","","Concrete non-placeholder value","Open non-blocked field"
"MEDIUM","05_ops_legacy","C:\Projects\MindLab_Starter_Project\docs\planning\kids_certified\05_ops_legacy\legacy_inventory_scan.csv","LEG-053","PossibleStage","","Concrete non-placeholder value","Open non-blocked field"
"MEDIUM","05_ops_legacy","C:\Projects\MindLab_Starter_Project\docs\planning\kids_certified\05_ops_legacy\legacy_inventory_scan.csv","LEG-054","PossibleCategory","","Concrete non-placeholder value","Open non-blocked field"
"MEDIUM","05_ops_legacy","C:\Projects\MindLab_Starter_Project\docs\planning\kids_certified\05_ops_legacy\legacy_inventory_scan.csv","LEG-054","PossibleStage","","Concrete non-placeholder value","Open non-blocked field"
"MEDIUM","05_ops_legacy","C:\Projects\MindLab_Starter_Project\docs\planning\kids_certified\05_ops_legacy\legacy_inventory_scan.csv","LEG-055","PossibleCategory","","Concrete non-placeholder value","Open non-blocked field"
"MEDIUM","05_ops_legacy","C:\Projects\MindLab_Starter_Project\docs\planning\kids_certified\05_ops_legacy\legacy_inventory_scan.csv","LEG-055","PossibleStage","","Concrete non-placeholder value","Open non-blocked field"
"MEDIUM","05_ops_legacy","C:\Projects\MindLab_Starter_Project\docs\planning\kids_certified\05_ops_legacy\legacy_inventory_scan.csv","LEG-056","PossibleCategory","","Concrete non-placeholder value","Open non-blocked field"
"MEDIUM","05_ops_legacy","C:\Projects\MindLab_Starter_Project\docs\planning\kids_certified\05_ops_legacy\legacy_inventory_scan.csv","LEG-056","PossibleStage","","Concrete non-placeholder value","Open non-blocked field"
"MEDIUM","05_ops_legacy","C:\Projects\MindLab_Starter_Project\docs\planning\kids_certified\05_ops_legacy\legacy_inventory_scan.csv","LEG-057","PossibleCategory","","Concrete non-placeholder value","Open non-blocked field"
"MEDIUM","05_ops_legacy","C:\Projects\MindLab_Starter_Project\docs\planning\kids_certified\05_ops_legacy\legacy_inventory_scan.csv","LEG-057","PossibleStage","","Concrete non-placeholder value","Open non-blocked field"
"MEDIUM","05_ops_legacy","C:\Projects\MindLab_Starter_Project\docs\planning\kids_certified\05_ops_legacy\legacy_inventory_scan.csv","LEG-058","PossibleCategory","","Concrete non-placeholder value","Open non-blocked field"
"MEDIUM","05_ops_legacy","C:\Projects\MindLab_Starter_Project\docs\planning\kids_certified\05_ops_legacy\legacy_inventory_scan.csv","LEG-058","PossibleStage","","Concrete non-placeholder value","Open non-blocked field"
"MEDIUM","05_ops_legacy","C:\Projects\MindLab_Starter_Project\docs\planning\kids_certified\05_ops_legacy\legacy_inventory_scan.csv","LEG-059","PossibleCategory","","Concrete non-placeholder value","Open non-blocked field"
"MEDIUM","05_ops_legacy","C:\Projects\MindLab_Starter_Project\docs\planning\kids_certified\05_ops_legacy\legacy_inventory_scan.csv","LEG-059","PossibleStage","","Concrete non-placeholder value","Open non-blocked field"
"MEDIUM","05_ops_legacy","C:\Projects\MindLab_Starter_Project\docs\planning\kids_certified\05_ops_legacy\legacy_inventory_scan.csv","LEG-060","PossibleCategory","","Concrete non-placeholder value","Open non-blocked field"
"MEDIUM","05_ops_legacy","C:\Projects\MindLab_Starter_Project\docs\planning\kids_certified\05_ops_legacy\legacy_inventory_scan.csv","LEG-060","PossibleStage","","Concrete non-placeholder value","Open non-blocked field"
"MEDIUM","05_ops_legacy","C:\Projects\MindLab_Starter_Project\docs\planning\kids_certified\05_ops_legacy\legacy_inventory_scan.csv","LEG-061","PossibleCategory","","Concrete non-placeholder value","Open non-blocked field"
"MEDIUM","05_ops_legacy","C:\Projects\MindLab_Starter_Project\docs\planning\kids_certified\05_ops_legacy\legacy_inventory_scan.csv","LEG-061","PossibleStage","","Concrete non-placeholder value","Open non-blocked field"
"MEDIUM","05_ops_legacy","C:\Projects\MindLab_Starter_Project\docs\planning\kids_certified\05_ops_legacy\legacy_inventory_scan.csv","LEG-062","PossibleCategory","","Concrete non-placeholder value","Open non-blocked field"
"MEDIUM","05_ops_legacy","C:\Projects\MindLab_Starter_Project\docs\planning\kids_certified\05_ops_legacy\legacy_inventory_scan.csv","LEG-062","PossibleStage","","Concrete non-placeholder value","Open non-blocked field"
"MEDIUM","05_ops_legacy","C:\Projects\MindLab_Starter_Project\docs\planning\kids_certified\05_ops_legacy\legacy_inventory_scan.csv","LEG-063","PossibleCategory","","Concrete non-placeholder value","Open non-blocked field"
"MEDIUM","05_ops_legacy","C:\Projects\MindLab_Starter_Project\docs\planning\kids_certified\05_ops_legacy\legacy_inventory_scan.csv","LEG-063","PossibleStage","","Concrete non-placeholder value","Open non-blocked field"
"MEDIUM","05_ops_legacy","C:\Projects\MindLab_Starter_Project\docs\planning\kids_certified\05_ops_legacy\legacy_inventory_scan.csv","LEG-064","PossibleCategory","","Concrete non-placeholder value","Open non-blocked field"
"MEDIUM","05_ops_legacy","C:\Projects\MindLab_Starter_Project\docs\planning\kids_certified\05_ops_legacy\legacy_inventory_scan.csv","LEG-064","PossibleStage","","Concrete non-placeholder value","Open non-blocked field"
"MEDIUM","05_ops_legacy","C:\Projects\MindLab_Starter_Project\docs\planning\kids_certified\05_ops_legacy\legacy_inventory_scan.csv","LEG-065","PossibleCategory","","Concrete non-placeholder value","Open non-blocked field"
"MEDIUM","05_ops_legacy","C:\Projects\MindLab_Starter_Project\docs\planning\kids_certified\05_ops_legacy\legacy_inventory_scan.csv","LEG-065","PossibleStage","","Concrete non-placeholder value","Open non-blocked field"
"MEDIUM","05_ops_legacy","C:\Projects\MindLab_Starter_Project\docs\planning\kids_certified\05_ops_legacy\legacy_inventory_scan.csv","LEG-066","PossibleCategory","","Concrete non-placeholder value","Open non-blocked field"
"MEDIUM","05_ops_legacy","C:\Projects\MindLab_Starter_Project\docs\planning\kids_certified\05_ops_legacy\legacy_inventory_scan.csv","LEG-066","PossibleStage","","Concrete non-placeholder value","Open non-blocked field"
"MEDIUM","05_ops_legacy","C:\Projects\MindLab_Starter_Project\docs\planning\kids_certified\05_ops_legacy\legacy_inventory_scan.csv","LEG-067","PossibleCategory","","Concrete non-placeholder value","Open non-blocked field"
"MEDIUM","05_ops_legacy","C:\Projects\MindLab_Starter_Project\docs\planning\kids_certified\05_ops_legacy\legacy_inventory_scan.csv","LEG-067","PossibleStage","","Concrete non-placeholder value","Open non-blocked field"
"MEDIUM","05_ops_legacy","C:\Projects\MindLab_Starter_Project\docs\planning\kids_certified\05_ops_legacy\legacy_inventory_scan.csv","LEG-068","PossibleCategory","","Concrete non-placeholder value","Open non-blocked field"
"MEDIUM","05_ops_legacy","C:\Projects\MindLab_Starter_Project\docs\planning\kids_certified\05_ops_legacy\legacy_inventory_scan.csv","LEG-068","PossibleStage","","Concrete non-placeholder value","Open non-blocked field"
"MEDIUM","05_ops_legacy","C:\Projects\MindLab_Starter_Project\docs\planning\kids_certified\05_ops_legacy\legacy_inventory_scan.csv","LEG-069","PossibleStage","","Concrete non-placeholder value","Open non-blocked field"
"MEDIUM","05_ops_legacy","C:\Projects\MindLab_Starter_Project\docs\planning\kids_certified\05_ops_legacy\legacy_inventory_scan.csv","LEG-070","PossibleStage","","Concrete non-placeholder value","Open non-blocked field"
"MEDIUM","05_ops_legacy","C:\Projects\MindLab_Starter_Project\docs\planning\kids_certified\05_ops_legacy\legacy_inventory_scan.csv","LEG-071","PossibleCategory","","Concrete non-placeholder value","Open non-blocked field"
"MEDIUM","05_ops_legacy","C:\Projects\MindLab_Starter_Project\docs\planning\kids_certified\05_ops_legacy\legacy_inventory_scan.csv","LEG-071","PossibleStage","","Concrete non-placeholder value","Open non-blocked field"
"MEDIUM","05_ops_legacy","C:\Projects\MindLab_Starter_Project\docs\planning\kids_certified\05_ops_legacy\legacy_inventory_scan.csv","LEG-072","PossibleCategory","","Concrete non-placeholder value","Open non-blocked field"
"MEDIUM","05_ops_legacy","C:\Projects\MindLab_Starter_Project\docs\planning\kids_certified\05_ops_legacy\legacy_inventory_scan.csv","LEG-072","PossibleStage","","Concrete non-placeholder value","Open non-blocked field"
"MEDIUM","05_ops_legacy","C:\Projects\MindLab_Starter_Project\docs\planning\kids_certified\05_ops_legacy\legacy_inventory_scan.csv","LEG-073","PossibleCategory","","Concrete non-placeholder value","Open non-blocked field"
"MEDIUM","05_ops_legacy","C:\Projects\MindLab_Starter_Project\docs\planning\kids_certified\05_ops_legacy\legacy_inventory_scan.csv","LEG-073","PossibleStage","","Concrete non-placeholder value","Open non-blocked field"
"MEDIUM","05_ops_legacy","C:\Projects\MindLab_Starter_Project\docs\planning\kids_certified\05_ops_legacy\legacy_inventory_scan.csv","LEG-074","PossibleCategory","","Concrete non-placeholder value","Open non-blocked field"
"MEDIUM","05_ops_legacy","C:\Projects\MindLab_Starter_Project\docs\planning\kids_certified\05_ops_legacy\legacy_inventory_scan.csv","LEG-074","PossibleStage","","Concrete non-placeholder value","Open non-blocked field"
"MEDIUM","05_ops_legacy","C:\Projects\MindLab_Starter_Project\docs\planning\kids_certified\05_ops_legacy\legacy_inventory_scan.csv","LEG-075","PossibleCategory","","Concrete non-placeholder value","Open non-blocked field"
"MEDIUM","05_ops_legacy","C:\Projects\MindLab_Starter_Project\docs\planning\kids_certified\05_ops_legacy\legacy_inventory_scan.csv","LEG-075","PossibleStage","","Concrete non-placeholder value","Open non-blocked field"
"MEDIUM","05_ops_legacy","C:\Projects\MindLab_Starter_Project\docs\planning\kids_certified\05_ops_legacy\legacy_inventory_scan.csv","LEG-076","PossibleCategory","","Concrete non-placeholder value","Open non-blocked field"
"MEDIUM","05_ops_legacy","C:\Projects\MindLab_Starter_Project\docs\planning\kids_certified\05_ops_legacy\legacy_inventory_scan.csv","LEG-076","PossibleStage","","Concrete non-placeholder value","Open non-blocked field"
"MEDIUM","05_ops_legacy","C:\Projects\MindLab_Starter_Project\docs\planning\kids_certified\05_ops_legacy\legacy_inventory_scan.csv","LEG-077","PossibleCategory","","Concrete non-placeholder value","Open non-blocked field"
"MEDIUM","05_ops_legacy","C:\Projects\MindLab_Starter_Project\docs\planning\kids_certified\05_ops_legacy\legacy_inventory_scan.csv","LEG-077","PossibleStage","","Concrete non-placeholder value","Open non-blocked field"
"MEDIUM","05_ops_legacy","C:\Projects\MindLab_Starter_Project\docs\planning\kids_certified\05_ops_legacy\legacy_inventory_scan.csv","LEG-078","PossibleCategory","","Concrete non-placeholder value","Open non-blocked field"
"MEDIUM","05_ops_legacy","C:\Projects\MindLab_Starter_Project\docs\planning\kids_certified\05_ops_legacy\legacy_inventory_scan.csv","LEG-078","PossibleStage","","Concrete non-placeholder value","Open non-blocked field"
"MEDIUM","05_ops_legacy","C:\Projects\MindLab_Starter_Project\docs\planning\kids_certified\05_ops_legacy\legacy_inventory_scan.csv","LEG-079","PossibleCategory","","Concrete non-placeholder value","Open non-blocked field"
"MEDIUM","05_ops_legacy","C:\Projects\MindLab_Starter_Project\docs\planning\kids_certified\05_ops_legacy\legacy_inventory_scan.csv","LEG-079","PossibleStage","","Concrete non-placeholder value","Open non-blocked field"
"MEDIUM","05_ops_legacy","C:\Projects\MindLab_Starter_Project\docs\planning\kids_certified\05_ops_legacy\legacy_inventory_scan.csv","LEG-080","PossibleCategory","","Concrete non-placeholder value","Open non-blocked field"
"MEDIUM","05_ops_legacy","C:\Projects\MindLab_Starter_Project\docs\planning\kids_certified\05_ops_legacy\legacy_inventory_scan.csv","LEG-080","PossibleStage","","Concrete non-placeholder value","Open non-blocked field"
"MEDIUM","05_ops_legacy","C:\Projects\MindLab_Starter_Project\docs\planning\kids_certified\05_ops_legacy\legacy_inventory_scan.csv","LEG-081","PossibleCategory","","Concrete non-placeholder value","Open non-blocked field"
"MEDIUM","05_ops_legacy","C:\Projects\MindLab_Starter_Project\docs\planning\kids_certified\05_ops_legacy\legacy_inventory_scan.csv","LEG-081","PossibleStage","","Concrete non-placeholder value","Open non-blocked field"
"MEDIUM","05_ops_legacy","C:\Projects\MindLab_Starter_Project\docs\planning\kids_certified\05_ops_legacy\legacy_inventory_scan.csv","LEG-082","PossibleCategory","","Concrete non-placeholder value","Open non-blocked field"
"MEDIUM","05_ops_legacy","C:\Projects\MindLab_Starter_Project\docs\planning\kids_certified\05_ops_legacy\legacy_inventory_scan.csv","LEG-082","PossibleStage","","Concrete non-placeholder value","Open non-blocked field"
"MEDIUM","05_ops_legacy","C:\Projects\MindLab_Starter_Project\docs\planning\kids_certified\05_ops_legacy\legacy_inventory_scan.csv","LEG-083","PossibleCategory","","Concrete non-placeholder value","Open non-blocked field"
"MEDIUM","05_ops_legacy","C:\Projects\MindLab_Starter_Project\docs\planning\kids_certified\05_ops_legacy\legacy_inventory_scan.csv","LEG-083","PossibleStage","","Concrete non-placeholder value","Open non-blocked field"
"MEDIUM","05_ops_legacy","C:\Projects\MindLab_Starter_Project\docs\planning\kids_certified\05_ops_legacy\legacy_inventory_scan.csv","LEG-084","PossibleCategory","","Concrete non-placeholder value","Open non-blocked field"
"MEDIUM","05_ops_legacy","C:\Projects\MindLab_Starter_Project\docs\planning\kids_certified\05_ops_legacy\legacy_inventory_scan.csv","LEG-084","PossibleStage","","Concrete non-placeholder value","Open non-blocked field"
"MEDIUM","05_ops_legacy","C:\Projects\MindLab_Starter_Project\docs\planning\kids_certified\05_ops_legacy\legacy_inventory_scan.csv","LEG-085","PossibleCategory","","Concrete non-placeholder value","Open non-blocked field"
"MEDIUM","05_ops_legacy","C:\Projects\MindLab_Starter_Project\docs\planning\kids_certified\05_ops_legacy\legacy_inventory_scan.csv","LEG-085","PossibleStage","","Concrete non-placeholder value","Open non-blocked field"
"MEDIUM","05_ops_legacy","C:\Projects\MindLab_Starter_Project\docs\planning\kids_certified\05_ops_legacy\legacy_inventory_scan.csv","LEG-086","PossibleCategory","","Concrete non-placeholder value","Open non-blocked field"
"MEDIUM","05_ops_legacy","C:\Projects\MindLab_Starter_Project\docs\planning\kids_certified\05_ops_legacy\legacy_inventory_scan.csv","LEG-086","PossibleStage","","Concrete non-placeholder value","Open non-blocked field"
"MEDIUM","05_ops_legacy","C:\Projects\MindLab_Starter_Project\docs\planning\kids_certified\05_ops_legacy\legacy_inventory_scan.csv","LEG-087","PossibleCategory","","Concrete non-placeholder value","Open non-blocked field"
"MEDIUM","05_ops_legacy","C:\Projects\MindLab_Starter_Project\docs\planning\kids_certified\05_ops_legacy\legacy_inventory_scan.csv","LEG-087","PossibleStage","","Concrete non-placeholder value","Open non-blocked field"
"MEDIUM","05_ops_legacy","C:\Projects\MindLab_Starter_Project\docs\planning\kids_certified\05_ops_legacy\legacy_inventory_scan.csv","LEG-088","PossibleCategory","","Concrete non-placeholder value","Open non-blocked field"
"MEDIUM","05_ops_legacy","C:\Projects\MindLab_Starter_Project\docs\planning\kids_certified\05_ops_legacy\legacy_inventory_scan.csv","LEG-088","PossibleStage","","Concrete non-placeholder value","Open non-blocked field"
"MEDIUM","05_ops_legacy","C:\Projects\MindLab_Starter_Project\docs\planning\kids_certified\05_ops_legacy\legacy_inventory_scan.csv","LEG-089","PossibleCategory","","Concrete non-placeholder value","Open non-blocked field"
"MEDIUM","05_ops_legacy","C:\Projects\MindLab_Starter_Project\docs\planning\kids_certified\05_ops_legacy\legacy_inventory_scan.csv","LEG-089","PossibleStage","","Concrete non-placeholder value","Open non-blocked field"
"MEDIUM","05_ops_legacy","C:\Projects\MindLab_Starter_Project\docs\planning\kids_certified\05_ops_legacy\legacy_inventory_scan.csv","LEG-090","PossibleCategory","","Concrete non-placeholder value","Open non-blocked field"
"MEDIUM","05_ops_legacy","C:\Projects\MindLab_Starter_Project\docs\planning\kids_certified\05_ops_legacy\legacy_inventory_scan.csv","LEG-090","PossibleStage","","Concrete non-placeholder value","Open non-blocked field"
"MEDIUM","05_ops_legacy","C:\Projects\MindLab_Starter_Project\docs\planning\kids_certified\05_ops_legacy\legacy_inventory_scan.csv","LEG-091","PossibleStage","","Concrete non-placeholder value","Open non-blocked field"
"MEDIUM","05_ops_legacy","C:\Projects\MindLab_Starter_Project\docs\planning\kids_certified\05_ops_legacy\legacy_inventory_scan.csv","LEG-092","PossibleStage","","Concrete non-placeholder value","Open non-blocked field"
"MEDIUM","05_ops_legacy","C:\Projects\MindLab_Starter_Project\docs\planning\kids_certified\05_ops_legacy\legacy_inventory_scan.csv","LEG-093","PossibleStage","","Concrete non-placeholder value","Open non-blocked field"
"MEDIUM","05_ops_legacy","C:\Projects\MindLab_Starter_Project\docs\planning\kids_certified\05_ops_legacy\legacy_inventory_scan.csv","LEG-094","PossibleStage","","Concrete non-placeholder value","Open non-blocked field"
"MEDIUM","05_ops_legacy","C:\Projects\MindLab_Starter_Project\docs\planning\kids_certified\05_ops_legacy\legacy_inventory_scan.csv","LEG-095","PossibleStage","","Concrete non-placeholder value","Open non-blocked field"
"MEDIUM","05_ops_legacy","C:\Projects\MindLab_Starter_Project\docs\planning\kids_certified\05_ops_legacy\legacy_inventory_scan.csv","LEG-096","PossibleStage","","Concrete non-placeholder value","Open non-blocked field"
"MEDIUM","05_ops_legacy","C:\Projects\MindLab_Starter_Project\docs\planning\kids_certified\05_ops_legacy\legacy_inventory_scan.csv","LEG-097","PossibleStage","","Concrete non-placeholder value","Open non-blocked field"
"MEDIUM","05_ops_legacy","C:\Projects\MindLab_Starter_Project\docs\planning\kids_certified\05_ops_legacy\legacy_inventory_scan.csv","LEG-098","PossibleStage","","Concrete non-placeholder value","Open non-blocked field"
"MEDIUM","05_ops_legacy","C:\Projects\MindLab_Starter_Project\docs\planning\kids_certified\05_ops_legacy\legacy_inventory_scan.csv","LEG-099","PossibleCategory","","Concrete non-placeholder value","Open non-blocked field"
"MEDIUM","05_ops_legacy","C:\Projects\MindLab_Starter_Project\docs\planning\kids_certified\05_ops_legacy\legacy_inventory_scan.csv","LEG-099","PossibleStage","","Concrete non-placeholder value","Open non-blocked field"
"MEDIUM","05_ops_legacy","C:\Projects\MindLab_Starter_Project\docs\planning\kids_certified\05_ops_legacy\legacy_inventory_scan.csv","LEG-100","PossibleCategory","","Concrete non-placeholder value","Open non-blocked field"
"MEDIUM","05_ops_legacy","C:\Projects\MindLab_Starter_Project\docs\planning\kids_certified\05_ops_legacy\legacy_inventory_scan.csv","LEG-100","PossibleStage","","Concrete non-placeholder value","Open non-blocked field"
"MEDIUM","05_ops_legacy","C:\Projects\MindLab_Starter_Project\docs\planning\kids_certified\05_ops_legacy\legacy_inventory_scan.csv","LEG-101","PossibleCategory","","Concrete non-placeholder value","Open non-blocked field"
"MEDIUM","05_ops_legacy","C:\Projects\MindLab_Starter_Project\docs\planning\kids_certified\05_ops_legacy\legacy_inventory_scan.csv","LEG-101","PossibleStage","","Concrete non-placeholder value","Open non-blocked field"
"MEDIUM","05_ops_legacy","C:\Projects\MindLab_Starter_Project\docs\planning\kids_certified\05_ops_legacy\legacy_inventory_scan.csv","LEG-102","PossibleCategory","","Concrete non-placeholder value","Open non-blocked field"
"MEDIUM","05_ops_legacy","C:\Projects\MindLab_Starter_Project\docs\planning\kids_certified\05_ops_legacy\legacy_inventory_scan.csv","LEG-102","PossibleStage","","Concrete non-placeholder value","Open non-blocked field"
"MEDIUM","05_ops_legacy","C:\Projects\MindLab_Starter_Project\docs\planning\kids_certified\05_ops_legacy\legacy_inventory_scan.csv","LEG-103","PossibleCategory","","Concrete non-placeholder value","Open non-blocked field"
"MEDIUM","05_ops_legacy","C:\Projects\MindLab_Starter_Project\docs\planning\kids_certified\05_ops_legacy\legacy_inventory_scan.csv","LEG-103","PossibleStage","","Concrete non-placeholder value","Open non-blocked field"
"MEDIUM","05_ops_legacy","C:\Projects\MindLab_Starter_Project\docs\planning\kids_certified\05_ops_legacy\legacy_inventory_scan.csv","LEG-104","PossibleCategory","","Concrete non-placeholder value","Open non-blocked field"
"MEDIUM","05_ops_legacy","C:\Projects\MindLab_Starter_Project\docs\planning\kids_certified\05_ops_legacy\legacy_inventory_scan.csv","LEG-104","PossibleStage","","Concrete non-placeholder value","Open non-blocked field"
"MEDIUM","05_ops_legacy","C:\Projects\MindLab_Starter_Project\docs\planning\kids_certified\05_ops_legacy\legacy_inventory_scan.csv","LEG-105","PossibleCategory","","Concrete non-placeholder value","Open non-blocked field"
"MEDIUM","05_ops_legacy","C:\Projects\MindLab_Starter_Project\docs\planning\kids_certified\05_ops_legacy\legacy_inventory_scan.csv","LEG-105","PossibleStage","","Concrete non-placeholder value","Open non-blocked field"
"MEDIUM","05_ops_legacy","C:\Projects\MindLab_Starter_Project\docs\planning\kids_certified\05_ops_legacy\legacy_inventory_scan.csv","LEG-106","PossibleCategory","","Concrete non-placeholder value","Open non-blocked field"
"MEDIUM","05_ops_legacy","C:\Projects\MindLab_Starter_Project\docs\planning\kids_certified\05_ops_legacy\legacy_inventory_scan.csv","LEG-106","PossibleStage","","Concrete non-placeholder value","Open non-blocked field"
"MEDIUM","05_ops_legacy","C:\Projects\MindLab_Starter_Project\docs\planning\kids_certified\05_ops_legacy\legacy_inventory_scan.csv","LEG-107","PossibleCategory","","Concrete non-placeholder value","Open non-blocked field"
"MEDIUM","05_ops_legacy","C:\Projects\MindLab_Starter_Project\docs\planning\kids_certified\05_ops_legacy\legacy_inventory_scan.csv","LEG-107","PossibleStage","","Concrete non-placeholder value","Open non-blocked field"
"MEDIUM","05_ops_legacy","C:\Projects\MindLab_Starter_Project\docs\planning\kids_certified\05_ops_legacy\legacy_inventory_scan.csv","LEG-108","PossibleCategory","","Concrete non-placeholder value","Open non-blocked field"
"MEDIUM","05_ops_legacy","C:\Projects\MindLab_Starter_Project\docs\planning\kids_certified\05_ops_legacy\legacy_inventory_scan.csv","LEG-108","PossibleStage","","Concrete non-placeholder value","Open non-blocked field"
"MEDIUM","05_ops_legacy","C:\Projects\MindLab_Starter_Project\docs\planning\kids_certified\05_ops_legacy\legacy_inventory_scan.csv","LEG-109","PossibleCategory","","Concrete non-placeholder value","Open non-blocked field"
"MEDIUM","05_ops_legacy","C:\Projects\MindLab_Starter_Project\docs\planning\kids_certified\05_ops_legacy\legacy_inventory_scan.csv","LEG-109","PossibleStage","","Concrete non-placeholder value","Open non-blocked field"
"MEDIUM","05_ops_legacy","C:\Projects\MindLab_Starter_Project\docs\planning\kids_certified\05_ops_legacy\legacy_inventory_scan.csv","LEG-110","PossibleCategory","","Concrete non-placeholder value","Open non-blocked field"
"MEDIUM","05_ops_legacy","C:\Projects\MindLab_Starter_Project\docs\planning\kids_certified\05_ops_legacy\legacy_inventory_scan.csv","LEG-110","PossibleStage","","Concrete non-placeholder value","Open non-blocked field"
"MEDIUM","05_ops_legacy","C:\Projects\MindLab_Starter_Project\docs\planning\kids_certified\05_ops_legacy\legacy_inventory_scan.csv","LEG-111","PossibleCategory","","Concrete non-placeholder value","Open non-blocked field"
"MEDIUM","05_ops_legacy","C:\Projects\MindLab_Starter_Project\docs\planning\kids_certified\05_ops_legacy\legacy_inventory_scan.csv","LEG-111","PossibleStage","","Concrete non-placeholder value","Open non-blocked field"
"MEDIUM","05_ops_legacy","C:\Projects\MindLab_Starter_Project\docs\planning\kids_certified\05_ops_legacy\legacy_inventory_scan.csv","LEG-112","PossibleCategory","","Concrete non-placeholder value","Open non-blocked field"
"MEDIUM","05_ops_legacy","C:\Projects\MindLab_Starter_Project\docs\planning\kids_certified\05_ops_legacy\legacy_inventory_scan.csv","LEG-112","PossibleStage","","Concrete non-placeholder value","Open non-blocked field"
"MEDIUM","05_ops_legacy","C:\Projects\MindLab_Starter_Project\docs\planning\kids_certified\05_ops_legacy\legacy_inventory_scan.csv","LEG-113","PossibleCategory","","Concrete non-placeholder value","Open non-blocked field"
"MEDIUM","05_ops_legacy","C:\Projects\MindLab_Starter_Project\docs\planning\kids_certified\05_ops_legacy\legacy_inventory_scan.csv","LEG-113","PossibleStage","","Concrete non-placeholder value","Open non-blocked field"
"MEDIUM","05_ops_legacy","C:\Projects\MindLab_Starter_Project\docs\planning\kids_certified\05_ops_legacy\legacy_inventory_scan.csv","LEG-114","PossibleCategory","","Concrete non-placeholder value","Open non-blocked field"
"MEDIUM","05_ops_legacy","C:\Projects\MindLab_Starter_Project\docs\planning\kids_certified\05_ops_legacy\legacy_inventory_scan.csv","LEG-114","PossibleStage","","Concrete non-placeholder value","Open non-blocked field"
"MEDIUM","05_ops_legacy","C:\Projects\MindLab_Starter_Project\docs\planning\kids_certified\05_ops_legacy\legacy_inventory_scan.csv","LEG-115","PossibleCategory","","Concrete non-placeholder value","Open non-blocked field"
"MEDIUM","05_ops_legacy","C:\Projects\MindLab_Starter_Project\docs\planning\kids_certified\05_ops_legacy\legacy_inventory_scan.csv","LEG-115","PossibleStage","","Concrete non-placeholder value","Open non-blocked field"
"MEDIUM","05_ops_legacy","C:\Projects\MindLab_Starter_Project\docs\planning\kids_certified\05_ops_legacy\legacy_inventory_scan.csv","LEG-116","PossibleCategory","","Concrete non-placeholder value","Open non-blocked field"
"MEDIUM","05_ops_legacy","C:\Projects\MindLab_Starter_Project\docs\planning\kids_certified\05_ops_legacy\legacy_inventory_scan.csv","LEG-116","PossibleStage","","Concrete non-placeholder value","Open non-blocked field"
"MEDIUM","05_ops_legacy","C:\Projects\MindLab_Starter_Project\docs\planning\kids_certified\05_ops_legacy\legacy_inventory_scan.csv","LEG-117","PossibleCategory","","Concrete non-placeholder value","Open non-blocked field"
"MEDIUM","05_ops_legacy","C:\Projects\MindLab_Starter_Project\docs\planning\kids_certified\05_ops_legacy\legacy_inventory_scan.csv","LEG-117","PossibleStage","","Concrete non-placeholder value","Open non-blocked field"
"MEDIUM","05_ops_legacy","C:\Projects\MindLab_Starter_Project\docs\planning\kids_certified\05_ops_legacy\legacy_inventory_scan.csv","LEG-118","PossibleCategory","","Concrete non-placeholder value","Open non-blocked field"
"MEDIUM","05_ops_legacy","C:\Projects\MindLab_Starter_Project\docs\planning\kids_certified\05_ops_legacy\legacy_inventory_scan.csv","LEG-118","PossibleStage","","Concrete non-placeholder value","Open non-blocked field"
"MEDIUM","05_ops_legacy","C:\Projects\MindLab_Starter_Project\docs\planning\kids_certified\05_ops_legacy\legacy_inventory_scan.csv","LEG-119","PossibleCategory","","Concrete non-placeholder value","Open non-blocked field"
"MEDIUM","05_ops_legacy","C:\Projects\MindLab_Starter_Project\docs\planning\kids_certified\05_ops_legacy\legacy_inventory_scan.csv","LEG-119","PossibleStage","","Concrete non-placeholder value","Open non-blocked field"
"MEDIUM","05_ops_legacy","C:\Projects\MindLab_Starter_Project\docs\planning\kids_certified\05_ops_legacy\legacy_inventory_scan.csv","LEG-120","PossibleCategory","","Concrete non-placeholder value","Open non-blocked field"
"MEDIUM","05_ops_legacy","C:\Projects\MindLab_Starter_Project\docs\planning\kids_certified\05_ops_legacy\legacy_inventory_scan.csv","LEG-120","PossibleStage","","Concrete non-placeholder value","Open non-blocked field"
"MEDIUM","05_ops_legacy","C:\Projects\MindLab_Starter_Project\docs\planning\kids_certified\05_ops_legacy\legacy_inventory_scan.csv","LEG-121","PossibleCategory","","Concrete non-placeholder value","Open non-blocked field"
"MEDIUM","05_ops_legacy","C:\Projects\MindLab_Starter_Project\docs\planning\kids_certified\05_ops_legacy\legacy_inventory_scan.csv","LEG-121","PossibleStage","","Concrete non-placeholder value","Open non-blocked field"
"MEDIUM","05_ops_legacy","C:\Projects\MindLab_Starter_Project\docs\planning\kids_certified\05_ops_legacy\legacy_inventory_scan.csv","LEG-122","PossibleCategory","","Concrete non-placeholder value","Open non-blocked field"
"MEDIUM","05_ops_legacy","C:\Projects\MindLab_Starter_Project\docs\planning\kids_certified\05_ops_legacy\legacy_inventory_scan.csv","LEG-122","PossibleStage","","Concrete non-placeholder value","Open non-blocked field"
"MEDIUM","05_ops_legacy","C:\Projects\MindLab_Starter_Project\docs\planning\kids_certified\05_ops_legacy\legacy_inventory_scan.csv","LEG-123","PossibleCategory","","Concrete non-placeholder value","Open non-blocked field"
"MEDIUM","05_ops_legacy","C:\Projects\MindLab_Starter_Project\docs\planning\kids_certified\05_ops_legacy\legacy_inventory_scan.csv","LEG-123","PossibleStage","","Concrete non-placeholder value","Open non-blocked field"
"MEDIUM","05_ops_legacy","C:\Projects\MindLab_Starter_Project\docs\planning\kids_certified\05_ops_legacy\legacy_inventory_scan.csv","LEG-124","PossibleCategory","","Concrete non-placeholder value","Open non-blocked field"
"MEDIUM","05_ops_legacy","C:\Projects\MindLab_Starter_Project\docs\planning\kids_certified\05_ops_legacy\legacy_inventory_scan.csv","LEG-124","PossibleStage","","Concrete non-placeholder value","Open non-blocked field"
"MEDIUM","05_ops_legacy","C:\Projects\MindLab_Starter_Project\docs\planning\kids_certified\05_ops_legacy\legacy_inventory_scan.csv","LEG-125","PossibleCategory","","Concrete non-placeholder value","Open non-blocked field"
"MEDIUM","05_ops_legacy","C:\Projects\MindLab_Starter_Project\docs\planning\kids_certified\05_ops_legacy\legacy_inventory_scan.csv","LEG-125","PossibleStage","","Concrete non-placeholder value","Open non-blocked field"
"MEDIUM","05_ops_legacy","C:\Projects\MindLab_Starter_Project\docs\planning\kids_certified\05_ops_legacy\legacy_inventory_scan.csv","LEG-126","PossibleCategory","","Concrete non-placeholder value","Open non-blocked field"
"MEDIUM","05_ops_legacy","C:\Projects\MindLab_Starter_Project\docs\planning\kids_certified\05_ops_legacy\legacy_inventory_scan.csv","LEG-126","PossibleStage","","Concrete non-placeholder value","Open non-blocked field"
"MEDIUM","05_ops_legacy","C:\Projects\MindLab_Starter_Project\docs\planning\kids_certified\05_ops_legacy\legacy_inventory_scan.csv","LEG-127","PossibleCategory","","Concrete non-placeholder value","Open non-blocked field"
"MEDIUM","05_ops_legacy","C:\Projects\MindLab_Starter_Project\docs\planning\kids_certified\05_ops_legacy\legacy_inventory_scan.csv","LEG-127","PossibleStage","","Concrete non-placeholder value","Open non-blocked field"
"MEDIUM","05_ops_legacy","C:\Projects\MindLab_Starter_Project\docs\planning\kids_certified\05_ops_legacy\legacy_inventory_scan.csv","LEG-128","PossibleCategory","","Concrete non-placeholder value","Open non-blocked field"
"MEDIUM","05_ops_legacy","C:\Projects\MindLab_Starter_Project\docs\planning\kids_certified\05_ops_legacy\legacy_inventory_scan.csv","LEG-128","PossibleStage","","Concrete non-placeholder value","Open non-blocked field"
"MEDIUM","05_ops_legacy","C:\Projects\MindLab_Starter_Project\docs\planning\kids_certified\05_ops_legacy\legacy_inventory_scan.csv","LEG-129","PossibleCategory","","Concrete non-placeholder value","Open non-blocked field"
"MEDIUM","05_ops_legacy","C:\Projects\MindLab_Starter_Project\docs\planning\kids_certified\05_ops_legacy\legacy_inventory_scan.csv","LEG-129","PossibleStage","","Concrete non-placeholder value","Open non-blocked field"
"MEDIUM","05_ops_legacy","C:\Projects\MindLab_Starter_Project\docs\planning\kids_certified\05_ops_legacy\legacy_inventory_scan.csv","LEG-130","PossibleCategory","","Concrete non-placeholder value","Open non-blocked field"
"MEDIUM","05_ops_legacy","C:\Projects\MindLab_Starter_Project\docs\planning\kids_certified\05_ops_legacy\legacy_inventory_scan.csv","LEG-130","PossibleStage","","Concrete non-placeholder value","Open non-blocked field"
"MEDIUM","05_ops_legacy","C:\Projects\MindLab_Starter_Project\docs\planning\kids_certified\05_ops_legacy\legacy_inventory_scan.csv","LEG-131","PossibleCategory","","Concrete non-placeholder value","Open non-blocked field"
"MEDIUM","05_ops_legacy","C:\Projects\MindLab_Starter_Project\docs\planning\kids_certified\05_ops_legacy\legacy_inventory_scan.csv","LEG-131","PossibleStage","","Concrete non-placeholder value","Open non-blocked field"
"MEDIUM","05_ops_legacy","C:\Projects\MindLab_Starter_Project\docs\planning\kids_certified\05_ops_legacy\legacy_inventory_scan.csv","LEG-132","PossibleCategory","","Concrete non-placeholder value","Open non-blocked field"
"MEDIUM","05_ops_legacy","C:\Projects\MindLab_Starter_Project\docs\planning\kids_certified\05_ops_legacy\legacy_inventory_scan.csv","LEG-132","PossibleStage","","Concrete non-placeholder value","Open non-blocked field"
"MEDIUM","05_ops_legacy","C:\Projects\MindLab_Starter_Project\docs\planning\kids_certified\05_ops_legacy\legacy_inventory_scan.csv","LEG-133","PossibleCategory","","Concrete non-placeholder value","Open non-blocked field"
"MEDIUM","05_ops_legacy","C:\Projects\MindLab_Starter_Project\docs\planning\kids_certified\05_ops_legacy\legacy_inventory_scan.csv","LEG-133","PossibleStage","","Concrete non-placeholder value","Open non-blocked field"
"MEDIUM","05_ops_legacy","C:\Projects\MindLab_Starter_Project\docs\planning\kids_certified\05_ops_legacy\legacy_inventory_scan.csv","LEG-134","PossibleCategory","","Concrete non-placeholder value","Open non-blocked field"
"MEDIUM","05_ops_legacy","C:\Projects\MindLab_Starter_Project\docs\planning\kids_certified\05_ops_legacy\legacy_inventory_scan.csv","LEG-134","PossibleStage","","Concrete non-placeholder value","Open non-blocked field"
"MEDIUM","05_ops_legacy","C:\Projects\MindLab_Starter_Project\docs\planning\kids_certified\05_ops_legacy\legacy_inventory_scan.csv","LEG-135","PossibleCategory","","Concrete non-placeholder value","Open non-blocked field"
"MEDIUM","05_ops_legacy","C:\Projects\MindLab_Starter_Project\docs\planning\kids_certified\05_ops_legacy\legacy_inventory_scan.csv","LEG-135","PossibleStage","","Concrete non-placeholder value","Open non-blocked field"
"MEDIUM","05_ops_legacy","C:\Projects\MindLab_Starter_Project\docs\planning\kids_certified\05_ops_legacy\legacy_inventory_scan.csv","LEG-136","PossibleCategory","","Concrete non-placeholder value","Open non-blocked field"
"MEDIUM","05_ops_legacy","C:\Projects\MindLab_Starter_Project\docs\planning\kids_certified\05_ops_legacy\legacy_inventory_scan.csv","LEG-136","PossibleStage","","Concrete non-placeholder value","Open non-blocked field"
"MEDIUM","05_ops_legacy","C:\Projects\MindLab_Starter_Project\docs\planning\kids_certified\05_ops_legacy\legacy_inventory_scan.csv","LEG-137","PossibleCategory","","Concrete non-placeholder value","Open non-blocked field"
"MEDIUM","05_ops_legacy","C:\Projects\MindLab_Starter_Project\docs\planning\kids_certified\05_ops_legacy\legacy_inventory_scan.csv","LEG-137","PossibleStage","","Concrete non-placeholder value","Open non-blocked field"
"MEDIUM","05_ops_legacy","C:\Projects\MindLab_Starter_Project\docs\planning\kids_certified\05_ops_legacy\legacy_inventory_scan.csv","LEG-138","PossibleCategory","","Concrete non-placeholder value","Open non-blocked field"
"MEDIUM","05_ops_legacy","C:\Projects\MindLab_Starter_Project\docs\planning\kids_certified\05_ops_legacy\legacy_inventory_scan.csv","LEG-138","PossibleStage","","Concrete non-placeholder value","Open non-blocked field"
"MEDIUM","05_ops_legacy","C:\Projects\MindLab_Starter_Project\docs\planning\kids_certified\05_ops_legacy\legacy_inventory_scan.csv","LEG-139","PossibleCategory","","Concrete non-placeholder value","Open non-blocked field"
"MEDIUM","05_ops_legacy","C:\Projects\MindLab_Starter_Project\docs\planning\kids_certified\05_ops_legacy\legacy_inventory_scan.csv","LEG-139","PossibleStage","","Concrete non-placeholder value","Open non-blocked field"
"MEDIUM","05_ops_legacy","C:\Projects\MindLab_Starter_Project\docs\planning\kids_certified\05_ops_legacy\legacy_inventory_scan.csv","LEG-140","PossibleCategory","","Concrete non-placeholder value","Open non-blocked field"
"MEDIUM","05_ops_legacy","C:\Projects\MindLab_Starter_Project\docs\planning\kids_certified\05_ops_legacy\legacy_inventory_scan.csv","LEG-140","PossibleStage","","Concrete non-placeholder value","Open non-blocked field"
"MEDIUM","05_ops_legacy","C:\Projects\MindLab_Starter_Project\docs\planning\kids_certified\05_ops_legacy\legacy_inventory_scan.csv","LEG-141","PossibleCategory","","Concrete non-placeholder value","Open non-blocked field"
"MEDIUM","05_ops_legacy","C:\Projects\MindLab_Starter_Project\docs\planning\kids_certified\05_ops_legacy\legacy_inventory_scan.csv","LEG-141","PossibleStage","","Concrete non-placeholder value","Open non-blocked field"
"MEDIUM","05_ops_legacy","C:\Projects\MindLab_Starter_Project\docs\planning\kids_certified\05_ops_legacy\legacy_inventory_scan.csv","LEG-142","PossibleCategory","","Concrete non-placeholder value","Open non-blocked field"
"MEDIUM","05_ops_legacy","C:\Projects\MindLab_Starter_Project\docs\planning\kids_certified\05_ops_legacy\legacy_inventory_scan.csv","LEG-142","PossibleStage","","Concrete non-placeholder value","Open non-blocked field"
"MEDIUM","05_ops_legacy","C:\Projects\MindLab_Starter_Project\docs\planning\kids_certified\05_ops_legacy\legacy_inventory_scan.csv","LEG-143","PossibleCategory","","Concrete non-placeholder value","Open non-blocked field"
"MEDIUM","05_ops_legacy","C:\Projects\MindLab_Starter_Project\docs\planning\kids_certified\05_ops_legacy\legacy_inventory_scan.csv","LEG-143","PossibleStage","","Concrete non-placeholder value","Open non-blocked field"
"MEDIUM","05_ops_legacy","C:\Projects\MindLab_Starter_Project\docs\planning\kids_certified\05_ops_legacy\legacy_inventory_scan.csv","LEG-144","PossibleCategory","","Concrete non-placeholder value","Open non-blocked field"
"MEDIUM","05_ops_legacy","C:\Projects\MindLab_Starter_Project\docs\planning\kids_certified\05_ops_legacy\legacy_inventory_scan.csv","LEG-144","PossibleStage","","Concrete non-placeholder value","Open non-blocked field"
"MEDIUM","05_ops_legacy","C:\Projects\MindLab_Starter_Project\docs\planning\kids_certified\05_ops_legacy\legacy_inventory_scan.csv","LEG-145","PossibleCategory","","Concrete non-placeholder value","Open non-blocked field"
"MEDIUM","05_ops_legacy","C:\Projects\MindLab_Starter_Project\docs\planning\kids_certified\05_ops_legacy\legacy_inventory_scan.csv","LEG-145","PossibleStage","","Concrete non-placeholder value","Open non-blocked field"
"MEDIUM","05_ops_legacy","C:\Projects\MindLab_Starter_Project\docs\planning\kids_certified\05_ops_legacy\legacy_inventory_scan.csv","LEG-146","PossibleCategory","","Concrete non-placeholder value","Open non-blocked field"
"MEDIUM","05_ops_legacy","C:\Projects\MindLab_Starter_Project\docs\planning\kids_certified\05_ops_legacy\legacy_inventory_scan.csv","LEG-146","PossibleStage","","Concrete non-placeholder value","Open non-blocked field"
"MEDIUM","05_ops_legacy","C:\Projects\MindLab_Starter_Project\docs\planning\kids_certified\05_ops_legacy\legacy_inventory_scan.csv","LEG-147","PossibleCategory","","Concrete non-placeholder value","Open non-blocked field"
"MEDIUM","05_ops_legacy","C:\Projects\MindLab_Starter_Project\docs\planning\kids_certified\05_ops_legacy\legacy_inventory_scan.csv","LEG-147","PossibleStage","","Concrete non-placeholder value","Open non-blocked field"
"MEDIUM","05_ops_legacy","C:\Projects\MindLab_Starter_Project\docs\planning\kids_certified\05_ops_legacy\legacy_inventory_scan.csv","LEG-148","PossibleCategory","","Concrete non-placeholder value","Open non-blocked field"
"MEDIUM","05_ops_legacy","C:\Projects\MindLab_Starter_Project\docs\planning\kids_certified\05_ops_legacy\legacy_inventory_scan.csv","LEG-148","PossibleStage","","Concrete non-placeholder value","Open non-blocked field"
"MEDIUM","05_ops_legacy","C:\Projects\MindLab_Starter_Project\docs\planning\kids_certified\05_ops_legacy\legacy_inventory_scan.csv","LEG-149","PossibleCategory","","Concrete non-placeholder value","Open non-blocked field"
"MEDIUM","05_ops_legacy","C:\Projects\MindLab_Starter_Project\docs\planning\kids_certified\05_ops_legacy\legacy_inventory_scan.csv","LEG-149","PossibleStage","","Concrete non-placeholder value","Open non-blocked field"
"MEDIUM","05_ops_legacy","C:\Projects\MindLab_Starter_Project\docs\planning\kids_certified\05_ops_legacy\legacy_inventory_scan.csv","LEG-150","PossibleCategory","","Concrete non-placeholder value","Open non-blocked field"
"MEDIUM","05_ops_legacy","C:\Projects\MindLab_Starter_Project\docs\planning\kids_certified\05_ops_legacy\legacy_inventory_scan.csv","LEG-150","PossibleStage","","Concrete non-placeholder value","Open non-blocked field"
"MEDIUM","05_ops_legacy","C:\Projects\MindLab_Starter_Project\docs\planning\kids_certified\05_ops_legacy\legacy_inventory_scan.csv","LEG-151","PossibleCategory","","Concrete non-placeholder value","Open non-blocked field"
"MEDIUM","05_ops_legacy","C:\Projects\MindLab_Starter_Project\docs\planning\kids_certified\05_ops_legacy\legacy_inventory_scan.csv","LEG-151","PossibleStage","","Concrete non-placeholder value","Open non-blocked field"
"MEDIUM","05_ops_legacy","C:\Projects\MindLab_Starter_Project\docs\planning\kids_certified\05_ops_legacy\legacy_inventory_scan.csv","LEG-152","PossibleCategory","","Concrete non-placeholder value","Open non-blocked field"
"MEDIUM","05_ops_legacy","C:\Projects\MindLab_Starter_Project\docs\planning\kids_certified\05_ops_legacy\legacy_inventory_scan.csv","LEG-152","PossibleStage","","Concrete non-placeholder value","Open non-blocked field"
"MEDIUM","05_ops_legacy","C:\Projects\MindLab_Starter_Project\docs\planning\kids_certified\05_ops_legacy\legacy_inventory_scan.csv","LEG-153","PossibleCategory","","Concrete non-placeholder value","Open non-blocked field"
"MEDIUM","05_ops_legacy","C:\Projects\MindLab_Starter_Project\docs\planning\kids_certified\05_ops_legacy\legacy_inventory_scan.csv","LEG-153","PossibleStage","","Concrete non-placeholder value","Open non-blocked field"
"MEDIUM","05_ops_legacy","C:\Projects\MindLab_Starter_Project\docs\planning\kids_certified\05_ops_legacy\legacy_inventory_scan.csv","LEG-154","PossibleCategory","","Concrete non-placeholder value","Open non-blocked field"
"MEDIUM","05_ops_legacy","C:\Projects\MindLab_Starter_Project\docs\planning\kids_certified\05_ops_legacy\legacy_inventory_scan.csv","LEG-154","PossibleStage","","Concrete non-placeholder value","Open non-blocked field"
"MEDIUM","05_ops_legacy","C:\Projects\MindLab_Starter_Project\docs\planning\kids_certified\05_ops_legacy\legacy_inventory_scan.csv","LEG-155","PossibleCategory","","Concrete non-placeholder value","Open non-blocked field"
"MEDIUM","05_ops_legacy","C:\Projects\MindLab_Starter_Project\docs\planning\kids_certified\05_ops_legacy\legacy_inventory_scan.csv","LEG-155","PossibleStage","","Concrete non-placeholder value","Open non-blocked field"
"MEDIUM","05_ops_legacy","C:\Projects\MindLab_Starter_Project\docs\planning\kids_certified\05_ops_legacy\legacy_inventory_scan.csv","LEG-156","PossibleCategory","","Concrete non-placeholder value","Open non-blocked field"
"MEDIUM","05_ops_legacy","C:\Projects\MindLab_Starter_Project\docs\planning\kids_certified\05_ops_legacy\legacy_inventory_scan.csv","LEG-156","PossibleStage","","Concrete non-placeholder value","Open non-blocked field"
"MEDIUM","05_ops_legacy","C:\Projects\MindLab_Starter_Project\docs\planning\kids_certified\05_ops_legacy\legacy_inventory_scan.csv","LEG-157","PossibleCategory","","Concrete non-placeholder value","Open non-blocked field"
"MEDIUM","05_ops_legacy","C:\Projects\MindLab_Starter_Project\docs\planning\kids_certified\05_ops_legacy\legacy_inventory_scan.csv","LEG-157","PossibleStage","","Concrete non-placeholder value","Open non-blocked field"
"MEDIUM","05_ops_legacy","C:\Projects\MindLab_Starter_Project\docs\planning\kids_certified\05_ops_legacy\legacy_inventory_scan.csv","LEG-158","PossibleCategory","","Concrete non-placeholder value","Open non-blocked field"
"MEDIUM","05_ops_legacy","C:\Projects\MindLab_Starter_Project\docs\planning\kids_certified\05_ops_legacy\legacy_inventory_scan.csv","LEG-158","PossibleStage","","Concrete non-placeholder value","Open non-blocked field"
"MEDIUM","05_ops_legacy","C:\Projects\MindLab_Starter_Project\docs\planning\kids_certified\05_ops_legacy\legacy_inventory_scan.csv","LEG-159","PossibleStage","","Concrete non-placeholder value","Open non-blocked field"
"MEDIUM","05_ops_legacy","C:\Projects\MindLab_Starter_Project\docs\planning\kids_certified\05_ops_legacy\legacy_inventory_scan.csv","LEG-160","PossibleStage","","Concrete non-placeholder value","Open non-blocked field"
"MEDIUM","05_ops_legacy","C:\Projects\MindLab_Starter_Project\docs\planning\kids_certified\05_ops_legacy\legacy_inventory_scan.csv","LEG-161","PossibleCategory","","Concrete non-placeholder value","Open non-blocked field"
"MEDIUM","05_ops_legacy","C:\Projects\MindLab_Starter_Project\docs\planning\kids_certified\05_ops_legacy\legacy_inventory_scan.csv","LEG-161","PossibleStage","","Concrete non-placeholder value","Open non-blocked field"
"MEDIUM","05_ops_legacy","C:\Projects\MindLab_Starter_Project\docs\planning\kids_certified\05_ops_legacy\legacy_inventory_scan.csv","LEG-162","PossibleCategory","","Concrete non-placeholder value","Open non-blocked field"
"MEDIUM","05_ops_legacy","C:\Projects\MindLab_Starter_Project\docs\planning\kids_certified\05_ops_legacy\legacy_inventory_scan.csv","LEG-162","PossibleStage","","Concrete non-placeholder value","Open non-blocked field"
"MEDIUM","05_ops_legacy","C:\Projects\MindLab_Starter_Project\docs\planning\kids_certified\05_ops_legacy\legacy_inventory_scan.csv","LEG-163","PossibleCategory","","Concrete non-placeholder value","Open non-blocked field"
"MEDIUM","05_ops_legacy","C:\Projects\MindLab_Starter_Project\docs\planning\kids_certified\05_ops_legacy\legacy_inventory_scan.csv","LEG-163","PossibleStage","","Concrete non-placeholder value","Open non-blocked field"
"MEDIUM","05_ops_legacy","C:\Projects\MindLab_Starter_Project\docs\planning\kids_certified\05_ops_legacy\legacy_inventory_scan.csv","LEG-164","PossibleCategory","","Concrete non-placeholder value","Open non-blocked field"
"MEDIUM","05_ops_legacy","C:\Projects\MindLab_Starter_Project\docs\planning\kids_certified\05_ops_legacy\legacy_inventory_scan.csv","LEG-164","PossibleStage","","Concrete non-placeholder value","Open non-blocked field"
"MEDIUM","05_ops_legacy","C:\Projects\MindLab_Starter_Project\docs\planning\kids_certified\05_ops_legacy\legacy_inventory_scan.csv","LEG-165","PossibleCategory","","Concrete non-placeholder value","Open non-blocked field"
"MEDIUM","05_ops_legacy","C:\Projects\MindLab_Starter_Project\docs\planning\kids_certified\05_ops_legacy\legacy_inventory_scan.csv","LEG-165","PossibleStage","","Concrete non-placeholder value","Open non-blocked field"
"MEDIUM","05_ops_legacy","C:\Projects\MindLab_Starter_Project\docs\planning\kids_certified\05_ops_legacy\legacy_inventory_scan.csv","LEG-166","PossibleCategory","","Concrete non-placeholder value","Open non-blocked field"
"MEDIUM","05_ops_legacy","C:\Projects\MindLab_Starter_Project\docs\planning\kids_certified\05_ops_legacy\legacy_inventory_scan.csv","LEG-166","PossibleStage","","Concrete non-placeholder value","Open non-blocked field"
"MEDIUM","05_ops_legacy","C:\Projects\MindLab_Starter_Project\docs\planning\kids_certified\05_ops_legacy\legacy_inventory_scan.csv","LEG-167","PossibleCategory","","Concrete non-placeholder value","Open non-blocked field"
"MEDIUM","05_ops_legacy","C:\Projects\MindLab_Starter_Project\docs\planning\kids_certified\05_ops_legacy\legacy_inventory_scan.csv","LEG-167","PossibleStage","","Concrete non-placeholder value","Open non-blocked field"
"MEDIUM","05_ops_legacy","C:\Projects\MindLab_Starter_Project\docs\planning\kids_certified\05_ops_legacy\legacy_inventory_scan.csv","LEG-168","PossibleCategory","","Concrete non-placeholder value","Open non-blocked field"
"MEDIUM","05_ops_legacy","C:\Projects\MindLab_Starter_Project\docs\planning\kids_certified\05_ops_legacy\legacy_inventory_scan.csv","LEG-168","PossibleStage","","Concrete non-placeholder value","Open non-blocked field"
"MEDIUM","05_ops_legacy","C:\Projects\MindLab_Starter_Project\docs\planning\kids_certified\05_ops_legacy\legacy_inventory_scan.csv","LEG-169","PossibleCategory","","Concrete non-placeholder value","Open non-blocked field"
"MEDIUM","05_ops_legacy","C:\Projects\MindLab_Starter_Project\docs\planning\kids_certified\05_ops_legacy\legacy_inventory_scan.csv","LEG-169","PossibleStage","","Concrete non-placeholder value","Open non-blocked field"
"MEDIUM","05_ops_legacy","C:\Projects\MindLab_Starter_Project\docs\planning\kids_certified\05_ops_legacy\legacy_inventory_scan.csv","LEG-170","PossibleCategory","","Concrete non-placeholder value","Open non-blocked field"
"MEDIUM","05_ops_legacy","C:\Projects\MindLab_Starter_Project\docs\planning\kids_certified\05_ops_legacy\legacy_inventory_scan.csv","LEG-170","PossibleStage","","Concrete non-placeholder value","Open non-blocked field"
"MEDIUM","05_ops_legacy","C:\Projects\MindLab_Starter_Project\docs\planning\kids_certified\05_ops_legacy\legacy_inventory_scan.csv","LEG-171","PossibleCategory","","Concrete non-placeholder value","Open non-blocked field"
"MEDIUM","05_ops_legacy","C:\Projects\MindLab_Starter_Project\docs\planning\kids_certified\05_ops_legacy\legacy_inventory_scan.csv","LEG-171","PossibleStage","","Concrete non-placeholder value","Open non-blocked field"
"MEDIUM","05_ops_legacy","C:\Projects\MindLab_Starter_Project\docs\planning\kids_certified\05_ops_legacy\legacy_inventory_scan.csv","LEG-172","PossibleCategory","","Concrete non-placeholder value","Open non-blocked field"
"MEDIUM","05_ops_legacy","C:\Projects\MindLab_Starter_Project\docs\planning\kids_certified\05_ops_legacy\legacy_inventory_scan.csv","LEG-172","PossibleStage","","Concrete non-placeholder value","Open non-blocked field"
"MEDIUM","05_ops_legacy","C:\Projects\MindLab_Starter_Project\docs\planning\kids_certified\05_ops_legacy\legacy_inventory_scan.csv","LEG-173","PossibleCategory","","Concrete non-placeholder value","Open non-blocked field"
"MEDIUM","05_ops_legacy","C:\Projects\MindLab_Starter_Project\docs\planning\kids_certified\05_ops_legacy\legacy_inventory_scan.csv","LEG-173","PossibleStage","","Concrete non-placeholder value","Open non-blocked field"
"MEDIUM","05_ops_legacy","C:\Projects\MindLab_Starter_Project\docs\planning\kids_certified\05_ops_legacy\legacy_inventory_scan.csv","LEG-174","PossibleCategory","","Concrete non-placeholder value","Open non-blocked field"
"MEDIUM","05_ops_legacy","C:\Projects\MindLab_Starter_Project\docs\planning\kids_certified\05_ops_legacy\legacy_inventory_scan.csv","LEG-174","PossibleStage","","Concrete non-placeholder value","Open non-blocked field"
"MEDIUM","05_ops_legacy","C:\Projects\MindLab_Starter_Project\docs\planning\kids_certified\05_ops_legacy\legacy_inventory_scan.csv","LEG-175","PossibleCategory","","Concrete non-placeholder value","Open non-blocked field"
"MEDIUM","05_ops_legacy","C:\Projects\MindLab_Starter_Project\docs\planning\kids_certified\05_ops_legacy\legacy_inventory_scan.csv","LEG-175","PossibleStage","","Concrete non-placeholder value","Open non-blocked field"
"MEDIUM","05_ops_legacy","C:\Projects\MindLab_Starter_Project\docs\planning\kids_certified\05_ops_legacy\legacy_inventory_scan.csv","LEG-176","PossibleCategory","","Concrete non-placeholder value","Open non-blocked field"
"MEDIUM","05_ops_legacy","C:\Projects\MindLab_Starter_Project\docs\planning\kids_certified\05_ops_legacy\legacy_inventory_scan.csv","LEG-176","PossibleStage","","Concrete non-placeholder value","Open non-blocked field"
"MEDIUM","05_ops_legacy","C:\Projects\MindLab_Starter_Project\docs\planning\kids_certified\05_ops_legacy\legacy_inventory_scan.csv","LEG-177","PossibleCategory","","Concrete non-placeholder value","Open non-blocked field"
"MEDIUM","05_ops_legacy","C:\Projects\MindLab_Starter_Project\docs\planning\kids_certified\05_ops_legacy\legacy_inventory_scan.csv","LEG-177","PossibleStage","","Concrete non-placeholder value","Open non-blocked field"
"MEDIUM","05_ops_legacy","C:\Projects\MindLab_Starter_Project\docs\planning\kids_certified\05_ops_legacy\legacy_inventory_scan.csv","LEG-178","PossibleStage","","Concrete non-placeholder value","Open non-blocked field"
"MEDIUM","05_ops_legacy","C:\Projects\MindLab_Starter_Project\docs\planning\kids_certified\05_ops_legacy\legacy_inventory_scan.csv","LEG-179","PossibleStage","","Concrete non-placeholder value","Open non-blocked field"
"MEDIUM","05_ops_legacy","C:\Projects\MindLab_Starter_Project\docs\planning\kids_certified\05_ops_legacy\legacy_inventory_scan.csv","LEG-180","PossibleCategory","","Concrete non-placeholder value","Open non-blocked field"
"MEDIUM","05_ops_legacy","C:\Projects\MindLab_Starter_Project\docs\planning\kids_certified\05_ops_legacy\legacy_inventory_scan.csv","LEG-180","PossibleStage","","Concrete non-placeholder value","Open non-blocked field"
"MEDIUM","05_ops_legacy","C:\Projects\MindLab_Starter_Project\docs\planning\kids_certified\05_ops_legacy\legacy_inventory_scan.csv","LEG-181","PossibleCategory","","Concrete non-placeholder value","Open non-blocked field"
"MEDIUM","05_ops_legacy","C:\Projects\MindLab_Starter_Project\docs\planning\kids_certified\05_ops_legacy\legacy_inventory_scan.csv","LEG-181","PossibleStage","","Concrete non-placeholder value","Open non-blocked field"
"MEDIUM","05_ops_legacy","C:\Projects\MindLab_Starter_Project\docs\planning\kids_certified\05_ops_legacy\legacy_inventory_scan.csv","LEG-182","PossibleCategory","","Concrete non-placeholder value","Open non-blocked field"
"MEDIUM","05_ops_legacy","C:\Projects\MindLab_Starter_Project\docs\planning\kids_certified\05_ops_legacy\legacy_inventory_scan.csv","LEG-182","PossibleStage","","Concrete non-placeholder value","Open non-blocked field"
"MEDIUM","05_ops_legacy","C:\Projects\MindLab_Starter_Project\docs\planning\kids_certified\05_ops_legacy\legacy_inventory_scan.csv","LEG-183","PossibleCategory","","Concrete non-placeholder value","Open non-blocked field"
"MEDIUM","05_ops_legacy","C:\Projects\MindLab_Starter_Project\docs\planning\kids_certified\05_ops_legacy\legacy_inventory_scan.csv","LEG-183","PossibleStage","","Concrete non-placeholder value","Open non-blocked field"
"MEDIUM","05_ops_legacy","C:\Projects\MindLab_Starter_Project\docs\planning\kids_certified\05_ops_legacy\legacy_inventory_scan.csv","LEG-184","PossibleCategory","","Concrete non-placeholder value","Open non-blocked field"
"MEDIUM","05_ops_legacy","C:\Projects\MindLab_Starter_Project\docs\planning\kids_certified\05_ops_legacy\legacy_inventory_scan.csv","LEG-184","PossibleStage","","Concrete non-placeholder value","Open non-blocked field"
"MEDIUM","05_ops_legacy","C:\Projects\MindLab_Starter_Project\docs\planning\kids_certified\05_ops_legacy\legacy_inventory_scan.csv","LEG-185","PossibleCategory","","Concrete non-placeholder value","Open non-blocked field"
"MEDIUM","05_ops_legacy","C:\Projects\MindLab_Starter_Project\docs\planning\kids_certified\05_ops_legacy\legacy_inventory_scan.csv","LEG-185","PossibleStage","","Concrete non-placeholder value","Open non-blocked field"
"MEDIUM","05_ops_legacy","C:\Projects\MindLab_Starter_Project\docs\planning\kids_certified\05_ops_legacy\legacy_inventory_scan.csv","LEG-186","PossibleCategory","","Concrete non-placeholder value","Open non-blocked field"
"MEDIUM","05_ops_legacy","C:\Projects\MindLab_Starter_Project\docs\planning\kids_certified\05_ops_legacy\legacy_inventory_scan.csv","LEG-186","PossibleStage","","Concrete non-placeholder value","Open non-blocked field"
"MEDIUM","05_ops_legacy","C:\Projects\MindLab_Starter_Project\docs\planning\kids_certified\05_ops_legacy\legacy_inventory_scan.csv","LEG-187","PossibleCategory","","Concrete non-placeholder value","Open non-blocked field"
"MEDIUM","05_ops_legacy","C:\Projects\MindLab_Starter_Project\docs\planning\kids_certified\05_ops_legacy\legacy_inventory_scan.csv","LEG-187","PossibleStage","","Concrete non-placeholder value","Open non-blocked field"
"MEDIUM","05_ops_legacy","C:\Projects\MindLab_Starter_Project\docs\planning\kids_certified\05_ops_legacy\legacy_inventory_scan.csv","LEG-188","PossibleCategory","","Concrete non-placeholder value","Open non-blocked field"
"MEDIUM","05_ops_legacy","C:\Projects\MindLab_Starter_Project\docs\planning\kids_certified\05_ops_legacy\legacy_inventory_scan.csv","LEG-188","PossibleStage","","Concrete non-placeholder value","Open non-blocked field"
"MEDIUM","05_ops_legacy","C:\Projects\MindLab_Starter_Project\docs\planning\kids_certified\05_ops_legacy\legacy_inventory_scan.csv","LEG-189","PossibleCategory","","Concrete non-placeholder value","Open non-blocked field"
"MEDIUM","05_ops_legacy","C:\Projects\MindLab_Starter_Project\docs\planning\kids_certified\05_ops_legacy\legacy_inventory_scan.csv","LEG-189","PossibleStage","","Concrete non-placeholder value","Open non-blocked field"
"MEDIUM","05_ops_legacy","C:\Projects\MindLab_Starter_Project\docs\planning\kids_certified\05_ops_legacy\legacy_inventory_scan.csv","LEG-190","PossibleCategory","","Concrete non-placeholder value","Open non-blocked field"
"MEDIUM","05_ops_legacy","C:\Projects\MindLab_Starter_Project\docs\planning\kids_certified\05_ops_legacy\legacy_inventory_scan.csv","LEG-190","PossibleStage","","Concrete non-placeholder value","Open non-blocked field"
"MEDIUM","05_ops_legacy","C:\Projects\MindLab_Starter_Project\docs\planning\kids_certified\05_ops_legacy\legacy_inventory_scan.csv","LEG-191","PossibleCategory","","Concrete non-placeholder value","Open non-blocked field"
"MEDIUM","05_ops_legacy","C:\Projects\MindLab_Starter_Project\docs\planning\kids_certified\05_ops_legacy\legacy_inventory_scan.csv","LEG-191","PossibleStage","","Concrete non-placeholder value","Open non-blocked field"
"MEDIUM","05_ops_legacy","C:\Projects\MindLab_Starter_Project\docs\planning\kids_certified\05_ops_legacy\legacy_inventory_scan.csv","LEG-192","PossibleCategory","","Concrete non-placeholder value","Open non-blocked field"
"MEDIUM","05_ops_legacy","C:\Projects\MindLab_Starter_Project\docs\planning\kids_certified\05_ops_legacy\legacy_inventory_scan.csv","LEG-192","PossibleStage","","Concrete non-placeholder value","Open non-blocked field"
"MEDIUM","05_ops_legacy","C:\Projects\MindLab_Starter_Project\docs\planning\kids_certified\05_ops_legacy\legacy_inventory_scan.csv","LEG-193","PossibleCategory","","Concrete non-placeholder value","Open non-blocked field"
"MEDIUM","05_ops_legacy","C:\Projects\MindLab_Starter_Project\docs\planning\kids_certified\05_ops_legacy\legacy_inventory_scan.csv","LEG-193","PossibleStage","","Concrete non-placeholder value","Open non-blocked field"
"MEDIUM","05_ops_legacy","C:\Projects\MindLab_Starter_Project\docs\planning\kids_certified\05_ops_legacy\legacy_inventory_scan.csv","LEG-194","PossibleCategory","","Concrete non-placeholder value","Open non-blocked field"
"MEDIUM","05_ops_legacy","C:\Projects\MindLab_Starter_Project\docs\planning\kids_certified\05_ops_legacy\legacy_inventory_scan.csv","LEG-194","PossibleStage","","Concrete non-placeholder value","Open non-blocked field"
"MEDIUM","05_ops_legacy","C:\Projects\MindLab_Starter_Project\docs\planning\kids_certified\05_ops_legacy\legacy_inventory_scan.csv","LEG-195","PossibleCategory","","Concrete non-placeholder value","Open non-blocked field"
"MEDIUM","05_ops_legacy","C:\Projects\MindLab_Starter_Project\docs\planning\kids_certified\05_ops_legacy\legacy_inventory_scan.csv","LEG-195","PossibleStage","","Concrete non-placeholder value","Open non-blocked field"
"MEDIUM","05_ops_legacy","C:\Projects\MindLab_Starter_Project\docs\planning\kids_certified\05_ops_legacy\legacy_inventory_scan.csv","LEG-196","PossibleStage","","Concrete non-placeholder value","Open non-blocked field"
"MEDIUM","05_ops_legacy","C:\Projects\MindLab_Starter_Project\docs\planning\kids_certified\05_ops_legacy\legacy_inventory_scan.csv","LEG-197","PossibleStage","","Concrete non-placeholder value","Open non-blocked field"
"MEDIUM","05_ops_legacy","C:\Projects\MindLab_Starter_Project\docs\planning\kids_certified\05_ops_legacy\legacy_inventory_scan.csv","LEG-198","PossibleCategory","","Concrete non-placeholder value","Open non-blocked field"
"MEDIUM","05_ops_legacy","C:\Projects\MindLab_Starter_Project\docs\planning\kids_certified\05_ops_legacy\legacy_inventory_scan.csv","LEG-198","PossibleStage","","Concrete non-placeholder value","Open non-blocked field"
"MEDIUM","05_ops_legacy","C:\Projects\MindLab_Starter_Project\docs\planning\kids_certified\05_ops_legacy\legacy_inventory_scan.csv","LEG-199","PossibleCategory","","Concrete non-placeholder value","Open non-blocked field"
"MEDIUM","05_ops_legacy","C:\Projects\MindLab_Starter_Project\docs\planning\kids_certified\05_ops_legacy\legacy_inventory_scan.csv","LEG-199","PossibleStage","","Concrete non-placeholder value","Open non-blocked field"
"MEDIUM","05_ops_legacy","C:\Projects\MindLab_Starter_Project\docs\planning\kids_certified\05_ops_legacy\legacy_inventory_scan.csv","LEG-200","PossibleCategory","","Concrete non-placeholder value","Open non-blocked field"
"MEDIUM","05_ops_legacy","C:\Projects\MindLab_Starter_Project\docs\planning\kids_certified\05_ops_legacy\legacy_inventory_scan.csv","LEG-200","PossibleStage","","Concrete non-placeholder value","Open non-blocked field"
"MEDIUM","05_ops_legacy","C:\Projects\MindLab_Starter_Project\docs\planning\kids_certified\05_ops_legacy\legacy_inventory_scan.csv","LEG-201","PossibleCategory","","Concrete non-placeholder value","Open non-blocked field"
"MEDIUM","05_ops_legacy","C:\Projects\MindLab_Starter_Project\docs\planning\kids_certified\05_ops_legacy\legacy_inventory_scan.csv","LEG-201","PossibleStage","","Concrete non-placeholder value","Open non-blocked field"
"MEDIUM","05_ops_legacy","C:\Projects\MindLab_Starter_Project\docs\planning\kids_certified\05_ops_legacy\legacy_inventory_scan.csv","LEG-202","PossibleCategory","","Concrete non-placeholder value","Open non-blocked field"
"MEDIUM","05_ops_legacy","C:\Projects\MindLab_Starter_Project\docs\planning\kids_certified\05_ops_legacy\legacy_inventory_scan.csv","LEG-202","PossibleStage","","Concrete non-placeholder value","Open non-blocked field"
"MEDIUM","05_ops_legacy","C:\Projects\MindLab_Starter_Project\docs\planning\kids_certified\05_ops_legacy\legacy_inventory_scan.csv","LEG-203","PossibleCategory","","Concrete non-placeholder value","Open non-blocked field"
"MEDIUM","05_ops_legacy","C:\Projects\MindLab_Starter_Project\docs\planning\kids_certified\05_ops_legacy\legacy_inventory_scan.csv","LEG-203","PossibleStage","","Concrete non-placeholder value","Open non-blocked field"
"MEDIUM","05_ops_legacy","C:\Projects\MindLab_Starter_Project\docs\planning\kids_certified\05_ops_legacy\legacy_inventory_scan.csv","LEG-204","PossibleCategory","","Concrete non-placeholder value","Open non-blocked field"
"MEDIUM","05_ops_legacy","C:\Projects\MindLab_Starter_Project\docs\planning\kids_certified\05_ops_legacy\legacy_inventory_scan.csv","LEG-204","PossibleStage","","Concrete non-placeholder value","Open non-blocked field"
"MEDIUM","05_ops_legacy","C:\Projects\MindLab_Starter_Project\docs\planning\kids_certified\05_ops_legacy\legacy_inventory_scan.csv","LEG-205","PossibleCategory","","Concrete non-placeholder value","Open non-blocked field"
"MEDIUM","05_ops_legacy","C:\Projects\MindLab_Starter_Project\docs\planning\kids_certified\05_ops_legacy\legacy_inventory_scan.csv","LEG-205","PossibleStage","","Concrete non-placeholder value","Open non-blocked field"
"MEDIUM","05_ops_legacy","C:\Projects\MindLab_Starter_Project\docs\planning\kids_certified\05_ops_legacy\legacy_inventory_scan.csv","LEG-206","PossibleCategory","","Concrete non-placeholder value","Open non-blocked field"
"MEDIUM","05_ops_legacy","C:\Projects\MindLab_Starter_Project\docs\planning\kids_certified\05_ops_legacy\legacy_inventory_scan.csv","LEG-206","PossibleStage","","Concrete non-placeholder value","Open non-blocked field"
"MEDIUM","05_ops_legacy","C:\Projects\MindLab_Starter_Project\docs\planning\kids_certified\05_ops_legacy\legacy_inventory_scan.csv","LEG-207","PossibleCategory","","Concrete non-placeholder value","Open non-blocked field"
"MEDIUM","05_ops_legacy","C:\Projects\MindLab_Starter_Project\docs\planning\kids_certified\05_ops_legacy\legacy_inventory_scan.csv","LEG-207","PossibleStage","","Concrete non-placeholder value","Open non-blocked field"
"MEDIUM","05_ops_legacy","C:\Projects\MindLab_Starter_Project\docs\planning\kids_certified\05_ops_legacy\legacy_inventory_scan.csv","LEG-208","PossibleCategory","","Concrete non-placeholder value","Open non-blocked field"
"MEDIUM","05_ops_legacy","C:\Projects\MindLab_Starter_Project\docs\planning\kids_certified\05_ops_legacy\legacy_inventory_scan.csv","LEG-208","PossibleStage","","Concrete non-placeholder value","Open non-blocked field"
"MEDIUM","05_ops_legacy","C:\Projects\MindLab_Starter_Project\docs\planning\kids_certified\05_ops_legacy\legacy_inventory_scan.csv","LEG-209","PossibleCategory","","Concrete non-placeholder value","Open non-blocked field"
"MEDIUM","05_ops_legacy","C:\Projects\MindLab_Starter_Project\docs\planning\kids_certified\05_ops_legacy\legacy_inventory_scan.csv","LEG-209","PossibleStage","","Concrete non-placeholder value","Open non-blocked field"
"MEDIUM","05_ops_legacy","C:\Projects\MindLab_Starter_Project\docs\planning\kids_certified\05_ops_legacy\legacy_inventory_scan.csv","LEG-210","PossibleCategory","","Concrete non-placeholder value","Open non-blocked field"
"MEDIUM","05_ops_legacy","C:\Projects\MindLab_Starter_Project\docs\planning\kids_certified\05_ops_legacy\legacy_inventory_scan.csv","LEG-210","PossibleStage","","Concrete non-placeholder value","Open non-blocked field"
"MEDIUM","05_ops_legacy","C:\Projects\MindLab_Starter_Project\docs\planning\kids_certified\05_ops_legacy\legacy_inventory_scan.csv","LEG-211","PossibleCategory","","Concrete non-placeholder value","Open non-blocked field"
"MEDIUM","05_ops_legacy","C:\Projects\MindLab_Starter_Project\docs\planning\kids_certified\05_ops_legacy\legacy_inventory_scan.csv","LEG-211","PossibleStage","","Concrete non-placeholder value","Open non-blocked field"
"MEDIUM","05_ops_legacy","C:\Projects\MindLab_Starter_Project\docs\planning\kids_certified\05_ops_legacy\legacy_inventory_scan.csv","LEG-212","PossibleCategory","","Concrete non-placeholder value","Open non-blocked field"
"MEDIUM","05_ops_legacy","C:\Projects\MindLab_Starter_Project\docs\planning\kids_certified\05_ops_legacy\legacy_inventory_scan.csv","LEG-212","PossibleStage","","Concrete non-placeholder value","Open non-blocked field"
"MEDIUM","05_ops_legacy","C:\Projects\MindLab_Starter_Project\docs\planning\kids_certified\05_ops_legacy\legacy_inventory_scan.csv","LEG-213","PossibleCategory","","Concrete non-placeholder value","Open non-blocked field"
"MEDIUM","05_ops_legacy","C:\Projects\MindLab_Starter_Project\docs\planning\kids_certified\05_ops_legacy\legacy_inventory_scan.csv","LEG-213","PossibleStage","","Concrete non-placeholder value","Open non-blocked field"
"MEDIUM","05_ops_legacy","C:\Projects\MindLab_Starter_Project\docs\planning\kids_certified\05_ops_legacy\legacy_inventory_scan.csv","LEG-214","PossibleCategory","","Concrete non-placeholder value","Open non-blocked field"
"MEDIUM","05_ops_legacy","C:\Projects\MindLab_Starter_Project\docs\planning\kids_certified\05_ops_legacy\legacy_inventory_scan.csv","LEG-214","PossibleStage","","Concrete non-placeholder value","Open non-blocked field"
"MEDIUM","05_ops_legacy","C:\Projects\MindLab_Starter_Project\docs\planning\kids_certified\05_ops_legacy\legacy_inventory_scan.csv","LEG-215","PossibleCategory","","Concrete non-placeholder value","Open non-blocked field"
"MEDIUM","05_ops_legacy","C:\Projects\MindLab_Starter_Project\docs\planning\kids_certified\05_ops_legacy\legacy_inventory_scan.csv","LEG-215","PossibleStage","","Concrete non-placeholder value","Open non-blocked field"
"MEDIUM","05_ops_legacy","C:\Projects\MindLab_Starter_Project\docs\planning\kids_certified\05_ops_legacy\legacy_inventory_scan.csv","LEG-216","PossibleCategory","","Concrete non-placeholder value","Open non-blocked field"
"MEDIUM","05_ops_legacy","C:\Projects\MindLab_Starter_Project\docs\planning\kids_certified\05_ops_legacy\legacy_inventory_scan.csv","LEG-216","PossibleStage","","Concrete non-placeholder value","Open non-blocked field"
"MEDIUM","05_ops_legacy","C:\Projects\MindLab_Starter_Project\docs\planning\kids_certified\05_ops_legacy\legacy_inventory_scan.csv","LEG-217","PossibleCategory","","Concrete non-placeholder value","Open non-blocked field"
"MEDIUM","05_ops_legacy","C:\Projects\MindLab_Starter_Project\docs\planning\kids_certified\05_ops_legacy\legacy_inventory_scan.csv","LEG-217","PossibleStage","","Concrete non-placeholder value","Open non-blocked field"
"MEDIUM","05_ops_legacy","C:\Projects\MindLab_Starter_Project\docs\planning\kids_certified\05_ops_legacy\legacy_inventory_scan.csv","LEG-218","PossibleCategory","","Concrete non-placeholder value","Open non-blocked field"
"MEDIUM","05_ops_legacy","C:\Projects\MindLab_Starter_Project\docs\planning\kids_certified\05_ops_legacy\legacy_inventory_scan.csv","LEG-218","PossibleStage","","Concrete non-placeholder value","Open non-blocked field"
"MEDIUM","05_ops_legacy","C:\Projects\MindLab_Starter_Project\docs\planning\kids_certified\05_ops_legacy\legacy_inventory_scan.csv","LEG-219","PossibleCategory","","Concrete non-placeholder value","Open non-blocked field"
"MEDIUM","05_ops_legacy","C:\Projects\MindLab_Starter_Project\docs\planning\kids_certified\05_ops_legacy\legacy_inventory_scan.csv","LEG-219","PossibleStage","","Concrete non-placeholder value","Open non-blocked field"
"MEDIUM","05_ops_legacy","C:\Projects\MindLab_Starter_Project\docs\planning\kids_certified\05_ops_legacy\legacy_inventory_scan.csv","LEG-220","PossibleCategory","","Concrete non-placeholder value","Open non-blocked field"
"MEDIUM","05_ops_legacy","C:\Projects\MindLab_Starter_Project\docs\planning\kids_certified\05_ops_legacy\legacy_inventory_scan.csv","LEG-220","PossibleStage","","Concrete non-placeholder value","Open non-blocked field"
"MEDIUM","05_ops_legacy","C:\Projects\MindLab_Starter_Project\docs\planning\kids_certified\05_ops_legacy\legacy_inventory_scan.csv","LEG-221","PossibleCategory","","Concrete non-placeholder value","Open non-blocked field"
"MEDIUM","05_ops_legacy","C:\Projects\MindLab_Starter_Project\docs\planning\kids_certified\05_ops_legacy\legacy_inventory_scan.csv","LEG-221","PossibleStage","","Concrete non-placeholder value","Open non-blocked field"
"MEDIUM","05_ops_legacy","C:\Projects\MindLab_Starter_Project\docs\planning\kids_certified\05_ops_legacy\legacy_inventory_scan.csv","LEG-222","PossibleCategory","","Concrete non-placeholder value","Open non-blocked field"
"MEDIUM","05_ops_legacy","C:\Projects\MindLab_Starter_Project\docs\planning\kids_certified\05_ops_legacy\legacy_inventory_scan.csv","LEG-222","PossibleStage","","Concrete non-placeholder value","Open non-blocked field"
"MEDIUM","05_ops_legacy","C:\Projects\MindLab_Starter_Project\docs\planning\kids_certified\05_ops_legacy\legacy_inventory_scan.csv","LEG-223","PossibleCategory","","Concrete non-placeholder value","Open non-blocked field"
"MEDIUM","05_ops_legacy","C:\Projects\MindLab_Starter_Project\docs\planning\kids_certified\05_ops_legacy\legacy_inventory_scan.csv","LEG-223","PossibleStage","","Concrete non-placeholder value","Open non-blocked field"
"MEDIUM","05_ops_legacy","C:\Projects\MindLab_Starter_Project\docs\planning\kids_certified\05_ops_legacy\legacy_inventory_scan.csv","LEG-224","PossibleCategory","","Concrete non-placeholder value","Open non-blocked field"
"MEDIUM","05_ops_legacy","C:\Projects\MindLab_Starter_Project\docs\planning\kids_certified\05_ops_legacy\legacy_inventory_scan.csv","LEG-224","PossibleStage","","Concrete non-placeholder value","Open non-blocked field"
"MEDIUM","05_ops_legacy","C:\Projects\MindLab_Starter_Project\docs\planning\kids_certified\05_ops_legacy\legacy_inventory_scan.csv","LEG-225","PossibleCategory","","Concrete non-placeholder value","Open non-blocked field"
"MEDIUM","05_ops_legacy","C:\Projects\MindLab_Starter_Project\docs\planning\kids_certified\05_ops_legacy\legacy_inventory_scan.csv","LEG-225","PossibleStage","","Concrete non-placeholder value","Open non-blocked field"
"MEDIUM","05_ops_legacy","C:\Projects\MindLab_Starter_Project\docs\planning\kids_certified\05_ops_legacy\legacy_inventory_scan.csv","LEG-226","PossibleCategory","","Concrete non-placeholder value","Open non-blocked field"
"MEDIUM","05_ops_legacy","C:\Projects\MindLab_Starter_Project\docs\planning\kids_certified\05_ops_legacy\legacy_inventory_scan.csv","LEG-226","PossibleStage","","Concrete non-placeholder value","Open non-blocked field"
"MEDIUM","05_ops_legacy","C:\Projects\MindLab_Starter_Project\docs\planning\kids_certified\05_ops_legacy\legacy_inventory_scan.csv","LEG-227","PossibleCategory","","Concrete non-placeholder value","Open non-blocked field"
"MEDIUM","05_ops_legacy","C:\Projects\MindLab_Starter_Project\docs\planning\kids_certified\05_ops_legacy\legacy_inventory_scan.csv","LEG-227","PossibleStage","","Concrete non-placeholder value","Open non-blocked field"
"MEDIUM","05_ops_legacy","C:\Projects\MindLab_Starter_Project\docs\planning\kids_certified\05_ops_legacy\legacy_inventory_scan.csv","LEG-228","PossibleCategory","","Concrete non-placeholder value","Open non-blocked field"
"MEDIUM","05_ops_legacy","C:\Projects\MindLab_Starter_Project\docs\planning\kids_certified\05_ops_legacy\legacy_inventory_scan.csv","LEG-228","PossibleStage","","Concrete non-placeholder value","Open non-blocked field"
"MEDIUM","05_ops_legacy","C:\Projects\MindLab_Starter_Project\docs\planning\kids_certified\05_ops_legacy\legacy_inventory_scan.csv","LEG-229","PossibleCategory","","Concrete non-placeholder value","Open non-blocked field"
"MEDIUM","05_ops_legacy","C:\Projects\MindLab_Starter_Project\docs\planning\kids_certified\05_ops_legacy\legacy_inventory_scan.csv","LEG-229","PossibleStage","","Concrete non-placeholder value","Open non-blocked field"
"MEDIUM","05_ops_legacy","C:\Projects\MindLab_Starter_Project\docs\planning\kids_certified\05_ops_legacy\legacy_inventory_scan.csv","LEG-230","PossibleCategory","","Concrete non-placeholder value","Open non-blocked field"
"MEDIUM","05_ops_legacy","C:\Projects\MindLab_Starter_Project\docs\planning\kids_certified\05_ops_legacy\legacy_inventory_scan.csv","LEG-230","PossibleStage","","Concrete non-placeholder value","Open non-blocked field"
"MEDIUM","05_ops_legacy","C:\Projects\MindLab_Starter_Project\docs\planning\kids_certified\05_ops_legacy\legacy_inventory_scan.csv","LEG-231","PossibleCategory","","Concrete non-placeholder value","Open non-blocked field"
"MEDIUM","05_ops_legacy","C:\Projects\MindLab_Starter_Project\docs\planning\kids_certified\05_ops_legacy\legacy_inventory_scan.csv","LEG-231","PossibleStage","","Concrete non-placeholder value","Open non-blocked field"
"MEDIUM","05_ops_legacy","C:\Projects\MindLab_Starter_Project\docs\planning\kids_certified\05_ops_legacy\legacy_inventory_scan.csv","LEG-232","PossibleCategory","","Concrete non-placeholder value","Open non-blocked field"
"MEDIUM","05_ops_legacy","C:\Projects\MindLab_Starter_Project\docs\planning\kids_certified\05_ops_legacy\legacy_inventory_scan.csv","LEG-232","PossibleStage","","Concrete non-placeholder value","Open non-blocked field"
"MEDIUM","05_ops_legacy","C:\Projects\MindLab_Starter_Project\docs\planning\kids_certified\05_ops_legacy\legacy_inventory_scan.csv","LEG-233","PossibleStage","","Concrete non-placeholder value","Open non-blocked field"
"MEDIUM","05_ops_legacy","C:\Projects\MindLab_Starter_Project\docs\planning\kids_certified\05_ops_legacy\legacy_inventory_scan.csv","LEG-234","PossibleCategory","","Concrete non-placeholder value","Open non-blocked field"
"MEDIUM","05_ops_legacy","C:\Projects\MindLab_Starter_Project\docs\planning\kids_certified\05_ops_legacy\legacy_inventory_scan.csv","LEG-234","PossibleStage","","Concrete non-placeholder value","Open non-blocked field"
"MEDIUM","05_ops_legacy","C:\Projects\MindLab_Starter_Project\docs\planning\kids_certified\05_ops_legacy\legacy_inventory_scan.csv","LEG-235","PossibleStage","","Concrete non-placeholder value","Open non-blocked field"
"MEDIUM","05_ops_legacy","C:\Projects\MindLab_Starter_Project\docs\planning\kids_certified\05_ops_legacy\legacy_inventory_scan.csv","LEG-236","PossibleCategory","","Concrete non-placeholder value","Open non-blocked field"
"MEDIUM","05_ops_legacy","C:\Projects\MindLab_Starter_Project\docs\planning\kids_certified\05_ops_legacy\legacy_inventory_scan.csv","LEG-236","PossibleStage","","Concrete non-placeholder value","Open non-blocked field"
"MEDIUM","05_ops_legacy","C:\Projects\MindLab_Starter_Project\docs\planning\kids_certified\05_ops_legacy\legacy_inventory_scan.csv","LEG-237","PossibleCategory","","Concrete non-placeholder value","Open non-blocked field"
"MEDIUM","05_ops_legacy","C:\Projects\MindLab_Starter_Project\docs\planning\kids_certified\05_ops_legacy\legacy_inventory_scan.csv","LEG-237","PossibleStage","","Concrete non-placeholder value","Open non-blocked field"
"MEDIUM","05_ops_legacy","C:\Projects\MindLab_Starter_Project\docs\planning\kids_certified\05_ops_legacy\legacy_inventory_scan.csv","LEG-238","PossibleCategory","","Concrete non-placeholder value","Open non-blocked field"
"MEDIUM","05_ops_legacy","C:\Projects\MindLab_Starter_Project\docs\planning\kids_certified\05_ops_legacy\legacy_inventory_scan.csv","LEG-238","PossibleStage","","Concrete non-placeholder value","Open non-blocked field"
"MEDIUM","05_ops_legacy","C:\Projects\MindLab_Starter_Project\docs\planning\kids_certified\05_ops_legacy\legacy_inventory_scan.csv","LEG-239","PossibleCategory","","Concrete non-placeholder value","Open non-blocked field"
"MEDIUM","05_ops_legacy","C:\Projects\MindLab_Starter_Project\docs\planning\kids_certified\05_ops_legacy\legacy_inventory_scan.csv","LEG-239","PossibleStage","","Concrete non-placeholder value","Open non-blocked field"
"MEDIUM","05_ops_legacy","C:\Projects\MindLab_Starter_Project\docs\planning\kids_certified\05_ops_legacy\legacy_inventory_scan.csv","LEG-240","PossibleCategory","","Concrete non-placeholder value","Open non-blocked field"
"MEDIUM","05_ops_legacy","C:\Projects\MindLab_Starter_Project\docs\planning\kids_certified\05_ops_legacy\legacy_inventory_scan.csv","LEG-240","PossibleStage","","Concrete non-placeholder value","Open non-blocked field"
"MEDIUM","05_ops_legacy","C:\Projects\MindLab_Starter_Project\docs\planning\kids_certified\05_ops_legacy\legacy_inventory_scan.csv","LEG-241","PossibleCategory","","Concrete non-placeholder value","Open non-blocked field"
"MEDIUM","05_ops_legacy","C:\Projects\MindLab_Starter_Project\docs\planning\kids_certified\05_ops_legacy\legacy_inventory_scan.csv","LEG-241","PossibleStage","","Concrete non-placeholder value","Open non-blocked field"
"MEDIUM","05_ops_legacy","C:\Projects\MindLab_Starter_Project\docs\planning\kids_certified\05_ops_legacy\legacy_inventory_scan.csv","LEG-242","PossibleCategory","","Concrete non-placeholder value","Open non-blocked field"
"MEDIUM","05_ops_legacy","C:\Projects\MindLab_Starter_Project\docs\planning\kids_certified\05_ops_legacy\legacy_inventory_scan.csv","LEG-242","PossibleStage","","Concrete non-placeholder value","Open non-blocked field"
"MEDIUM","05_ops_legacy","C:\Projects\MindLab_Starter_Project\docs\planning\kids_certified\05_ops_legacy\legacy_inventory_scan.csv","LEG-243","PossibleCategory","","Concrete non-placeholder value","Open non-blocked field"
"MEDIUM","05_ops_legacy","C:\Projects\MindLab_Starter_Project\docs\planning\kids_certified\05_ops_legacy\legacy_inventory_scan.csv","LEG-243","PossibleStage","","Concrete non-placeholder value","Open non-blocked field"
"MEDIUM","05_ops_legacy","C:\Projects\MindLab_Starter_Project\docs\planning\kids_certified\05_ops_legacy\legacy_inventory_scan.csv","LEG-244","PossibleCategory","","Concrete non-placeholder value","Open non-blocked field"
"MEDIUM","05_ops_legacy","C:\Projects\MindLab_Starter_Project\docs\planning\kids_certified\05_ops_legacy\legacy_inventory_scan.csv","LEG-244","PossibleStage","","Concrete non-placeholder value","Open non-blocked field"
"MEDIUM","05_ops_legacy","C:\Projects\MindLab_Starter_Project\docs\planning\kids_certified\05_ops_legacy\legacy_inventory_scan.csv","LEG-245","PossibleCategory","","Concrete non-placeholder value","Open non-blocked field"
"MEDIUM","05_ops_legacy","C:\Projects\MindLab_Starter_Project\docs\planning\kids_certified\05_ops_legacy\legacy_inventory_scan.csv","LEG-245","PossibleStage","","Concrete non-placeholder value","Open non-blocked field"
"MEDIUM","05_ops_legacy","C:\Projects\MindLab_Starter_Project\docs\planning\kids_certified\05_ops_legacy\legacy_inventory_scan.csv","LEG-246","PossibleStage","","Concrete non-placeholder value","Open non-blocked field"
"MEDIUM","05_ops_legacy","C:\Projects\MindLab_Starter_Project\docs\planning\kids_certified\05_ops_legacy\legacy_inventory_scan.csv","LEG-247","PossibleCategory","","Concrete non-placeholder value","Open non-blocked field"
"MEDIUM","05_ops_legacy","C:\Projects\MindLab_Starter_Project\docs\planning\kids_certified\05_ops_legacy\legacy_inventory_scan.csv","LEG-247","PossibleStage","","Concrete non-placeholder value","Open non-blocked field"
"MEDIUM","05_ops_legacy","C:\Projects\MindLab_Starter_Project\docs\planning\kids_certified\05_ops_legacy\legacy_inventory_scan.csv","LEG-248","PossibleCategory","","Concrete non-placeholder value","Open non-blocked field"
"MEDIUM","05_ops_legacy","C:\Projects\MindLab_Starter_Project\docs\planning\kids_certified\05_ops_legacy\legacy_inventory_scan.csv","LEG-248","PossibleStage","","Concrete non-placeholder value","Open non-blocked field"
"MEDIUM","05_ops_legacy","C:\Projects\MindLab_Starter_Project\docs\planning\kids_certified\05_ops_legacy\legacy_inventory_scan.csv","LEG-249","PossibleCategory","","Concrete non-placeholder value","Open non-blocked field"
"MEDIUM","05_ops_legacy","C:\Projects\MindLab_Starter_Project\docs\planning\kids_certified\05_ops_legacy\legacy_inventory_scan.csv","LEG-249","PossibleStage","","Concrete non-placeholder value","Open non-blocked field"
"MEDIUM","05_ops_legacy","C:\Projects\MindLab_Starter_Project\docs\planning\kids_certified\05_ops_legacy\legacy_inventory_scan.csv","LEG-250","PossibleCategory","","Concrete non-placeholder value","Open non-blocked field"
"MEDIUM","05_ops_legacy","C:\Projects\MindLab_Starter_Project\docs\planning\kids_certified\05_ops_legacy\legacy_inventory_scan.csv","LEG-250","PossibleStage","","Concrete non-placeholder value","Open non-blocked field"
"MEDIUM","05_ops_legacy","C:\Projects\MindLab_Starter_Project\docs\planning\kids_certified\05_ops_legacy\legacy_inventory_scan.csv","LEG-251","PossibleCategory","","Concrete non-placeholder value","Open non-blocked field"
"MEDIUM","05_ops_legacy","C:\Projects\MindLab_Starter_Project\docs\planning\kids_certified\05_ops_legacy\legacy_inventory_scan.csv","LEG-251","PossibleStage","","Concrete non-placeholder value","Open non-blocked field"
"MEDIUM","05_ops_legacy","C:\Projects\MindLab_Starter_Project\docs\planning\kids_certified\05_ops_legacy\legacy_inventory_scan.csv","LEG-252","PossibleCategory","","Concrete non-placeholder value","Open non-blocked field"
"MEDIUM","05_ops_legacy","C:\Projects\MindLab_Starter_Project\docs\planning\kids_certified\05_ops_legacy\legacy_inventory_scan.csv","LEG-252","PossibleStage","","Concrete non-placeholder value","Open non-blocked field"
"MEDIUM","05_ops_legacy","C:\Projects\MindLab_Starter_Project\docs\planning\kids_certified\05_ops_legacy\legacy_inventory_scan.csv","LEG-253","PossibleCategory","","Concrete non-placeholder value","Open non-blocked field"
"MEDIUM","05_ops_legacy","C:\Projects\MindLab_Starter_Project\docs\planning\kids_certified\05_ops_legacy\legacy_inventory_scan.csv","LEG-253","PossibleStage","","Concrete non-placeholder value","Open non-blocked field"
"MEDIUM","05_ops_legacy","C:\Projects\MindLab_Starter_Project\docs\planning\kids_certified\05_ops_legacy\legacy_inventory_scan.csv","LEG-254","PossibleCategory","","Concrete non-placeholder value","Open non-blocked field"
"MEDIUM","05_ops_legacy","C:\Projects\MindLab_Starter_Project\docs\planning\kids_certified\05_ops_legacy\legacy_inventory_scan.csv","LEG-254","PossibleStage","","Concrete non-placeholder value","Open non-blocked field"
"MEDIUM","05_ops_legacy","C:\Projects\MindLab_Starter_Project\docs\planning\kids_certified\05_ops_legacy\legacy_inventory_scan.csv","LEG-255","PossibleCategory","","Concrete non-placeholder value","Open non-blocked field"
"MEDIUM","05_ops_legacy","C:\Projects\MindLab_Starter_Project\docs\planning\kids_certified\05_ops_legacy\legacy_inventory_scan.csv","LEG-255","PossibleStage","","Concrete non-placeholder value","Open non-blocked field"
"MEDIUM","05_ops_legacy","C:\Projects\MindLab_Starter_Project\docs\planning\kids_certified\05_ops_legacy\legacy_inventory_scan.csv","LEG-256","PossibleCategory","","Concrete non-placeholder value","Open non-blocked field"
"MEDIUM","05_ops_legacy","C:\Projects\MindLab_Starter_Project\docs\planning\kids_certified\05_ops_legacy\legacy_inventory_scan.csv","LEG-256","PossibleStage","","Concrete non-placeholder value","Open non-blocked field"
"MEDIUM","05_ops_legacy","C:\Projects\MindLab_Starter_Project\docs\planning\kids_certified\05_ops_legacy\legacy_inventory_scan.csv","LEG-257","PossibleCategory","","Concrete non-placeholder value","Open non-blocked field"
"MEDIUM","05_ops_legacy","C:\Projects\MindLab_Starter_Project\docs\planning\kids_certified\05_ops_legacy\legacy_inventory_scan.csv","LEG-257","PossibleStage","","Concrete non-placeholder value","Open non-blocked field"
"MEDIUM","05_ops_legacy","C:\Projects\MindLab_Starter_Project\docs\planning\kids_certified\05_ops_legacy\legacy_inventory_scan.csv","LEG-258","PossibleCategory","","Concrete non-placeholder value","Open non-blocked field"
"MEDIUM","05_ops_legacy","C:\Projects\MindLab_Starter_Project\docs\planning\kids_certified\05_ops_legacy\legacy_inventory_scan.csv","LEG-258","PossibleStage","","Concrete non-placeholder value","Open non-blocked field"
"MEDIUM","05_ops_legacy","C:\Projects\MindLab_Starter_Project\docs\planning\kids_certified\05_ops_legacy\legacy_inventory_scan.csv","LEG-259","PossibleCategory","","Concrete non-placeholder value","Open non-blocked field"
"MEDIUM","05_ops_legacy","C:\Projects\MindLab_Starter_Project\docs\planning\kids_certified\05_ops_legacy\legacy_inventory_scan.csv","LEG-259","PossibleStage","","Concrete non-placeholder value","Open non-blocked field"
"MEDIUM","05_ops_legacy","C:\Projects\MindLab_Starter_Project\docs\planning\kids_certified\05_ops_legacy\legacy_inventory_scan.csv","LEG-260","PossibleCategory","","Concrete non-placeholder value","Open non-blocked field"
"MEDIUM","05_ops_legacy","C:\Projects\MindLab_Starter_Project\docs\planning\kids_certified\05_ops_legacy\legacy_inventory_scan.csv","LEG-260","PossibleStage","","Concrete non-placeholder value","Open non-blocked field"
"MEDIUM","05_ops_legacy","C:\Projects\MindLab_Starter_Project\docs\planning\kids_certified\05_ops_legacy\legacy_inventory_scan.csv","LEG-261","PossibleCategory","","Concrete non-placeholder value","Open non-blocked field"
"MEDIUM","05_ops_legacy","C:\Projects\MindLab_Starter_Project\docs\planning\kids_certified\05_ops_legacy\legacy_inventory_scan.csv","LEG-261","PossibleStage","","Concrete non-placeholder value","Open non-blocked field"
"MEDIUM","05_ops_legacy","C:\Projects\MindLab_Starter_Project\docs\planning\kids_certified\05_ops_legacy\legacy_inventory_scan.csv","LEG-262","PossibleCategory","","Concrete non-placeholder value","Open non-blocked field"
"MEDIUM","05_ops_legacy","C:\Projects\MindLab_Starter_Project\docs\planning\kids_certified\05_ops_legacy\legacy_inventory_scan.csv","LEG-262","PossibleStage","","Concrete non-placeholder value","Open non-blocked field"
"MEDIUM","05_ops_legacy","C:\Projects\MindLab_Starter_Project\docs\planning\kids_certified\05_ops_legacy\legacy_inventory_scan.csv","LEG-263","PossibleCategory","","Concrete non-placeholder value","Open non-blocked field"
"MEDIUM","05_ops_legacy","C:\Projects\MindLab_Starter_Project\docs\planning\kids_certified\05_ops_legacy\legacy_inventory_scan.csv","LEG-263","PossibleStage","","Concrete non-placeholder value","Open non-blocked field"
"MEDIUM","05_ops_legacy","C:\Projects\MindLab_Starter_Project\docs\planning\kids_certified\05_ops_legacy\legacy_inventory_scan.csv","LEG-264","PossibleCategory","","Concrete non-placeholder value","Open non-blocked field"
"MEDIUM","05_ops_legacy","C:\Projects\MindLab_Starter_Project\docs\planning\kids_certified\05_ops_legacy\legacy_inventory_scan.csv","LEG-264","PossibleStage","","Concrete non-placeholder value","Open non-blocked field"
"MEDIUM","05_ops_legacy","C:\Projects\MindLab_Starter_Project\docs\planning\kids_certified\05_ops_legacy\legacy_inventory_scan.csv","LEG-265","PossibleCategory","","Concrete non-placeholder value","Open non-blocked field"
"MEDIUM","05_ops_legacy","C:\Projects\MindLab_Starter_Project\docs\planning\kids_certified\05_ops_legacy\legacy_inventory_scan.csv","LEG-265","PossibleStage","","Concrete non-placeholder value","Open non-blocked field"
"MEDIUM","05_ops_legacy","C:\Projects\MindLab_Starter_Project\docs\planning\kids_certified\05_ops_legacy\legacy_inventory_scan.csv","LEG-266","PossibleCategory","","Concrete non-placeholder value","Open non-blocked field"
"MEDIUM","05_ops_legacy","C:\Projects\MindLab_Starter_Project\docs\planning\kids_certified\05_ops_legacy\legacy_inventory_scan.csv","LEG-266","PossibleStage","","Concrete non-placeholder value","Open non-blocked field"
"MEDIUM","05_ops_legacy","C:\Projects\MindLab_Starter_Project\docs\planning\kids_certified\05_ops_legacy\legacy_inventory_scan.csv","LEG-267","PossibleCategory","","Concrete non-placeholder value","Open non-blocked field"
"MEDIUM","05_ops_legacy","C:\Projects\MindLab_Starter_Project\docs\planning\kids_certified\05_ops_legacy\legacy_inventory_scan.csv","LEG-267","PossibleStage","","Concrete non-placeholder value","Open non-blocked field"
"MEDIUM","05_ops_legacy","C:\Projects\MindLab_Starter_Project\docs\planning\kids_certified\05_ops_legacy\legacy_inventory_scan.csv","LEG-268","PossibleCategory","","Concrete non-placeholder value","Open non-blocked field"
"MEDIUM","05_ops_legacy","C:\Projects\MindLab_Starter_Project\docs\planning\kids_certified\05_ops_legacy\legacy_inventory_scan.csv","LEG-268","PossibleStage","","Concrete non-placeholder value","Open non-blocked field"
"MEDIUM","05_ops_legacy","C:\Projects\MindLab_Starter_Project\docs\planning\kids_certified\05_ops_legacy\legacy_inventory_scan.csv","LEG-269","PossibleCategory","","Concrete non-placeholder value","Open non-blocked field"
"MEDIUM","05_ops_legacy","C:\Projects\MindLab_Starter_Project\docs\planning\kids_certified\05_ops_legacy\legacy_inventory_scan.csv","LEG-269","PossibleStage","","Concrete non-placeholder value","Open non-blocked field"
"MEDIUM","05_ops_legacy","C:\Projects\MindLab_Starter_Project\docs\planning\kids_certified\05_ops_legacy\legacy_inventory_scan.csv","LEG-270","PossibleCategory","","Concrete non-placeholder value","Open non-blocked field"
"MEDIUM","05_ops_legacy","C:\Projects\MindLab_Starter_Project\docs\planning\kids_certified\05_ops_legacy\legacy_inventory_scan.csv","LEG-270","PossibleStage","","Concrete non-placeholder value","Open non-blocked field"
"MEDIUM","05_ops_legacy","C:\Projects\MindLab_Starter_Project\docs\planning\kids_certified\05_ops_legacy\legacy_inventory_scan.csv","LEG-271","PossibleStage","","Concrete non-placeholder value","Open non-blocked field"
"MEDIUM","05_ops_legacy","C:\Projects\MindLab_Starter_Project\docs\planning\kids_certified\05_ops_legacy\legacy_inventory_scan.csv","LEG-272","PossibleStage","","Concrete non-placeholder value","Open non-blocked field"
"MEDIUM","05_ops_legacy","C:\Projects\MindLab_Starter_Project\docs\planning\kids_certified\05_ops_legacy\legacy_inventory_scan.csv","LEG-273","PossibleStage","","Concrete non-placeholder value","Open non-blocked field"
"MEDIUM","05_ops_legacy","C:\Projects\MindLab_Starter_Project\docs\planning\kids_certified\05_ops_legacy\legacy_inventory_scan.csv","LEG-274","PossibleStage","","Concrete non-placeholder value","Open non-blocked field"
"MEDIUM","05_ops_legacy","C:\Projects\MindLab_Starter_Project\docs\planning\kids_certified\05_ops_legacy\legacy_inventory_scan.csv","LEG-275","PossibleStage","","Concrete non-placeholder value","Open non-blocked field"
"MEDIUM","05_ops_legacy","C:\Projects\MindLab_Starter_Project\docs\planning\kids_certified\05_ops_legacy\legacy_inventory_scan.csv","LEG-276","PossibleStage","","Concrete non-placeholder value","Open non-blocked field"
"MEDIUM","05_ops_legacy","C:\Projects\MindLab_Starter_Project\docs\planning\kids_certified\05_ops_legacy\legacy_inventory_scan.csv","LEG-277","PossibleStage","","Concrete non-placeholder value","Open non-blocked field"
"MEDIUM","05_ops_legacy","C:\Projects\MindLab_Starter_Project\docs\planning\kids_certified\05_ops_legacy\legacy_inventory_scan.csv","LEG-278","PossibleStage","","Concrete non-placeholder value","Open non-blocked field"
"MEDIUM","05_ops_legacy","C:\Projects\MindLab_Starter_Project\docs\planning\kids_certified\05_ops_legacy\legacy_inventory_scan.csv","LEG-279","PossibleStage","","Concrete non-placeholder value","Open non-blocked field"
"MEDIUM","05_ops_legacy","C:\Projects\MindLab_Starter_Project\docs\planning\kids_certified\05_ops_legacy\legacy_inventory_scan.csv","LEG-280","PossibleStage","","Concrete non-placeholder value","Open non-blocked field"
"MEDIUM","05_ops_legacy","C:\Projects\MindLab_Starter_Project\docs\planning\kids_certified\05_ops_legacy\legacy_inventory_scan.csv","LEG-281","PossibleStage","","Concrete non-placeholder value","Open non-blocked field"
"MEDIUM","05_ops_legacy","C:\Projects\MindLab_Starter_Project\docs\planning\kids_certified\05_ops_legacy\legacy_inventory_scan.csv","LEG-282","PossibleStage","","Concrete non-placeholder value","Open non-blocked field"
"MEDIUM","05_ops_legacy","C:\Projects\MindLab_Starter_Project\docs\planning\kids_certified\05_ops_legacy\legacy_inventory_scan.csv","LEG-283","PossibleStage","","Concrete non-placeholder value","Open non-blocked field"
"MEDIUM","05_ops_legacy","C:\Projects\MindLab_Starter_Project\docs\planning\kids_certified\05_ops_legacy\legacy_inventory_scan.csv","LEG-284","PossibleStage","","Concrete non-placeholder value","Open non-blocked field"
"MEDIUM","05_ops_legacy","C:\Projects\MindLab_Starter_Project\docs\planning\kids_certified\05_ops_legacy\legacy_inventory_scan.csv","LEG-285","PossibleStage","","Concrete non-placeholder value","Open non-blocked field"
"MEDIUM","05_ops_legacy","C:\Projects\MindLab_Starter_Project\docs\planning\kids_certified\05_ops_legacy\legacy_inventory_scan.csv","LEG-286","PossibleStage","","Concrete non-placeholder value","Open non-blocked field"
"MEDIUM","05_ops_legacy","C:\Projects\MindLab_Starter_Project\docs\planning\kids_certified\05_ops_legacy\legacy_inventory_scan.csv","LEG-287","PossibleStage","","Concrete non-placeholder value","Open non-blocked field"
"MEDIUM","05_ops_legacy","C:\Projects\MindLab_Starter_Project\docs\planning\kids_certified\05_ops_legacy\legacy_inventory_scan.csv","LEG-288","PossibleStage","","Concrete non-placeholder value","Open non-blocked field"
"MEDIUM","05_ops_legacy","C:\Projects\MindLab_Starter_Project\docs\planning\kids_certified\05_ops_legacy\legacy_inventory_scan.csv","LEG-289","PossibleStage","","Concrete non-placeholder value","Open non-blocked field"
"MEDIUM","05_ops_legacy","C:\Projects\MindLab_Starter_Project\docs\planning\kids_certified\05_ops_legacy\legacy_inventory_scan.csv","LEG-290","PossibleStage","","Concrete non-placeholder value","Open non-blocked field"
"MEDIUM","05_ops_legacy","C:\Projects\MindLab_Starter_Project\docs\planning\kids_certified\05_ops_legacy\legacy_inventory_scan.csv","LEG-291","PossibleStage","","Concrete non-placeholder value","Open non-blocked field"
"MEDIUM","05_ops_legacy","C:\Projects\MindLab_Starter_Project\docs\planning\kids_certified\05_ops_legacy\legacy_inventory_scan.csv","LEG-292","PossibleStage","","Concrete non-placeholder value","Open non-blocked field"
"MEDIUM","05_ops_legacy","C:\Projects\MindLab_Starter_Project\docs\planning\kids_certified\05_ops_legacy\legacy_inventory_scan.csv","LEG-293","PossibleStage","","Concrete non-placeholder value","Open non-blocked field"
"MEDIUM","05_ops_legacy","C:\Projects\MindLab_Starter_Project\docs\planning\kids_certified\05_ops_legacy\legacy_inventory_scan.csv","LEG-294","PossibleStage","","Concrete non-placeholder value","Open non-blocked field"
"MEDIUM","05_ops_legacy","C:\Projects\MindLab_Starter_Project\docs\planning\kids_certified\05_ops_legacy\legacy_inventory_scan.csv","LEG-295","PossibleStage","","Concrete non-placeholder value","Open non-blocked field"
"MEDIUM","05_ops_legacy","C:\Projects\MindLab_Starter_Project\docs\planning\kids_certified\05_ops_legacy\legacy_inventory_scan.csv","LEG-296","PossibleStage","","Concrete non-placeholder value","Open non-blocked field"
"MEDIUM","05_ops_legacy","C:\Projects\MindLab_Starter_Project\docs\planning\kids_certified\05_ops_legacy\legacy_inventory_scan.csv","LEG-297","PossibleStage","","Concrete non-placeholder value","Open non-blocked field"
"MEDIUM","05_ops_legacy","C:\Projects\MindLab_Starter_Project\docs\planning\kids_certified\05_ops_legacy\legacy_inventory_scan.csv","LEG-298","PossibleStage","","Concrete non-placeholder value","Open non-blocked field"
"MEDIUM","05_ops_legacy","C:\Projects\MindLab_Starter_Project\docs\planning\kids_certified\05_ops_legacy\legacy_inventory_scan.csv","LEG-299","PossibleStage","","Concrete non-placeholder value","Open non-blocked field"
"MEDIUM","05_ops_legacy","C:\Projects\MindLab_Starter_Project\docs\planning\kids_certified\05_ops_legacy\legacy_inventory_scan.csv","LEG-300","PossibleStage","","Concrete non-placeholder value","Open non-blocked field"
"MEDIUM","05_ops_legacy","C:\Projects\MindLab_Starter_Project\docs\planning\kids_certified\05_ops_legacy\legacy_inventory_scan.csv","LEG-301","PossibleStage","","Concrete non-placeholder value","Open non-blocked field"
"MEDIUM","05_ops_legacy","C:\Projects\MindLab_Starter_Project\docs\planning\kids_certified\05_ops_legacy\legacy_inventory_scan.csv","LEG-302","PossibleStage","","Concrete non-placeholder value","Open non-blocked field"
"MEDIUM","05_ops_legacy","C:\Projects\MindLab_Starter_Project\docs\planning\kids_certified\05_ops_legacy\legacy_inventory_scan.csv","LEG-303","PossibleStage","","Concrete non-placeholder value","Open non-blocked field"
"MEDIUM","05_ops_legacy","C:\Projects\MindLab_Starter_Project\docs\planning\kids_certified\05_ops_legacy\legacy_inventory_scan.csv","LEG-304","PossibleStage","","Concrete non-placeholder value","Open non-blocked field"
"MEDIUM","05_ops_legacy","C:\Projects\MindLab_Starter_Project\docs\planning\kids_certified\05_ops_legacy\legacy_inventory_scan.csv","LEG-305","PossibleStage","","Concrete non-placeholder value","Open non-blocked field"
"MEDIUM","05_ops_legacy","C:\Projects\MindLab_Starter_Project\docs\planning\kids_certified\05_ops_legacy\legacy_inventory_scan.csv","LEG-306","PossibleStage","","Concrete non-placeholder value","Open non-blocked field"
"MEDIUM","05_ops_legacy","C:\Projects\MindLab_Starter_Project\docs\planning\kids_certified\05_ops_legacy\legacy_inventory_scan.csv","LEG-307","PossibleStage","","Concrete non-placeholder value","Open non-blocked field"
"MEDIUM","05_ops_legacy","C:\Projects\MindLab_Starter_Project\docs\planning\kids_certified\05_ops_legacy\legacy_inventory_scan.csv","LEG-308","PossibleStage","","Concrete non-placeholder value","Open non-blocked field"
"MEDIUM","05_ops_legacy","C:\Projects\MindLab_Starter_Project\docs\planning\kids_certified\05_ops_legacy\legacy_inventory_scan.csv","LEG-309","PossibleStage","","Concrete non-placeholder value","Open non-blocked field"
"MEDIUM","05_ops_legacy","C:\Projects\MindLab_Starter_Project\docs\planning\kids_certified\05_ops_legacy\legacy_inventory_scan.csv","LEG-310","PossibleStage","","Concrete non-placeholder value","Open non-blocked field"
"MEDIUM","05_ops_legacy","C:\Projects\MindLab_Starter_Project\docs\planning\kids_certified\05_ops_legacy\legacy_inventory_scan.csv","LEG-311","PossibleStage","","Concrete non-placeholder value","Open non-blocked field"
"MEDIUM","05_ops_legacy","C:\Projects\MindLab_Starter_Project\docs\planning\kids_certified\05_ops_legacy\legacy_inventory_scan.csv","LEG-312","PossibleStage","","Concrete non-placeholder value","Open non-blocked field"
"MEDIUM","05_ops_legacy","C:\Projects\MindLab_Starter_Project\docs\planning\kids_certified\05_ops_legacy\legacy_inventory_scan.csv","LEG-313","PossibleStage","","Concrete non-placeholder value","Open non-blocked field"
"MEDIUM","05_ops_legacy","C:\Projects\MindLab_Starter_Project\docs\planning\kids_certified\05_ops_legacy\legacy_inventory_scan.csv","LEG-314","PossibleStage","","Concrete non-placeholder value","Open non-blocked field"
"MEDIUM","05_ops_legacy","C:\Projects\MindLab_Starter_Project\docs\planning\kids_certified\05_ops_legacy\legacy_inventory_scan.csv","LEG-315","PossibleStage","","Concrete non-placeholder value","Open non-blocked field"
"MEDIUM","05_ops_legacy","C:\Projects\MindLab_Starter_Project\docs\planning\kids_certified\05_ops_legacy\legacy_inventory_scan.csv","LEG-316","PossibleStage","","Concrete non-placeholder value","Open non-blocked field"
"MEDIUM","05_ops_legacy","C:\Projects\MindLab_Starter_Project\docs\planning\kids_certified\05_ops_legacy\legacy_inventory_scan.csv","LEG-317","PossibleStage","","Concrete non-placeholder value","Open non-blocked field"
"MEDIUM","05_ops_legacy","C:\Projects\MindLab_Starter_Project\docs\planning\kids_certified\05_ops_legacy\legacy_inventory_scan.csv","LEG-318","PossibleStage","","Concrete non-placeholder value","Open non-blocked field"
"MEDIUM","05_ops_legacy","C:\Projects\MindLab_Starter_Project\docs\planning\kids_certified\05_ops_legacy\legacy_inventory_scan.csv","LEG-319","PossibleStage","","Concrete non-placeholder value","Open non-blocked field"
"MEDIUM","05_ops_legacy","C:\Projects\MindLab_Starter_Project\docs\planning\kids_certified\05_ops_legacy\legacy_inventory_scan.csv","LEG-320","PossibleStage","","Concrete non-placeholder value","Open non-blocked field"
"MEDIUM","05_ops_legacy","C:\Projects\MindLab_Starter_Project\docs\planning\kids_certified\05_ops_legacy\legacy_inventory_scan.csv","LEG-321","PossibleStage","","Concrete non-placeholder value","Open non-blocked field"
"MEDIUM","05_ops_legacy","C:\Projects\MindLab_Starter_Project\docs\planning\kids_certified\05_ops_legacy\legacy_inventory_scan.csv","LEG-322","PossibleStage","","Concrete non-placeholder value","Open non-blocked field"
"MEDIUM","05_ops_legacy","C:\Projects\MindLab_Starter_Project\docs\planning\kids_certified\05_ops_legacy\legacy_inventory_scan.csv","LEG-323","PossibleStage","","Concrete non-placeholder value","Open non-blocked field"
"MEDIUM","05_ops_legacy","C:\Projects\MindLab_Starter_Project\docs\planning\kids_certified\05_ops_legacy\legacy_inventory_scan.csv","LEG-324","PossibleStage","","Concrete non-placeholder value","Open non-blocked field"
"MEDIUM","05_ops_legacy","C:\Projects\MindLab_Starter_Project\docs\planning\kids_certified\05_ops_legacy\legacy_inventory_scan.csv","LEG-325","PossibleStage","","Concrete non-placeholder value","Open non-blocked field"
"MEDIUM","05_ops_legacy","C:\Projects\MindLab_Starter_Project\docs\planning\kids_certified\05_ops_legacy\legacy_inventory_scan.csv","LEG-326","PossibleStage","","Concrete non-placeholder value","Open non-blocked field"
"MEDIUM","05_ops_legacy","C:\Projects\MindLab_Starter_Project\docs\planning\kids_certified\05_ops_legacy\legacy_inventory_scan.csv","LEG-327","PossibleStage","","Concrete non-placeholder value","Open non-blocked field"
"MEDIUM","05_ops_legacy","C:\Projects\MindLab_Starter_Project\docs\planning\kids_certified\05_ops_legacy\legacy_inventory_scan.csv","LEG-328","PossibleStage","","Concrete non-placeholder value","Open non-blocked field"
"MEDIUM","05_ops_legacy","C:\Projects\MindLab_Starter_Project\docs\planning\kids_certified\05_ops_legacy\legacy_inventory_scan.csv","LEG-329","PossibleStage","","Concrete non-placeholder value","Open non-blocked field"
"MEDIUM","05_ops_legacy","C:\Projects\MindLab_Starter_Project\docs\planning\kids_certified\05_ops_legacy\legacy_inventory_scan.csv","LEG-330","PossibleStage","","Concrete non-placeholder value","Open non-blocked field"
"MEDIUM","05_ops_legacy","C:\Projects\MindLab_Starter_Project\docs\planning\kids_certified\05_ops_legacy\legacy_inventory_scan.csv","LEG-331","PossibleStage","","Concrete non-placeholder value","Open non-blocked field"
"MEDIUM","05_ops_legacy","C:\Projects\MindLab_Starter_Project\docs\planning\kids_certified\05_ops_legacy\legacy_inventory_scan.csv","LEG-332","PossibleStage","","Concrete non-placeholder value","Open non-blocked field"
"MEDIUM","05_ops_legacy","C:\Projects\MindLab_Starter_Project\docs\planning\kids_certified\05_ops_legacy\legacy_inventory_scan.csv","LEG-333","PossibleStage","","Concrete non-placeholder value","Open non-blocked field"
"MEDIUM","05_ops_legacy","C:\Projects\MindLab_Starter_Project\docs\planning\kids_certified\05_ops_legacy\legacy_inventory_scan.csv","LEG-334","PossibleStage","","Concrete non-placeholder value","Open non-blocked field"
"MEDIUM","05_ops_legacy","C:\Projects\MindLab_Starter_Project\docs\planning\kids_certified\05_ops_legacy\legacy_inventory_scan.csv","LEG-335","PossibleStage","","Concrete non-placeholder value","Open non-blocked field"
"MEDIUM","05_ops_legacy","C:\Projects\MindLab_Starter_Project\docs\planning\kids_certified\05_ops_legacy\legacy_inventory_scan.csv","LEG-336","PossibleStage","","Concrete non-placeholder value","Open non-blocked field"
"MEDIUM","05_ops_legacy","C:\Projects\MindLab_Starter_Project\docs\planning\kids_certified\05_ops_legacy\legacy_inventory_scan.csv","LEG-337","PossibleStage","","Concrete non-placeholder value","Open non-blocked field"
"MEDIUM","05_ops_legacy","C:\Projects\MindLab_Starter_Project\docs\planning\kids_certified\05_ops_legacy\legacy_inventory_scan.csv","LEG-338","PossibleStage","","Concrete non-placeholder value","Open non-blocked field"
"MEDIUM","05_ops_legacy","C:\Projects\MindLab_Starter_Project\docs\planning\kids_certified\05_ops_legacy\legacy_inventory_scan.csv","LEG-339","PossibleStage","","Concrete non-placeholder value","Open non-blocked field"
"MEDIUM","05_ops_legacy","C:\Projects\MindLab_Starter_Project\docs\planning\kids_certified\05_ops_legacy\legacy_inventory_scan.csv","LEG-340","PossibleStage","","Concrete non-placeholder value","Open non-blocked field"
"MEDIUM","05_ops_legacy","C:\Projects\MindLab_Starter_Project\docs\planning\kids_certified\05_ops_legacy\legacy_inventory_scan.csv","LEG-341","PossibleStage","","Concrete non-placeholder value","Open non-blocked field"
"MEDIUM","05_ops_legacy","C:\Projects\MindLab_Starter_Project\docs\planning\kids_certified\05_ops_legacy\legacy_inventory_scan.csv","LEG-342","PossibleStage","","Concrete non-placeholder value","Open non-blocked field"
"MEDIUM","05_ops_legacy","C:\Projects\MindLab_Starter_Project\docs\planning\kids_certified\05_ops_legacy\legacy_inventory_scan.csv","LEG-343","PossibleStage","","Concrete non-placeholder value","Open non-blocked field"
"MEDIUM","05_ops_legacy","C:\Projects\MindLab_Starter_Project\docs\planning\kids_certified\05_ops_legacy\legacy_inventory_scan.csv","LEG-344","PossibleStage","","Concrete non-placeholder value","Open non-blocked field"
"MEDIUM","05_ops_legacy","C:\Projects\MindLab_Starter_Project\docs\planning\kids_certified\05_ops_legacy\legacy_inventory_scan.csv","LEG-345","PossibleStage","","Concrete non-placeholder value","Open non-blocked field"
"MEDIUM","05_ops_legacy","C:\Projects\MindLab_Starter_Project\docs\planning\kids_certified\05_ops_legacy\legacy_inventory_scan.csv","LEG-346","PossibleStage","","Concrete non-placeholder value","Open non-blocked field"
"MEDIUM","05_ops_legacy","C:\Projects\MindLab_Starter_Project\docs\planning\kids_certified\05_ops_legacy\legacy_inventory_scan.csv","LEG-347","PossibleStage","","Concrete non-placeholder value","Open non-blocked field"
"MEDIUM","05_ops_legacy","C:\Projects\MindLab_Starter_Project\docs\planning\kids_certified\05_ops_legacy\legacy_inventory_scan.csv","LEG-348","PossibleStage","","Concrete non-placeholder value","Open non-blocked field"
"MEDIUM","05_ops_legacy","C:\Projects\MindLab_Starter_Project\docs\planning\kids_certified\05_ops_legacy\legacy_inventory_scan.csv","LEG-349","PossibleStage","","Concrete non-placeholder value","Open non-blocked field"
"MEDIUM","05_ops_legacy","C:\Projects\MindLab_Starter_Project\docs\planning\kids_certified\05_ops_legacy\legacy_inventory_scan.csv","LEG-350","PossibleCategory","","Concrete non-placeholder value","Open non-blocked field"
"MEDIUM","05_ops_legacy","C:\Projects\MindLab_Starter_Project\docs\planning\kids_certified\05_ops_legacy\legacy_inventory_scan.csv","LEG-350","PossibleStage","","Concrete non-placeholder value","Open non-blocked field"
"MEDIUM","05_ops_legacy","C:\Projects\MindLab_Starter_Project\docs\planning\kids_certified\05_ops_legacy\legacy_inventory_scan.csv","LEG-351","PossibleCategory","","Concrete non-placeholder value","Open non-blocked field"
"MEDIUM","05_ops_legacy","C:\Projects\MindLab_Starter_Project\docs\planning\kids_certified\05_ops_legacy\legacy_inventory_scan.csv","LEG-351","PossibleStage","","Concrete non-placeholder value","Open non-blocked field"
"MEDIUM","05_ops_legacy","C:\Projects\MindLab_Starter_Project\docs\planning\kids_certified\05_ops_legacy\legacy_inventory_scan.csv","LEG-352","PossibleCategory","","Concrete non-placeholder value","Open non-blocked field"
"MEDIUM","05_ops_legacy","C:\Projects\MindLab_Starter_Project\docs\planning\kids_certified\05_ops_legacy\legacy_inventory_scan.csv","LEG-352","PossibleStage","","Concrete non-placeholder value","Open non-blocked field"
"MEDIUM","05_ops_legacy","C:\Projects\MindLab_Starter_Project\docs\planning\kids_certified\05_ops_legacy\legacy_inventory_scan.csv","LEG-353","PossibleCategory","","Concrete non-placeholder value","Open non-blocked field"
"MEDIUM","05_ops_legacy","C:\Projects\MindLab_Starter_Project\docs\planning\kids_certified\05_ops_legacy\legacy_inventory_scan.csv","LEG-353","PossibleStage","","Concrete non-placeholder value","Open non-blocked field"
"MEDIUM","05_ops_legacy","C:\Projects\MindLab_Starter_Project\docs\planning\kids_certified\05_ops_legacy\legacy_inventory_scan.csv","LEG-354","PossibleCategory","","Concrete non-placeholder value","Open non-blocked field"
"MEDIUM","05_ops_legacy","C:\Projects\MindLab_Starter_Project\docs\planning\kids_certified\05_ops_legacy\legacy_inventory_scan.csv","LEG-354","PossibleStage","","Concrete non-placeholder value","Open non-blocked field"
"MEDIUM","05_ops_legacy","C:\Projects\MindLab_Starter_Project\docs\planning\kids_certified\05_ops_legacy\legacy_inventory_scan.csv","LEG-355","PossibleCategory","","Concrete non-placeholder value","Open non-blocked field"
"MEDIUM","05_ops_legacy","C:\Projects\MindLab_Starter_Project\docs\planning\kids_certified\05_ops_legacy\legacy_inventory_scan.csv","LEG-355","PossibleStage","","Concrete non-placeholder value","Open non-blocked field"
"MEDIUM","05_ops_legacy","C:\Projects\MindLab_Starter_Project\docs\planning\kids_certified\05_ops_legacy\legacy_inventory_scan.csv","LEG-356","PossibleCategory","","Concrete non-placeholder value","Open non-blocked field"
"MEDIUM","05_ops_legacy","C:\Projects\MindLab_Starter_Project\docs\planning\kids_certified\05_ops_legacy\legacy_inventory_scan.csv","LEG-356","PossibleStage","","Concrete non-placeholder value","Open non-blocked field"
"MEDIUM","05_ops_legacy","C:\Projects\MindLab_Starter_Project\docs\planning\kids_certified\05_ops_legacy\legacy_inventory_scan.csv","LEG-357","PossibleCategory","","Concrete non-placeholder value","Open non-blocked field"
"MEDIUM","05_ops_legacy","C:\Projects\MindLab_Starter_Project\docs\planning\kids_certified\05_ops_legacy\legacy_inventory_scan.csv","LEG-357","PossibleStage","","Concrete non-placeholder value","Open non-blocked field"
"MEDIUM","05_ops_legacy","C:\Projects\MindLab_Starter_Project\docs\planning\kids_certified\05_ops_legacy\legacy_inventory_scan.csv","LEG-358","PossibleCategory","","Concrete non-placeholder value","Open non-blocked field"
"MEDIUM","05_ops_legacy","C:\Projects\MindLab_Starter_Project\docs\planning\kids_certified\05_ops_legacy\legacy_inventory_scan.csv","LEG-358","PossibleStage","","Concrete non-placeholder value","Open non-blocked field"
"MEDIUM","05_ops_legacy","C:\Projects\MindLab_Starter_Project\docs\planning\kids_certified\05_ops_legacy\legacy_inventory_scan.csv","LEG-359","PossibleCategory","","Concrete non-placeholder value","Open non-blocked field"
"MEDIUM","05_ops_legacy","C:\Projects\MindLab_Starter_Project\docs\planning\kids_certified\05_ops_legacy\legacy_inventory_scan.csv","LEG-359","PossibleStage","","Concrete non-placeholder value","Open non-blocked field"
"MEDIUM","05_ops_legacy","C:\Projects\MindLab_Starter_Project\docs\planning\kids_certified\05_ops_legacy\legacy_inventory_scan.csv","LEG-360","PossibleCategory","","Concrete non-placeholder value","Open non-blocked field"
"MEDIUM","05_ops_legacy","C:\Projects\MindLab_Starter_Project\docs\planning\kids_certified\05_ops_legacy\legacy_inventory_scan.csv","LEG-360","PossibleStage","","Concrete non-placeholder value","Open non-blocked field"
"MEDIUM","05_ops_legacy","C:\Projects\MindLab_Starter_Project\docs\planning\kids_certified\05_ops_legacy\legacy_inventory_scan.csv","LEG-361","PossibleCategory","","Concrete non-placeholder value","Open non-blocked field"
"MEDIUM","05_ops_legacy","C:\Projects\MindLab_Starter_Project\docs\planning\kids_certified\05_ops_legacy\legacy_inventory_scan.csv","LEG-361","PossibleStage","","Concrete non-placeholder value","Open non-blocked field"
"MEDIUM","05_ops_legacy","C:\Projects\MindLab_Starter_Project\docs\planning\kids_certified\05_ops_legacy\legacy_inventory_scan.csv","LEG-362","PossibleCategory","","Concrete non-placeholder value","Open non-blocked field"
"MEDIUM","05_ops_legacy","C:\Projects\MindLab_Starter_Project\docs\planning\kids_certified\05_ops_legacy\legacy_inventory_scan.csv","LEG-362","PossibleStage","","Concrete non-placeholder value","Open non-blocked field"
"MEDIUM","05_ops_legacy","C:\Projects\MindLab_Starter_Project\docs\planning\kids_certified\05_ops_legacy\legacy_inventory_scan.csv","LEG-363","PossibleCategory","","Concrete non-placeholder value","Open non-blocked field"
"MEDIUM","05_ops_legacy","C:\Projects\MindLab_Starter_Project\docs\planning\kids_certified\05_ops_legacy\legacy_inventory_scan.csv","LEG-363","PossibleStage","","Concrete non-placeholder value","Open non-blocked field"
"MEDIUM","05_ops_legacy","C:\Projects\MindLab_Starter_Project\docs\planning\kids_certified\05_ops_legacy\legacy_inventory_scan.csv","LEG-364","PossibleCategory","","Concrete non-placeholder value","Open non-blocked field"
"MEDIUM","05_ops_legacy","C:\Projects\MindLab_Starter_Project\docs\planning\kids_certified\05_ops_legacy\legacy_inventory_scan.csv","LEG-364","PossibleStage","","Concrete non-placeholder value","Open non-blocked field"
"MEDIUM","05_ops_legacy","C:\Projects\MindLab_Starter_Project\docs\planning\kids_certified\05_ops_legacy\legacy_inventory_scan.csv","LEG-365","PossibleCategory","","Concrete non-placeholder value","Open non-blocked field"
"MEDIUM","05_ops_legacy","C:\Projects\MindLab_Starter_Project\docs\planning\kids_certified\05_ops_legacy\legacy_inventory_scan.csv","LEG-365","PossibleStage","","Concrete non-placeholder value","Open non-blocked field"
"MEDIUM","05_ops_legacy","C:\Projects\MindLab_Starter_Project\docs\planning\kids_certified\05_ops_legacy\legacy_inventory_scan.csv","LEG-366","PossibleCategory","","Concrete non-placeholder value","Open non-blocked field"
"MEDIUM","05_ops_legacy","C:\Projects\MindLab_Starter_Project\docs\planning\kids_certified\05_ops_legacy\legacy_inventory_scan.csv","LEG-366","PossibleStage","","Concrete non-placeholder value","Open non-blocked field"
"MEDIUM","05_ops_legacy","C:\Projects\MindLab_Starter_Project\docs\planning\kids_certified\05_ops_legacy\legacy_inventory_scan.csv","LEG-367","PossibleCategory","","Concrete non-placeholder value","Open non-blocked field"
"MEDIUM","05_ops_legacy","C:\Projects\MindLab_Starter_Project\docs\planning\kids_certified\05_ops_legacy\legacy_inventory_scan.csv","LEG-367","PossibleStage","","Concrete non-placeholder value","Open non-blocked field"
"MEDIUM","05_ops_legacy","C:\Projects\MindLab_Starter_Project\docs\planning\kids_certified\05_ops_legacy\legacy_inventory_scan.csv","LEG-368","PossibleCategory","","Concrete non-placeholder value","Open non-blocked field"
"MEDIUM","05_ops_legacy","C:\Projects\MindLab_Starter_Project\docs\planning\kids_certified\05_ops_legacy\legacy_inventory_scan.csv","LEG-368","PossibleStage","","Concrete non-placeholder value","Open non-blocked field"
"MEDIUM","05_ops_legacy","C:\Projects\MindLab_Starter_Project\docs\planning\kids_certified\05_ops_legacy\legacy_inventory_scan.csv","LEG-369","PossibleCategory","","Concrete non-placeholder value","Open non-blocked field"
"MEDIUM","05_ops_legacy","C:\Projects\MindLab_Starter_Project\docs\planning\kids_certified\05_ops_legacy\legacy_inventory_scan.csv","LEG-369","PossibleStage","","Concrete non-placeholder value","Open non-blocked field"
"MEDIUM","05_ops_legacy","C:\Projects\MindLab_Starter_Project\docs\planning\kids_certified\05_ops_legacy\legacy_inventory_scan.csv","LEG-370","PossibleCategory","","Concrete non-placeholder value","Open non-blocked field"
"MEDIUM","05_ops_legacy","C:\Projects\MindLab_Starter_Project\docs\planning\kids_certified\05_ops_legacy\legacy_inventory_scan.csv","LEG-370","PossibleStage","","Concrete non-placeholder value","Open non-blocked field"
"MEDIUM","05_ops_legacy","C:\Projects\MindLab_Starter_Project\docs\planning\kids_certified\05_ops_legacy\legacy_inventory_scan.csv","LEG-371","PossibleCategory","","Concrete non-placeholder value","Open non-blocked field"
"MEDIUM","05_ops_legacy","C:\Projects\MindLab_Starter_Project\docs\planning\kids_certified\05_ops_legacy\legacy_inventory_scan.csv","LEG-371","PossibleStage","","Concrete non-placeholder value","Open non-blocked field"
"MEDIUM","05_ops_legacy","C:\Projects\MindLab_Starter_Project\docs\planning\kids_certified\05_ops_legacy\legacy_inventory_scan.csv","LEG-372","PossibleCategory","","Concrete non-placeholder value","Open non-blocked field"
"MEDIUM","05_ops_legacy","C:\Projects\MindLab_Starter_Project\docs\planning\kids_certified\05_ops_legacy\legacy_inventory_scan.csv","LEG-372","PossibleStage","","Concrete non-placeholder value","Open non-blocked field"
"MEDIUM","05_ops_legacy","C:\Projects\MindLab_Starter_Project\docs\planning\kids_certified\05_ops_legacy\legacy_inventory_scan.csv","LEG-373","PossibleCategory","","Concrete non-placeholder value","Open non-blocked field"
"MEDIUM","05_ops_legacy","C:\Projects\MindLab_Starter_Project\docs\planning\kids_certified\05_ops_legacy\legacy_inventory_scan.csv","LEG-373","PossibleStage","","Concrete non-placeholder value","Open non-blocked field"
"MEDIUM","05_ops_legacy","C:\Projects\MindLab_Starter_Project\docs\planning\kids_certified\05_ops_legacy\legacy_inventory_scan.csv","LEG-374","PossibleCategory","","Concrete non-placeholder value","Open non-blocked field"
"MEDIUM","05_ops_legacy","C:\Projects\MindLab_Starter_Project\docs\planning\kids_certified\05_ops_legacy\legacy_inventory_scan.csv","LEG-374","PossibleStage","","Concrete non-placeholder value","Open non-blocked field"
"MEDIUM","05_ops_legacy","C:\Projects\MindLab_Starter_Project\docs\planning\kids_certified\05_ops_legacy\legacy_inventory_scan.csv","LEG-375","PossibleCategory","","Concrete non-placeholder value","Open non-blocked field"
"MEDIUM","05_ops_legacy","C:\Projects\MindLab_Starter_Project\docs\planning\kids_certified\05_ops_legacy\legacy_inventory_scan.csv","LEG-375","PossibleStage","","Concrete non-placeholder value","Open non-blocked field"
"MEDIUM","05_ops_legacy","C:\Projects\MindLab_Starter_Project\docs\planning\kids_certified\05_ops_legacy\legacy_inventory_scan.csv","LEG-376","PossibleCategory","","Concrete non-placeholder value","Open non-blocked field"
"MEDIUM","05_ops_legacy","C:\Projects\MindLab_Starter_Project\docs\planning\kids_certified\05_ops_legacy\legacy_inventory_scan.csv","LEG-376","PossibleStage","","Concrete non-placeholder value","Open non-blocked field"
"MEDIUM","05_ops_legacy","C:\Projects\MindLab_Starter_Project\docs\planning\kids_certified\05_ops_legacy\legacy_inventory_scan.csv","LEG-377","PossibleCategory","","Concrete non-placeholder value","Open non-blocked field"
"MEDIUM","05_ops_legacy","C:\Projects\MindLab_Starter_Project\docs\planning\kids_certified\05_ops_legacy\legacy_inventory_scan.csv","LEG-377","PossibleStage","","Concrete non-placeholder value","Open non-blocked field"
"MEDIUM","05_ops_legacy","C:\Projects\MindLab_Starter_Project\docs\planning\kids_certified\05_ops_legacy\legacy_inventory_scan.csv","LEG-378","PossibleCategory","","Concrete non-placeholder value","Open non-blocked field"
"MEDIUM","05_ops_legacy","C:\Projects\MindLab_Starter_Project\docs\planning\kids_certified\05_ops_legacy\legacy_inventory_scan.csv","LEG-378","PossibleStage","","Concrete non-placeholder value","Open non-blocked field"
"MEDIUM","05_ops_legacy","C:\Projects\MindLab_Starter_Project\docs\planning\kids_certified\05_ops_legacy\legacy_inventory_scan.csv","LEG-379","PossibleCategory","","Concrete non-placeholder value","Open non-blocked field"
"MEDIUM","05_ops_legacy","C:\Projects\MindLab_Starter_Project\docs\planning\kids_certified\05_ops_legacy\legacy_inventory_scan.csv","LEG-379","PossibleStage","","Concrete non-placeholder value","Open non-blocked field"
"MEDIUM","05_ops_legacy","C:\Projects\MindLab_Starter_Project\docs\planning\kids_certified\05_ops_legacy\legacy_inventory_scan.csv","LEG-380","PossibleCategory","","Concrete non-placeholder value","Open non-blocked field"
"MEDIUM","05_ops_legacy","C:\Projects\MindLab_Starter_Project\docs\planning\kids_certified\05_ops_legacy\legacy_inventory_scan.csv","LEG-380","PossibleStage","","Concrete non-placeholder value","Open non-blocked field"
"MEDIUM","05_ops_legacy","C:\Projects\MindLab_Starter_Project\docs\planning\kids_certified\05_ops_legacy\legacy_inventory_scan.csv","LEG-381","PossibleCategory","","Concrete non-placeholder value","Open non-blocked field"
"MEDIUM","05_ops_legacy","C:\Projects\MindLab_Starter_Project\docs\planning\kids_certified\05_ops_legacy\legacy_inventory_scan.csv","LEG-381","PossibleStage","","Concrete non-placeholder value","Open non-blocked field"
"MEDIUM","05_ops_legacy","C:\Projects\MindLab_Starter_Project\docs\planning\kids_certified\05_ops_legacy\legacy_inventory_scan.csv","LEG-382","PossibleCategory","","Concrete non-placeholder value","Open non-blocked field"
"MEDIUM","05_ops_legacy","C:\Projects\MindLab_Starter_Project\docs\planning\kids_certified\05_ops_legacy\legacy_inventory_scan.csv","LEG-382","PossibleStage","","Concrete non-placeholder value","Open non-blocked field"
"MEDIUM","05_ops_legacy","C:\Projects\MindLab_Starter_Project\docs\planning\kids_certified\05_ops_legacy\legacy_inventory_scan.csv","LEG-383","PossibleCategory","","Concrete non-placeholder value","Open non-blocked field"
"MEDIUM","05_ops_legacy","C:\Projects\MindLab_Starter_Project\docs\planning\kids_certified\05_ops_legacy\legacy_inventory_scan.csv","LEG-383","PossibleStage","","Concrete non-placeholder value","Open non-blocked field"
"MEDIUM","05_ops_legacy","C:\Projects\MindLab_Starter_Project\docs\planning\kids_certified\05_ops_legacy\legacy_inventory_scan.csv","LEG-384","PossibleCategory","","Concrete non-placeholder value","Open non-blocked field"
"MEDIUM","05_ops_legacy","C:\Projects\MindLab_Starter_Project\docs\planning\kids_certified\05_ops_legacy\legacy_inventory_scan.csv","LEG-384","PossibleStage","","Concrete non-placeholder value","Open non-blocked field"
"MEDIUM","05_ops_legacy","C:\Projects\MindLab_Starter_Project\docs\planning\kids_certified\05_ops_legacy\legacy_inventory_scan.csv","LEG-385","PossibleCategory","","Concrete non-placeholder value","Open non-blocked field"
"MEDIUM","05_ops_legacy","C:\Projects\MindLab_Starter_Project\docs\planning\kids_certified\05_ops_legacy\legacy_inventory_scan.csv","LEG-385","PossibleStage","","Concrete non-placeholder value","Open non-blocked field"
"MEDIUM","05_ops_legacy","C:\Projects\MindLab_Starter_Project\docs\planning\kids_certified\05_ops_legacy\legacy_inventory_scan.csv","LEG-386","PossibleCategory","","Concrete non-placeholder value","Open non-blocked field"
"MEDIUM","05_ops_legacy","C:\Projects\MindLab_Starter_Project\docs\planning\kids_certified\05_ops_legacy\legacy_inventory_scan.csv","LEG-386","PossibleStage","","Concrete non-placeholder value","Open non-blocked field"
"MEDIUM","05_ops_legacy","C:\Projects\MindLab_Starter_Project\docs\planning\kids_certified\05_ops_legacy\legacy_inventory_scan.csv","LEG-387","PossibleCategory","","Concrete non-placeholder value","Open non-blocked field"
"MEDIUM","05_ops_legacy","C:\Projects\MindLab_Starter_Project\docs\planning\kids_certified\05_ops_legacy\legacy_inventory_scan.csv","LEG-387","PossibleStage","","Concrete non-placeholder value","Open non-blocked field"
"MEDIUM","05_ops_legacy","C:\Projects\MindLab_Starter_Project\docs\planning\kids_certified\05_ops_legacy\legacy_inventory_scan.csv","LEG-388","PossibleCategory","","Concrete non-placeholder value","Open non-blocked field"
"MEDIUM","05_ops_legacy","C:\Projects\MindLab_Starter_Project\docs\planning\kids_certified\05_ops_legacy\legacy_inventory_scan.csv","LEG-388","PossibleStage","","Concrete non-placeholder value","Open non-blocked field"
"MEDIUM","05_ops_legacy","C:\Projects\MindLab_Starter_Project\docs\planning\kids_certified\05_ops_legacy\legacy_inventory_scan.csv","LEG-389","PossibleCategory","","Concrete non-placeholder value","Open non-blocked field"
"MEDIUM","05_ops_legacy","C:\Projects\MindLab_Starter_Project\docs\planning\kids_certified\05_ops_legacy\legacy_inventory_scan.csv","LEG-389","PossibleStage","","Concrete non-placeholder value","Open non-blocked field"
"MEDIUM","05_ops_legacy","C:\Projects\MindLab_Starter_Project\docs\planning\kids_certified\05_ops_legacy\legacy_inventory_scan.csv","LEG-390","PossibleCategory","","Concrete non-placeholder value","Open non-blocked field"
"MEDIUM","05_ops_legacy","C:\Projects\MindLab_Starter_Project\docs\planning\kids_certified\05_ops_legacy\legacy_inventory_scan.csv","LEG-390","PossibleStage","","Concrete non-placeholder value","Open non-blocked field"
"MEDIUM","05_ops_legacy","C:\Projects\MindLab_Starter_Project\docs\planning\kids_certified\05_ops_legacy\legacy_inventory_scan.csv","LEG-391","PossibleCategory","","Concrete non-placeholder value","Open non-blocked field"
"MEDIUM","05_ops_legacy","C:\Projects\MindLab_Starter_Project\docs\planning\kids_certified\05_ops_legacy\legacy_inventory_scan.csv","LEG-391","PossibleStage","","Concrete non-placeholder value","Open non-blocked field"
"MEDIUM","05_ops_legacy","C:\Projects\MindLab_Starter_Project\docs\planning\kids_certified\05_ops_legacy\legacy_inventory_scan.csv","LEG-392","PossibleCategory","","Concrete non-placeholder value","Open non-blocked field"
"MEDIUM","05_ops_legacy","C:\Projects\MindLab_Starter_Project\docs\planning\kids_certified\05_ops_legacy\legacy_inventory_scan.csv","LEG-392","PossibleStage","","Concrete non-placeholder value","Open non-blocked field"
"MEDIUM","05_ops_legacy","C:\Projects\MindLab_Starter_Project\docs\planning\kids_certified\05_ops_legacy\legacy_inventory_scan.csv","LEG-393","PossibleCategory","","Concrete non-placeholder value","Open non-blocked field"
"MEDIUM","05_ops_legacy","C:\Projects\MindLab_Starter_Project\docs\planning\kids_certified\05_ops_legacy\legacy_inventory_scan.csv","LEG-393","PossibleStage","","Concrete non-placeholder value","Open non-blocked field"
"MEDIUM","05_ops_legacy","C:\Projects\MindLab_Starter_Project\docs\planning\kids_certified\05_ops_legacy\legacy_inventory_scan.csv","LEG-394","PossibleCategory","","Concrete non-placeholder value","Open non-blocked field"
"MEDIUM","05_ops_legacy","C:\Projects\MindLab_Starter_Project\docs\planning\kids_certified\05_ops_legacy\legacy_inventory_scan.csv","LEG-394","PossibleStage","","Concrete non-placeholder value","Open non-blocked field"
"MEDIUM","05_ops_legacy","C:\Projects\MindLab_Starter_Project\docs\planning\kids_certified\05_ops_legacy\legacy_inventory_scan.csv","LEG-395","PossibleCategory","","Concrete non-placeholder value","Open non-blocked field"
"MEDIUM","05_ops_legacy","C:\Projects\MindLab_Starter_Project\docs\planning\kids_certified\05_ops_legacy\legacy_inventory_scan.csv","LEG-395","PossibleStage","","Concrete non-placeholder value","Open non-blocked field"
"MEDIUM","05_ops_legacy","C:\Projects\MindLab_Starter_Project\docs\planning\kids_certified\05_ops_legacy\legacy_inventory_scan.csv","LEG-396","PossibleCategory","","Concrete non-placeholder value","Open non-blocked field"
"MEDIUM","05_ops_legacy","C:\Projects\MindLab_Starter_Project\docs\planning\kids_certified\05_ops_legacy\legacy_inventory_scan.csv","LEG-396","PossibleStage","","Concrete non-placeholder value","Open non-blocked field"
"MEDIUM","05_ops_legacy","C:\Projects\MindLab_Starter_Project\docs\planning\kids_certified\05_ops_legacy\legacy_inventory_scan.csv","LEG-397","PossibleCategory","","Concrete non-placeholder value","Open non-blocked field"
"MEDIUM","05_ops_legacy","C:\Projects\MindLab_Starter_Project\docs\planning\kids_certified\05_ops_legacy\legacy_inventory_scan.csv","LEG-397","PossibleStage","","Concrete non-placeholder value","Open non-blocked field"
"MEDIUM","05_ops_legacy","C:\Projects\MindLab_Starter_Project\docs\planning\kids_certified\05_ops_legacy\legacy_register.csv","LEG-001","PossibleStage","","Concrete non-placeholder value","Open non-blocked field"
"MEDIUM","05_ops_legacy","C:\Projects\MindLab_Starter_Project\docs\planning\kids_certified\05_ops_legacy\legacy_register.csv","LEG-001","RewritePriority","","Concrete non-placeholder value","Open non-blocked field"
"MEDIUM","05_ops_legacy","C:\Projects\MindLab_Starter_Project\docs\planning\kids_certified\05_ops_legacy\legacy_register.csv","LEG-002","PossibleStage","","Concrete non-placeholder value","Open non-blocked field"
"MEDIUM","05_ops_legacy","C:\Projects\MindLab_Starter_Project\docs\planning\kids_certified\05_ops_legacy\legacy_register.csv","LEG-002","RewritePriority","","Concrete non-placeholder value","Open non-blocked field"
"MEDIUM","05_ops_legacy","C:\Projects\MindLab_Starter_Project\docs\planning\kids_certified\05_ops_legacy\legacy_register.csv","LEG-003","PossibleStage","","Concrete non-placeholder value","Open non-blocked field"
"MEDIUM","05_ops_legacy","C:\Projects\MindLab_Starter_Project\docs\planning\kids_certified\05_ops_legacy\legacy_register.csv","LEG-003","RewritePriority","","Concrete non-placeholder value","Open non-blocked field"
"MEDIUM","05_ops_legacy","C:\Projects\MindLab_Starter_Project\docs\planning\kids_certified\05_ops_legacy\legacy_register.csv","LEG-004","PossibleStage","","Concrete non-placeholder value","Open non-blocked field"
"MEDIUM","05_ops_legacy","C:\Projects\MindLab_Starter_Project\docs\planning\kids_certified\05_ops_legacy\legacy_register.csv","LEG-004","RewritePriority","","Concrete non-placeholder value","Open non-blocked field"
"MEDIUM","05_ops_legacy","C:\Projects\MindLab_Starter_Project\docs\planning\kids_certified\05_ops_legacy\legacy_register.csv","LEG-005","PossibleStage","","Concrete non-placeholder value","Open non-blocked field"
"MEDIUM","05_ops_legacy","C:\Projects\MindLab_Starter_Project\docs\planning\kids_certified\05_ops_legacy\legacy_register.csv","LEG-005","RewritePriority","","Concrete non-placeholder value","Open non-blocked field"
"MEDIUM","05_ops_legacy","C:\Projects\MindLab_Starter_Project\docs\planning\kids_certified\05_ops_legacy\legacy_register.csv","LEG-006","PossibleStage","","Concrete non-placeholder value","Open non-blocked field"
"MEDIUM","05_ops_legacy","C:\Projects\MindLab_Starter_Project\docs\planning\kids_certified\05_ops_legacy\legacy_register.csv","LEG-006","RewritePriority","","Concrete non-placeholder value","Open non-blocked field"
"MEDIUM","05_ops_legacy","C:\Projects\MindLab_Starter_Project\docs\planning\kids_certified\05_ops_legacy\legacy_register.csv","LEG-007","PossibleStage","","Concrete non-placeholder value","Open non-blocked field"
"MEDIUM","05_ops_legacy","C:\Projects\MindLab_Starter_Project\docs\planning\kids_certified\05_ops_legacy\legacy_register.csv","LEG-007","RewritePriority","","Concrete non-placeholder value","Open non-blocked field"
"MEDIUM","05_ops_legacy","C:\Projects\MindLab_Starter_Project\docs\planning\kids_certified\05_ops_legacy\legacy_register.csv","LEG-008","PossibleStage","","Concrete non-placeholder value","Open non-blocked field"
"MEDIUM","05_ops_legacy","C:\Projects\MindLab_Starter_Project\docs\planning\kids_certified\05_ops_legacy\legacy_register.csv","LEG-008","RewritePriority","","Concrete non-placeholder value","Open non-blocked field"
"MEDIUM","05_ops_legacy","C:\Projects\MindLab_Starter_Project\docs\planning\kids_certified\05_ops_legacy\legacy_register.csv","LEG-009","PossibleCategory","","Concrete non-placeholder value","Open non-blocked field"
"MEDIUM","05_ops_legacy","C:\Projects\MindLab_Starter_Project\docs\planning\kids_certified\05_ops_legacy\legacy_register.csv","LEG-009","PossibleStage","","Concrete non-placeholder value","Open non-blocked field"
"MEDIUM","05_ops_legacy","C:\Projects\MindLab_Starter_Project\docs\planning\kids_certified\05_ops_legacy\legacy_register.csv","LEG-009","RewritePriority","","Concrete non-placeholder value","Open non-blocked field"
"MEDIUM","05_ops_legacy","C:\Projects\MindLab_Starter_Project\docs\planning\kids_certified\05_ops_legacy\legacy_register.csv","LEG-010","PossibleCategory","","Concrete non-placeholder value","Open non-blocked field"
"MEDIUM","05_ops_legacy","C:\Projects\MindLab_Starter_Project\docs\planning\kids_certified\05_ops_legacy\legacy_register.csv","LEG-010","PossibleStage","","Concrete non-placeholder value","Open non-blocked field"
"MEDIUM","05_ops_legacy","C:\Projects\MindLab_Starter_Project\docs\planning\kids_certified\05_ops_legacy\legacy_register.csv","LEG-010","RewritePriority","","Concrete non-placeholder value","Open non-blocked field"
"MEDIUM","05_ops_legacy","C:\Projects\MindLab_Starter_Project\docs\planning\kids_certified\05_ops_legacy\legacy_register.csv","LEG-011","PossibleCategory","","Concrete non-placeholder value","Open non-blocked field"
"MEDIUM","05_ops_legacy","C:\Projects\MindLab_Starter_Project\docs\planning\kids_certified\05_ops_legacy\legacy_register.csv","LEG-011","PossibleStage","","Concrete non-placeholder value","Open non-blocked field"
"MEDIUM","05_ops_legacy","C:\Projects\MindLab_Starter_Project\docs\planning\kids_certified\05_ops_legacy\legacy_register.csv","LEG-011","RewritePriority","","Concrete non-placeholder value","Open non-blocked field"
"MEDIUM","05_ops_legacy","C:\Projects\MindLab_Starter_Project\docs\planning\kids_certified\05_ops_legacy\legacy_register.csv","LEG-012","PossibleCategory","","Concrete non-placeholder value","Open non-blocked field"
"MEDIUM","05_ops_legacy","C:\Projects\MindLab_Starter_Project\docs\planning\kids_certified\05_ops_legacy\legacy_register.csv","LEG-012","PossibleStage","","Concrete non-placeholder value","Open non-blocked field"
"MEDIUM","05_ops_legacy","C:\Projects\MindLab_Starter_Project\docs\planning\kids_certified\05_ops_legacy\legacy_register.csv","LEG-012","RewritePriority","","Concrete non-placeholder value","Open non-blocked field"
"MEDIUM","05_ops_legacy","C:\Projects\MindLab_Starter_Project\docs\planning\kids_certified\05_ops_legacy\legacy_register.csv","LEG-013","PossibleCategory","","Concrete non-placeholder value","Open non-blocked field"
"MEDIUM","05_ops_legacy","C:\Projects\MindLab_Starter_Project\docs\planning\kids_certified\05_ops_legacy\legacy_register.csv","LEG-013","PossibleStage","","Concrete non-placeholder value","Open non-blocked field"
"MEDIUM","05_ops_legacy","C:\Projects\MindLab_Starter_Project\docs\planning\kids_certified\05_ops_legacy\legacy_register.csv","LEG-013","RewritePriority","","Concrete non-placeholder value","Open non-blocked field"
"MEDIUM","05_ops_legacy","C:\Projects\MindLab_Starter_Project\docs\planning\kids_certified\05_ops_legacy\legacy_register.csv","LEG-014","PossibleCategory","","Concrete non-placeholder value","Open non-blocked field"
"MEDIUM","05_ops_legacy","C:\Projects\MindLab_Starter_Project\docs\planning\kids_certified\05_ops_legacy\legacy_register.csv","LEG-014","PossibleStage","","Concrete non-placeholder value","Open non-blocked field"
"MEDIUM","05_ops_legacy","C:\Projects\MindLab_Starter_Project\docs\planning\kids_certified\05_ops_legacy\legacy_register.csv","LEG-014","RewritePriority","","Concrete non-placeholder value","Open non-blocked field"
"MEDIUM","05_ops_legacy","C:\Projects\MindLab_Starter_Project\docs\planning\kids_certified\05_ops_legacy\legacy_register.csv","LEG-015","PossibleCategory","","Concrete non-placeholder value","Open non-blocked field"
"MEDIUM","05_ops_legacy","C:\Projects\MindLab_Starter_Project\docs\planning\kids_certified\05_ops_legacy\legacy_register.csv","LEG-015","PossibleStage","","Concrete non-placeholder value","Open non-blocked field"
"MEDIUM","05_ops_legacy","C:\Projects\MindLab_Starter_Project\docs\planning\kids_certified\05_ops_legacy\legacy_register.csv","LEG-015","RewritePriority","","Concrete non-placeholder value","Open non-blocked field"
"MEDIUM","05_ops_legacy","C:\Projects\MindLab_Starter_Project\docs\planning\kids_certified\05_ops_legacy\legacy_register.csv","LEG-016","PossibleCategory","","Concrete non-placeholder value","Open non-blocked field"
"MEDIUM","05_ops_legacy","C:\Projects\MindLab_Starter_Project\docs\planning\kids_certified\05_ops_legacy\legacy_register.csv","LEG-016","PossibleStage","","Concrete non-placeholder value","Open non-blocked field"
"MEDIUM","05_ops_legacy","C:\Projects\MindLab_Starter_Project\docs\planning\kids_certified\05_ops_legacy\legacy_register.csv","LEG-016","RewritePriority","","Concrete non-placeholder value","Open non-blocked field"
"MEDIUM","05_ops_legacy","C:\Projects\MindLab_Starter_Project\docs\planning\kids_certified\05_ops_legacy\legacy_register.csv","LEG-017","PossibleCategory","","Concrete non-placeholder value","Open non-blocked field"
"MEDIUM","05_ops_legacy","C:\Projects\MindLab_Starter_Project\docs\planning\kids_certified\05_ops_legacy\legacy_register.csv","LEG-017","PossibleStage","","Concrete non-placeholder value","Open non-blocked field"
"MEDIUM","05_ops_legacy","C:\Projects\MindLab_Starter_Project\docs\planning\kids_certified\05_ops_legacy\legacy_register.csv","LEG-017","RewritePriority","","Concrete non-placeholder value","Open non-blocked field"
"MEDIUM","05_ops_legacy","C:\Projects\MindLab_Starter_Project\docs\planning\kids_certified\05_ops_legacy\legacy_register.csv","LEG-018","PossibleCategory","","Concrete non-placeholder value","Open non-blocked field"
"MEDIUM","05_ops_legacy","C:\Projects\MindLab_Starter_Project\docs\planning\kids_certified\05_ops_legacy\legacy_register.csv","LEG-018","PossibleStage","","Concrete non-placeholder value","Open non-blocked field"
"MEDIUM","05_ops_legacy","C:\Projects\MindLab_Starter_Project\docs\planning\kids_certified\05_ops_legacy\legacy_register.csv","LEG-018","RewritePriority","","Concrete non-placeholder value","Open non-blocked field"
"MEDIUM","05_ops_legacy","C:\Projects\MindLab_Starter_Project\docs\planning\kids_certified\05_ops_legacy\legacy_register.csv","LEG-019","PossibleCategory","","Concrete non-placeholder value","Open non-blocked field"
"MEDIUM","05_ops_legacy","C:\Projects\MindLab_Starter_Project\docs\planning\kids_certified\05_ops_legacy\legacy_register.csv","LEG-019","PossibleStage","","Concrete non-placeholder value","Open non-blocked field"
"MEDIUM","05_ops_legacy","C:\Projects\MindLab_Starter_Project\docs\planning\kids_certified\05_ops_legacy\legacy_register.csv","LEG-019","RewritePriority","","Concrete non-placeholder value","Open non-blocked field"
"MEDIUM","05_ops_legacy","C:\Projects\MindLab_Starter_Project\docs\planning\kids_certified\05_ops_legacy\legacy_register.csv","LEG-020","PossibleCategory","","Concrete non-placeholder value","Open non-blocked field"
"MEDIUM","05_ops_legacy","C:\Projects\MindLab_Starter_Project\docs\planning\kids_certified\05_ops_legacy\legacy_register.csv","LEG-020","PossibleStage","","Concrete non-placeholder value","Open non-blocked field"
"MEDIUM","05_ops_legacy","C:\Projects\MindLab_Starter_Project\docs\planning\kids_certified\05_ops_legacy\legacy_register.csv","LEG-020","RewritePriority","","Concrete non-placeholder value","Open non-blocked field"
"MEDIUM","05_ops_legacy","C:\Projects\MindLab_Starter_Project\docs\planning\kids_certified\05_ops_legacy\legacy_register.csv","LEG-021","PossibleCategory","","Concrete non-placeholder value","Open non-blocked field"
"MEDIUM","05_ops_legacy","C:\Projects\MindLab_Starter_Project\docs\planning\kids_certified\05_ops_legacy\legacy_register.csv","LEG-021","PossibleStage","","Concrete non-placeholder value","Open non-blocked field"
"MEDIUM","05_ops_legacy","C:\Projects\MindLab_Starter_Project\docs\planning\kids_certified\05_ops_legacy\legacy_register.csv","LEG-021","RewritePriority","","Concrete non-placeholder value","Open non-blocked field"
"MEDIUM","05_ops_legacy","C:\Projects\MindLab_Starter_Project\docs\planning\kids_certified\05_ops_legacy\legacy_register.csv","LEG-022","PossibleCategory","","Concrete non-placeholder value","Open non-blocked field"
"MEDIUM","05_ops_legacy","C:\Projects\MindLab_Starter_Project\docs\planning\kids_certified\05_ops_legacy\legacy_register.csv","LEG-022","PossibleStage","","Concrete non-placeholder value","Open non-blocked field"
"MEDIUM","05_ops_legacy","C:\Projects\MindLab_Starter_Project\docs\planning\kids_certified\05_ops_legacy\legacy_register.csv","LEG-022","RewritePriority","","Concrete non-placeholder value","Open non-blocked field"
"MEDIUM","05_ops_legacy","C:\Projects\MindLab_Starter_Project\docs\planning\kids_certified\05_ops_legacy\legacy_register.csv","LEG-023","PossibleCategory","","Concrete non-placeholder value","Open non-blocked field"
"MEDIUM","05_ops_legacy","C:\Projects\MindLab_Starter_Project\docs\planning\kids_certified\05_ops_legacy\legacy_register.csv","LEG-023","PossibleStage","","Concrete non-placeholder value","Open non-blocked field"
"MEDIUM","05_ops_legacy","C:\Projects\MindLab_Starter_Project\docs\planning\kids_certified\05_ops_legacy\legacy_register.csv","LEG-023","RewritePriority","","Concrete non-placeholder value","Open non-blocked field"
"MEDIUM","05_ops_legacy","C:\Projects\MindLab_Starter_Project\docs\planning\kids_certified\05_ops_legacy\legacy_register.csv","LEG-024","PossibleCategory","","Concrete non-placeholder value","Open non-blocked field"
"MEDIUM","05_ops_legacy","C:\Projects\MindLab_Starter_Project\docs\planning\kids_certified\05_ops_legacy\legacy_register.csv","LEG-024","PossibleStage","","Concrete non-placeholder value","Open non-blocked field"
"MEDIUM","05_ops_legacy","C:\Projects\MindLab_Starter_Project\docs\planning\kids_certified\05_ops_legacy\legacy_register.csv","LEG-024","RewritePriority","","Concrete non-placeholder value","Open non-blocked field"
"MEDIUM","05_ops_legacy","C:\Projects\MindLab_Starter_Project\docs\planning\kids_certified\05_ops_legacy\legacy_register.csv","LEG-025","PossibleCategory","","Concrete non-placeholder value","Open non-blocked field"
"MEDIUM","05_ops_legacy","C:\Projects\MindLab_Starter_Project\docs\planning\kids_certified\05_ops_legacy\legacy_register.csv","LEG-025","PossibleStage","","Concrete non-placeholder value","Open non-blocked field"
"MEDIUM","05_ops_legacy","C:\Projects\MindLab_Starter_Project\docs\planning\kids_certified\05_ops_legacy\legacy_register.csv","LEG-025","RewritePriority","","Concrete non-placeholder value","Open non-blocked field"
"MEDIUM","05_ops_legacy","C:\Projects\MindLab_Starter_Project\docs\planning\kids_certified\05_ops_legacy\legacy_register.csv","LEG-026","PossibleCategory","","Concrete non-placeholder value","Open non-blocked field"
"MEDIUM","05_ops_legacy","C:\Projects\MindLab_Starter_Project\docs\planning\kids_certified\05_ops_legacy\legacy_register.csv","LEG-026","PossibleStage","","Concrete non-placeholder value","Open non-blocked field"
"MEDIUM","05_ops_legacy","C:\Projects\MindLab_Starter_Project\docs\planning\kids_certified\05_ops_legacy\legacy_register.csv","LEG-026","RewritePriority","","Concrete non-placeholder value","Open non-blocked field"
"MEDIUM","05_ops_legacy","C:\Projects\MindLab_Starter_Project\docs\planning\kids_certified\05_ops_legacy\legacy_register.csv","LEG-027","PossibleCategory","","Concrete non-placeholder value","Open non-blocked field"
"MEDIUM","05_ops_legacy","C:\Projects\MindLab_Starter_Project\docs\planning\kids_certified\05_ops_legacy\legacy_register.csv","LEG-027","PossibleStage","","Concrete non-placeholder value","Open non-blocked field"
"MEDIUM","05_ops_legacy","C:\Projects\MindLab_Starter_Project\docs\planning\kids_certified\05_ops_legacy\legacy_register.csv","LEG-027","RewritePriority","","Concrete non-placeholder value","Open non-blocked field"
"MEDIUM","05_ops_legacy","C:\Projects\MindLab_Starter_Project\docs\planning\kids_certified\05_ops_legacy\legacy_register.csv","LEG-028","PossibleCategory","","Concrete non-placeholder value","Open non-blocked field"
"MEDIUM","05_ops_legacy","C:\Projects\MindLab_Starter_Project\docs\planning\kids_certified\05_ops_legacy\legacy_register.csv","LEG-028","PossibleStage","","Concrete non-placeholder value","Open non-blocked field"
"MEDIUM","05_ops_legacy","C:\Projects\MindLab_Starter_Project\docs\planning\kids_certified\05_ops_legacy\legacy_register.csv","LEG-028","RewritePriority","","Concrete non-placeholder value","Open non-blocked field"
"MEDIUM","05_ops_legacy","C:\Projects\MindLab_Starter_Project\docs\planning\kids_certified\05_ops_legacy\legacy_register.csv","LEG-029","PossibleCategory","","Concrete non-placeholder value","Open non-blocked field"
"MEDIUM","05_ops_legacy","C:\Projects\MindLab_Starter_Project\docs\planning\kids_certified\05_ops_legacy\legacy_register.csv","LEG-029","PossibleStage","","Concrete non-placeholder value","Open non-blocked field"
"MEDIUM","05_ops_legacy","C:\Projects\MindLab_Starter_Project\docs\planning\kids_certified\05_ops_legacy\legacy_register.csv","LEG-029","RewritePriority","","Concrete non-placeholder value","Open non-blocked field"
"MEDIUM","05_ops_legacy","C:\Projects\MindLab_Starter_Project\docs\planning\kids_certified\05_ops_legacy\legacy_register.csv","LEG-030","PossibleCategory","","Concrete non-placeholder value","Open non-blocked field"
"MEDIUM","05_ops_legacy","C:\Projects\MindLab_Starter_Project\docs\planning\kids_certified\05_ops_legacy\legacy_register.csv","LEG-030","PossibleStage","","Concrete non-placeholder value","Open non-blocked field"
"MEDIUM","05_ops_legacy","C:\Projects\MindLab_Starter_Project\docs\planning\kids_certified\05_ops_legacy\legacy_register.csv","LEG-030","RewritePriority","","Concrete non-placeholder value","Open non-blocked field"
"MEDIUM","05_ops_legacy","C:\Projects\MindLab_Starter_Project\docs\planning\kids_certified\05_ops_legacy\legacy_register.csv","LEG-031","PossibleCategory","","Concrete non-placeholder value","Open non-blocked field"
"MEDIUM","05_ops_legacy","C:\Projects\MindLab_Starter_Project\docs\planning\kids_certified\05_ops_legacy\legacy_register.csv","LEG-031","PossibleStage","","Concrete non-placeholder value","Open non-blocked field"
"MEDIUM","05_ops_legacy","C:\Projects\MindLab_Starter_Project\docs\planning\kids_certified\05_ops_legacy\legacy_register.csv","LEG-031","RewritePriority","","Concrete non-placeholder value","Open non-blocked field"
"MEDIUM","05_ops_legacy","C:\Projects\MindLab_Starter_Project\docs\planning\kids_certified\05_ops_legacy\legacy_register.csv","LEG-032","PossibleCategory","","Concrete non-placeholder value","Open non-blocked field"
"MEDIUM","05_ops_legacy","C:\Projects\MindLab_Starter_Project\docs\planning\kids_certified\05_ops_legacy\legacy_register.csv","LEG-032","PossibleStage","","Concrete non-placeholder value","Open non-blocked field"
"MEDIUM","05_ops_legacy","C:\Projects\MindLab_Starter_Project\docs\planning\kids_certified\05_ops_legacy\legacy_register.csv","LEG-032","RewritePriority","","Concrete non-placeholder value","Open non-blocked field"
"MEDIUM","05_ops_legacy","C:\Projects\MindLab_Starter_Project\docs\planning\kids_certified\05_ops_legacy\legacy_register.csv","LEG-033","PossibleCategory","","Concrete non-placeholder value","Open non-blocked field"
"MEDIUM","05_ops_legacy","C:\Projects\MindLab_Starter_Project\docs\planning\kids_certified\05_ops_legacy\legacy_register.csv","LEG-033","PossibleStage","","Concrete non-placeholder value","Open non-blocked field"
"MEDIUM","05_ops_legacy","C:\Projects\MindLab_Starter_Project\docs\planning\kids_certified\05_ops_legacy\legacy_register.csv","LEG-033","RewritePriority","","Concrete non-placeholder value","Open non-blocked field"
"MEDIUM","05_ops_legacy","C:\Projects\MindLab_Starter_Project\docs\planning\kids_certified\05_ops_legacy\legacy_register.csv","LEG-034","PossibleCategory","","Concrete non-placeholder value","Open non-blocked field"
"MEDIUM","05_ops_legacy","C:\Projects\MindLab_Starter_Project\docs\planning\kids_certified\05_ops_legacy\legacy_register.csv","LEG-034","PossibleStage","","Concrete non-placeholder value","Open non-blocked field"
"MEDIUM","05_ops_legacy","C:\Projects\MindLab_Starter_Project\docs\planning\kids_certified\05_ops_legacy\legacy_register.csv","LEG-034","RewritePriority","","Concrete non-placeholder value","Open non-blocked field"
"MEDIUM","05_ops_legacy","C:\Projects\MindLab_Starter_Project\docs\planning\kids_certified\05_ops_legacy\legacy_register.csv","LEG-035","PossibleCategory","","Concrete non-placeholder value","Open non-blocked field"
"MEDIUM","05_ops_legacy","C:\Projects\MindLab_Starter_Project\docs\planning\kids_certified\05_ops_legacy\legacy_register.csv","LEG-035","PossibleStage","","Concrete non-placeholder value","Open non-blocked field"
"MEDIUM","05_ops_legacy","C:\Projects\MindLab_Starter_Project\docs\planning\kids_certified\05_ops_legacy\legacy_register.csv","LEG-035","RewritePriority","","Concrete non-placeholder value","Open non-blocked field"
"MEDIUM","05_ops_legacy","C:\Projects\MindLab_Starter_Project\docs\planning\kids_certified\05_ops_legacy\legacy_register.csv","LEG-036","PossibleCategory","","Concrete non-placeholder value","Open non-blocked field"
"MEDIUM","05_ops_legacy","C:\Projects\MindLab_Starter_Project\docs\planning\kids_certified\05_ops_legacy\legacy_register.csv","LEG-036","PossibleStage","","Concrete non-placeholder value","Open non-blocked field"
"MEDIUM","05_ops_legacy","C:\Projects\MindLab_Starter_Project\docs\planning\kids_certified\05_ops_legacy\legacy_register.csv","LEG-036","RewritePriority","","Concrete non-placeholder value","Open non-blocked field"
"MEDIUM","05_ops_legacy","C:\Projects\MindLab_Starter_Project\docs\planning\kids_certified\05_ops_legacy\legacy_register.csv","LEG-037","PossibleCategory","","Concrete non-placeholder value","Open non-blocked field"
"MEDIUM","05_ops_legacy","C:\Projects\MindLab_Starter_Project\docs\planning\kids_certified\05_ops_legacy\legacy_register.csv","LEG-037","PossibleStage","","Concrete non-placeholder value","Open non-blocked field"
"MEDIUM","05_ops_legacy","C:\Projects\MindLab_Starter_Project\docs\planning\kids_certified\05_ops_legacy\legacy_register.csv","LEG-037","RewritePriority","","Concrete non-placeholder value","Open non-blocked field"
"MEDIUM","05_ops_legacy","C:\Projects\MindLab_Starter_Project\docs\planning\kids_certified\05_ops_legacy\legacy_register.csv","LEG-038","PossibleCategory","","Concrete non-placeholder value","Open non-blocked field"
"MEDIUM","05_ops_legacy","C:\Projects\MindLab_Starter_Project\docs\planning\kids_certified\05_ops_legacy\legacy_register.csv","LEG-038","PossibleStage","","Concrete non-placeholder value","Open non-blocked field"
"MEDIUM","05_ops_legacy","C:\Projects\MindLab_Starter_Project\docs\planning\kids_certified\05_ops_legacy\legacy_register.csv","LEG-038","RewritePriority","","Concrete non-placeholder value","Open non-blocked field"
"MEDIUM","05_ops_legacy","C:\Projects\MindLab_Starter_Project\docs\planning\kids_certified\05_ops_legacy\legacy_register.csv","LEG-039","PossibleCategory","","Concrete non-placeholder value","Open non-blocked field"
"MEDIUM","05_ops_legacy","C:\Projects\MindLab_Starter_Project\docs\planning\kids_certified\05_ops_legacy\legacy_register.csv","LEG-039","PossibleStage","","Concrete non-placeholder value","Open non-blocked field"
"MEDIUM","05_ops_legacy","C:\Projects\MindLab_Starter_Project\docs\planning\kids_certified\05_ops_legacy\legacy_register.csv","LEG-039","RewritePriority","","Concrete non-placeholder value","Open non-blocked field"
"MEDIUM","05_ops_legacy","C:\Projects\MindLab_Starter_Project\docs\planning\kids_certified\05_ops_legacy\legacy_register.csv","LEG-040","PossibleCategory","","Concrete non-placeholder value","Open non-blocked field"
"MEDIUM","05_ops_legacy","C:\Projects\MindLab_Starter_Project\docs\planning\kids_certified\05_ops_legacy\legacy_register.csv","LEG-040","PossibleStage","","Concrete non-placeholder value","Open non-blocked field"
"MEDIUM","05_ops_legacy","C:\Projects\MindLab_Starter_Project\docs\planning\kids_certified\05_ops_legacy\legacy_register.csv","LEG-040","RewritePriority","","Concrete non-placeholder value","Open non-blocked field"
"MEDIUM","05_ops_legacy","C:\Projects\MindLab_Starter_Project\docs\planning\kids_certified\05_ops_legacy\legacy_register.csv","LEG-041","PossibleCategory","","Concrete non-placeholder value","Open non-blocked field"
"MEDIUM","05_ops_legacy","C:\Projects\MindLab_Starter_Project\docs\planning\kids_certified\05_ops_legacy\legacy_register.csv","LEG-041","PossibleStage","","Concrete non-placeholder value","Open non-blocked field"
"MEDIUM","05_ops_legacy","C:\Projects\MindLab_Starter_Project\docs\planning\kids_certified\05_ops_legacy\legacy_register.csv","LEG-041","RewritePriority","","Concrete non-placeholder value","Open non-blocked field"
"MEDIUM","05_ops_legacy","C:\Projects\MindLab_Starter_Project\docs\planning\kids_certified\05_ops_legacy\legacy_register.csv","LEG-042","PossibleCategory","","Concrete non-placeholder value","Open non-blocked field"
"MEDIUM","05_ops_legacy","C:\Projects\MindLab_Starter_Project\docs\planning\kids_certified\05_ops_legacy\legacy_register.csv","LEG-042","PossibleStage","","Concrete non-placeholder value","Open non-blocked field"
"MEDIUM","05_ops_legacy","C:\Projects\MindLab_Starter_Project\docs\planning\kids_certified\05_ops_legacy\legacy_register.csv","LEG-042","RewritePriority","","Concrete non-placeholder value","Open non-blocked field"
"MEDIUM","05_ops_legacy","C:\Projects\MindLab_Starter_Project\docs\planning\kids_certified\05_ops_legacy\legacy_register.csv","LEG-043","PossibleCategory","","Concrete non-placeholder value","Open non-blocked field"
"MEDIUM","05_ops_legacy","C:\Projects\MindLab_Starter_Project\docs\planning\kids_certified\05_ops_legacy\legacy_register.csv","LEG-043","PossibleStage","","Concrete non-placeholder value","Open non-blocked field"
"MEDIUM","05_ops_legacy","C:\Projects\MindLab_Starter_Project\docs\planning\kids_certified\05_ops_legacy\legacy_register.csv","LEG-043","RewritePriority","","Concrete non-placeholder value","Open non-blocked field"
"MEDIUM","05_ops_legacy","C:\Projects\MindLab_Starter_Project\docs\planning\kids_certified\05_ops_legacy\legacy_register.csv","LEG-044","PossibleCategory","","Concrete non-placeholder value","Open non-blocked field"
"MEDIUM","05_ops_legacy","C:\Projects\MindLab_Starter_Project\docs\planning\kids_certified\05_ops_legacy\legacy_register.csv","LEG-044","PossibleStage","","Concrete non-placeholder value","Open non-blocked field"
"MEDIUM","05_ops_legacy","C:\Projects\MindLab_Starter_Project\docs\planning\kids_certified\05_ops_legacy\legacy_register.csv","LEG-044","RewritePriority","","Concrete non-placeholder value","Open non-blocked field"
"MEDIUM","05_ops_legacy","C:\Projects\MindLab_Starter_Project\docs\planning\kids_certified\05_ops_legacy\legacy_register.csv","LEG-045","PossibleCategory","","Concrete non-placeholder value","Open non-blocked field"
"MEDIUM","05_ops_legacy","C:\Projects\MindLab_Starter_Project\docs\planning\kids_certified\05_ops_legacy\legacy_register.csv","LEG-045","PossibleStage","","Concrete non-placeholder value","Open non-blocked field"
"MEDIUM","05_ops_legacy","C:\Projects\MindLab_Starter_Project\docs\planning\kids_certified\05_ops_legacy\legacy_register.csv","LEG-045","RewritePriority","","Concrete non-placeholder value","Open non-blocked field"
"MEDIUM","05_ops_legacy","C:\Projects\MindLab_Starter_Project\docs\planning\kids_certified\05_ops_legacy\legacy_register.csv","LEG-046","PossibleCategory","","Concrete non-placeholder value","Open non-blocked field"
"MEDIUM","05_ops_legacy","C:\Projects\MindLab_Starter_Project\docs\planning\kids_certified\05_ops_legacy\legacy_register.csv","LEG-046","PossibleStage","","Concrete non-placeholder value","Open non-blocked field"
"MEDIUM","05_ops_legacy","C:\Projects\MindLab_Starter_Project\docs\planning\kids_certified\05_ops_legacy\legacy_register.csv","LEG-046","RewritePriority","","Concrete non-placeholder value","Open non-blocked field"
"MEDIUM","05_ops_legacy","C:\Projects\MindLab_Starter_Project\docs\planning\kids_certified\05_ops_legacy\legacy_register.csv","LEG-047","PossibleCategory","","Concrete non-placeholder value","Open non-blocked field"
"MEDIUM","05_ops_legacy","C:\Projects\MindLab_Starter_Project\docs\planning\kids_certified\05_ops_legacy\legacy_register.csv","LEG-047","PossibleStage","","Concrete non-placeholder value","Open non-blocked field"
"MEDIUM","05_ops_legacy","C:\Projects\MindLab_Starter_Project\docs\planning\kids_certified\05_ops_legacy\legacy_register.csv","LEG-047","RewritePriority","","Concrete non-placeholder value","Open non-blocked field"
"MEDIUM","05_ops_legacy","C:\Projects\MindLab_Starter_Project\docs\planning\kids_certified\05_ops_legacy\legacy_register.csv","LEG-048","PossibleCategory","","Concrete non-placeholder value","Open non-blocked field"
"MEDIUM","05_ops_legacy","C:\Projects\MindLab_Starter_Project\docs\planning\kids_certified\05_ops_legacy\legacy_register.csv","LEG-048","PossibleStage","","Concrete non-placeholder value","Open non-blocked field"
"MEDIUM","05_ops_legacy","C:\Projects\MindLab_Starter_Project\docs\planning\kids_certified\05_ops_legacy\legacy_register.csv","LEG-048","RewritePriority","","Concrete non-placeholder value","Open non-blocked field"
"MEDIUM","05_ops_legacy","C:\Projects\MindLab_Starter_Project\docs\planning\kids_certified\05_ops_legacy\legacy_register.csv","LEG-049","PossibleCategory","","Concrete non-placeholder value","Open non-blocked field"
"MEDIUM","05_ops_legacy","C:\Projects\MindLab_Starter_Project\docs\planning\kids_certified\05_ops_legacy\legacy_register.csv","LEG-049","PossibleStage","","Concrete non-placeholder value","Open non-blocked field"
"MEDIUM","05_ops_legacy","C:\Projects\MindLab_Starter_Project\docs\planning\kids_certified\05_ops_legacy\legacy_register.csv","LEG-049","RewritePriority","","Concrete non-placeholder value","Open non-blocked field"
"MEDIUM","05_ops_legacy","C:\Projects\MindLab_Starter_Project\docs\planning\kids_certified\05_ops_legacy\legacy_register.csv","LEG-050","PossibleCategory","","Concrete non-placeholder value","Open non-blocked field"
"MEDIUM","05_ops_legacy","C:\Projects\MindLab_Starter_Project\docs\planning\kids_certified\05_ops_legacy\legacy_register.csv","LEG-050","PossibleStage","","Concrete non-placeholder value","Open non-blocked field"
"MEDIUM","05_ops_legacy","C:\Projects\MindLab_Starter_Project\docs\planning\kids_certified\05_ops_legacy\legacy_register.csv","LEG-050","RewritePriority","","Concrete non-placeholder value","Open non-blocked field"
"MEDIUM","05_ops_legacy","C:\Projects\MindLab_Starter_Project\docs\planning\kids_certified\05_ops_legacy\legacy_register.csv","LEG-051","PossibleCategory","","Concrete non-placeholder value","Open non-blocked field"
"MEDIUM","05_ops_legacy","C:\Projects\MindLab_Starter_Project\docs\planning\kids_certified\05_ops_legacy\legacy_register.csv","LEG-051","PossibleStage","","Concrete non-placeholder value","Open non-blocked field"
"MEDIUM","05_ops_legacy","C:\Projects\MindLab_Starter_Project\docs\planning\kids_certified\05_ops_legacy\legacy_register.csv","LEG-051","RewritePriority","","Concrete non-placeholder value","Open non-blocked field"
"MEDIUM","05_ops_legacy","C:\Projects\MindLab_Starter_Project\docs\planning\kids_certified\05_ops_legacy\legacy_register.csv","LEG-052","PossibleCategory","","Concrete non-placeholder value","Open non-blocked field"
"MEDIUM","05_ops_legacy","C:\Projects\MindLab_Starter_Project\docs\planning\kids_certified\05_ops_legacy\legacy_register.csv","LEG-052","PossibleStage","","Concrete non-placeholder value","Open non-blocked field"
"MEDIUM","05_ops_legacy","C:\Projects\MindLab_Starter_Project\docs\planning\kids_certified\05_ops_legacy\legacy_register.csv","LEG-052","RewritePriority","","Concrete non-placeholder value","Open non-blocked field"
"MEDIUM","05_ops_legacy","C:\Projects\MindLab_Starter_Project\docs\planning\kids_certified\05_ops_legacy\legacy_register.csv","LEG-053","PossibleCategory","","Concrete non-placeholder value","Open non-blocked field"
"MEDIUM","05_ops_legacy","C:\Projects\MindLab_Starter_Project\docs\planning\kids_certified\05_ops_legacy\legacy_register.csv","LEG-053","PossibleStage","","Concrete non-placeholder value","Open non-blocked field"
"MEDIUM","05_ops_legacy","C:\Projects\MindLab_Starter_Project\docs\planning\kids_certified\05_ops_legacy\legacy_register.csv","LEG-053","RewritePriority","","Concrete non-placeholder value","Open non-blocked field"
"MEDIUM","05_ops_legacy","C:\Projects\MindLab_Starter_Project\docs\planning\kids_certified\05_ops_legacy\legacy_register.csv","LEG-054","PossibleCategory","","Concrete non-placeholder value","Open non-blocked field"
"MEDIUM","05_ops_legacy","C:\Projects\MindLab_Starter_Project\docs\planning\kids_certified\05_ops_legacy\legacy_register.csv","LEG-054","PossibleStage","","Concrete non-placeholder value","Open non-blocked field"
"MEDIUM","05_ops_legacy","C:\Projects\MindLab_Starter_Project\docs\planning\kids_certified\05_ops_legacy\legacy_register.csv","LEG-054","RewritePriority","","Concrete non-placeholder value","Open non-blocked field"
"MEDIUM","05_ops_legacy","C:\Projects\MindLab_Starter_Project\docs\planning\kids_certified\05_ops_legacy\legacy_register.csv","LEG-055","PossibleCategory","","Concrete non-placeholder value","Open non-blocked field"
"MEDIUM","05_ops_legacy","C:\Projects\MindLab_Starter_Project\docs\planning\kids_certified\05_ops_legacy\legacy_register.csv","LEG-055","PossibleStage","","Concrete non-placeholder value","Open non-blocked field"
"MEDIUM","05_ops_legacy","C:\Projects\MindLab_Starter_Project\docs\planning\kids_certified\05_ops_legacy\legacy_register.csv","LEG-055","RewritePriority","","Concrete non-placeholder value","Open non-blocked field"
"MEDIUM","05_ops_legacy","C:\Projects\MindLab_Starter_Project\docs\planning\kids_certified\05_ops_legacy\legacy_register.csv","LEG-056","PossibleCategory","","Concrete non-placeholder value","Open non-blocked field"
"MEDIUM","05_ops_legacy","C:\Projects\MindLab_Starter_Project\docs\planning\kids_certified\05_ops_legacy\legacy_register.csv","LEG-056","PossibleStage","","Concrete non-placeholder value","Open non-blocked field"
"MEDIUM","05_ops_legacy","C:\Projects\MindLab_Starter_Project\docs\planning\kids_certified\05_ops_legacy\legacy_register.csv","LEG-056","RewritePriority","","Concrete non-placeholder value","Open non-blocked field"
"MEDIUM","05_ops_legacy","C:\Projects\MindLab_Starter_Project\docs\planning\kids_certified\05_ops_legacy\legacy_register.csv","LEG-057","PossibleCategory","","Concrete non-placeholder value","Open non-blocked field"
"MEDIUM","05_ops_legacy","C:\Projects\MindLab_Starter_Project\docs\planning\kids_certified\05_ops_legacy\legacy_register.csv","LEG-057","PossibleStage","","Concrete non-placeholder value","Open non-blocked field"
"MEDIUM","05_ops_legacy","C:\Projects\MindLab_Starter_Project\docs\planning\kids_certified\05_ops_legacy\legacy_register.csv","LEG-057","RewritePriority","","Concrete non-placeholder value","Open non-blocked field"
"MEDIUM","05_ops_legacy","C:\Projects\MindLab_Starter_Project\docs\planning\kids_certified\05_ops_legacy\legacy_register.csv","LEG-058","PossibleCategory","","Concrete non-placeholder value","Open non-blocked field"
"MEDIUM","05_ops_legacy","C:\Projects\MindLab_Starter_Project\docs\planning\kids_certified\05_ops_legacy\legacy_register.csv","LEG-058","PossibleStage","","Concrete non-placeholder value","Open non-blocked field"
"MEDIUM","05_ops_legacy","C:\Projects\MindLab_Starter_Project\docs\planning\kids_certified\05_ops_legacy\legacy_register.csv","LEG-058","RewritePriority","","Concrete non-placeholder value","Open non-blocked field"
"MEDIUM","05_ops_legacy","C:\Projects\MindLab_Starter_Project\docs\planning\kids_certified\05_ops_legacy\legacy_register.csv","LEG-059","PossibleCategory","","Concrete non-placeholder value","Open non-blocked field"
"MEDIUM","05_ops_legacy","C:\Projects\MindLab_Starter_Project\docs\planning\kids_certified\05_ops_legacy\legacy_register.csv","LEG-059","PossibleStage","","Concrete non-placeholder value","Open non-blocked field"
"MEDIUM","05_ops_legacy","C:\Projects\MindLab_Starter_Project\docs\planning\kids_certified\05_ops_legacy\legacy_register.csv","LEG-059","RewritePriority","","Concrete non-placeholder value","Open non-blocked field"
"MEDIUM","05_ops_legacy","C:\Projects\MindLab_Starter_Project\docs\planning\kids_certified\05_ops_legacy\legacy_register.csv","LEG-060","PossibleCategory","","Concrete non-placeholder value","Open non-blocked field"
"MEDIUM","05_ops_legacy","C:\Projects\MindLab_Starter_Project\docs\planning\kids_certified\05_ops_legacy\legacy_register.csv","LEG-060","PossibleStage","","Concrete non-placeholder value","Open non-blocked field"
"MEDIUM","05_ops_legacy","C:\Projects\MindLab_Starter_Project\docs\planning\kids_certified\05_ops_legacy\legacy_register.csv","LEG-060","RewritePriority","","Concrete non-placeholder value","Open non-blocked field"
"MEDIUM","05_ops_legacy","C:\Projects\MindLab_Starter_Project\docs\planning\kids_certified\05_ops_legacy\legacy_register.csv","LEG-061","PossibleCategory","","Concrete non-placeholder value","Open non-blocked field"
"MEDIUM","05_ops_legacy","C:\Projects\MindLab_Starter_Project\docs\planning\kids_certified\05_ops_legacy\legacy_register.csv","LEG-061","PossibleStage","","Concrete non-placeholder value","Open non-blocked field"
"MEDIUM","05_ops_legacy","C:\Projects\MindLab_Starter_Project\docs\planning\kids_certified\05_ops_legacy\legacy_register.csv","LEG-061","RewritePriority","","Concrete non-placeholder value","Open non-blocked field"
"MEDIUM","05_ops_legacy","C:\Projects\MindLab_Starter_Project\docs\planning\kids_certified\05_ops_legacy\legacy_register.csv","LEG-062","PossibleCategory","","Concrete non-placeholder value","Open non-blocked field"
"MEDIUM","05_ops_legacy","C:\Projects\MindLab_Starter_Project\docs\planning\kids_certified\05_ops_legacy\legacy_register.csv","LEG-062","PossibleStage","","Concrete non-placeholder value","Open non-blocked field"
"MEDIUM","05_ops_legacy","C:\Projects\MindLab_Starter_Project\docs\planning\kids_certified\05_ops_legacy\legacy_register.csv","LEG-062","RewritePriority","","Concrete non-placeholder value","Open non-blocked field"
"MEDIUM","05_ops_legacy","C:\Projects\MindLab_Starter_Project\docs\planning\kids_certified\05_ops_legacy\legacy_register.csv","LEG-063","PossibleCategory","","Concrete non-placeholder value","Open non-blocked field"
"MEDIUM","05_ops_legacy","C:\Projects\MindLab_Starter_Project\docs\planning\kids_certified\05_ops_legacy\legacy_register.csv","LEG-063","PossibleStage","","Concrete non-placeholder value","Open non-blocked field"
"MEDIUM","05_ops_legacy","C:\Projects\MindLab_Starter_Project\docs\planning\kids_certified\05_ops_legacy\legacy_register.csv","LEG-063","RewritePriority","","Concrete non-placeholder value","Open non-blocked field"
"MEDIUM","05_ops_legacy","C:\Projects\MindLab_Starter_Project\docs\planning\kids_certified\05_ops_legacy\legacy_register.csv","LEG-064","PossibleCategory","","Concrete non-placeholder value","Open non-blocked field"
"MEDIUM","05_ops_legacy","C:\Projects\MindLab_Starter_Project\docs\planning\kids_certified\05_ops_legacy\legacy_register.csv","LEG-064","PossibleStage","","Concrete non-placeholder value","Open non-blocked field"
"MEDIUM","05_ops_legacy","C:\Projects\MindLab_Starter_Project\docs\planning\kids_certified\05_ops_legacy\legacy_register.csv","LEG-064","RewritePriority","","Concrete non-placeholder value","Open non-blocked field"
"MEDIUM","05_ops_legacy","C:\Projects\MindLab_Starter_Project\docs\planning\kids_certified\05_ops_legacy\legacy_register.csv","LEG-065","PossibleCategory","","Concrete non-placeholder value","Open non-blocked field"
"MEDIUM","05_ops_legacy","C:\Projects\MindLab_Starter_Project\docs\planning\kids_certified\05_ops_legacy\legacy_register.csv","LEG-065","PossibleStage","","Concrete non-placeholder value","Open non-blocked field"
"MEDIUM","05_ops_legacy","C:\Projects\MindLab_Starter_Project\docs\planning\kids_certified\05_ops_legacy\legacy_register.csv","LEG-065","RewritePriority","","Concrete non-placeholder value","Open non-blocked field"
"MEDIUM","05_ops_legacy","C:\Projects\MindLab_Starter_Project\docs\planning\kids_certified\05_ops_legacy\legacy_register.csv","LEG-066","PossibleCategory","","Concrete non-placeholder value","Open non-blocked field"
"MEDIUM","05_ops_legacy","C:\Projects\MindLab_Starter_Project\docs\planning\kids_certified\05_ops_legacy\legacy_register.csv","LEG-066","PossibleStage","","Concrete non-placeholder value","Open non-blocked field"
"MEDIUM","05_ops_legacy","C:\Projects\MindLab_Starter_Project\docs\planning\kids_certified\05_ops_legacy\legacy_register.csv","LEG-066","RewritePriority","","Concrete non-placeholder value","Open non-blocked field"
"MEDIUM","05_ops_legacy","C:\Projects\MindLab_Starter_Project\docs\planning\kids_certified\05_ops_legacy\legacy_register.csv","LEG-067","PossibleCategory","","Concrete non-placeholder value","Open non-blocked field"
"MEDIUM","05_ops_legacy","C:\Projects\MindLab_Starter_Project\docs\planning\kids_certified\05_ops_legacy\legacy_register.csv","LEG-067","PossibleStage","","Concrete non-placeholder value","Open non-blocked field"
"MEDIUM","05_ops_legacy","C:\Projects\MindLab_Starter_Project\docs\planning\kids_certified\05_ops_legacy\legacy_register.csv","LEG-067","RewritePriority","","Concrete non-placeholder value","Open non-blocked field"
"MEDIUM","05_ops_legacy","C:\Projects\MindLab_Starter_Project\docs\planning\kids_certified\05_ops_legacy\legacy_register.csv","LEG-068","PossibleCategory","","Concrete non-placeholder value","Open non-blocked field"
"MEDIUM","05_ops_legacy","C:\Projects\MindLab_Starter_Project\docs\planning\kids_certified\05_ops_legacy\legacy_register.csv","LEG-068","PossibleStage","","Concrete non-placeholder value","Open non-blocked field"
"MEDIUM","05_ops_legacy","C:\Projects\MindLab_Starter_Project\docs\planning\kids_certified\05_ops_legacy\legacy_register.csv","LEG-068","RewritePriority","","Concrete non-placeholder value","Open non-blocked field"
"MEDIUM","05_ops_legacy","C:\Projects\MindLab_Starter_Project\docs\planning\kids_certified\05_ops_legacy\legacy_register.csv","LEG-069","PossibleStage","","Concrete non-placeholder value","Open non-blocked field"
"MEDIUM","05_ops_legacy","C:\Projects\MindLab_Starter_Project\docs\planning\kids_certified\05_ops_legacy\legacy_register.csv","LEG-069","RewritePriority","","Concrete non-placeholder value","Open non-blocked field"
"MEDIUM","05_ops_legacy","C:\Projects\MindLab_Starter_Project\docs\planning\kids_certified\05_ops_legacy\legacy_register.csv","LEG-070","PossibleStage","","Concrete non-placeholder value","Open non-blocked field"
"MEDIUM","05_ops_legacy","C:\Projects\MindLab_Starter_Project\docs\planning\kids_certified\05_ops_legacy\legacy_register.csv","LEG-070","RewritePriority","","Concrete non-placeholder value","Open non-blocked field"
"MEDIUM","05_ops_legacy","C:\Projects\MindLab_Starter_Project\docs\planning\kids_certified\05_ops_legacy\legacy_register.csv","LEG-071","PossibleCategory","","Concrete non-placeholder value","Open non-blocked field"
"MEDIUM","05_ops_legacy","C:\Projects\MindLab_Starter_Project\docs\planning\kids_certified\05_ops_legacy\legacy_register.csv","LEG-071","PossibleStage","","Concrete non-placeholder value","Open non-blocked field"
"MEDIUM","05_ops_legacy","C:\Projects\MindLab_Starter_Project\docs\planning\kids_certified\05_ops_legacy\legacy_register.csv","LEG-071","RewritePriority","","Concrete non-placeholder value","Open non-blocked field"
"MEDIUM","05_ops_legacy","C:\Projects\MindLab_Starter_Project\docs\planning\kids_certified\05_ops_legacy\legacy_register.csv","LEG-072","PossibleCategory","","Concrete non-placeholder value","Open non-blocked field"
"MEDIUM","05_ops_legacy","C:\Projects\MindLab_Starter_Project\docs\planning\kids_certified\05_ops_legacy\legacy_register.csv","LEG-072","PossibleStage","","Concrete non-placeholder value","Open non-blocked field"
"MEDIUM","05_ops_legacy","C:\Projects\MindLab_Starter_Project\docs\planning\kids_certified\05_ops_legacy\legacy_register.csv","LEG-072","RewritePriority","","Concrete non-placeholder value","Open non-blocked field"
"MEDIUM","05_ops_legacy","C:\Projects\MindLab_Starter_Project\docs\planning\kids_certified\05_ops_legacy\legacy_register.csv","LEG-073","PossibleCategory","","Concrete non-placeholder value","Open non-blocked field"
"MEDIUM","05_ops_legacy","C:\Projects\MindLab_Starter_Project\docs\planning\kids_certified\05_ops_legacy\legacy_register.csv","LEG-073","PossibleStage","","Concrete non-placeholder value","Open non-blocked field"
"MEDIUM","05_ops_legacy","C:\Projects\MindLab_Starter_Project\docs\planning\kids_certified\05_ops_legacy\legacy_register.csv","LEG-073","RewritePriority","","Concrete non-placeholder value","Open non-blocked field"
"MEDIUM","05_ops_legacy","C:\Projects\MindLab_Starter_Project\docs\planning\kids_certified\05_ops_legacy\legacy_register.csv","LEG-074","PossibleCategory","","Concrete non-placeholder value","Open non-blocked field"
"MEDIUM","05_ops_legacy","C:\Projects\MindLab_Starter_Project\docs\planning\kids_certified\05_ops_legacy\legacy_register.csv","LEG-074","PossibleStage","","Concrete non-placeholder value","Open non-blocked field"
"MEDIUM","05_ops_legacy","C:\Projects\MindLab_Starter_Project\docs\planning\kids_certified\05_ops_legacy\legacy_register.csv","LEG-074","RewritePriority","","Concrete non-placeholder value","Open non-blocked field"
"MEDIUM","05_ops_legacy","C:\Projects\MindLab_Starter_Project\docs\planning\kids_certified\05_ops_legacy\legacy_register.csv","LEG-075","PossibleCategory","","Concrete non-placeholder value","Open non-blocked field"
"MEDIUM","05_ops_legacy","C:\Projects\MindLab_Starter_Project\docs\planning\kids_certified\05_ops_legacy\legacy_register.csv","LEG-075","PossibleStage","","Concrete non-placeholder value","Open non-blocked field"
"MEDIUM","05_ops_legacy","C:\Projects\MindLab_Starter_Project\docs\planning\kids_certified\05_ops_legacy\legacy_register.csv","LEG-075","RewritePriority","","Concrete non-placeholder value","Open non-blocked field"
"MEDIUM","05_ops_legacy","C:\Projects\MindLab_Starter_Project\docs\planning\kids_certified\05_ops_legacy\legacy_register.csv","LEG-076","PossibleCategory","","Concrete non-placeholder value","Open non-blocked field"
"MEDIUM","05_ops_legacy","C:\Projects\MindLab_Starter_Project\docs\planning\kids_certified\05_ops_legacy\legacy_register.csv","LEG-076","PossibleStage","","Concrete non-placeholder value","Open non-blocked field"
"MEDIUM","05_ops_legacy","C:\Projects\MindLab_Starter_Project\docs\planning\kids_certified\05_ops_legacy\legacy_register.csv","LEG-076","RewritePriority","","Concrete non-placeholder value","Open non-blocked field"
"MEDIUM","05_ops_legacy","C:\Projects\MindLab_Starter_Project\docs\planning\kids_certified\05_ops_legacy\legacy_register.csv","LEG-077","PossibleCategory","","Concrete non-placeholder value","Open non-blocked field"
"MEDIUM","05_ops_legacy","C:\Projects\MindLab_Starter_Project\docs\planning\kids_certified\05_ops_legacy\legacy_register.csv","LEG-077","PossibleStage","","Concrete non-placeholder value","Open non-blocked field"
"MEDIUM","05_ops_legacy","C:\Projects\MindLab_Starter_Project\docs\planning\kids_certified\05_ops_legacy\legacy_register.csv","LEG-077","RewritePriority","","Concrete non-placeholder value","Open non-blocked field"
"MEDIUM","05_ops_legacy","C:\Projects\MindLab_Starter_Project\docs\planning\kids_certified\05_ops_legacy\legacy_register.csv","LEG-078","PossibleCategory","","Concrete non-placeholder value","Open non-blocked field"
"MEDIUM","05_ops_legacy","C:\Projects\MindLab_Starter_Project\docs\planning\kids_certified\05_ops_legacy\legacy_register.csv","LEG-078","PossibleStage","","Concrete non-placeholder value","Open non-blocked field"
"MEDIUM","05_ops_legacy","C:\Projects\MindLab_Starter_Project\docs\planning\kids_certified\05_ops_legacy\legacy_register.csv","LEG-078","RewritePriority","","Concrete non-placeholder value","Open non-blocked field"
"MEDIUM","05_ops_legacy","C:\Projects\MindLab_Starter_Project\docs\planning\kids_certified\05_ops_legacy\legacy_register.csv","LEG-079","PossibleCategory","","Concrete non-placeholder value","Open non-blocked field"
"MEDIUM","05_ops_legacy","C:\Projects\MindLab_Starter_Project\docs\planning\kids_certified\05_ops_legacy\legacy_register.csv","LEG-079","PossibleStage","","Concrete non-placeholder value","Open non-blocked field"
"MEDIUM","05_ops_legacy","C:\Projects\MindLab_Starter_Project\docs\planning\kids_certified\05_ops_legacy\legacy_register.csv","LEG-079","RewritePriority","","Concrete non-placeholder value","Open non-blocked field"
"MEDIUM","05_ops_legacy","C:\Projects\MindLab_Starter_Project\docs\planning\kids_certified\05_ops_legacy\legacy_register.csv","LEG-080","PossibleCategory","","Concrete non-placeholder value","Open non-blocked field"
"MEDIUM","05_ops_legacy","C:\Projects\MindLab_Starter_Project\docs\planning\kids_certified\05_ops_legacy\legacy_register.csv","LEG-080","PossibleStage","","Concrete non-placeholder value","Open non-blocked field"
"MEDIUM","05_ops_legacy","C:\Projects\MindLab_Starter_Project\docs\planning\kids_certified\05_ops_legacy\legacy_register.csv","LEG-080","RewritePriority","","Concrete non-placeholder value","Open non-blocked field"
"MEDIUM","05_ops_legacy","C:\Projects\MindLab_Starter_Project\docs\planning\kids_certified\05_ops_legacy\legacy_register.csv","LEG-081","PossibleCategory","","Concrete non-placeholder value","Open non-blocked field"
"MEDIUM","05_ops_legacy","C:\Projects\MindLab_Starter_Project\docs\planning\kids_certified\05_ops_legacy\legacy_register.csv","LEG-081","PossibleStage","","Concrete non-placeholder value","Open non-blocked field"
"MEDIUM","05_ops_legacy","C:\Projects\MindLab_Starter_Project\docs\planning\kids_certified\05_ops_legacy\legacy_register.csv","LEG-081","RewritePriority","","Concrete non-placeholder value","Open non-blocked field"
"MEDIUM","05_ops_legacy","C:\Projects\MindLab_Starter_Project\docs\planning\kids_certified\05_ops_legacy\legacy_register.csv","LEG-082","PossibleCategory","","Concrete non-placeholder value","Open non-blocked field"
"MEDIUM","05_ops_legacy","C:\Projects\MindLab_Starter_Project\docs\planning\kids_certified\05_ops_legacy\legacy_register.csv","LEG-082","PossibleStage","","Concrete non-placeholder value","Open non-blocked field"
"MEDIUM","05_ops_legacy","C:\Projects\MindLab_Starter_Project\docs\planning\kids_certified\05_ops_legacy\legacy_register.csv","LEG-082","RewritePriority","","Concrete non-placeholder value","Open non-blocked field"
"MEDIUM","05_ops_legacy","C:\Projects\MindLab_Starter_Project\docs\planning\kids_certified\05_ops_legacy\legacy_register.csv","LEG-083","PossibleCategory","","Concrete non-placeholder value","Open non-blocked field"
"MEDIUM","05_ops_legacy","C:\Projects\MindLab_Starter_Project\docs\planning\kids_certified\05_ops_legacy\legacy_register.csv","LEG-083","PossibleStage","","Concrete non-placeholder value","Open non-blocked field"
"MEDIUM","05_ops_legacy","C:\Projects\MindLab_Starter_Project\docs\planning\kids_certified\05_ops_legacy\legacy_register.csv","LEG-083","RewritePriority","","Concrete non-placeholder value","Open non-blocked field"
"MEDIUM","05_ops_legacy","C:\Projects\MindLab_Starter_Project\docs\planning\kids_certified\05_ops_legacy\legacy_register.csv","LEG-084","PossibleCategory","","Concrete non-placeholder value","Open non-blocked field"
"MEDIUM","05_ops_legacy","C:\Projects\MindLab_Starter_Project\docs\planning\kids_certified\05_ops_legacy\legacy_register.csv","LEG-084","PossibleStage","","Concrete non-placeholder value","Open non-blocked field"
"MEDIUM","05_ops_legacy","C:\Projects\MindLab_Starter_Project\docs\planning\kids_certified\05_ops_legacy\legacy_register.csv","LEG-084","RewritePriority","","Concrete non-placeholder value","Open non-blocked field"
"MEDIUM","05_ops_legacy","C:\Projects\MindLab_Starter_Project\docs\planning\kids_certified\05_ops_legacy\legacy_register.csv","LEG-085","PossibleCategory","","Concrete non-placeholder value","Open non-blocked field"
"MEDIUM","05_ops_legacy","C:\Projects\MindLab_Starter_Project\docs\planning\kids_certified\05_ops_legacy\legacy_register.csv","LEG-085","PossibleStage","","Concrete non-placeholder value","Open non-blocked field"
"MEDIUM","05_ops_legacy","C:\Projects\MindLab_Starter_Project\docs\planning\kids_certified\05_ops_legacy\legacy_register.csv","LEG-085","RewritePriority","","Concrete non-placeholder value","Open non-blocked field"
"MEDIUM","05_ops_legacy","C:\Projects\MindLab_Starter_Project\docs\planning\kids_certified\05_ops_legacy\legacy_register.csv","LEG-086","PossibleCategory","","Concrete non-placeholder value","Open non-blocked field"
"MEDIUM","05_ops_legacy","C:\Projects\MindLab_Starter_Project\docs\planning\kids_certified\05_ops_legacy\legacy_register.csv","LEG-086","PossibleStage","","Concrete non-placeholder value","Open non-blocked field"
"MEDIUM","05_ops_legacy","C:\Projects\MindLab_Starter_Project\docs\planning\kids_certified\05_ops_legacy\legacy_register.csv","LEG-086","RewritePriority","","Concrete non-placeholder value","Open non-blocked field"
"MEDIUM","05_ops_legacy","C:\Projects\MindLab_Starter_Project\docs\planning\kids_certified\05_ops_legacy\legacy_register.csv","LEG-087","PossibleCategory","","Concrete non-placeholder value","Open non-blocked field"
"MEDIUM","05_ops_legacy","C:\Projects\MindLab_Starter_Project\docs\planning\kids_certified\05_ops_legacy\legacy_register.csv","LEG-087","PossibleStage","","Concrete non-placeholder value","Open non-blocked field"
"MEDIUM","05_ops_legacy","C:\Projects\MindLab_Starter_Project\docs\planning\kids_certified\05_ops_legacy\legacy_register.csv","LEG-087","RewritePriority","","Concrete non-placeholder value","Open non-blocked field"
"MEDIUM","05_ops_legacy","C:\Projects\MindLab_Starter_Project\docs\planning\kids_certified\05_ops_legacy\legacy_register.csv","LEG-088","PossibleCategory","","Concrete non-placeholder value","Open non-blocked field"
"MEDIUM","05_ops_legacy","C:\Projects\MindLab_Starter_Project\docs\planning\kids_certified\05_ops_legacy\legacy_register.csv","LEG-088","PossibleStage","","Concrete non-placeholder value","Open non-blocked field"
"MEDIUM","05_ops_legacy","C:\Projects\MindLab_Starter_Project\docs\planning\kids_certified\05_ops_legacy\legacy_register.csv","LEG-088","RewritePriority","","Concrete non-placeholder value","Open non-blocked field"
"MEDIUM","05_ops_legacy","C:\Projects\MindLab_Starter_Project\docs\planning\kids_certified\05_ops_legacy\legacy_register.csv","LEG-089","PossibleCategory","","Concrete non-placeholder value","Open non-blocked field"
"MEDIUM","05_ops_legacy","C:\Projects\MindLab_Starter_Project\docs\planning\kids_certified\05_ops_legacy\legacy_register.csv","LEG-089","PossibleStage","","Concrete non-placeholder value","Open non-blocked field"
"MEDIUM","05_ops_legacy","C:\Projects\MindLab_Starter_Project\docs\planning\kids_certified\05_ops_legacy\legacy_register.csv","LEG-089","RewritePriority","","Concrete non-placeholder value","Open non-blocked field"
"MEDIUM","05_ops_legacy","C:\Projects\MindLab_Starter_Project\docs\planning\kids_certified\05_ops_legacy\legacy_register.csv","LEG-090","PossibleCategory","","Concrete non-placeholder value","Open non-blocked field"
"MEDIUM","05_ops_legacy","C:\Projects\MindLab_Starter_Project\docs\planning\kids_certified\05_ops_legacy\legacy_register.csv","LEG-090","PossibleStage","","Concrete non-placeholder value","Open non-blocked field"
"MEDIUM","05_ops_legacy","C:\Projects\MindLab_Starter_Project\docs\planning\kids_certified\05_ops_legacy\legacy_register.csv","LEG-090","RewritePriority","","Concrete non-placeholder value","Open non-blocked field"
"MEDIUM","05_ops_legacy","C:\Projects\MindLab_Starter_Project\docs\planning\kids_certified\05_ops_legacy\legacy_register.csv","LEG-091","PossibleStage","","Concrete non-placeholder value","Open non-blocked field"
"MEDIUM","05_ops_legacy","C:\Projects\MindLab_Starter_Project\docs\planning\kids_certified\05_ops_legacy\legacy_register.csv","LEG-091","RewritePriority","","Concrete non-placeholder value","Open non-blocked field"
"MEDIUM","05_ops_legacy","C:\Projects\MindLab_Starter_Project\docs\planning\kids_certified\05_ops_legacy\legacy_register.csv","LEG-092","PossibleStage","","Concrete non-placeholder value","Open non-blocked field"
"MEDIUM","05_ops_legacy","C:\Projects\MindLab_Starter_Project\docs\planning\kids_certified\05_ops_legacy\legacy_register.csv","LEG-092","RewritePriority","","Concrete non-placeholder value","Open non-blocked field"
"MEDIUM","05_ops_legacy","C:\Projects\MindLab_Starter_Project\docs\planning\kids_certified\05_ops_legacy\legacy_register.csv","LEG-093","PossibleStage","","Concrete non-placeholder value","Open non-blocked field"
"MEDIUM","05_ops_legacy","C:\Projects\MindLab_Starter_Project\docs\planning\kids_certified\05_ops_legacy\legacy_register.csv","LEG-093","RewritePriority","","Concrete non-placeholder value","Open non-blocked field"
"MEDIUM","05_ops_legacy","C:\Projects\MindLab_Starter_Project\docs\planning\kids_certified\05_ops_legacy\legacy_register.csv","LEG-094","PossibleStage","","Concrete non-placeholder value","Open non-blocked field"
"MEDIUM","05_ops_legacy","C:\Projects\MindLab_Starter_Project\docs\planning\kids_certified\05_ops_legacy\legacy_register.csv","LEG-094","RewritePriority","","Concrete non-placeholder value","Open non-blocked field"
"MEDIUM","05_ops_legacy","C:\Projects\MindLab_Starter_Project\docs\planning\kids_certified\05_ops_legacy\legacy_register.csv","LEG-095","PossibleStage","","Concrete non-placeholder value","Open non-blocked field"
"MEDIUM","05_ops_legacy","C:\Projects\MindLab_Starter_Project\docs\planning\kids_certified\05_ops_legacy\legacy_register.csv","LEG-095","RewritePriority","","Concrete non-placeholder value","Open non-blocked field"
"MEDIUM","05_ops_legacy","C:\Projects\MindLab_Starter_Project\docs\planning\kids_certified\05_ops_legacy\legacy_register.csv","LEG-096","PossibleStage","","Concrete non-placeholder value","Open non-blocked field"
"MEDIUM","05_ops_legacy","C:\Projects\MindLab_Starter_Project\docs\planning\kids_certified\05_ops_legacy\legacy_register.csv","LEG-096","RewritePriority","","Concrete non-placeholder value","Open non-blocked field"
"MEDIUM","05_ops_legacy","C:\Projects\MindLab_Starter_Project\docs\planning\kids_certified\05_ops_legacy\legacy_register.csv","LEG-097","PossibleStage","","Concrete non-placeholder value","Open non-blocked field"
"MEDIUM","05_ops_legacy","C:\Projects\MindLab_Starter_Project\docs\planning\kids_certified\05_ops_legacy\legacy_register.csv","LEG-097","RewritePriority","","Concrete non-placeholder value","Open non-blocked field"
"MEDIUM","05_ops_legacy","C:\Projects\MindLab_Starter_Project\docs\planning\kids_certified\05_ops_legacy\legacy_register.csv","LEG-098","PossibleStage","","Concrete non-placeholder value","Open non-blocked field"
"MEDIUM","05_ops_legacy","C:\Projects\MindLab_Starter_Project\docs\planning\kids_certified\05_ops_legacy\legacy_register.csv","LEG-098","RewritePriority","","Concrete non-placeholder value","Open non-blocked field"
"MEDIUM","05_ops_legacy","C:\Projects\MindLab_Starter_Project\docs\planning\kids_certified\05_ops_legacy\legacy_register.csv","LEG-099","PossibleCategory","","Concrete non-placeholder value","Open non-blocked field"
"MEDIUM","05_ops_legacy","C:\Projects\MindLab_Starter_Project\docs\planning\kids_certified\05_ops_legacy\legacy_register.csv","LEG-099","PossibleStage","","Concrete non-placeholder value","Open non-blocked field"
"MEDIUM","05_ops_legacy","C:\Projects\MindLab_Starter_Project\docs\planning\kids_certified\05_ops_legacy\legacy_register.csv","LEG-099","RewritePriority","","Concrete non-placeholder value","Open non-blocked field"
"MEDIUM","05_ops_legacy","C:\Projects\MindLab_Starter_Project\docs\planning\kids_certified\05_ops_legacy\legacy_register.csv","LEG-100","PossibleCategory","","Concrete non-placeholder value","Open non-blocked field"
"MEDIUM","05_ops_legacy","C:\Projects\MindLab_Starter_Project\docs\planning\kids_certified\05_ops_legacy\legacy_register.csv","LEG-100","PossibleStage","","Concrete non-placeholder value","Open non-blocked field"
"MEDIUM","05_ops_legacy","C:\Projects\MindLab_Starter_Project\docs\planning\kids_certified\05_ops_legacy\legacy_register.csv","LEG-100","RewritePriority","","Concrete non-placeholder value","Open non-blocked field"
"MEDIUM","05_ops_legacy","C:\Projects\MindLab_Starter_Project\docs\planning\kids_certified\05_ops_legacy\legacy_register.csv","LEG-101","PossibleCategory","","Concrete non-placeholder value","Open non-blocked field"
"MEDIUM","05_ops_legacy","C:\Projects\MindLab_Starter_Project\docs\planning\kids_certified\05_ops_legacy\legacy_register.csv","LEG-101","PossibleStage","","Concrete non-placeholder value","Open non-blocked field"
"MEDIUM","05_ops_legacy","C:\Projects\MindLab_Starter_Project\docs\planning\kids_certified\05_ops_legacy\legacy_register.csv","LEG-101","RewritePriority","","Concrete non-placeholder value","Open non-blocked field"
"MEDIUM","05_ops_legacy","C:\Projects\MindLab_Starter_Project\docs\planning\kids_certified\05_ops_legacy\legacy_register.csv","LEG-102","PossibleCategory","","Concrete non-placeholder value","Open non-blocked field"
"MEDIUM","05_ops_legacy","C:\Projects\MindLab_Starter_Project\docs\planning\kids_certified\05_ops_legacy\legacy_register.csv","LEG-102","PossibleStage","","Concrete non-placeholder value","Open non-blocked field"
"MEDIUM","05_ops_legacy","C:\Projects\MindLab_Starter_Project\docs\planning\kids_certified\05_ops_legacy\legacy_register.csv","LEG-102","RewritePriority","","Concrete non-placeholder value","Open non-blocked field"
"MEDIUM","05_ops_legacy","C:\Projects\MindLab_Starter_Project\docs\planning\kids_certified\05_ops_legacy\legacy_register.csv","LEG-103","PossibleCategory","","Concrete non-placeholder value","Open non-blocked field"
"MEDIUM","05_ops_legacy","C:\Projects\MindLab_Starter_Project\docs\planning\kids_certified\05_ops_legacy\legacy_register.csv","LEG-103","PossibleStage","","Concrete non-placeholder value","Open non-blocked field"
"MEDIUM","05_ops_legacy","C:\Projects\MindLab_Starter_Project\docs\planning\kids_certified\05_ops_legacy\legacy_register.csv","LEG-103","RewritePriority","","Concrete non-placeholder value","Open non-blocked field"
"MEDIUM","05_ops_legacy","C:\Projects\MindLab_Starter_Project\docs\planning\kids_certified\05_ops_legacy\legacy_register.csv","LEG-104","PossibleCategory","","Concrete non-placeholder value","Open non-blocked field"
"MEDIUM","05_ops_legacy","C:\Projects\MindLab_Starter_Project\docs\planning\kids_certified\05_ops_legacy\legacy_register.csv","LEG-104","PossibleStage","","Concrete non-placeholder value","Open non-blocked field"
"MEDIUM","05_ops_legacy","C:\Projects\MindLab_Starter_Project\docs\planning\kids_certified\05_ops_legacy\legacy_register.csv","LEG-104","RewritePriority","","Concrete non-placeholder value","Open non-blocked field"
"MEDIUM","05_ops_legacy","C:\Projects\MindLab_Starter_Project\docs\planning\kids_certified\05_ops_legacy\legacy_register.csv","LEG-105","PossibleCategory","","Concrete non-placeholder value","Open non-blocked field"
"MEDIUM","05_ops_legacy","C:\Projects\MindLab_Starter_Project\docs\planning\kids_certified\05_ops_legacy\legacy_register.csv","LEG-105","PossibleStage","","Concrete non-placeholder value","Open non-blocked field"
"MEDIUM","05_ops_legacy","C:\Projects\MindLab_Starter_Project\docs\planning\kids_certified\05_ops_legacy\legacy_register.csv","LEG-105","RewritePriority","","Concrete non-placeholder value","Open non-blocked field"
"MEDIUM","05_ops_legacy","C:\Projects\MindLab_Starter_Project\docs\planning\kids_certified\05_ops_legacy\legacy_register.csv","LEG-106","PossibleCategory","","Concrete non-placeholder value","Open non-blocked field"
"MEDIUM","05_ops_legacy","C:\Projects\MindLab_Starter_Project\docs\planning\kids_certified\05_ops_legacy\legacy_register.csv","LEG-106","PossibleStage","","Concrete non-placeholder value","Open non-blocked field"
"MEDIUM","05_ops_legacy","C:\Projects\MindLab_Starter_Project\docs\planning\kids_certified\05_ops_legacy\legacy_register.csv","LEG-106","RewritePriority","","Concrete non-placeholder value","Open non-blocked field"
"MEDIUM","05_ops_legacy","C:\Projects\MindLab_Starter_Project\docs\planning\kids_certified\05_ops_legacy\legacy_register.csv","LEG-107","PossibleCategory","","Concrete non-placeholder value","Open non-blocked field"
"MEDIUM","05_ops_legacy","C:\Projects\MindLab_Starter_Project\docs\planning\kids_certified\05_ops_legacy\legacy_register.csv","LEG-107","PossibleStage","","Concrete non-placeholder value","Open non-blocked field"
"MEDIUM","05_ops_legacy","C:\Projects\MindLab_Starter_Project\docs\planning\kids_certified\05_ops_legacy\legacy_register.csv","LEG-107","RewritePriority","","Concrete non-placeholder value","Open non-blocked field"
"MEDIUM","05_ops_legacy","C:\Projects\MindLab_Starter_Project\docs\planning\kids_certified\05_ops_legacy\legacy_register.csv","LEG-108","PossibleCategory","","Concrete non-placeholder value","Open non-blocked field"
"MEDIUM","05_ops_legacy","C:\Projects\MindLab_Starter_Project\docs\planning\kids_certified\05_ops_legacy\legacy_register.csv","LEG-108","PossibleStage","","Concrete non-placeholder value","Open non-blocked field"
"MEDIUM","05_ops_legacy","C:\Projects\MindLab_Starter_Project\docs\planning\kids_certified\05_ops_legacy\legacy_register.csv","LEG-108","RewritePriority","","Concrete non-placeholder value","Open non-blocked field"
"MEDIUM","05_ops_legacy","C:\Projects\MindLab_Starter_Project\docs\planning\kids_certified\05_ops_legacy\legacy_register.csv","LEG-109","PossibleCategory","","Concrete non-placeholder value","Open non-blocked field"
"MEDIUM","05_ops_legacy","C:\Projects\MindLab_Starter_Project\docs\planning\kids_certified\05_ops_legacy\legacy_register.csv","LEG-109","PossibleStage","","Concrete non-placeholder value","Open non-blocked field"
"MEDIUM","05_ops_legacy","C:\Projects\MindLab_Starter_Project\docs\planning\kids_certified\05_ops_legacy\legacy_register.csv","LEG-109","RewritePriority","","Concrete non-placeholder value","Open non-blocked field"
"MEDIUM","05_ops_legacy","C:\Projects\MindLab_Starter_Project\docs\planning\kids_certified\05_ops_legacy\legacy_register.csv","LEG-110","PossibleCategory","","Concrete non-placeholder value","Open non-blocked field"
"MEDIUM","05_ops_legacy","C:\Projects\MindLab_Starter_Project\docs\planning\kids_certified\05_ops_legacy\legacy_register.csv","LEG-110","PossibleStage","","Concrete non-placeholder value","Open non-blocked field"
"MEDIUM","05_ops_legacy","C:\Projects\MindLab_Starter_Project\docs\planning\kids_certified\05_ops_legacy\legacy_register.csv","LEG-110","RewritePriority","","Concrete non-placeholder value","Open non-blocked field"
"MEDIUM","05_ops_legacy","C:\Projects\MindLab_Starter_Project\docs\planning\kids_certified\05_ops_legacy\legacy_register.csv","LEG-111","PossibleCategory","","Concrete non-placeholder value","Open non-blocked field"
"MEDIUM","05_ops_legacy","C:\Projects\MindLab_Starter_Project\docs\planning\kids_certified\05_ops_legacy\legacy_register.csv","LEG-111","PossibleStage","","Concrete non-placeholder value","Open non-blocked field"
"MEDIUM","05_ops_legacy","C:\Projects\MindLab_Starter_Project\docs\planning\kids_certified\05_ops_legacy\legacy_register.csv","LEG-111","RewritePriority","","Concrete non-placeholder value","Open non-blocked field"
"MEDIUM","05_ops_legacy","C:\Projects\MindLab_Starter_Project\docs\planning\kids_certified\05_ops_legacy\legacy_register.csv","LEG-112","PossibleCategory","","Concrete non-placeholder value","Open non-blocked field"
"MEDIUM","05_ops_legacy","C:\Projects\MindLab_Starter_Project\docs\planning\kids_certified\05_ops_legacy\legacy_register.csv","LEG-112","PossibleStage","","Concrete non-placeholder value","Open non-blocked field"
"MEDIUM","05_ops_legacy","C:\Projects\MindLab_Starter_Project\docs\planning\kids_certified\05_ops_legacy\legacy_register.csv","LEG-112","RewritePriority","","Concrete non-placeholder value","Open non-blocked field"
"MEDIUM","05_ops_legacy","C:\Projects\MindLab_Starter_Project\docs\planning\kids_certified\05_ops_legacy\legacy_register.csv","LEG-113","PossibleCategory","","Concrete non-placeholder value","Open non-blocked field"
"MEDIUM","05_ops_legacy","C:\Projects\MindLab_Starter_Project\docs\planning\kids_certified\05_ops_legacy\legacy_register.csv","LEG-113","PossibleStage","","Concrete non-placeholder value","Open non-blocked field"
"MEDIUM","05_ops_legacy","C:\Projects\MindLab_Starter_Project\docs\planning\kids_certified\05_ops_legacy\legacy_register.csv","LEG-113","RewritePriority","","Concrete non-placeholder value","Open non-blocked field"
"MEDIUM","05_ops_legacy","C:\Projects\MindLab_Starter_Project\docs\planning\kids_certified\05_ops_legacy\legacy_register.csv","LEG-114","PossibleCategory","","Concrete non-placeholder value","Open non-blocked field"
"MEDIUM","05_ops_legacy","C:\Projects\MindLab_Starter_Project\docs\planning\kids_certified\05_ops_legacy\legacy_register.csv","LEG-114","PossibleStage","","Concrete non-placeholder value","Open non-blocked field"
"MEDIUM","05_ops_legacy","C:\Projects\MindLab_Starter_Project\docs\planning\kids_certified\05_ops_legacy\legacy_register.csv","LEG-114","RewritePriority","","Concrete non-placeholder value","Open non-blocked field"
"MEDIUM","05_ops_legacy","C:\Projects\MindLab_Starter_Project\docs\planning\kids_certified\05_ops_legacy\legacy_register.csv","LEG-115","PossibleCategory","","Concrete non-placeholder value","Open non-blocked field"
"MEDIUM","05_ops_legacy","C:\Projects\MindLab_Starter_Project\docs\planning\kids_certified\05_ops_legacy\legacy_register.csv","LEG-115","PossibleStage","","Concrete non-placeholder value","Open non-blocked field"
"MEDIUM","05_ops_legacy","C:\Projects\MindLab_Starter_Project\docs\planning\kids_certified\05_ops_legacy\legacy_register.csv","LEG-115","RewritePriority","","Concrete non-placeholder value","Open non-blocked field"
"MEDIUM","05_ops_legacy","C:\Projects\MindLab_Starter_Project\docs\planning\kids_certified\05_ops_legacy\legacy_register.csv","LEG-116","PossibleCategory","","Concrete non-placeholder value","Open non-blocked field"
"MEDIUM","05_ops_legacy","C:\Projects\MindLab_Starter_Project\docs\planning\kids_certified\05_ops_legacy\legacy_register.csv","LEG-116","PossibleStage","","Concrete non-placeholder value","Open non-blocked field"
"MEDIUM","05_ops_legacy","C:\Projects\MindLab_Starter_Project\docs\planning\kids_certified\05_ops_legacy\legacy_register.csv","LEG-116","RewritePriority","","Concrete non-placeholder value","Open non-blocked field"
"MEDIUM","05_ops_legacy","C:\Projects\MindLab_Starter_Project\docs\planning\kids_certified\05_ops_legacy\legacy_register.csv","LEG-117","PossibleCategory","","Concrete non-placeholder value","Open non-blocked field"
"MEDIUM","05_ops_legacy","C:\Projects\MindLab_Starter_Project\docs\planning\kids_certified\05_ops_legacy\legacy_register.csv","LEG-117","PossibleStage","","Concrete non-placeholder value","Open non-blocked field"
"MEDIUM","05_ops_legacy","C:\Projects\MindLab_Starter_Project\docs\planning\kids_certified\05_ops_legacy\legacy_register.csv","LEG-117","RewritePriority","","Concrete non-placeholder value","Open non-blocked field"
"MEDIUM","05_ops_legacy","C:\Projects\MindLab_Starter_Project\docs\planning\kids_certified\05_ops_legacy\legacy_register.csv","LEG-118","PossibleCategory","","Concrete non-placeholder value","Open non-blocked field"
"MEDIUM","05_ops_legacy","C:\Projects\MindLab_Starter_Project\docs\planning\kids_certified\05_ops_legacy\legacy_register.csv","LEG-118","PossibleStage","","Concrete non-placeholder value","Open non-blocked field"
"MEDIUM","05_ops_legacy","C:\Projects\MindLab_Starter_Project\docs\planning\kids_certified\05_ops_legacy\legacy_register.csv","LEG-118","RewritePriority","","Concrete non-placeholder value","Open non-blocked field"
"MEDIUM","05_ops_legacy","C:\Projects\MindLab_Starter_Project\docs\planning\kids_certified\05_ops_legacy\legacy_register.csv","LEG-119","PossibleCategory","","Concrete non-placeholder value","Open non-blocked field"
"MEDIUM","05_ops_legacy","C:\Projects\MindLab_Starter_Project\docs\planning\kids_certified\05_ops_legacy\legacy_register.csv","LEG-119","PossibleStage","","Concrete non-placeholder value","Open non-blocked field"
"MEDIUM","05_ops_legacy","C:\Projects\MindLab_Starter_Project\docs\planning\kids_certified\05_ops_legacy\legacy_register.csv","LEG-119","RewritePriority","","Concrete non-placeholder value","Open non-blocked field"
"MEDIUM","05_ops_legacy","C:\Projects\MindLab_Starter_Project\docs\planning\kids_certified\05_ops_legacy\legacy_register.csv","LEG-120","PossibleCategory","","Concrete non-placeholder value","Open non-blocked field"
"MEDIUM","05_ops_legacy","C:\Projects\MindLab_Starter_Project\docs\planning\kids_certified\05_ops_legacy\legacy_register.csv","LEG-120","PossibleStage","","Concrete non-placeholder value","Open non-blocked field"
"MEDIUM","05_ops_legacy","C:\Projects\MindLab_Starter_Project\docs\planning\kids_certified\05_ops_legacy\legacy_register.csv","LEG-120","RewritePriority","","Concrete non-placeholder value","Open non-blocked field"
"MEDIUM","05_ops_legacy","C:\Projects\MindLab_Starter_Project\docs\planning\kids_certified\05_ops_legacy\legacy_register.csv","LEG-121","PossibleCategory","","Concrete non-placeholder value","Open non-blocked field"
"MEDIUM","05_ops_legacy","C:\Projects\MindLab_Starter_Project\docs\planning\kids_certified\05_ops_legacy\legacy_register.csv","LEG-121","PossibleStage","","Concrete non-placeholder value","Open non-blocked field"
"MEDIUM","05_ops_legacy","C:\Projects\MindLab_Starter_Project\docs\planning\kids_certified\05_ops_legacy\legacy_register.csv","LEG-121","RewritePriority","","Concrete non-placeholder value","Open non-blocked field"
"MEDIUM","05_ops_legacy","C:\Projects\MindLab_Starter_Project\docs\planning\kids_certified\05_ops_legacy\legacy_register.csv","LEG-122","PossibleCategory","","Concrete non-placeholder value","Open non-blocked field"
"MEDIUM","05_ops_legacy","C:\Projects\MindLab_Starter_Project\docs\planning\kids_certified\05_ops_legacy\legacy_register.csv","LEG-122","PossibleStage","","Concrete non-placeholder value","Open non-blocked field"
"MEDIUM","05_ops_legacy","C:\Projects\MindLab_Starter_Project\docs\planning\kids_certified\05_ops_legacy\legacy_register.csv","LEG-122","RewritePriority","","Concrete non-placeholder value","Open non-blocked field"
"MEDIUM","05_ops_legacy","C:\Projects\MindLab_Starter_Project\docs\planning\kids_certified\05_ops_legacy\legacy_register.csv","LEG-123","PossibleCategory","","Concrete non-placeholder value","Open non-blocked field"
"MEDIUM","05_ops_legacy","C:\Projects\MindLab_Starter_Project\docs\planning\kids_certified\05_ops_legacy\legacy_register.csv","LEG-123","PossibleStage","","Concrete non-placeholder value","Open non-blocked field"
"MEDIUM","05_ops_legacy","C:\Projects\MindLab_Starter_Project\docs\planning\kids_certified\05_ops_legacy\legacy_register.csv","LEG-123","RewritePriority","","Concrete non-placeholder value","Open non-blocked field"
"MEDIUM","05_ops_legacy","C:\Projects\MindLab_Starter_Project\docs\planning\kids_certified\05_ops_legacy\legacy_register.csv","LEG-124","PossibleCategory","","Concrete non-placeholder value","Open non-blocked field"
"MEDIUM","05_ops_legacy","C:\Projects\MindLab_Starter_Project\docs\planning\kids_certified\05_ops_legacy\legacy_register.csv","LEG-124","PossibleStage","","Concrete non-placeholder value","Open non-blocked field"
"MEDIUM","05_ops_legacy","C:\Projects\MindLab_Starter_Project\docs\planning\kids_certified\05_ops_legacy\legacy_register.csv","LEG-124","RewritePriority","","Concrete non-placeholder value","Open non-blocked field"
"MEDIUM","05_ops_legacy","C:\Projects\MindLab_Starter_Project\docs\planning\kids_certified\05_ops_legacy\legacy_register.csv","LEG-125","PossibleCategory","","Concrete non-placeholder value","Open non-blocked field"
"MEDIUM","05_ops_legacy","C:\Projects\MindLab_Starter_Project\docs\planning\kids_certified\05_ops_legacy\legacy_register.csv","LEG-125","PossibleStage","","Concrete non-placeholder value","Open non-blocked field"
"MEDIUM","05_ops_legacy","C:\Projects\MindLab_Starter_Project\docs\planning\kids_certified\05_ops_legacy\legacy_register.csv","LEG-125","RewritePriority","","Concrete non-placeholder value","Open non-blocked field"
"MEDIUM","05_ops_legacy","C:\Projects\MindLab_Starter_Project\docs\planning\kids_certified\05_ops_legacy\legacy_register.csv","LEG-126","PossibleCategory","","Concrete non-placeholder value","Open non-blocked field"
"MEDIUM","05_ops_legacy","C:\Projects\MindLab_Starter_Project\docs\planning\kids_certified\05_ops_legacy\legacy_register.csv","LEG-126","PossibleStage","","Concrete non-placeholder value","Open non-blocked field"
"MEDIUM","05_ops_legacy","C:\Projects\MindLab_Starter_Project\docs\planning\kids_certified\05_ops_legacy\legacy_register.csv","LEG-126","RewritePriority","","Concrete non-placeholder value","Open non-blocked field"
"MEDIUM","05_ops_legacy","C:\Projects\MindLab_Starter_Project\docs\planning\kids_certified\05_ops_legacy\legacy_register.csv","LEG-127","PossibleCategory","","Concrete non-placeholder value","Open non-blocked field"
"MEDIUM","05_ops_legacy","C:\Projects\MindLab_Starter_Project\docs\planning\kids_certified\05_ops_legacy\legacy_register.csv","LEG-127","PossibleStage","","Concrete non-placeholder value","Open non-blocked field"
"MEDIUM","05_ops_legacy","C:\Projects\MindLab_Starter_Project\docs\planning\kids_certified\05_ops_legacy\legacy_register.csv","LEG-127","RewritePriority","","Concrete non-placeholder value","Open non-blocked field"
"MEDIUM","05_ops_legacy","C:\Projects\MindLab_Starter_Project\docs\planning\kids_certified\05_ops_legacy\legacy_register.csv","LEG-128","PossibleCategory","","Concrete non-placeholder value","Open non-blocked field"
"MEDIUM","05_ops_legacy","C:\Projects\MindLab_Starter_Project\docs\planning\kids_certified\05_ops_legacy\legacy_register.csv","LEG-128","PossibleStage","","Concrete non-placeholder value","Open non-blocked field"
"MEDIUM","05_ops_legacy","C:\Projects\MindLab_Starter_Project\docs\planning\kids_certified\05_ops_legacy\legacy_register.csv","LEG-128","RewritePriority","","Concrete non-placeholder value","Open non-blocked field"
"MEDIUM","05_ops_legacy","C:\Projects\MindLab_Starter_Project\docs\planning\kids_certified\05_ops_legacy\legacy_register.csv","LEG-129","PossibleCategory","","Concrete non-placeholder value","Open non-blocked field"
"MEDIUM","05_ops_legacy","C:\Projects\MindLab_Starter_Project\docs\planning\kids_certified\05_ops_legacy\legacy_register.csv","LEG-129","PossibleStage","","Concrete non-placeholder value","Open non-blocked field"
"MEDIUM","05_ops_legacy","C:\Projects\MindLab_Starter_Project\docs\planning\kids_certified\05_ops_legacy\legacy_register.csv","LEG-129","RewritePriority","","Concrete non-placeholder value","Open non-blocked field"
"MEDIUM","05_ops_legacy","C:\Projects\MindLab_Starter_Project\docs\planning\kids_certified\05_ops_legacy\legacy_register.csv","LEG-130","PossibleCategory","","Concrete non-placeholder value","Open non-blocked field"
"MEDIUM","05_ops_legacy","C:\Projects\MindLab_Starter_Project\docs\planning\kids_certified\05_ops_legacy\legacy_register.csv","LEG-130","PossibleStage","","Concrete non-placeholder value","Open non-blocked field"
"MEDIUM","05_ops_legacy","C:\Projects\MindLab_Starter_Project\docs\planning\kids_certified\05_ops_legacy\legacy_register.csv","LEG-130","RewritePriority","","Concrete non-placeholder value","Open non-blocked field"
"MEDIUM","05_ops_legacy","C:\Projects\MindLab_Starter_Project\docs\planning\kids_certified\05_ops_legacy\legacy_register.csv","LEG-131","PossibleCategory","","Concrete non-placeholder value","Open non-blocked field"
"MEDIUM","05_ops_legacy","C:\Projects\MindLab_Starter_Project\docs\planning\kids_certified\05_ops_legacy\legacy_register.csv","LEG-131","PossibleStage","","Concrete non-placeholder value","Open non-blocked field"
"MEDIUM","05_ops_legacy","C:\Projects\MindLab_Starter_Project\docs\planning\kids_certified\05_ops_legacy\legacy_register.csv","LEG-131","RewritePriority","","Concrete non-placeholder value","Open non-blocked field"
"MEDIUM","05_ops_legacy","C:\Projects\MindLab_Starter_Project\docs\planning\kids_certified\05_ops_legacy\legacy_register.csv","LEG-132","PossibleCategory","","Concrete non-placeholder value","Open non-blocked field"
"MEDIUM","05_ops_legacy","C:\Projects\MindLab_Starter_Project\docs\planning\kids_certified\05_ops_legacy\legacy_register.csv","LEG-132","PossibleStage","","Concrete non-placeholder value","Open non-blocked field"
"MEDIUM","05_ops_legacy","C:\Projects\MindLab_Starter_Project\docs\planning\kids_certified\05_ops_legacy\legacy_register.csv","LEG-132","RewritePriority","","Concrete non-placeholder value","Open non-blocked field"
"MEDIUM","05_ops_legacy","C:\Projects\MindLab_Starter_Project\docs\planning\kids_certified\05_ops_legacy\legacy_register.csv","LEG-133","PossibleCategory","","Concrete non-placeholder value","Open non-blocked field"
"MEDIUM","05_ops_legacy","C:\Projects\MindLab_Starter_Project\docs\planning\kids_certified\05_ops_legacy\legacy_register.csv","LEG-133","PossibleStage","","Concrete non-placeholder value","Open non-blocked field"
"MEDIUM","05_ops_legacy","C:\Projects\MindLab_Starter_Project\docs\planning\kids_certified\05_ops_legacy\legacy_register.csv","LEG-133","RewritePriority","","Concrete non-placeholder value","Open non-blocked field"
"MEDIUM","05_ops_legacy","C:\Projects\MindLab_Starter_Project\docs\planning\kids_certified\05_ops_legacy\legacy_register.csv","LEG-134","PossibleCategory","","Concrete non-placeholder value","Open non-blocked field"
"MEDIUM","05_ops_legacy","C:\Projects\MindLab_Starter_Project\docs\planning\kids_certified\05_ops_legacy\legacy_register.csv","LEG-134","PossibleStage","","Concrete non-placeholder value","Open non-blocked field"
"MEDIUM","05_ops_legacy","C:\Projects\MindLab_Starter_Project\docs\planning\kids_certified\05_ops_legacy\legacy_register.csv","LEG-134","RewritePriority","","Concrete non-placeholder value","Open non-blocked field"
"MEDIUM","05_ops_legacy","C:\Projects\MindLab_Starter_Project\docs\planning\kids_certified\05_ops_legacy\legacy_register.csv","LEG-135","PossibleCategory","","Concrete non-placeholder value","Open non-blocked field"
"MEDIUM","05_ops_legacy","C:\Projects\MindLab_Starter_Project\docs\planning\kids_certified\05_ops_legacy\legacy_register.csv","LEG-135","PossibleStage","","Concrete non-placeholder value","Open non-blocked field"
"MEDIUM","05_ops_legacy","C:\Projects\MindLab_Starter_Project\docs\planning\kids_certified\05_ops_legacy\legacy_register.csv","LEG-135","RewritePriority","","Concrete non-placeholder value","Open non-blocked field"
"MEDIUM","05_ops_legacy","C:\Projects\MindLab_Starter_Project\docs\planning\kids_certified\05_ops_legacy\legacy_register.csv","LEG-136","PossibleCategory","","Concrete non-placeholder value","Open non-blocked field"
"MEDIUM","05_ops_legacy","C:\Projects\MindLab_Starter_Project\docs\planning\kids_certified\05_ops_legacy\legacy_register.csv","LEG-136","PossibleStage","","Concrete non-placeholder value","Open non-blocked field"
"MEDIUM","05_ops_legacy","C:\Projects\MindLab_Starter_Project\docs\planning\kids_certified\05_ops_legacy\legacy_register.csv","LEG-136","RewritePriority","","Concrete non-placeholder value","Open non-blocked field"
"MEDIUM","05_ops_legacy","C:\Projects\MindLab_Starter_Project\docs\planning\kids_certified\05_ops_legacy\legacy_register.csv","LEG-137","PossibleCategory","","Concrete non-placeholder value","Open non-blocked field"
"MEDIUM","05_ops_legacy","C:\Projects\MindLab_Starter_Project\docs\planning\kids_certified\05_ops_legacy\legacy_register.csv","LEG-137","PossibleStage","","Concrete non-placeholder value","Open non-blocked field"
"MEDIUM","05_ops_legacy","C:\Projects\MindLab_Starter_Project\docs\planning\kids_certified\05_ops_legacy\legacy_register.csv","LEG-137","RewritePriority","","Concrete non-placeholder value","Open non-blocked field"
"MEDIUM","05_ops_legacy","C:\Projects\MindLab_Starter_Project\docs\planning\kids_certified\05_ops_legacy\legacy_register.csv","LEG-138","PossibleCategory","","Concrete non-placeholder value","Open non-blocked field"
"MEDIUM","05_ops_legacy","C:\Projects\MindLab_Starter_Project\docs\planning\kids_certified\05_ops_legacy\legacy_register.csv","LEG-138","PossibleStage","","Concrete non-placeholder value","Open non-blocked field"
"MEDIUM","05_ops_legacy","C:\Projects\MindLab_Starter_Project\docs\planning\kids_certified\05_ops_legacy\legacy_register.csv","LEG-138","RewritePriority","","Concrete non-placeholder value","Open non-blocked field"
"MEDIUM","05_ops_legacy","C:\Projects\MindLab_Starter_Project\docs\planning\kids_certified\05_ops_legacy\legacy_register.csv","LEG-139","PossibleCategory","","Concrete non-placeholder value","Open non-blocked field"
"MEDIUM","05_ops_legacy","C:\Projects\MindLab_Starter_Project\docs\planning\kids_certified\05_ops_legacy\legacy_register.csv","LEG-139","PossibleStage","","Concrete non-placeholder value","Open non-blocked field"
"MEDIUM","05_ops_legacy","C:\Projects\MindLab_Starter_Project\docs\planning\kids_certified\05_ops_legacy\legacy_register.csv","LEG-139","RewritePriority","","Concrete non-placeholder value","Open non-blocked field"
"MEDIUM","05_ops_legacy","C:\Projects\MindLab_Starter_Project\docs\planning\kids_certified\05_ops_legacy\legacy_register.csv","LEG-140","PossibleCategory","","Concrete non-placeholder value","Open non-blocked field"
"MEDIUM","05_ops_legacy","C:\Projects\MindLab_Starter_Project\docs\planning\kids_certified\05_ops_legacy\legacy_register.csv","LEG-140","PossibleStage","","Concrete non-placeholder value","Open non-blocked field"
"MEDIUM","05_ops_legacy","C:\Projects\MindLab_Starter_Project\docs\planning\kids_certified\05_ops_legacy\legacy_register.csv","LEG-140","RewritePriority","","Concrete non-placeholder value","Open non-blocked field"
"MEDIUM","05_ops_legacy","C:\Projects\MindLab_Starter_Project\docs\planning\kids_certified\05_ops_legacy\legacy_register.csv","LEG-141","PossibleCategory","","Concrete non-placeholder value","Open non-blocked field"
"MEDIUM","05_ops_legacy","C:\Projects\MindLab_Starter_Project\docs\planning\kids_certified\05_ops_legacy\legacy_register.csv","LEG-141","PossibleStage","","Concrete non-placeholder value","Open non-blocked field"
"MEDIUM","05_ops_legacy","C:\Projects\MindLab_Starter_Project\docs\planning\kids_certified\05_ops_legacy\legacy_register.csv","LEG-141","RewritePriority","","Concrete non-placeholder value","Open non-blocked field"
"MEDIUM","05_ops_legacy","C:\Projects\MindLab_Starter_Project\docs\planning\kids_certified\05_ops_legacy\legacy_register.csv","LEG-142","PossibleCategory","","Concrete non-placeholder value","Open non-blocked field"
"MEDIUM","05_ops_legacy","C:\Projects\MindLab_Starter_Project\docs\planning\kids_certified\05_ops_legacy\legacy_register.csv","LEG-142","PossibleStage","","Concrete non-placeholder value","Open non-blocked field"
"MEDIUM","05_ops_legacy","C:\Projects\MindLab_Starter_Project\docs\planning\kids_certified\05_ops_legacy\legacy_register.csv","LEG-142","RewritePriority","","Concrete non-placeholder value","Open non-blocked field"
"MEDIUM","05_ops_legacy","C:\Projects\MindLab_Starter_Project\docs\planning\kids_certified\05_ops_legacy\legacy_register.csv","LEG-143","PossibleCategory","","Concrete non-placeholder value","Open non-blocked field"
"MEDIUM","05_ops_legacy","C:\Projects\MindLab_Starter_Project\docs\planning\kids_certified\05_ops_legacy\legacy_register.csv","LEG-143","PossibleStage","","Concrete non-placeholder value","Open non-blocked field"
"MEDIUM","05_ops_legacy","C:\Projects\MindLab_Starter_Project\docs\planning\kids_certified\05_ops_legacy\legacy_register.csv","LEG-143","RewritePriority","","Concrete non-placeholder value","Open non-blocked field"
"MEDIUM","05_ops_legacy","C:\Projects\MindLab_Starter_Project\docs\planning\kids_certified\05_ops_legacy\legacy_register.csv","LEG-144","PossibleCategory","","Concrete non-placeholder value","Open non-blocked field"
"MEDIUM","05_ops_legacy","C:\Projects\MindLab_Starter_Project\docs\planning\kids_certified\05_ops_legacy\legacy_register.csv","LEG-144","PossibleStage","","Concrete non-placeholder value","Open non-blocked field"
"MEDIUM","05_ops_legacy","C:\Projects\MindLab_Starter_Project\docs\planning\kids_certified\05_ops_legacy\legacy_register.csv","LEG-144","RewritePriority","","Concrete non-placeholder value","Open non-blocked field"
"MEDIUM","05_ops_legacy","C:\Projects\MindLab_Starter_Project\docs\planning\kids_certified\05_ops_legacy\legacy_register.csv","LEG-145","PossibleCategory","","Concrete non-placeholder value","Open non-blocked field"
"MEDIUM","05_ops_legacy","C:\Projects\MindLab_Starter_Project\docs\planning\kids_certified\05_ops_legacy\legacy_register.csv","LEG-145","PossibleStage","","Concrete non-placeholder value","Open non-blocked field"
"MEDIUM","05_ops_legacy","C:\Projects\MindLab_Starter_Project\docs\planning\kids_certified\05_ops_legacy\legacy_register.csv","LEG-145","RewritePriority","","Concrete non-placeholder value","Open non-blocked field"
"MEDIUM","05_ops_legacy","C:\Projects\MindLab_Starter_Project\docs\planning\kids_certified\05_ops_legacy\legacy_register.csv","LEG-146","PossibleCategory","","Concrete non-placeholder value","Open non-blocked field"
"MEDIUM","05_ops_legacy","C:\Projects\MindLab_Starter_Project\docs\planning\kids_certified\05_ops_legacy\legacy_register.csv","LEG-146","PossibleStage","","Concrete non-placeholder value","Open non-blocked field"
"MEDIUM","05_ops_legacy","C:\Projects\MindLab_Starter_Project\docs\planning\kids_certified\05_ops_legacy\legacy_register.csv","LEG-146","RewritePriority","","Concrete non-placeholder value","Open non-blocked field"
"MEDIUM","05_ops_legacy","C:\Projects\MindLab_Starter_Project\docs\planning\kids_certified\05_ops_legacy\legacy_register.csv","LEG-147","PossibleCategory","","Concrete non-placeholder value","Open non-blocked field"
"MEDIUM","05_ops_legacy","C:\Projects\MindLab_Starter_Project\docs\planning\kids_certified\05_ops_legacy\legacy_register.csv","LEG-147","PossibleStage","","Concrete non-placeholder value","Open non-blocked field"
"MEDIUM","05_ops_legacy","C:\Projects\MindLab_Starter_Project\docs\planning\kids_certified\05_ops_legacy\legacy_register.csv","LEG-147","RewritePriority","","Concrete non-placeholder value","Open non-blocked field"
"MEDIUM","05_ops_legacy","C:\Projects\MindLab_Starter_Project\docs\planning\kids_certified\05_ops_legacy\legacy_register.csv","LEG-148","PossibleCategory","","Concrete non-placeholder value","Open non-blocked field"
"MEDIUM","05_ops_legacy","C:\Projects\MindLab_Starter_Project\docs\planning\kids_certified\05_ops_legacy\legacy_register.csv","LEG-148","PossibleStage","","Concrete non-placeholder value","Open non-blocked field"
"MEDIUM","05_ops_legacy","C:\Projects\MindLab_Starter_Project\docs\planning\kids_certified\05_ops_legacy\legacy_register.csv","LEG-148","RewritePriority","","Concrete non-placeholder value","Open non-blocked field"
"MEDIUM","05_ops_legacy","C:\Projects\MindLab_Starter_Project\docs\planning\kids_certified\05_ops_legacy\legacy_register.csv","LEG-149","PossibleCategory","","Concrete non-placeholder value","Open non-blocked field"
"MEDIUM","05_ops_legacy","C:\Projects\MindLab_Starter_Project\docs\planning\kids_certified\05_ops_legacy\legacy_register.csv","LEG-149","PossibleStage","","Concrete non-placeholder value","Open non-blocked field"
"MEDIUM","05_ops_legacy","C:\Projects\MindLab_Starter_Project\docs\planning\kids_certified\05_ops_legacy\legacy_register.csv","LEG-149","RewritePriority","","Concrete non-placeholder value","Open non-blocked field"
"MEDIUM","05_ops_legacy","C:\Projects\MindLab_Starter_Project\docs\planning\kids_certified\05_ops_legacy\legacy_register.csv","LEG-150","PossibleCategory","","Concrete non-placeholder value","Open non-blocked field"
"MEDIUM","05_ops_legacy","C:\Projects\MindLab_Starter_Project\docs\planning\kids_certified\05_ops_legacy\legacy_register.csv","LEG-150","PossibleStage","","Concrete non-placeholder value","Open non-blocked field"
"MEDIUM","05_ops_legacy","C:\Projects\MindLab_Starter_Project\docs\planning\kids_certified\05_ops_legacy\legacy_register.csv","LEG-150","RewritePriority","","Concrete non-placeholder value","Open non-blocked field"
"MEDIUM","05_ops_legacy","C:\Projects\MindLab_Starter_Project\docs\planning\kids_certified\05_ops_legacy\legacy_register.csv","LEG-151","PossibleCategory","","Concrete non-placeholder value","Open non-blocked field"
"MEDIUM","05_ops_legacy","C:\Projects\MindLab_Starter_Project\docs\planning\kids_certified\05_ops_legacy\legacy_register.csv","LEG-151","PossibleStage","","Concrete non-placeholder value","Open non-blocked field"
"MEDIUM","05_ops_legacy","C:\Projects\MindLab_Starter_Project\docs\planning\kids_certified\05_ops_legacy\legacy_register.csv","LEG-151","RewritePriority","","Concrete non-placeholder value","Open non-blocked field"
"MEDIUM","05_ops_legacy","C:\Projects\MindLab_Starter_Project\docs\planning\kids_certified\05_ops_legacy\legacy_register.csv","LEG-152","PossibleCategory","","Concrete non-placeholder value","Open non-blocked field"
"MEDIUM","05_ops_legacy","C:\Projects\MindLab_Starter_Project\docs\planning\kids_certified\05_ops_legacy\legacy_register.csv","LEG-152","PossibleStage","","Concrete non-placeholder value","Open non-blocked field"
"MEDIUM","05_ops_legacy","C:\Projects\MindLab_Starter_Project\docs\planning\kids_certified\05_ops_legacy\legacy_register.csv","LEG-152","RewritePriority","","Concrete non-placeholder value","Open non-blocked field"
"MEDIUM","05_ops_legacy","C:\Projects\MindLab_Starter_Project\docs\planning\kids_certified\05_ops_legacy\legacy_register.csv","LEG-153","PossibleCategory","","Concrete non-placeholder value","Open non-blocked field"
"MEDIUM","05_ops_legacy","C:\Projects\MindLab_Starter_Project\docs\planning\kids_certified\05_ops_legacy\legacy_register.csv","LEG-153","PossibleStage","","Concrete non-placeholder value","Open non-blocked field"
"MEDIUM","05_ops_legacy","C:\Projects\MindLab_Starter_Project\docs\planning\kids_certified\05_ops_legacy\legacy_register.csv","LEG-153","RewritePriority","","Concrete non-placeholder value","Open non-blocked field"
"MEDIUM","05_ops_legacy","C:\Projects\MindLab_Starter_Project\docs\planning\kids_certified\05_ops_legacy\legacy_register.csv","LEG-154","PossibleCategory","","Concrete non-placeholder value","Open non-blocked field"
"MEDIUM","05_ops_legacy","C:\Projects\MindLab_Starter_Project\docs\planning\kids_certified\05_ops_legacy\legacy_register.csv","LEG-154","PossibleStage","","Concrete non-placeholder value","Open non-blocked field"
"MEDIUM","05_ops_legacy","C:\Projects\MindLab_Starter_Project\docs\planning\kids_certified\05_ops_legacy\legacy_register.csv","LEG-154","RewritePriority","","Concrete non-placeholder value","Open non-blocked field"
"MEDIUM","05_ops_legacy","C:\Projects\MindLab_Starter_Project\docs\planning\kids_certified\05_ops_legacy\legacy_register.csv","LEG-155","PossibleCategory","","Concrete non-placeholder value","Open non-blocked field"
"MEDIUM","05_ops_legacy","C:\Projects\MindLab_Starter_Project\docs\planning\kids_certified\05_ops_legacy\legacy_register.csv","LEG-155","PossibleStage","","Concrete non-placeholder value","Open non-blocked field"
"MEDIUM","05_ops_legacy","C:\Projects\MindLab_Starter_Project\docs\planning\kids_certified\05_ops_legacy\legacy_register.csv","LEG-155","RewritePriority","","Concrete non-placeholder value","Open non-blocked field"
"MEDIUM","05_ops_legacy","C:\Projects\MindLab_Starter_Project\docs\planning\kids_certified\05_ops_legacy\legacy_register.csv","LEG-156","PossibleCategory","","Concrete non-placeholder value","Open non-blocked field"
"MEDIUM","05_ops_legacy","C:\Projects\MindLab_Starter_Project\docs\planning\kids_certified\05_ops_legacy\legacy_register.csv","LEG-156","PossibleStage","","Concrete non-placeholder value","Open non-blocked field"
"MEDIUM","05_ops_legacy","C:\Projects\MindLab_Starter_Project\docs\planning\kids_certified\05_ops_legacy\legacy_register.csv","LEG-156","RewritePriority","","Concrete non-placeholder value","Open non-blocked field"
"MEDIUM","05_ops_legacy","C:\Projects\MindLab_Starter_Project\docs\planning\kids_certified\05_ops_legacy\legacy_register.csv","LEG-157","PossibleCategory","","Concrete non-placeholder value","Open non-blocked field"
"MEDIUM","05_ops_legacy","C:\Projects\MindLab_Starter_Project\docs\planning\kids_certified\05_ops_legacy\legacy_register.csv","LEG-157","PossibleStage","","Concrete non-placeholder value","Open non-blocked field"
"MEDIUM","05_ops_legacy","C:\Projects\MindLab_Starter_Project\docs\planning\kids_certified\05_ops_legacy\legacy_register.csv","LEG-157","RewritePriority","","Concrete non-placeholder value","Open non-blocked field"
"MEDIUM","05_ops_legacy","C:\Projects\MindLab_Starter_Project\docs\planning\kids_certified\05_ops_legacy\legacy_register.csv","LEG-158","PossibleCategory","","Concrete non-placeholder value","Open non-blocked field"
"MEDIUM","05_ops_legacy","C:\Projects\MindLab_Starter_Project\docs\planning\kids_certified\05_ops_legacy\legacy_register.csv","LEG-158","PossibleStage","","Concrete non-placeholder value","Open non-blocked field"
"MEDIUM","05_ops_legacy","C:\Projects\MindLab_Starter_Project\docs\planning\kids_certified\05_ops_legacy\legacy_register.csv","LEG-158","RewritePriority","","Concrete non-placeholder value","Open non-blocked field"
"MEDIUM","05_ops_legacy","C:\Projects\MindLab_Starter_Project\docs\planning\kids_certified\05_ops_legacy\legacy_register.csv","LEG-159","PossibleStage","","Concrete non-placeholder value","Open non-blocked field"
"MEDIUM","05_ops_legacy","C:\Projects\MindLab_Starter_Project\docs\planning\kids_certified\05_ops_legacy\legacy_register.csv","LEG-159","RewritePriority","","Concrete non-placeholder value","Open non-blocked field"
"MEDIUM","05_ops_legacy","C:\Projects\MindLab_Starter_Project\docs\planning\kids_certified\05_ops_legacy\legacy_register.csv","LEG-160","PossibleStage","","Concrete non-placeholder value","Open non-blocked field"
"MEDIUM","05_ops_legacy","C:\Projects\MindLab_Starter_Project\docs\planning\kids_certified\05_ops_legacy\legacy_register.csv","LEG-160","RewritePriority","","Concrete non-placeholder value","Open non-blocked field"
"MEDIUM","05_ops_legacy","C:\Projects\MindLab_Starter_Project\docs\planning\kids_certified\05_ops_legacy\legacy_register.csv","LEG-161","PossibleCategory","","Concrete non-placeholder value","Open non-blocked field"
"MEDIUM","05_ops_legacy","C:\Projects\MindLab_Starter_Project\docs\planning\kids_certified\05_ops_legacy\legacy_register.csv","LEG-161","PossibleStage","","Concrete non-placeholder value","Open non-blocked field"
"MEDIUM","05_ops_legacy","C:\Projects\MindLab_Starter_Project\docs\planning\kids_certified\05_ops_legacy\legacy_register.csv","LEG-161","RewritePriority","","Concrete non-placeholder value","Open non-blocked field"
"MEDIUM","05_ops_legacy","C:\Projects\MindLab_Starter_Project\docs\planning\kids_certified\05_ops_legacy\legacy_register.csv","LEG-162","PossibleCategory","","Concrete non-placeholder value","Open non-blocked field"
"MEDIUM","05_ops_legacy","C:\Projects\MindLab_Starter_Project\docs\planning\kids_certified\05_ops_legacy\legacy_register.csv","LEG-162","PossibleStage","","Concrete non-placeholder value","Open non-blocked field"
"MEDIUM","05_ops_legacy","C:\Projects\MindLab_Starter_Project\docs\planning\kids_certified\05_ops_legacy\legacy_register.csv","LEG-162","RewritePriority","","Concrete non-placeholder value","Open non-blocked field"
"MEDIUM","05_ops_legacy","C:\Projects\MindLab_Starter_Project\docs\planning\kids_certified\05_ops_legacy\legacy_register.csv","LEG-163","PossibleCategory","","Concrete non-placeholder value","Open non-blocked field"
"MEDIUM","05_ops_legacy","C:\Projects\MindLab_Starter_Project\docs\planning\kids_certified\05_ops_legacy\legacy_register.csv","LEG-163","PossibleStage","","Concrete non-placeholder value","Open non-blocked field"
"MEDIUM","05_ops_legacy","C:\Projects\MindLab_Starter_Project\docs\planning\kids_certified\05_ops_legacy\legacy_register.csv","LEG-163","RewritePriority","","Concrete non-placeholder value","Open non-blocked field"
"MEDIUM","05_ops_legacy","C:\Projects\MindLab_Starter_Project\docs\planning\kids_certified\05_ops_legacy\legacy_register.csv","LEG-164","PossibleCategory","","Concrete non-placeholder value","Open non-blocked field"
"MEDIUM","05_ops_legacy","C:\Projects\MindLab_Starter_Project\docs\planning\kids_certified\05_ops_legacy\legacy_register.csv","LEG-164","PossibleStage","","Concrete non-placeholder value","Open non-blocked field"
"MEDIUM","05_ops_legacy","C:\Projects\MindLab_Starter_Project\docs\planning\kids_certified\05_ops_legacy\legacy_register.csv","LEG-164","RewritePriority","","Concrete non-placeholder value","Open non-blocked field"
"MEDIUM","05_ops_legacy","C:\Projects\MindLab_Starter_Project\docs\planning\kids_certified\05_ops_legacy\legacy_register.csv","LEG-165","PossibleCategory","","Concrete non-placeholder value","Open non-blocked field"
"MEDIUM","05_ops_legacy","C:\Projects\MindLab_Starter_Project\docs\planning\kids_certified\05_ops_legacy\legacy_register.csv","LEG-165","PossibleStage","","Concrete non-placeholder value","Open non-blocked field"
"MEDIUM","05_ops_legacy","C:\Projects\MindLab_Starter_Project\docs\planning\kids_certified\05_ops_legacy\legacy_register.csv","LEG-165","RewritePriority","","Concrete non-placeholder value","Open non-blocked field"
"MEDIUM","05_ops_legacy","C:\Projects\MindLab_Starter_Project\docs\planning\kids_certified\05_ops_legacy\legacy_register.csv","LEG-166","PossibleCategory","","Concrete non-placeholder value","Open non-blocked field"
"MEDIUM","05_ops_legacy","C:\Projects\MindLab_Starter_Project\docs\planning\kids_certified\05_ops_legacy\legacy_register.csv","LEG-166","PossibleStage","","Concrete non-placeholder value","Open non-blocked field"
"MEDIUM","05_ops_legacy","C:\Projects\MindLab_Starter_Project\docs\planning\kids_certified\05_ops_legacy\legacy_register.csv","LEG-166","RewritePriority","","Concrete non-placeholder value","Open non-blocked field"
"MEDIUM","05_ops_legacy","C:\Projects\MindLab_Starter_Project\docs\planning\kids_certified\05_ops_legacy\legacy_register.csv","LEG-167","PossibleCategory","","Concrete non-placeholder value","Open non-blocked field"
"MEDIUM","05_ops_legacy","C:\Projects\MindLab_Starter_Project\docs\planning\kids_certified\05_ops_legacy\legacy_register.csv","LEG-167","PossibleStage","","Concrete non-placeholder value","Open non-blocked field"
"MEDIUM","05_ops_legacy","C:\Projects\MindLab_Starter_Project\docs\planning\kids_certified\05_ops_legacy\legacy_register.csv","LEG-167","RewritePriority","","Concrete non-placeholder value","Open non-blocked field"
"MEDIUM","05_ops_legacy","C:\Projects\MindLab_Starter_Project\docs\planning\kids_certified\05_ops_legacy\legacy_register.csv","LEG-168","PossibleCategory","","Concrete non-placeholder value","Open non-blocked field"
"MEDIUM","05_ops_legacy","C:\Projects\MindLab_Starter_Project\docs\planning\kids_certified\05_ops_legacy\legacy_register.csv","LEG-168","PossibleStage","","Concrete non-placeholder value","Open non-blocked field"
"MEDIUM","05_ops_legacy","C:\Projects\MindLab_Starter_Project\docs\planning\kids_certified\05_ops_legacy\legacy_register.csv","LEG-168","RewritePriority","","Concrete non-placeholder value","Open non-blocked field"
"MEDIUM","05_ops_legacy","C:\Projects\MindLab_Starter_Project\docs\planning\kids_certified\05_ops_legacy\legacy_register.csv","LEG-169","PossibleCategory","","Concrete non-placeholder value","Open non-blocked field"
"MEDIUM","05_ops_legacy","C:\Projects\MindLab_Starter_Project\docs\planning\kids_certified\05_ops_legacy\legacy_register.csv","LEG-169","PossibleStage","","Concrete non-placeholder value","Open non-blocked field"
"MEDIUM","05_ops_legacy","C:\Projects\MindLab_Starter_Project\docs\planning\kids_certified\05_ops_legacy\legacy_register.csv","LEG-169","RewritePriority","","Concrete non-placeholder value","Open non-blocked field"
"MEDIUM","05_ops_legacy","C:\Projects\MindLab_Starter_Project\docs\planning\kids_certified\05_ops_legacy\legacy_register.csv","LEG-170","PossibleCategory","","Concrete non-placeholder value","Open non-blocked field"
"MEDIUM","05_ops_legacy","C:\Projects\MindLab_Starter_Project\docs\planning\kids_certified\05_ops_legacy\legacy_register.csv","LEG-170","PossibleStage","","Concrete non-placeholder value","Open non-blocked field"
"MEDIUM","05_ops_legacy","C:\Projects\MindLab_Starter_Project\docs\planning\kids_certified\05_ops_legacy\legacy_register.csv","LEG-170","RewritePriority","","Concrete non-placeholder value","Open non-blocked field"
"MEDIUM","05_ops_legacy","C:\Projects\MindLab_Starter_Project\docs\planning\kids_certified\05_ops_legacy\legacy_register.csv","LEG-171","PossibleCategory","","Concrete non-placeholder value","Open non-blocked field"
"MEDIUM","05_ops_legacy","C:\Projects\MindLab_Starter_Project\docs\planning\kids_certified\05_ops_legacy\legacy_register.csv","LEG-171","PossibleStage","","Concrete non-placeholder value","Open non-blocked field"
"MEDIUM","05_ops_legacy","C:\Projects\MindLab_Starter_Project\docs\planning\kids_certified\05_ops_legacy\legacy_register.csv","LEG-171","RewritePriority","","Concrete non-placeholder value","Open non-blocked field"
"MEDIUM","05_ops_legacy","C:\Projects\MindLab_Starter_Project\docs\planning\kids_certified\05_ops_legacy\legacy_register.csv","LEG-172","PossibleCategory","","Concrete non-placeholder value","Open non-blocked field"
"MEDIUM","05_ops_legacy","C:\Projects\MindLab_Starter_Project\docs\planning\kids_certified\05_ops_legacy\legacy_register.csv","LEG-172","PossibleStage","","Concrete non-placeholder value","Open non-blocked field"
"MEDIUM","05_ops_legacy","C:\Projects\MindLab_Starter_Project\docs\planning\kids_certified\05_ops_legacy\legacy_register.csv","LEG-172","RewritePriority","","Concrete non-placeholder value","Open non-blocked field"
"MEDIUM","05_ops_legacy","C:\Projects\MindLab_Starter_Project\docs\planning\kids_certified\05_ops_legacy\legacy_register.csv","LEG-173","PossibleCategory","","Concrete non-placeholder value","Open non-blocked field"
"MEDIUM","05_ops_legacy","C:\Projects\MindLab_Starter_Project\docs\planning\kids_certified\05_ops_legacy\legacy_register.csv","LEG-173","PossibleStage","","Concrete non-placeholder value","Open non-blocked field"
"MEDIUM","05_ops_legacy","C:\Projects\MindLab_Starter_Project\docs\planning\kids_certified\05_ops_legacy\legacy_register.csv","LEG-173","RewritePriority","","Concrete non-placeholder value","Open non-blocked field"
"MEDIUM","05_ops_legacy","C:\Projects\MindLab_Starter_Project\docs\planning\kids_certified\05_ops_legacy\legacy_register.csv","LEG-174","PossibleCategory","","Concrete non-placeholder value","Open non-blocked field"
"MEDIUM","05_ops_legacy","C:\Projects\MindLab_Starter_Project\docs\planning\kids_certified\05_ops_legacy\legacy_register.csv","LEG-174","PossibleStage","","Concrete non-placeholder value","Open non-blocked field"
"MEDIUM","05_ops_legacy","C:\Projects\MindLab_Starter_Project\docs\planning\kids_certified\05_ops_legacy\legacy_register.csv","LEG-174","RewritePriority","","Concrete non-placeholder value","Open non-blocked field"
"MEDIUM","05_ops_legacy","C:\Projects\MindLab_Starter_Project\docs\planning\kids_certified\05_ops_legacy\legacy_register.csv","LEG-175","PossibleCategory","","Concrete non-placeholder value","Open non-blocked field"
"MEDIUM","05_ops_legacy","C:\Projects\MindLab_Starter_Project\docs\planning\kids_certified\05_ops_legacy\legacy_register.csv","LEG-175","PossibleStage","","Concrete non-placeholder value","Open non-blocked field"
"MEDIUM","05_ops_legacy","C:\Projects\MindLab_Starter_Project\docs\planning\kids_certified\05_ops_legacy\legacy_register.csv","LEG-175","RewritePriority","","Concrete non-placeholder value","Open non-blocked field"
"MEDIUM","05_ops_legacy","C:\Projects\MindLab_Starter_Project\docs\planning\kids_certified\05_ops_legacy\legacy_register.csv","LEG-176","PossibleCategory","","Concrete non-placeholder value","Open non-blocked field"
"MEDIUM","05_ops_legacy","C:\Projects\MindLab_Starter_Project\docs\planning\kids_certified\05_ops_legacy\legacy_register.csv","LEG-176","PossibleStage","","Concrete non-placeholder value","Open non-blocked field"
"MEDIUM","05_ops_legacy","C:\Projects\MindLab_Starter_Project\docs\planning\kids_certified\05_ops_legacy\legacy_register.csv","LEG-176","RewritePriority","","Concrete non-placeholder value","Open non-blocked field"
"MEDIUM","05_ops_legacy","C:\Projects\MindLab_Starter_Project\docs\planning\kids_certified\05_ops_legacy\legacy_register.csv","LEG-177","PossibleCategory","","Concrete non-placeholder value","Open non-blocked field"
"MEDIUM","05_ops_legacy","C:\Projects\MindLab_Starter_Project\docs\planning\kids_certified\05_ops_legacy\legacy_register.csv","LEG-177","PossibleStage","","Concrete non-placeholder value","Open non-blocked field"
"MEDIUM","05_ops_legacy","C:\Projects\MindLab_Starter_Project\docs\planning\kids_certified\05_ops_legacy\legacy_register.csv","LEG-177","RewritePriority","","Concrete non-placeholder value","Open non-blocked field"
"MEDIUM","05_ops_legacy","C:\Projects\MindLab_Starter_Project\docs\planning\kids_certified\05_ops_legacy\legacy_register.csv","LEG-178","PossibleStage","","Concrete non-placeholder value","Open non-blocked field"
"MEDIUM","05_ops_legacy","C:\Projects\MindLab_Starter_Project\docs\planning\kids_certified\05_ops_legacy\legacy_register.csv","LEG-178","RewritePriority","","Concrete non-placeholder value","Open non-blocked field"
"MEDIUM","05_ops_legacy","C:\Projects\MindLab_Starter_Project\docs\planning\kids_certified\05_ops_legacy\legacy_register.csv","LEG-179","PossibleStage","","Concrete non-placeholder value","Open non-blocked field"
"MEDIUM","05_ops_legacy","C:\Projects\MindLab_Starter_Project\docs\planning\kids_certified\05_ops_legacy\legacy_register.csv","LEG-179","RewritePriority","","Concrete non-placeholder value","Open non-blocked field"
"MEDIUM","05_ops_legacy","C:\Projects\MindLab_Starter_Project\docs\planning\kids_certified\05_ops_legacy\legacy_register.csv","LEG-180","PossibleCategory","","Concrete non-placeholder value","Open non-blocked field"
"MEDIUM","05_ops_legacy","C:\Projects\MindLab_Starter_Project\docs\planning\kids_certified\05_ops_legacy\legacy_register.csv","LEG-180","PossibleStage","","Concrete non-placeholder value","Open non-blocked field"
"MEDIUM","05_ops_legacy","C:\Projects\MindLab_Starter_Project\docs\planning\kids_certified\05_ops_legacy\legacy_register.csv","LEG-180","RewritePriority","","Concrete non-placeholder value","Open non-blocked field"
"MEDIUM","05_ops_legacy","C:\Projects\MindLab_Starter_Project\docs\planning\kids_certified\05_ops_legacy\legacy_register.csv","LEG-181","PossibleCategory","","Concrete non-placeholder value","Open non-blocked field"
"MEDIUM","05_ops_legacy","C:\Projects\MindLab_Starter_Project\docs\planning\kids_certified\05_ops_legacy\legacy_register.csv","LEG-181","PossibleStage","","Concrete non-placeholder value","Open non-blocked field"
"MEDIUM","05_ops_legacy","C:\Projects\MindLab_Starter_Project\docs\planning\kids_certified\05_ops_legacy\legacy_register.csv","LEG-181","RewritePriority","","Concrete non-placeholder value","Open non-blocked field"
"MEDIUM","05_ops_legacy","C:\Projects\MindLab_Starter_Project\docs\planning\kids_certified\05_ops_legacy\legacy_register.csv","LEG-182","PossibleCategory","","Concrete non-placeholder value","Open non-blocked field"
"MEDIUM","05_ops_legacy","C:\Projects\MindLab_Starter_Project\docs\planning\kids_certified\05_ops_legacy\legacy_register.csv","LEG-182","PossibleStage","","Concrete non-placeholder value","Open non-blocked field"
"MEDIUM","05_ops_legacy","C:\Projects\MindLab_Starter_Project\docs\planning\kids_certified\05_ops_legacy\legacy_register.csv","LEG-182","RewritePriority","","Concrete non-placeholder value","Open non-blocked field"
"MEDIUM","05_ops_legacy","C:\Projects\MindLab_Starter_Project\docs\planning\kids_certified\05_ops_legacy\legacy_register.csv","LEG-183","PossibleCategory","","Concrete non-placeholder value","Open non-blocked field"
"MEDIUM","05_ops_legacy","C:\Projects\MindLab_Starter_Project\docs\planning\kids_certified\05_ops_legacy\legacy_register.csv","LEG-183","PossibleStage","","Concrete non-placeholder value","Open non-blocked field"
"MEDIUM","05_ops_legacy","C:\Projects\MindLab_Starter_Project\docs\planning\kids_certified\05_ops_legacy\legacy_register.csv","LEG-183","RewritePriority","","Concrete non-placeholder value","Open non-blocked field"
"MEDIUM","05_ops_legacy","C:\Projects\MindLab_Starter_Project\docs\planning\kids_certified\05_ops_legacy\legacy_register.csv","LEG-184","PossibleCategory","","Concrete non-placeholder value","Open non-blocked field"
"MEDIUM","05_ops_legacy","C:\Projects\MindLab_Starter_Project\docs\planning\kids_certified\05_ops_legacy\legacy_register.csv","LEG-184","PossibleStage","","Concrete non-placeholder value","Open non-blocked field"
"MEDIUM","05_ops_legacy","C:\Projects\MindLab_Starter_Project\docs\planning\kids_certified\05_ops_legacy\legacy_register.csv","LEG-184","RewritePriority","","Concrete non-placeholder value","Open non-blocked field"
"MEDIUM","05_ops_legacy","C:\Projects\MindLab_Starter_Project\docs\planning\kids_certified\05_ops_legacy\legacy_register.csv","LEG-185","PossibleCategory","","Concrete non-placeholder value","Open non-blocked field"
"MEDIUM","05_ops_legacy","C:\Projects\MindLab_Starter_Project\docs\planning\kids_certified\05_ops_legacy\legacy_register.csv","LEG-185","PossibleStage","","Concrete non-placeholder value","Open non-blocked field"
"MEDIUM","05_ops_legacy","C:\Projects\MindLab_Starter_Project\docs\planning\kids_certified\05_ops_legacy\legacy_register.csv","LEG-185","RewritePriority","","Concrete non-placeholder value","Open non-blocked field"
"MEDIUM","05_ops_legacy","C:\Projects\MindLab_Starter_Project\docs\planning\kids_certified\05_ops_legacy\legacy_register.csv","LEG-186","PossibleCategory","","Concrete non-placeholder value","Open non-blocked field"
"MEDIUM","05_ops_legacy","C:\Projects\MindLab_Starter_Project\docs\planning\kids_certified\05_ops_legacy\legacy_register.csv","LEG-186","PossibleStage","","Concrete non-placeholder value","Open non-blocked field"
"MEDIUM","05_ops_legacy","C:\Projects\MindLab_Starter_Project\docs\planning\kids_certified\05_ops_legacy\legacy_register.csv","LEG-186","RewritePriority","","Concrete non-placeholder value","Open non-blocked field"
"MEDIUM","05_ops_legacy","C:\Projects\MindLab_Starter_Project\docs\planning\kids_certified\05_ops_legacy\legacy_register.csv","LEG-187","PossibleCategory","","Concrete non-placeholder value","Open non-blocked field"
"MEDIUM","05_ops_legacy","C:\Projects\MindLab_Starter_Project\docs\planning\kids_certified\05_ops_legacy\legacy_register.csv","LEG-187","PossibleStage","","Concrete non-placeholder value","Open non-blocked field"
"MEDIUM","05_ops_legacy","C:\Projects\MindLab_Starter_Project\docs\planning\kids_certified\05_ops_legacy\legacy_register.csv","LEG-187","RewritePriority","","Concrete non-placeholder value","Open non-blocked field"
"MEDIUM","05_ops_legacy","C:\Projects\MindLab_Starter_Project\docs\planning\kids_certified\05_ops_legacy\legacy_register.csv","LEG-188","PossibleCategory","","Concrete non-placeholder value","Open non-blocked field"
"MEDIUM","05_ops_legacy","C:\Projects\MindLab_Starter_Project\docs\planning\kids_certified\05_ops_legacy\legacy_register.csv","LEG-188","PossibleStage","","Concrete non-placeholder value","Open non-blocked field"
"MEDIUM","05_ops_legacy","C:\Projects\MindLab_Starter_Project\docs\planning\kids_certified\05_ops_legacy\legacy_register.csv","LEG-188","RewritePriority","","Concrete non-placeholder value","Open non-blocked field"
"MEDIUM","05_ops_legacy","C:\Projects\MindLab_Starter_Project\docs\planning\kids_certified\05_ops_legacy\legacy_register.csv","LEG-189","PossibleCategory","","Concrete non-placeholder value","Open non-blocked field"
"MEDIUM","05_ops_legacy","C:\Projects\MindLab_Starter_Project\docs\planning\kids_certified\05_ops_legacy\legacy_register.csv","LEG-189","PossibleStage","","Concrete non-placeholder value","Open non-blocked field"
"MEDIUM","05_ops_legacy","C:\Projects\MindLab_Starter_Project\docs\planning\kids_certified\05_ops_legacy\legacy_register.csv","LEG-189","RewritePriority","","Concrete non-placeholder value","Open non-blocked field"
"MEDIUM","05_ops_legacy","C:\Projects\MindLab_Starter_Project\docs\planning\kids_certified\05_ops_legacy\legacy_register.csv","LEG-190","PossibleCategory","","Concrete non-placeholder value","Open non-blocked field"
"MEDIUM","05_ops_legacy","C:\Projects\MindLab_Starter_Project\docs\planning\kids_certified\05_ops_legacy\legacy_register.csv","LEG-190","PossibleStage","","Concrete non-placeholder value","Open non-blocked field"
"MEDIUM","05_ops_legacy","C:\Projects\MindLab_Starter_Project\docs\planning\kids_certified\05_ops_legacy\legacy_register.csv","LEG-190","RewritePriority","","Concrete non-placeholder value","Open non-blocked field"
"MEDIUM","05_ops_legacy","C:\Projects\MindLab_Starter_Project\docs\planning\kids_certified\05_ops_legacy\legacy_register.csv","LEG-191","PossibleCategory","","Concrete non-placeholder value","Open non-blocked field"
"MEDIUM","05_ops_legacy","C:\Projects\MindLab_Starter_Project\docs\planning\kids_certified\05_ops_legacy\legacy_register.csv","LEG-191","PossibleStage","","Concrete non-placeholder value","Open non-blocked field"
"MEDIUM","05_ops_legacy","C:\Projects\MindLab_Starter_Project\docs\planning\kids_certified\05_ops_legacy\legacy_register.csv","LEG-191","RewritePriority","","Concrete non-placeholder value","Open non-blocked field"
"MEDIUM","05_ops_legacy","C:\Projects\MindLab_Starter_Project\docs\planning\kids_certified\05_ops_legacy\legacy_register.csv","LEG-192","PossibleCategory","","Concrete non-placeholder value","Open non-blocked field"
"MEDIUM","05_ops_legacy","C:\Projects\MindLab_Starter_Project\docs\planning\kids_certified\05_ops_legacy\legacy_register.csv","LEG-192","PossibleStage","","Concrete non-placeholder value","Open non-blocked field"
"MEDIUM","05_ops_legacy","C:\Projects\MindLab_Starter_Project\docs\planning\kids_certified\05_ops_legacy\legacy_register.csv","LEG-192","RewritePriority","","Concrete non-placeholder value","Open non-blocked field"
"MEDIUM","05_ops_legacy","C:\Projects\MindLab_Starter_Project\docs\planning\kids_certified\05_ops_legacy\legacy_register.csv","LEG-193","PossibleCategory","","Concrete non-placeholder value","Open non-blocked field"
"MEDIUM","05_ops_legacy","C:\Projects\MindLab_Starter_Project\docs\planning\kids_certified\05_ops_legacy\legacy_register.csv","LEG-193","PossibleStage","","Concrete non-placeholder value","Open non-blocked field"
"MEDIUM","05_ops_legacy","C:\Projects\MindLab_Starter_Project\docs\planning\kids_certified\05_ops_legacy\legacy_register.csv","LEG-193","RewritePriority","","Concrete non-placeholder value","Open non-blocked field"
"MEDIUM","05_ops_legacy","C:\Projects\MindLab_Starter_Project\docs\planning\kids_certified\05_ops_legacy\legacy_register.csv","LEG-194","PossibleCategory","","Concrete non-placeholder value","Open non-blocked field"
"MEDIUM","05_ops_legacy","C:\Projects\MindLab_Starter_Project\docs\planning\kids_certified\05_ops_legacy\legacy_register.csv","LEG-194","PossibleStage","","Concrete non-placeholder value","Open non-blocked field"
"MEDIUM","05_ops_legacy","C:\Projects\MindLab_Starter_Project\docs\planning\kids_certified\05_ops_legacy\legacy_register.csv","LEG-194","RewritePriority","","Concrete non-placeholder value","Open non-blocked field"
"MEDIUM","05_ops_legacy","C:\Projects\MindLab_Starter_Project\docs\planning\kids_certified\05_ops_legacy\legacy_register.csv","LEG-195","PossibleCategory","","Concrete non-placeholder value","Open non-blocked field"
"MEDIUM","05_ops_legacy","C:\Projects\MindLab_Starter_Project\docs\planning\kids_certified\05_ops_legacy\legacy_register.csv","LEG-195","PossibleStage","","Concrete non-placeholder value","Open non-blocked field"
"MEDIUM","05_ops_legacy","C:\Projects\MindLab_Starter_Project\docs\planning\kids_certified\05_ops_legacy\legacy_register.csv","LEG-195","RewritePriority","","Concrete non-placeholder value","Open non-blocked field"
"MEDIUM","05_ops_legacy","C:\Projects\MindLab_Starter_Project\docs\planning\kids_certified\05_ops_legacy\legacy_register.csv","LEG-196","PossibleStage","","Concrete non-placeholder value","Open non-blocked field"
"MEDIUM","05_ops_legacy","C:\Projects\MindLab_Starter_Project\docs\planning\kids_certified\05_ops_legacy\legacy_register.csv","LEG-196","RewritePriority","","Concrete non-placeholder value","Open non-blocked field"
"MEDIUM","05_ops_legacy","C:\Projects\MindLab_Starter_Project\docs\planning\kids_certified\05_ops_legacy\legacy_register.csv","LEG-197","PossibleStage","","Concrete non-placeholder value","Open non-blocked field"
"MEDIUM","05_ops_legacy","C:\Projects\MindLab_Starter_Project\docs\planning\kids_certified\05_ops_legacy\legacy_register.csv","LEG-197","RewritePriority","","Concrete non-placeholder value","Open non-blocked field"
"MEDIUM","05_ops_legacy","C:\Projects\MindLab_Starter_Project\docs\planning\kids_certified\05_ops_legacy\legacy_register.csv","LEG-198","PossibleCategory","","Concrete non-placeholder value","Open non-blocked field"
"MEDIUM","05_ops_legacy","C:\Projects\MindLab_Starter_Project\docs\planning\kids_certified\05_ops_legacy\legacy_register.csv","LEG-198","PossibleStage","","Concrete non-placeholder value","Open non-blocked field"
"MEDIUM","05_ops_legacy","C:\Projects\MindLab_Starter_Project\docs\planning\kids_certified\05_ops_legacy\legacy_register.csv","LEG-198","RewritePriority","","Concrete non-placeholder value","Open non-blocked field"
"MEDIUM","05_ops_legacy","C:\Projects\MindLab_Starter_Project\docs\planning\kids_certified\05_ops_legacy\legacy_register.csv","LEG-199","PossibleCategory","","Concrete non-placeholder value","Open non-blocked field"
"MEDIUM","05_ops_legacy","C:\Projects\MindLab_Starter_Project\docs\planning\kids_certified\05_ops_legacy\legacy_register.csv","LEG-199","PossibleStage","","Concrete non-placeholder value","Open non-blocked field"
"MEDIUM","05_ops_legacy","C:\Projects\MindLab_Starter_Project\docs\planning\kids_certified\05_ops_legacy\legacy_register.csv","LEG-199","RewritePriority","","Concrete non-placeholder value","Open non-blocked field"
"MEDIUM","05_ops_legacy","C:\Projects\MindLab_Starter_Project\docs\planning\kids_certified\05_ops_legacy\legacy_register.csv","LEG-200","PossibleCategory","","Concrete non-placeholder value","Open non-blocked field"
"MEDIUM","05_ops_legacy","C:\Projects\MindLab_Starter_Project\docs\planning\kids_certified\05_ops_legacy\legacy_register.csv","LEG-200","PossibleStage","","Concrete non-placeholder value","Open non-blocked field"
"MEDIUM","05_ops_legacy","C:\Projects\MindLab_Starter_Project\docs\planning\kids_certified\05_ops_legacy\legacy_register.csv","LEG-200","RewritePriority","","Concrete non-placeholder value","Open non-blocked field"
"MEDIUM","05_ops_legacy","C:\Projects\MindLab_Starter_Project\docs\planning\kids_certified\05_ops_legacy\legacy_register.csv","LEG-201","PossibleCategory","","Concrete non-placeholder value","Open non-blocked field"
"MEDIUM","05_ops_legacy","C:\Projects\MindLab_Starter_Project\docs\planning\kids_certified\05_ops_legacy\legacy_register.csv","LEG-201","PossibleStage","","Concrete non-placeholder value","Open non-blocked field"
"MEDIUM","05_ops_legacy","C:\Projects\MindLab_Starter_Project\docs\planning\kids_certified\05_ops_legacy\legacy_register.csv","LEG-201","RewritePriority","","Concrete non-placeholder value","Open non-blocked field"
"MEDIUM","05_ops_legacy","C:\Projects\MindLab_Starter_Project\docs\planning\kids_certified\05_ops_legacy\legacy_register.csv","LEG-202","PossibleCategory","","Concrete non-placeholder value","Open non-blocked field"
"MEDIUM","05_ops_legacy","C:\Projects\MindLab_Starter_Project\docs\planning\kids_certified\05_ops_legacy\legacy_register.csv","LEG-202","PossibleStage","","Concrete non-placeholder value","Open non-blocked field"
"MEDIUM","05_ops_legacy","C:\Projects\MindLab_Starter_Project\docs\planning\kids_certified\05_ops_legacy\legacy_register.csv","LEG-202","RewritePriority","","Concrete non-placeholder value","Open non-blocked field"
"MEDIUM","05_ops_legacy","C:\Projects\MindLab_Starter_Project\docs\planning\kids_certified\05_ops_legacy\legacy_register.csv","LEG-203","PossibleCategory","","Concrete non-placeholder value","Open non-blocked field"
"MEDIUM","05_ops_legacy","C:\Projects\MindLab_Starter_Project\docs\planning\kids_certified\05_ops_legacy\legacy_register.csv","LEG-203","PossibleStage","","Concrete non-placeholder value","Open non-blocked field"
"MEDIUM","05_ops_legacy","C:\Projects\MindLab_Starter_Project\docs\planning\kids_certified\05_ops_legacy\legacy_register.csv","LEG-203","RewritePriority","","Concrete non-placeholder value","Open non-blocked field"
"MEDIUM","05_ops_legacy","C:\Projects\MindLab_Starter_Project\docs\planning\kids_certified\05_ops_legacy\legacy_register.csv","LEG-204","PossibleCategory","","Concrete non-placeholder value","Open non-blocked field"
"MEDIUM","05_ops_legacy","C:\Projects\MindLab_Starter_Project\docs\planning\kids_certified\05_ops_legacy\legacy_register.csv","LEG-204","PossibleStage","","Concrete non-placeholder value","Open non-blocked field"
"MEDIUM","05_ops_legacy","C:\Projects\MindLab_Starter_Project\docs\planning\kids_certified\05_ops_legacy\legacy_register.csv","LEG-204","RewritePriority","","Concrete non-placeholder value","Open non-blocked field"
"MEDIUM","05_ops_legacy","C:\Projects\MindLab_Starter_Project\docs\planning\kids_certified\05_ops_legacy\legacy_register.csv","LEG-205","PossibleCategory","","Concrete non-placeholder value","Open non-blocked field"
"MEDIUM","05_ops_legacy","C:\Projects\MindLab_Starter_Project\docs\planning\kids_certified\05_ops_legacy\legacy_register.csv","LEG-205","PossibleStage","","Concrete non-placeholder value","Open non-blocked field"
"MEDIUM","05_ops_legacy","C:\Projects\MindLab_Starter_Project\docs\planning\kids_certified\05_ops_legacy\legacy_register.csv","LEG-205","RewritePriority","","Concrete non-placeholder value","Open non-blocked field"
"MEDIUM","05_ops_legacy","C:\Projects\MindLab_Starter_Project\docs\planning\kids_certified\05_ops_legacy\legacy_register.csv","LEG-206","PossibleCategory","","Concrete non-placeholder value","Open non-blocked field"
"MEDIUM","05_ops_legacy","C:\Projects\MindLab_Starter_Project\docs\planning\kids_certified\05_ops_legacy\legacy_register.csv","LEG-206","PossibleStage","","Concrete non-placeholder value","Open non-blocked field"
"MEDIUM","05_ops_legacy","C:\Projects\MindLab_Starter_Project\docs\planning\kids_certified\05_ops_legacy\legacy_register.csv","LEG-206","RewritePriority","","Concrete non-placeholder value","Open non-blocked field"
"MEDIUM","05_ops_legacy","C:\Projects\MindLab_Starter_Project\docs\planning\kids_certified\05_ops_legacy\legacy_register.csv","LEG-207","PossibleCategory","","Concrete non-placeholder value","Open non-blocked field"
"MEDIUM","05_ops_legacy","C:\Projects\MindLab_Starter_Project\docs\planning\kids_certified\05_ops_legacy\legacy_register.csv","LEG-207","PossibleStage","","Concrete non-placeholder value","Open non-blocked field"
"MEDIUM","05_ops_legacy","C:\Projects\MindLab_Starter_Project\docs\planning\kids_certified\05_ops_legacy\legacy_register.csv","LEG-207","RewritePriority","","Concrete non-placeholder value","Open non-blocked field"
"MEDIUM","05_ops_legacy","C:\Projects\MindLab_Starter_Project\docs\planning\kids_certified\05_ops_legacy\legacy_register.csv","LEG-208","PossibleCategory","","Concrete non-placeholder value","Open non-blocked field"
"MEDIUM","05_ops_legacy","C:\Projects\MindLab_Starter_Project\docs\planning\kids_certified\05_ops_legacy\legacy_register.csv","LEG-208","PossibleStage","","Concrete non-placeholder value","Open non-blocked field"
"MEDIUM","05_ops_legacy","C:\Projects\MindLab_Starter_Project\docs\planning\kids_certified\05_ops_legacy\legacy_register.csv","LEG-208","RewritePriority","","Concrete non-placeholder value","Open non-blocked field"
"MEDIUM","05_ops_legacy","C:\Projects\MindLab_Starter_Project\docs\planning\kids_certified\05_ops_legacy\legacy_register.csv","LEG-209","PossibleCategory","","Concrete non-placeholder value","Open non-blocked field"
"MEDIUM","05_ops_legacy","C:\Projects\MindLab_Starter_Project\docs\planning\kids_certified\05_ops_legacy\legacy_register.csv","LEG-209","PossibleStage","","Concrete non-placeholder value","Open non-blocked field"
"MEDIUM","05_ops_legacy","C:\Projects\MindLab_Starter_Project\docs\planning\kids_certified\05_ops_legacy\legacy_register.csv","LEG-209","RewritePriority","","Concrete non-placeholder value","Open non-blocked field"
"MEDIUM","05_ops_legacy","C:\Projects\MindLab_Starter_Project\docs\planning\kids_certified\05_ops_legacy\legacy_register.csv","LEG-210","PossibleCategory","","Concrete non-placeholder value","Open non-blocked field"
"MEDIUM","05_ops_legacy","C:\Projects\MindLab_Starter_Project\docs\planning\kids_certified\05_ops_legacy\legacy_register.csv","LEG-210","PossibleStage","","Concrete non-placeholder value","Open non-blocked field"
"MEDIUM","05_ops_legacy","C:\Projects\MindLab_Starter_Project\docs\planning\kids_certified\05_ops_legacy\legacy_register.csv","LEG-210","RewritePriority","","Concrete non-placeholder value","Open non-blocked field"
"MEDIUM","05_ops_legacy","C:\Projects\MindLab_Starter_Project\docs\planning\kids_certified\05_ops_legacy\legacy_register.csv","LEG-211","PossibleCategory","","Concrete non-placeholder value","Open non-blocked field"
"MEDIUM","05_ops_legacy","C:\Projects\MindLab_Starter_Project\docs\planning\kids_certified\05_ops_legacy\legacy_register.csv","LEG-211","PossibleStage","","Concrete non-placeholder value","Open non-blocked field"
"MEDIUM","05_ops_legacy","C:\Projects\MindLab_Starter_Project\docs\planning\kids_certified\05_ops_legacy\legacy_register.csv","LEG-211","RewritePriority","","Concrete non-placeholder value","Open non-blocked field"
"MEDIUM","05_ops_legacy","C:\Projects\MindLab_Starter_Project\docs\planning\kids_certified\05_ops_legacy\legacy_register.csv","LEG-212","PossibleCategory","","Concrete non-placeholder value","Open non-blocked field"
"MEDIUM","05_ops_legacy","C:\Projects\MindLab_Starter_Project\docs\planning\kids_certified\05_ops_legacy\legacy_register.csv","LEG-212","PossibleStage","","Concrete non-placeholder value","Open non-blocked field"
"MEDIUM","05_ops_legacy","C:\Projects\MindLab_Starter_Project\docs\planning\kids_certified\05_ops_legacy\legacy_register.csv","LEG-212","RewritePriority","","Concrete non-placeholder value","Open non-blocked field"
"MEDIUM","05_ops_legacy","C:\Projects\MindLab_Starter_Project\docs\planning\kids_certified\05_ops_legacy\legacy_register.csv","LEG-213","PossibleCategory","","Concrete non-placeholder value","Open non-blocked field"
"MEDIUM","05_ops_legacy","C:\Projects\MindLab_Starter_Project\docs\planning\kids_certified\05_ops_legacy\legacy_register.csv","LEG-213","PossibleStage","","Concrete non-placeholder value","Open non-blocked field"
"MEDIUM","05_ops_legacy","C:\Projects\MindLab_Starter_Project\docs\planning\kids_certified\05_ops_legacy\legacy_register.csv","LEG-213","RewritePriority","","Concrete non-placeholder value","Open non-blocked field"
"MEDIUM","05_ops_legacy","C:\Projects\MindLab_Starter_Project\docs\planning\kids_certified\05_ops_legacy\legacy_register.csv","LEG-214","PossibleCategory","","Concrete non-placeholder value","Open non-blocked field"
"MEDIUM","05_ops_legacy","C:\Projects\MindLab_Starter_Project\docs\planning\kids_certified\05_ops_legacy\legacy_register.csv","LEG-214","PossibleStage","","Concrete non-placeholder value","Open non-blocked field"
"MEDIUM","05_ops_legacy","C:\Projects\MindLab_Starter_Project\docs\planning\kids_certified\05_ops_legacy\legacy_register.csv","LEG-214","RewritePriority","","Concrete non-placeholder value","Open non-blocked field"
"MEDIUM","05_ops_legacy","C:\Projects\MindLab_Starter_Project\docs\planning\kids_certified\05_ops_legacy\legacy_register.csv","LEG-215","PossibleCategory","","Concrete non-placeholder value","Open non-blocked field"
"MEDIUM","05_ops_legacy","C:\Projects\MindLab_Starter_Project\docs\planning\kids_certified\05_ops_legacy\legacy_register.csv","LEG-215","PossibleStage","","Concrete non-placeholder value","Open non-blocked field"
"MEDIUM","05_ops_legacy","C:\Projects\MindLab_Starter_Project\docs\planning\kids_certified\05_ops_legacy\legacy_register.csv","LEG-215","RewritePriority","","Concrete non-placeholder value","Open non-blocked field"
"MEDIUM","05_ops_legacy","C:\Projects\MindLab_Starter_Project\docs\planning\kids_certified\05_ops_legacy\legacy_register.csv","LEG-216","PossibleCategory","","Concrete non-placeholder value","Open non-blocked field"
"MEDIUM","05_ops_legacy","C:\Projects\MindLab_Starter_Project\docs\planning\kids_certified\05_ops_legacy\legacy_register.csv","LEG-216","PossibleStage","","Concrete non-placeholder value","Open non-blocked field"
"MEDIUM","05_ops_legacy","C:\Projects\MindLab_Starter_Project\docs\planning\kids_certified\05_ops_legacy\legacy_register.csv","LEG-216","RewritePriority","","Concrete non-placeholder value","Open non-blocked field"
"MEDIUM","05_ops_legacy","C:\Projects\MindLab_Starter_Project\docs\planning\kids_certified\05_ops_legacy\legacy_register.csv","LEG-217","PossibleCategory","","Concrete non-placeholder value","Open non-blocked field"
"MEDIUM","05_ops_legacy","C:\Projects\MindLab_Starter_Project\docs\planning\kids_certified\05_ops_legacy\legacy_register.csv","LEG-217","PossibleStage","","Concrete non-placeholder value","Open non-blocked field"
"MEDIUM","05_ops_legacy","C:\Projects\MindLab_Starter_Project\docs\planning\kids_certified\05_ops_legacy\legacy_register.csv","LEG-217","RewritePriority","","Concrete non-placeholder value","Open non-blocked field"
"MEDIUM","05_ops_legacy","C:\Projects\MindLab_Starter_Project\docs\planning\kids_certified\05_ops_legacy\legacy_register.csv","LEG-218","PossibleCategory","","Concrete non-placeholder value","Open non-blocked field"
"MEDIUM","05_ops_legacy","C:\Projects\MindLab_Starter_Project\docs\planning\kids_certified\05_ops_legacy\legacy_register.csv","LEG-218","PossibleStage","","Concrete non-placeholder value","Open non-blocked field"
"MEDIUM","05_ops_legacy","C:\Projects\MindLab_Starter_Project\docs\planning\kids_certified\05_ops_legacy\legacy_register.csv","LEG-218","RewritePriority","","Concrete non-placeholder value","Open non-blocked field"
"MEDIUM","05_ops_legacy","C:\Projects\MindLab_Starter_Project\docs\planning\kids_certified\05_ops_legacy\legacy_register.csv","LEG-219","PossibleCategory","","Concrete non-placeholder value","Open non-blocked field"
"MEDIUM","05_ops_legacy","C:\Projects\MindLab_Starter_Project\docs\planning\kids_certified\05_ops_legacy\legacy_register.csv","LEG-219","PossibleStage","","Concrete non-placeholder value","Open non-blocked field"
"MEDIUM","05_ops_legacy","C:\Projects\MindLab_Starter_Project\docs\planning\kids_certified\05_ops_legacy\legacy_register.csv","LEG-219","RewritePriority","","Concrete non-placeholder value","Open non-blocked field"
"MEDIUM","05_ops_legacy","C:\Projects\MindLab_Starter_Project\docs\planning\kids_certified\05_ops_legacy\legacy_register.csv","LEG-220","PossibleCategory","","Concrete non-placeholder value","Open non-blocked field"
"MEDIUM","05_ops_legacy","C:\Projects\MindLab_Starter_Project\docs\planning\kids_certified\05_ops_legacy\legacy_register.csv","LEG-220","PossibleStage","","Concrete non-placeholder value","Open non-blocked field"
"MEDIUM","05_ops_legacy","C:\Projects\MindLab_Starter_Project\docs\planning\kids_certified\05_ops_legacy\legacy_register.csv","LEG-220","RewritePriority","","Concrete non-placeholder value","Open non-blocked field"
"MEDIUM","05_ops_legacy","C:\Projects\MindLab_Starter_Project\docs\planning\kids_certified\05_ops_legacy\legacy_register.csv","LEG-221","PossibleCategory","","Concrete non-placeholder value","Open non-blocked field"
"MEDIUM","05_ops_legacy","C:\Projects\MindLab_Starter_Project\docs\planning\kids_certified\05_ops_legacy\legacy_register.csv","LEG-221","PossibleStage","","Concrete non-placeholder value","Open non-blocked field"
"MEDIUM","05_ops_legacy","C:\Projects\MindLab_Starter_Project\docs\planning\kids_certified\05_ops_legacy\legacy_register.csv","LEG-221","RewritePriority","","Concrete non-placeholder value","Open non-blocked field"
"MEDIUM","05_ops_legacy","C:\Projects\MindLab_Starter_Project\docs\planning\kids_certified\05_ops_legacy\legacy_register.csv","LEG-222","PossibleCategory","","Concrete non-placeholder value","Open non-blocked field"
"MEDIUM","05_ops_legacy","C:\Projects\MindLab_Starter_Project\docs\planning\kids_certified\05_ops_legacy\legacy_register.csv","LEG-222","PossibleStage","","Concrete non-placeholder value","Open non-blocked field"
"MEDIUM","05_ops_legacy","C:\Projects\MindLab_Starter_Project\docs\planning\kids_certified\05_ops_legacy\legacy_register.csv","LEG-222","RewritePriority","","Concrete non-placeholder value","Open non-blocked field"
"MEDIUM","05_ops_legacy","C:\Projects\MindLab_Starter_Project\docs\planning\kids_certified\05_ops_legacy\legacy_register.csv","LEG-223","PossibleCategory","","Concrete non-placeholder value","Open non-blocked field"
"MEDIUM","05_ops_legacy","C:\Projects\MindLab_Starter_Project\docs\planning\kids_certified\05_ops_legacy\legacy_register.csv","LEG-223","PossibleStage","","Concrete non-placeholder value","Open non-blocked field"
"MEDIUM","05_ops_legacy","C:\Projects\MindLab_Starter_Project\docs\planning\kids_certified\05_ops_legacy\legacy_register.csv","LEG-223","RewritePriority","","Concrete non-placeholder value","Open non-blocked field"
"MEDIUM","05_ops_legacy","C:\Projects\MindLab_Starter_Project\docs\planning\kids_certified\05_ops_legacy\legacy_register.csv","LEG-224","PossibleCategory","","Concrete non-placeholder value","Open non-blocked field"
"MEDIUM","05_ops_legacy","C:\Projects\MindLab_Starter_Project\docs\planning\kids_certified\05_ops_legacy\legacy_register.csv","LEG-224","PossibleStage","","Concrete non-placeholder value","Open non-blocked field"
"MEDIUM","05_ops_legacy","C:\Projects\MindLab_Starter_Project\docs\planning\kids_certified\05_ops_legacy\legacy_register.csv","LEG-224","RewritePriority","","Concrete non-placeholder value","Open non-blocked field"
"MEDIUM","05_ops_legacy","C:\Projects\MindLab_Starter_Project\docs\planning\kids_certified\05_ops_legacy\legacy_register.csv","LEG-225","PossibleCategory","","Concrete non-placeholder value","Open non-blocked field"
"MEDIUM","05_ops_legacy","C:\Projects\MindLab_Starter_Project\docs\planning\kids_certified\05_ops_legacy\legacy_register.csv","LEG-225","PossibleStage","","Concrete non-placeholder value","Open non-blocked field"
"MEDIUM","05_ops_legacy","C:\Projects\MindLab_Starter_Project\docs\planning\kids_certified\05_ops_legacy\legacy_register.csv","LEG-225","RewritePriority","","Concrete non-placeholder value","Open non-blocked field"
"MEDIUM","05_ops_legacy","C:\Projects\MindLab_Starter_Project\docs\planning\kids_certified\05_ops_legacy\legacy_register.csv","LEG-226","PossibleCategory","","Concrete non-placeholder value","Open non-blocked field"
"MEDIUM","05_ops_legacy","C:\Projects\MindLab_Starter_Project\docs\planning\kids_certified\05_ops_legacy\legacy_register.csv","LEG-226","PossibleStage","","Concrete non-placeholder value","Open non-blocked field"
"MEDIUM","05_ops_legacy","C:\Projects\MindLab_Starter_Project\docs\planning\kids_certified\05_ops_legacy\legacy_register.csv","LEG-226","RewritePriority","","Concrete non-placeholder value","Open non-blocked field"
"MEDIUM","05_ops_legacy","C:\Projects\MindLab_Starter_Project\docs\planning\kids_certified\05_ops_legacy\legacy_register.csv","LEG-227","PossibleCategory","","Concrete non-placeholder value","Open non-blocked field"
"MEDIUM","05_ops_legacy","C:\Projects\MindLab_Starter_Project\docs\planning\kids_certified\05_ops_legacy\legacy_register.csv","LEG-227","PossibleStage","","Concrete non-placeholder value","Open non-blocked field"
"MEDIUM","05_ops_legacy","C:\Projects\MindLab_Starter_Project\docs\planning\kids_certified\05_ops_legacy\legacy_register.csv","LEG-227","RewritePriority","","Concrete non-placeholder value","Open non-blocked field"
"MEDIUM","05_ops_legacy","C:\Projects\MindLab_Starter_Project\docs\planning\kids_certified\05_ops_legacy\legacy_register.csv","LEG-228","PossibleCategory","","Concrete non-placeholder value","Open non-blocked field"
"MEDIUM","05_ops_legacy","C:\Projects\MindLab_Starter_Project\docs\planning\kids_certified\05_ops_legacy\legacy_register.csv","LEG-228","PossibleStage","","Concrete non-placeholder value","Open non-blocked field"
"MEDIUM","05_ops_legacy","C:\Projects\MindLab_Starter_Project\docs\planning\kids_certified\05_ops_legacy\legacy_register.csv","LEG-228","RewritePriority","","Concrete non-placeholder value","Open non-blocked field"
"MEDIUM","05_ops_legacy","C:\Projects\MindLab_Starter_Project\docs\planning\kids_certified\05_ops_legacy\legacy_register.csv","LEG-229","PossibleCategory","","Concrete non-placeholder value","Open non-blocked field"
"MEDIUM","05_ops_legacy","C:\Projects\MindLab_Starter_Project\docs\planning\kids_certified\05_ops_legacy\legacy_register.csv","LEG-229","PossibleStage","","Concrete non-placeholder value","Open non-blocked field"
"MEDIUM","05_ops_legacy","C:\Projects\MindLab_Starter_Project\docs\planning\kids_certified\05_ops_legacy\legacy_register.csv","LEG-229","RewritePriority","","Concrete non-placeholder value","Open non-blocked field"
"MEDIUM","05_ops_legacy","C:\Projects\MindLab_Starter_Project\docs\planning\kids_certified\05_ops_legacy\legacy_register.csv","LEG-230","PossibleCategory","","Concrete non-placeholder value","Open non-blocked field"
"MEDIUM","05_ops_legacy","C:\Projects\MindLab_Starter_Project\docs\planning\kids_certified\05_ops_legacy\legacy_register.csv","LEG-230","PossibleStage","","Concrete non-placeholder value","Open non-blocked field"
"MEDIUM","05_ops_legacy","C:\Projects\MindLab_Starter_Project\docs\planning\kids_certified\05_ops_legacy\legacy_register.csv","LEG-230","RewritePriority","","Concrete non-placeholder value","Open non-blocked field"
"MEDIUM","05_ops_legacy","C:\Projects\MindLab_Starter_Project\docs\planning\kids_certified\05_ops_legacy\legacy_register.csv","LEG-231","PossibleCategory","","Concrete non-placeholder value","Open non-blocked field"
"MEDIUM","05_ops_legacy","C:\Projects\MindLab_Starter_Project\docs\planning\kids_certified\05_ops_legacy\legacy_register.csv","LEG-231","PossibleStage","","Concrete non-placeholder value","Open non-blocked field"
"MEDIUM","05_ops_legacy","C:\Projects\MindLab_Starter_Project\docs\planning\kids_certified\05_ops_legacy\legacy_register.csv","LEG-231","RewritePriority","","Concrete non-placeholder value","Open non-blocked field"
"MEDIUM","05_ops_legacy","C:\Projects\MindLab_Starter_Project\docs\planning\kids_certified\05_ops_legacy\legacy_register.csv","LEG-232","PossibleCategory","","Concrete non-placeholder value","Open non-blocked field"
"MEDIUM","05_ops_legacy","C:\Projects\MindLab_Starter_Project\docs\planning\kids_certified\05_ops_legacy\legacy_register.csv","LEG-232","PossibleStage","","Concrete non-placeholder value","Open non-blocked field"
"MEDIUM","05_ops_legacy","C:\Projects\MindLab_Starter_Project\docs\planning\kids_certified\05_ops_legacy\legacy_register.csv","LEG-232","RewritePriority","","Concrete non-placeholder value","Open non-blocked field"
"MEDIUM","05_ops_legacy","C:\Projects\MindLab_Starter_Project\docs\planning\kids_certified\05_ops_legacy\legacy_register.csv","LEG-233","PossibleStage","","Concrete non-placeholder value","Open non-blocked field"
"MEDIUM","05_ops_legacy","C:\Projects\MindLab_Starter_Project\docs\planning\kids_certified\05_ops_legacy\legacy_register.csv","LEG-233","RewritePriority","","Concrete non-placeholder value","Open non-blocked field"
"MEDIUM","05_ops_legacy","C:\Projects\MindLab_Starter_Project\docs\planning\kids_certified\05_ops_legacy\legacy_register.csv","LEG-234","PossibleCategory","","Concrete non-placeholder value","Open non-blocked field"
"MEDIUM","05_ops_legacy","C:\Projects\MindLab_Starter_Project\docs\planning\kids_certified\05_ops_legacy\legacy_register.csv","LEG-234","PossibleStage","","Concrete non-placeholder value","Open non-blocked field"
"MEDIUM","05_ops_legacy","C:\Projects\MindLab_Starter_Project\docs\planning\kids_certified\05_ops_legacy\legacy_register.csv","LEG-234","RewritePriority","","Concrete non-placeholder value","Open non-blocked field"
"MEDIUM","05_ops_legacy","C:\Projects\MindLab_Starter_Project\docs\planning\kids_certified\05_ops_legacy\legacy_register.csv","LEG-235","PossibleStage","","Concrete non-placeholder value","Open non-blocked field"
"MEDIUM","05_ops_legacy","C:\Projects\MindLab_Starter_Project\docs\planning\kids_certified\05_ops_legacy\legacy_register.csv","LEG-235","RewritePriority","","Concrete non-placeholder value","Open non-blocked field"
"MEDIUM","05_ops_legacy","C:\Projects\MindLab_Starter_Project\docs\planning\kids_certified\05_ops_legacy\legacy_register.csv","LEG-236","PossibleCategory","","Concrete non-placeholder value","Open non-blocked field"
"MEDIUM","05_ops_legacy","C:\Projects\MindLab_Starter_Project\docs\planning\kids_certified\05_ops_legacy\legacy_register.csv","LEG-236","PossibleStage","","Concrete non-placeholder value","Open non-blocked field"
"MEDIUM","05_ops_legacy","C:\Projects\MindLab_Starter_Project\docs\planning\kids_certified\05_ops_legacy\legacy_register.csv","LEG-236","RewritePriority","","Concrete non-placeholder value","Open non-blocked field"
"MEDIUM","05_ops_legacy","C:\Projects\MindLab_Starter_Project\docs\planning\kids_certified\05_ops_legacy\legacy_register.csv","LEG-237","PossibleCategory","","Concrete non-placeholder value","Open non-blocked field"
"MEDIUM","05_ops_legacy","C:\Projects\MindLab_Starter_Project\docs\planning\kids_certified\05_ops_legacy\legacy_register.csv","LEG-237","PossibleStage","","Concrete non-placeholder value","Open non-blocked field"
"MEDIUM","05_ops_legacy","C:\Projects\MindLab_Starter_Project\docs\planning\kids_certified\05_ops_legacy\legacy_register.csv","LEG-237","RewritePriority","","Concrete non-placeholder value","Open non-blocked field"
"MEDIUM","05_ops_legacy","C:\Projects\MindLab_Starter_Project\docs\planning\kids_certified\05_ops_legacy\legacy_register.csv","LEG-238","PossibleCategory","","Concrete non-placeholder value","Open non-blocked field"
"MEDIUM","05_ops_legacy","C:\Projects\MindLab_Starter_Project\docs\planning\kids_certified\05_ops_legacy\legacy_register.csv","LEG-238","PossibleStage","","Concrete non-placeholder value","Open non-blocked field"
"MEDIUM","05_ops_legacy","C:\Projects\MindLab_Starter_Project\docs\planning\kids_certified\05_ops_legacy\legacy_register.csv","LEG-238","RewritePriority","","Concrete non-placeholder value","Open non-blocked field"
"MEDIUM","05_ops_legacy","C:\Projects\MindLab_Starter_Project\docs\planning\kids_certified\05_ops_legacy\legacy_register.csv","LEG-239","PossibleCategory","","Concrete non-placeholder value","Open non-blocked field"
"MEDIUM","05_ops_legacy","C:\Projects\MindLab_Starter_Project\docs\planning\kids_certified\05_ops_legacy\legacy_register.csv","LEG-239","PossibleStage","","Concrete non-placeholder value","Open non-blocked field"
"MEDIUM","05_ops_legacy","C:\Projects\MindLab_Starter_Project\docs\planning\kids_certified\05_ops_legacy\legacy_register.csv","LEG-239","RewritePriority","","Concrete non-placeholder value","Open non-blocked field"
"MEDIUM","05_ops_legacy","C:\Projects\MindLab_Starter_Project\docs\planning\kids_certified\05_ops_legacy\legacy_register.csv","LEG-240","PossibleCategory","","Concrete non-placeholder value","Open non-blocked field"
"MEDIUM","05_ops_legacy","C:\Projects\MindLab_Starter_Project\docs\planning\kids_certified\05_ops_legacy\legacy_register.csv","LEG-240","PossibleStage","","Concrete non-placeholder value","Open non-blocked field"
"MEDIUM","05_ops_legacy","C:\Projects\MindLab_Starter_Project\docs\planning\kids_certified\05_ops_legacy\legacy_register.csv","LEG-240","RewritePriority","","Concrete non-placeholder value","Open non-blocked field"
"MEDIUM","05_ops_legacy","C:\Projects\MindLab_Starter_Project\docs\planning\kids_certified\05_ops_legacy\legacy_register.csv","LEG-241","PossibleCategory","","Concrete non-placeholder value","Open non-blocked field"
"MEDIUM","05_ops_legacy","C:\Projects\MindLab_Starter_Project\docs\planning\kids_certified\05_ops_legacy\legacy_register.csv","LEG-241","PossibleStage","","Concrete non-placeholder value","Open non-blocked field"
"MEDIUM","05_ops_legacy","C:\Projects\MindLab_Starter_Project\docs\planning\kids_certified\05_ops_legacy\legacy_register.csv","LEG-241","RewritePriority","","Concrete non-placeholder value","Open non-blocked field"
"MEDIUM","05_ops_legacy","C:\Projects\MindLab_Starter_Project\docs\planning\kids_certified\05_ops_legacy\legacy_register.csv","LEG-242","PossibleCategory","","Concrete non-placeholder value","Open non-blocked field"
"MEDIUM","05_ops_legacy","C:\Projects\MindLab_Starter_Project\docs\planning\kids_certified\05_ops_legacy\legacy_register.csv","LEG-242","PossibleStage","","Concrete non-placeholder value","Open non-blocked field"
"MEDIUM","05_ops_legacy","C:\Projects\MindLab_Starter_Project\docs\planning\kids_certified\05_ops_legacy\legacy_register.csv","LEG-242","RewritePriority","","Concrete non-placeholder value","Open non-blocked field"
"MEDIUM","05_ops_legacy","C:\Projects\MindLab_Starter_Project\docs\planning\kids_certified\05_ops_legacy\legacy_register.csv","LEG-243","PossibleCategory","","Concrete non-placeholder value","Open non-blocked field"
"MEDIUM","05_ops_legacy","C:\Projects\MindLab_Starter_Project\docs\planning\kids_certified\05_ops_legacy\legacy_register.csv","LEG-243","PossibleStage","","Concrete non-placeholder value","Open non-blocked field"
"MEDIUM","05_ops_legacy","C:\Projects\MindLab_Starter_Project\docs\planning\kids_certified\05_ops_legacy\legacy_register.csv","LEG-243","RewritePriority","","Concrete non-placeholder value","Open non-blocked field"
"MEDIUM","05_ops_legacy","C:\Projects\MindLab_Starter_Project\docs\planning\kids_certified\05_ops_legacy\legacy_register.csv","LEG-244","PossibleCategory","","Concrete non-placeholder value","Open non-blocked field"
"MEDIUM","05_ops_legacy","C:\Projects\MindLab_Starter_Project\docs\planning\kids_certified\05_ops_legacy\legacy_register.csv","LEG-244","PossibleStage","","Concrete non-placeholder value","Open non-blocked field"
"MEDIUM","05_ops_legacy","C:\Projects\MindLab_Starter_Project\docs\planning\kids_certified\05_ops_legacy\legacy_register.csv","LEG-244","RewritePriority","","Concrete non-placeholder value","Open non-blocked field"
"MEDIUM","05_ops_legacy","C:\Projects\MindLab_Starter_Project\docs\planning\kids_certified\05_ops_legacy\legacy_register.csv","LEG-245","PossibleCategory","","Concrete non-placeholder value","Open non-blocked field"
"MEDIUM","05_ops_legacy","C:\Projects\MindLab_Starter_Project\docs\planning\kids_certified\05_ops_legacy\legacy_register.csv","LEG-245","PossibleStage","","Concrete non-placeholder value","Open non-blocked field"
"MEDIUM","05_ops_legacy","C:\Projects\MindLab_Starter_Project\docs\planning\kids_certified\05_ops_legacy\legacy_register.csv","LEG-245","RewritePriority","","Concrete non-placeholder value","Open non-blocked field"
"MEDIUM","05_ops_legacy","C:\Projects\MindLab_Starter_Project\docs\planning\kids_certified\05_ops_legacy\legacy_register.csv","LEG-246","PossibleStage","","Concrete non-placeholder value","Open non-blocked field"
"MEDIUM","05_ops_legacy","C:\Projects\MindLab_Starter_Project\docs\planning\kids_certified\05_ops_legacy\legacy_register.csv","LEG-246","RewritePriority","","Concrete non-placeholder value","Open non-blocked field"
"MEDIUM","05_ops_legacy","C:\Projects\MindLab_Starter_Project\docs\planning\kids_certified\05_ops_legacy\legacy_register.csv","LEG-247","PossibleCategory","","Concrete non-placeholder value","Open non-blocked field"
"MEDIUM","05_ops_legacy","C:\Projects\MindLab_Starter_Project\docs\planning\kids_certified\05_ops_legacy\legacy_register.csv","LEG-247","PossibleStage","","Concrete non-placeholder value","Open non-blocked field"
"MEDIUM","05_ops_legacy","C:\Projects\MindLab_Starter_Project\docs\planning\kids_certified\05_ops_legacy\legacy_register.csv","LEG-247","RewritePriority","","Concrete non-placeholder value","Open non-blocked field"
"MEDIUM","05_ops_legacy","C:\Projects\MindLab_Starter_Project\docs\planning\kids_certified\05_ops_legacy\legacy_register.csv","LEG-248","PossibleCategory","","Concrete non-placeholder value","Open non-blocked field"
"MEDIUM","05_ops_legacy","C:\Projects\MindLab_Starter_Project\docs\planning\kids_certified\05_ops_legacy\legacy_register.csv","LEG-248","PossibleStage","","Concrete non-placeholder value","Open non-blocked field"
"MEDIUM","05_ops_legacy","C:\Projects\MindLab_Starter_Project\docs\planning\kids_certified\05_ops_legacy\legacy_register.csv","LEG-248","RewritePriority","","Concrete non-placeholder value","Open non-blocked field"
"MEDIUM","05_ops_legacy","C:\Projects\MindLab_Starter_Project\docs\planning\kids_certified\05_ops_legacy\legacy_register.csv","LEG-249","PossibleCategory","","Concrete non-placeholder value","Open non-blocked field"
"MEDIUM","05_ops_legacy","C:\Projects\MindLab_Starter_Project\docs\planning\kids_certified\05_ops_legacy\legacy_register.csv","LEG-249","PossibleStage","","Concrete non-placeholder value","Open non-blocked field"
"MEDIUM","05_ops_legacy","C:\Projects\MindLab_Starter_Project\docs\planning\kids_certified\05_ops_legacy\legacy_register.csv","LEG-249","RewritePriority","","Concrete non-placeholder value","Open non-blocked field"
"MEDIUM","05_ops_legacy","C:\Projects\MindLab_Starter_Project\docs\planning\kids_certified\05_ops_legacy\legacy_register.csv","LEG-250","PossibleCategory","","Concrete non-placeholder value","Open non-blocked field"
"MEDIUM","05_ops_legacy","C:\Projects\MindLab_Starter_Project\docs\planning\kids_certified\05_ops_legacy\legacy_register.csv","LEG-250","PossibleStage","","Concrete non-placeholder value","Open non-blocked field"
"MEDIUM","05_ops_legacy","C:\Projects\MindLab_Starter_Project\docs\planning\kids_certified\05_ops_legacy\legacy_register.csv","LEG-250","RewritePriority","","Concrete non-placeholder value","Open non-blocked field"
"MEDIUM","05_ops_legacy","C:\Projects\MindLab_Starter_Project\docs\planning\kids_certified\05_ops_legacy\legacy_register.csv","LEG-251","PossibleCategory","","Concrete non-placeholder value","Open non-blocked field"
"MEDIUM","05_ops_legacy","C:\Projects\MindLab_Starter_Project\docs\planning\kids_certified\05_ops_legacy\legacy_register.csv","LEG-251","PossibleStage","","Concrete non-placeholder value","Open non-blocked field"
"MEDIUM","05_ops_legacy","C:\Projects\MindLab_Starter_Project\docs\planning\kids_certified\05_ops_legacy\legacy_register.csv","LEG-251","RewritePriority","","Concrete non-placeholder value","Open non-blocked field"
"MEDIUM","05_ops_legacy","C:\Projects\MindLab_Starter_Project\docs\planning\kids_certified\05_ops_legacy\legacy_register.csv","LEG-252","PossibleCategory","","Concrete non-placeholder value","Open non-blocked field"
"MEDIUM","05_ops_legacy","C:\Projects\MindLab_Starter_Project\docs\planning\kids_certified\05_ops_legacy\legacy_register.csv","LEG-252","PossibleStage","","Concrete non-placeholder value","Open non-blocked field"
"MEDIUM","05_ops_legacy","C:\Projects\MindLab_Starter_Project\docs\planning\kids_certified\05_ops_legacy\legacy_register.csv","LEG-252","RewritePriority","","Concrete non-placeholder value","Open non-blocked field"
"MEDIUM","05_ops_legacy","C:\Projects\MindLab_Starter_Project\docs\planning\kids_certified\05_ops_legacy\legacy_register.csv","LEG-253","PossibleCategory","","Concrete non-placeholder value","Open non-blocked field"
"MEDIUM","05_ops_legacy","C:\Projects\MindLab_Starter_Project\docs\planning\kids_certified\05_ops_legacy\legacy_register.csv","LEG-253","PossibleStage","","Concrete non-placeholder value","Open non-blocked field"
"MEDIUM","05_ops_legacy","C:\Projects\MindLab_Starter_Project\docs\planning\kids_certified\05_ops_legacy\legacy_register.csv","LEG-253","RewritePriority","","Concrete non-placeholder value","Open non-blocked field"
"MEDIUM","05_ops_legacy","C:\Projects\MindLab_Starter_Project\docs\planning\kids_certified\05_ops_legacy\legacy_register.csv","LEG-254","PossibleCategory","","Concrete non-placeholder value","Open non-blocked field"
"MEDIUM","05_ops_legacy","C:\Projects\MindLab_Starter_Project\docs\planning\kids_certified\05_ops_legacy\legacy_register.csv","LEG-254","PossibleStage","","Concrete non-placeholder value","Open non-blocked field"
"MEDIUM","05_ops_legacy","C:\Projects\MindLab_Starter_Project\docs\planning\kids_certified\05_ops_legacy\legacy_register.csv","LEG-254","RewritePriority","","Concrete non-placeholder value","Open non-blocked field"
"MEDIUM","05_ops_legacy","C:\Projects\MindLab_Starter_Project\docs\planning\kids_certified\05_ops_legacy\legacy_register.csv","LEG-255","PossibleCategory","","Concrete non-placeholder value","Open non-blocked field"
"MEDIUM","05_ops_legacy","C:\Projects\MindLab_Starter_Project\docs\planning\kids_certified\05_ops_legacy\legacy_register.csv","LEG-255","PossibleStage","","Concrete non-placeholder value","Open non-blocked field"
"MEDIUM","05_ops_legacy","C:\Projects\MindLab_Starter_Project\docs\planning\kids_certified\05_ops_legacy\legacy_register.csv","LEG-255","RewritePriority","","Concrete non-placeholder value","Open non-blocked field"
"MEDIUM","05_ops_legacy","C:\Projects\MindLab_Starter_Project\docs\planning\kids_certified\05_ops_legacy\legacy_register.csv","LEG-256","PossibleCategory","","Concrete non-placeholder value","Open non-blocked field"
"MEDIUM","05_ops_legacy","C:\Projects\MindLab_Starter_Project\docs\planning\kids_certified\05_ops_legacy\legacy_register.csv","LEG-256","PossibleStage","","Concrete non-placeholder value","Open non-blocked field"
"MEDIUM","05_ops_legacy","C:\Projects\MindLab_Starter_Project\docs\planning\kids_certified\05_ops_legacy\legacy_register.csv","LEG-256","RewritePriority","","Concrete non-placeholder value","Open non-blocked field"
"MEDIUM","05_ops_legacy","C:\Projects\MindLab_Starter_Project\docs\planning\kids_certified\05_ops_legacy\legacy_register.csv","LEG-257","PossibleCategory","","Concrete non-placeholder value","Open non-blocked field"
"MEDIUM","05_ops_legacy","C:\Projects\MindLab_Starter_Project\docs\planning\kids_certified\05_ops_legacy\legacy_register.csv","LEG-257","PossibleStage","","Concrete non-placeholder value","Open non-blocked field"
"MEDIUM","05_ops_legacy","C:\Projects\MindLab_Starter_Project\docs\planning\kids_certified\05_ops_legacy\legacy_register.csv","LEG-257","RewritePriority","","Concrete non-placeholder value","Open non-blocked field"
"MEDIUM","05_ops_legacy","C:\Projects\MindLab_Starter_Project\docs\planning\kids_certified\05_ops_legacy\legacy_register.csv","LEG-258","PossibleCategory","","Concrete non-placeholder value","Open non-blocked field"
"MEDIUM","05_ops_legacy","C:\Projects\MindLab_Starter_Project\docs\planning\kids_certified\05_ops_legacy\legacy_register.csv","LEG-258","PossibleStage","","Concrete non-placeholder value","Open non-blocked field"
"MEDIUM","05_ops_legacy","C:\Projects\MindLab_Starter_Project\docs\planning\kids_certified\05_ops_legacy\legacy_register.csv","LEG-258","RewritePriority","","Concrete non-placeholder value","Open non-blocked field"
"MEDIUM","05_ops_legacy","C:\Projects\MindLab_Starter_Project\docs\planning\kids_certified\05_ops_legacy\legacy_register.csv","LEG-259","PossibleCategory","","Concrete non-placeholder value","Open non-blocked field"
"MEDIUM","05_ops_legacy","C:\Projects\MindLab_Starter_Project\docs\planning\kids_certified\05_ops_legacy\legacy_register.csv","LEG-259","PossibleStage","","Concrete non-placeholder value","Open non-blocked field"
"MEDIUM","05_ops_legacy","C:\Projects\MindLab_Starter_Project\docs\planning\kids_certified\05_ops_legacy\legacy_register.csv","LEG-259","RewritePriority","","Concrete non-placeholder value","Open non-blocked field"
"MEDIUM","05_ops_legacy","C:\Projects\MindLab_Starter_Project\docs\planning\kids_certified\05_ops_legacy\legacy_register.csv","LEG-260","PossibleCategory","","Concrete non-placeholder value","Open non-blocked field"
"MEDIUM","05_ops_legacy","C:\Projects\MindLab_Starter_Project\docs\planning\kids_certified\05_ops_legacy\legacy_register.csv","LEG-260","PossibleStage","","Concrete non-placeholder value","Open non-blocked field"
"MEDIUM","05_ops_legacy","C:\Projects\MindLab_Starter_Project\docs\planning\kids_certified\05_ops_legacy\legacy_register.csv","LEG-260","RewritePriority","","Concrete non-placeholder value","Open non-blocked field"
"MEDIUM","05_ops_legacy","C:\Projects\MindLab_Starter_Project\docs\planning\kids_certified\05_ops_legacy\legacy_register.csv","LEG-261","PossibleCategory","","Concrete non-placeholder value","Open non-blocked field"
"MEDIUM","05_ops_legacy","C:\Projects\MindLab_Starter_Project\docs\planning\kids_certified\05_ops_legacy\legacy_register.csv","LEG-261","PossibleStage","","Concrete non-placeholder value","Open non-blocked field"
"MEDIUM","05_ops_legacy","C:\Projects\MindLab_Starter_Project\docs\planning\kids_certified\05_ops_legacy\legacy_register.csv","LEG-261","RewritePriority","","Concrete non-placeholder value","Open non-blocked field"
"MEDIUM","05_ops_legacy","C:\Projects\MindLab_Starter_Project\docs\planning\kids_certified\05_ops_legacy\legacy_register.csv","LEG-262","PossibleCategory","","Concrete non-placeholder value","Open non-blocked field"
"MEDIUM","05_ops_legacy","C:\Projects\MindLab_Starter_Project\docs\planning\kids_certified\05_ops_legacy\legacy_register.csv","LEG-262","PossibleStage","","Concrete non-placeholder value","Open non-blocked field"
"MEDIUM","05_ops_legacy","C:\Projects\MindLab_Starter_Project\docs\planning\kids_certified\05_ops_legacy\legacy_register.csv","LEG-262","RewritePriority","","Concrete non-placeholder value","Open non-blocked field"
"MEDIUM","05_ops_legacy","C:\Projects\MindLab_Starter_Project\docs\planning\kids_certified\05_ops_legacy\legacy_register.csv","LEG-263","PossibleCategory","","Concrete non-placeholder value","Open non-blocked field"
"MEDIUM","05_ops_legacy","C:\Projects\MindLab_Starter_Project\docs\planning\kids_certified\05_ops_legacy\legacy_register.csv","LEG-263","PossibleStage","","Concrete non-placeholder value","Open non-blocked field"
"MEDIUM","05_ops_legacy","C:\Projects\MindLab_Starter_Project\docs\planning\kids_certified\05_ops_legacy\legacy_register.csv","LEG-263","RewritePriority","","Concrete non-placeholder value","Open non-blocked field"
"MEDIUM","05_ops_legacy","C:\Projects\MindLab_Starter_Project\docs\planning\kids_certified\05_ops_legacy\legacy_register.csv","LEG-264","PossibleCategory","","Concrete non-placeholder value","Open non-blocked field"
"MEDIUM","05_ops_legacy","C:\Projects\MindLab_Starter_Project\docs\planning\kids_certified\05_ops_legacy\legacy_register.csv","LEG-264","PossibleStage","","Concrete non-placeholder value","Open non-blocked field"
"MEDIUM","05_ops_legacy","C:\Projects\MindLab_Starter_Project\docs\planning\kids_certified\05_ops_legacy\legacy_register.csv","LEG-264","RewritePriority","","Concrete non-placeholder value","Open non-blocked field"
"MEDIUM","05_ops_legacy","C:\Projects\MindLab_Starter_Project\docs\planning\kids_certified\05_ops_legacy\legacy_register.csv","LEG-265","PossibleCategory","","Concrete non-placeholder value","Open non-blocked field"
"MEDIUM","05_ops_legacy","C:\Projects\MindLab_Starter_Project\docs\planning\kids_certified\05_ops_legacy\legacy_register.csv","LEG-265","PossibleStage","","Concrete non-placeholder value","Open non-blocked field"
"MEDIUM","05_ops_legacy","C:\Projects\MindLab_Starter_Project\docs\planning\kids_certified\05_ops_legacy\legacy_register.csv","LEG-265","RewritePriority","","Concrete non-placeholder value","Open non-blocked field"
"MEDIUM","05_ops_legacy","C:\Projects\MindLab_Starter_Project\docs\planning\kids_certified\05_ops_legacy\legacy_register.csv","LEG-266","PossibleCategory","","Concrete non-placeholder value","Open non-blocked field"
"MEDIUM","05_ops_legacy","C:\Projects\MindLab_Starter_Project\docs\planning\kids_certified\05_ops_legacy\legacy_register.csv","LEG-266","PossibleStage","","Concrete non-placeholder value","Open non-blocked field"
"MEDIUM","05_ops_legacy","C:\Projects\MindLab_Starter_Project\docs\planning\kids_certified\05_ops_legacy\legacy_register.csv","LEG-266","RewritePriority","","Concrete non-placeholder value","Open non-blocked field"
"MEDIUM","05_ops_legacy","C:\Projects\MindLab_Starter_Project\docs\planning\kids_certified\05_ops_legacy\legacy_register.csv","LEG-267","PossibleCategory","","Concrete non-placeholder value","Open non-blocked field"
"MEDIUM","05_ops_legacy","C:\Projects\MindLab_Starter_Project\docs\planning\kids_certified\05_ops_legacy\legacy_register.csv","LEG-267","PossibleStage","","Concrete non-placeholder value","Open non-blocked field"
"MEDIUM","05_ops_legacy","C:\Projects\MindLab_Starter_Project\docs\planning\kids_certified\05_ops_legacy\legacy_register.csv","LEG-267","RewritePriority","","Concrete non-placeholder value","Open non-blocked field"
"MEDIUM","05_ops_legacy","C:\Projects\MindLab_Starter_Project\docs\planning\kids_certified\05_ops_legacy\legacy_register.csv","LEG-268","PossibleCategory","","Concrete non-placeholder value","Open non-blocked field"
"MEDIUM","05_ops_legacy","C:\Projects\MindLab_Starter_Project\docs\planning\kids_certified\05_ops_legacy\legacy_register.csv","LEG-268","PossibleStage","","Concrete non-placeholder value","Open non-blocked field"
"MEDIUM","05_ops_legacy","C:\Projects\MindLab_Starter_Project\docs\planning\kids_certified\05_ops_legacy\legacy_register.csv","LEG-268","RewritePriority","","Concrete non-placeholder value","Open non-blocked field"
"MEDIUM","05_ops_legacy","C:\Projects\MindLab_Starter_Project\docs\planning\kids_certified\05_ops_legacy\legacy_register.csv","LEG-269","PossibleCategory","","Concrete non-placeholder value","Open non-blocked field"
"MEDIUM","05_ops_legacy","C:\Projects\MindLab_Starter_Project\docs\planning\kids_certified\05_ops_legacy\legacy_register.csv","LEG-269","PossibleStage","","Concrete non-placeholder value","Open non-blocked field"
"MEDIUM","05_ops_legacy","C:\Projects\MindLab_Starter_Project\docs\planning\kids_certified\05_ops_legacy\legacy_register.csv","LEG-269","RewritePriority","","Concrete non-placeholder value","Open non-blocked field"
"MEDIUM","05_ops_legacy","C:\Projects\MindLab_Starter_Project\docs\planning\kids_certified\05_ops_legacy\legacy_register.csv","LEG-270","PossibleCategory","","Concrete non-placeholder value","Open non-blocked field"
"MEDIUM","05_ops_legacy","C:\Projects\MindLab_Starter_Project\docs\planning\kids_certified\05_ops_legacy\legacy_register.csv","LEG-270","PossibleStage","","Concrete non-placeholder value","Open non-blocked field"
"MEDIUM","05_ops_legacy","C:\Projects\MindLab_Starter_Project\docs\planning\kids_certified\05_ops_legacy\legacy_register.csv","LEG-270","RewritePriority","","Concrete non-placeholder value","Open non-blocked field"
"MEDIUM","05_ops_legacy","C:\Projects\MindLab_Starter_Project\docs\planning\kids_certified\05_ops_legacy\legacy_register.csv","LEG-271","PossibleStage","","Concrete non-placeholder value","Open non-blocked field"
"MEDIUM","05_ops_legacy","C:\Projects\MindLab_Starter_Project\docs\planning\kids_certified\05_ops_legacy\legacy_register.csv","LEG-271","RewritePriority","","Concrete non-placeholder value","Open non-blocked field"
"MEDIUM","05_ops_legacy","C:\Projects\MindLab_Starter_Project\docs\planning\kids_certified\05_ops_legacy\legacy_register.csv","LEG-272","PossibleStage","","Concrete non-placeholder value","Open non-blocked field"
"MEDIUM","05_ops_legacy","C:\Projects\MindLab_Starter_Project\docs\planning\kids_certified\05_ops_legacy\legacy_register.csv","LEG-272","RewritePriority","","Concrete non-placeholder value","Open non-blocked field"
"MEDIUM","05_ops_legacy","C:\Projects\MindLab_Starter_Project\docs\planning\kids_certified\05_ops_legacy\legacy_register.csv","LEG-273","PossibleStage","","Concrete non-placeholder value","Open non-blocked field"
"MEDIUM","05_ops_legacy","C:\Projects\MindLab_Starter_Project\docs\planning\kids_certified\05_ops_legacy\legacy_register.csv","LEG-273","RewritePriority","","Concrete non-placeholder value","Open non-blocked field"
"MEDIUM","05_ops_legacy","C:\Projects\MindLab_Starter_Project\docs\planning\kids_certified\05_ops_legacy\legacy_register.csv","LEG-274","PossibleStage","","Concrete non-placeholder value","Open non-blocked field"
"MEDIUM","05_ops_legacy","C:\Projects\MindLab_Starter_Project\docs\planning\kids_certified\05_ops_legacy\legacy_register.csv","LEG-274","RewritePriority","","Concrete non-placeholder value","Open non-blocked field"
"MEDIUM","05_ops_legacy","C:\Projects\MindLab_Starter_Project\docs\planning\kids_certified\05_ops_legacy\legacy_register.csv","LEG-275","PossibleStage","","Concrete non-placeholder value","Open non-blocked field"
"MEDIUM","05_ops_legacy","C:\Projects\MindLab_Starter_Project\docs\planning\kids_certified\05_ops_legacy\legacy_register.csv","LEG-275","RewritePriority","","Concrete non-placeholder value","Open non-blocked field"
"MEDIUM","05_ops_legacy","C:\Projects\MindLab_Starter_Project\docs\planning\kids_certified\05_ops_legacy\legacy_register.csv","LEG-276","PossibleStage","","Concrete non-placeholder value","Open non-blocked field"
"MEDIUM","05_ops_legacy","C:\Projects\MindLab_Starter_Project\docs\planning\kids_certified\05_ops_legacy\legacy_register.csv","LEG-276","RewritePriority","","Concrete non-placeholder value","Open non-blocked field"
"MEDIUM","05_ops_legacy","C:\Projects\MindLab_Starter_Project\docs\planning\kids_certified\05_ops_legacy\legacy_register.csv","LEG-277","PossibleStage","","Concrete non-placeholder value","Open non-blocked field"
"MEDIUM","05_ops_legacy","C:\Projects\MindLab_Starter_Project\docs\planning\kids_certified\05_ops_legacy\legacy_register.csv","LEG-277","RewritePriority","","Concrete non-placeholder value","Open non-blocked field"
"MEDIUM","05_ops_legacy","C:\Projects\MindLab_Starter_Project\docs\planning\kids_certified\05_ops_legacy\legacy_register.csv","LEG-278","PossibleStage","","Concrete non-placeholder value","Open non-blocked field"
"MEDIUM","05_ops_legacy","C:\Projects\MindLab_Starter_Project\docs\planning\kids_certified\05_ops_legacy\legacy_register.csv","LEG-278","RewritePriority","","Concrete non-placeholder value","Open non-blocked field"
"MEDIUM","05_ops_legacy","C:\Projects\MindLab_Starter_Project\docs\planning\kids_certified\05_ops_legacy\legacy_register.csv","LEG-279","PossibleStage","","Concrete non-placeholder value","Open non-blocked field"
"MEDIUM","05_ops_legacy","C:\Projects\MindLab_Starter_Project\docs\planning\kids_certified\05_ops_legacy\legacy_register.csv","LEG-279","RewritePriority","","Concrete non-placeholder value","Open non-blocked field"
"MEDIUM","05_ops_legacy","C:\Projects\MindLab_Starter_Project\docs\planning\kids_certified\05_ops_legacy\legacy_register.csv","LEG-280","PossibleStage","","Concrete non-placeholder value","Open non-blocked field"
"MEDIUM","05_ops_legacy","C:\Projects\MindLab_Starter_Project\docs\planning\kids_certified\05_ops_legacy\legacy_register.csv","LEG-280","RewritePriority","","Concrete non-placeholder value","Open non-blocked field"
"MEDIUM","05_ops_legacy","C:\Projects\MindLab_Starter_Project\docs\planning\kids_certified\05_ops_legacy\legacy_register.csv","LEG-281","PossibleStage","","Concrete non-placeholder value","Open non-blocked field"
"MEDIUM","05_ops_legacy","C:\Projects\MindLab_Starter_Project\docs\planning\kids_certified\05_ops_legacy\legacy_register.csv","LEG-281","RewritePriority","","Concrete non-placeholder value","Open non-blocked field"
"MEDIUM","05_ops_legacy","C:\Projects\MindLab_Starter_Project\docs\planning\kids_certified\05_ops_legacy\legacy_register.csv","LEG-282","PossibleStage","","Concrete non-placeholder value","Open non-blocked field"
"MEDIUM","05_ops_legacy","C:\Projects\MindLab_Starter_Project\docs\planning\kids_certified\05_ops_legacy\legacy_register.csv","LEG-282","RewritePriority","","Concrete non-placeholder value","Open non-blocked field"
"MEDIUM","05_ops_legacy","C:\Projects\MindLab_Starter_Project\docs\planning\kids_certified\05_ops_legacy\legacy_register.csv","LEG-283","PossibleStage","","Concrete non-placeholder value","Open non-blocked field"
"MEDIUM","05_ops_legacy","C:\Projects\MindLab_Starter_Project\docs\planning\kids_certified\05_ops_legacy\legacy_register.csv","LEG-283","RewritePriority","","Concrete non-placeholder value","Open non-blocked field"
"MEDIUM","05_ops_legacy","C:\Projects\MindLab_Starter_Project\docs\planning\kids_certified\05_ops_legacy\legacy_register.csv","LEG-284","PossibleStage","","Concrete non-placeholder value","Open non-blocked field"
"MEDIUM","05_ops_legacy","C:\Projects\MindLab_Starter_Project\docs\planning\kids_certified\05_ops_legacy\legacy_register.csv","LEG-284","RewritePriority","","Concrete non-placeholder value","Open non-blocked field"
"MEDIUM","05_ops_legacy","C:\Projects\MindLab_Starter_Project\docs\planning\kids_certified\05_ops_legacy\legacy_register.csv","LEG-285","PossibleStage","","Concrete non-placeholder value","Open non-blocked field"
"MEDIUM","05_ops_legacy","C:\Projects\MindLab_Starter_Project\docs\planning\kids_certified\05_ops_legacy\legacy_register.csv","LEG-285","RewritePriority","","Concrete non-placeholder value","Open non-blocked field"
"MEDIUM","05_ops_legacy","C:\Projects\MindLab_Starter_Project\docs\planning\kids_certified\05_ops_legacy\legacy_register.csv","LEG-286","PossibleStage","","Concrete non-placeholder value","Open non-blocked field"
"MEDIUM","05_ops_legacy","C:\Projects\MindLab_Starter_Project\docs\planning\kids_certified\05_ops_legacy\legacy_register.csv","LEG-286","RewritePriority","","Concrete non-placeholder value","Open non-blocked field"
"MEDIUM","05_ops_legacy","C:\Projects\MindLab_Starter_Project\docs\planning\kids_certified\05_ops_legacy\legacy_register.csv","LEG-287","PossibleStage","","Concrete non-placeholder value","Open non-blocked field"
"MEDIUM","05_ops_legacy","C:\Projects\MindLab_Starter_Project\docs\planning\kids_certified\05_ops_legacy\legacy_register.csv","LEG-287","RewritePriority","","Concrete non-placeholder value","Open non-blocked field"
"MEDIUM","05_ops_legacy","C:\Projects\MindLab_Starter_Project\docs\planning\kids_certified\05_ops_legacy\legacy_register.csv","LEG-288","PossibleStage","","Concrete non-placeholder value","Open non-blocked field"
"MEDIUM","05_ops_legacy","C:\Projects\MindLab_Starter_Project\docs\planning\kids_certified\05_ops_legacy\legacy_register.csv","LEG-288","RewritePriority","","Concrete non-placeholder value","Open non-blocked field"
"MEDIUM","05_ops_legacy","C:\Projects\MindLab_Starter_Project\docs\planning\kids_certified\05_ops_legacy\legacy_register.csv","LEG-289","PossibleStage","","Concrete non-placeholder value","Open non-blocked field"
"MEDIUM","05_ops_legacy","C:\Projects\MindLab_Starter_Project\docs\planning\kids_certified\05_ops_legacy\legacy_register.csv","LEG-289","RewritePriority","","Concrete non-placeholder value","Open non-blocked field"
"MEDIUM","05_ops_legacy","C:\Projects\MindLab_Starter_Project\docs\planning\kids_certified\05_ops_legacy\legacy_register.csv","LEG-290","PossibleStage","","Concrete non-placeholder value","Open non-blocked field"
"MEDIUM","05_ops_legacy","C:\Projects\MindLab_Starter_Project\docs\planning\kids_certified\05_ops_legacy\legacy_register.csv","LEG-290","RewritePriority","","Concrete non-placeholder value","Open non-blocked field"
"MEDIUM","05_ops_legacy","C:\Projects\MindLab_Starter_Project\docs\planning\kids_certified\05_ops_legacy\legacy_register.csv","LEG-291","PossibleStage","","Concrete non-placeholder value","Open non-blocked field"
"MEDIUM","05_ops_legacy","C:\Projects\MindLab_Starter_Project\docs\planning\kids_certified\05_ops_legacy\legacy_register.csv","LEG-291","RewritePriority","","Concrete non-placeholder value","Open non-blocked field"
"MEDIUM","05_ops_legacy","C:\Projects\MindLab_Starter_Project\docs\planning\kids_certified\05_ops_legacy\legacy_register.csv","LEG-292","PossibleStage","","Concrete non-placeholder value","Open non-blocked field"
"MEDIUM","05_ops_legacy","C:\Projects\MindLab_Starter_Project\docs\planning\kids_certified\05_ops_legacy\legacy_register.csv","LEG-292","RewritePriority","","Concrete non-placeholder value","Open non-blocked field"
"MEDIUM","05_ops_legacy","C:\Projects\MindLab_Starter_Project\docs\planning\kids_certified\05_ops_legacy\legacy_register.csv","LEG-293","PossibleStage","","Concrete non-placeholder value","Open non-blocked field"
"MEDIUM","05_ops_legacy","C:\Projects\MindLab_Starter_Project\docs\planning\kids_certified\05_ops_legacy\legacy_register.csv","LEG-293","RewritePriority","","Concrete non-placeholder value","Open non-blocked field"
"MEDIUM","05_ops_legacy","C:\Projects\MindLab_Starter_Project\docs\planning\kids_certified\05_ops_legacy\legacy_register.csv","LEG-294","PossibleStage","","Concrete non-placeholder value","Open non-blocked field"
"MEDIUM","05_ops_legacy","C:\Projects\MindLab_Starter_Project\docs\planning\kids_certified\05_ops_legacy\legacy_register.csv","LEG-294","RewritePriority","","Concrete non-placeholder value","Open non-blocked field"
"MEDIUM","05_ops_legacy","C:\Projects\MindLab_Starter_Project\docs\planning\kids_certified\05_ops_legacy\legacy_register.csv","LEG-295","PossibleStage","","Concrete non-placeholder value","Open non-blocked field"
"MEDIUM","05_ops_legacy","C:\Projects\MindLab_Starter_Project\docs\planning\kids_certified\05_ops_legacy\legacy_register.csv","LEG-295","RewritePriority","","Concrete non-placeholder value","Open non-blocked field"
"MEDIUM","05_ops_legacy","C:\Projects\MindLab_Starter_Project\docs\planning\kids_certified\05_ops_legacy\legacy_register.csv","LEG-296","PossibleStage","","Concrete non-placeholder value","Open non-blocked field"
"MEDIUM","05_ops_legacy","C:\Projects\MindLab_Starter_Project\docs\planning\kids_certified\05_ops_legacy\legacy_register.csv","LEG-296","RewritePriority","","Concrete non-placeholder value","Open non-blocked field"
"MEDIUM","05_ops_legacy","C:\Projects\MindLab_Starter_Project\docs\planning\kids_certified\05_ops_legacy\legacy_register.csv","LEG-297","PossibleStage","","Concrete non-placeholder value","Open non-blocked field"
"MEDIUM","05_ops_legacy","C:\Projects\MindLab_Starter_Project\docs\planning\kids_certified\05_ops_legacy\legacy_register.csv","LEG-297","RewritePriority","","Concrete non-placeholder value","Open non-blocked field"
"MEDIUM","05_ops_legacy","C:\Projects\MindLab_Starter_Project\docs\planning\kids_certified\05_ops_legacy\legacy_register.csv","LEG-298","PossibleStage","","Concrete non-placeholder value","Open non-blocked field"
"MEDIUM","05_ops_legacy","C:\Projects\MindLab_Starter_Project\docs\planning\kids_certified\05_ops_legacy\legacy_register.csv","LEG-298","RewritePriority","","Concrete non-placeholder value","Open non-blocked field"
"MEDIUM","05_ops_legacy","C:\Projects\MindLab_Starter_Project\docs\planning\kids_certified\05_ops_legacy\legacy_register.csv","LEG-299","PossibleStage","","Concrete non-placeholder value","Open non-blocked field"
"MEDIUM","05_ops_legacy","C:\Projects\MindLab_Starter_Project\docs\planning\kids_certified\05_ops_legacy\legacy_register.csv","LEG-299","RewritePriority","","Concrete non-placeholder value","Open non-blocked field"
"MEDIUM","05_ops_legacy","C:\Projects\MindLab_Starter_Project\docs\planning\kids_certified\05_ops_legacy\legacy_register.csv","LEG-300","PossibleStage","","Concrete non-placeholder value","Open non-blocked field"
"MEDIUM","05_ops_legacy","C:\Projects\MindLab_Starter_Project\docs\planning\kids_certified\05_ops_legacy\legacy_register.csv","LEG-300","RewritePriority","","Concrete non-placeholder value","Open non-blocked field"
"MEDIUM","05_ops_legacy","C:\Projects\MindLab_Starter_Project\docs\planning\kids_certified\05_ops_legacy\legacy_register.csv","LEG-301","PossibleStage","","Concrete non-placeholder value","Open non-blocked field"
"MEDIUM","05_ops_legacy","C:\Projects\MindLab_Starter_Project\docs\planning\kids_certified\05_ops_legacy\legacy_register.csv","LEG-301","RewritePriority","","Concrete non-placeholder value","Open non-blocked field"
"MEDIUM","05_ops_legacy","C:\Projects\MindLab_Starter_Project\docs\planning\kids_certified\05_ops_legacy\legacy_register.csv","LEG-302","PossibleStage","","Concrete non-placeholder value","Open non-blocked field"
"MEDIUM","05_ops_legacy","C:\Projects\MindLab_Starter_Project\docs\planning\kids_certified\05_ops_legacy\legacy_register.csv","LEG-302","RewritePriority","","Concrete non-placeholder value","Open non-blocked field"
"MEDIUM","05_ops_legacy","C:\Projects\MindLab_Starter_Project\docs\planning\kids_certified\05_ops_legacy\legacy_register.csv","LEG-303","PossibleStage","","Concrete non-placeholder value","Open non-blocked field"
"MEDIUM","05_ops_legacy","C:\Projects\MindLab_Starter_Project\docs\planning\kids_certified\05_ops_legacy\legacy_register.csv","LEG-303","RewritePriority","","Concrete non-placeholder value","Open non-blocked field"
"MEDIUM","05_ops_legacy","C:\Projects\MindLab_Starter_Project\docs\planning\kids_certified\05_ops_legacy\legacy_register.csv","LEG-304","PossibleStage","","Concrete non-placeholder value","Open non-blocked field"
"MEDIUM","05_ops_legacy","C:\Projects\MindLab_Starter_Project\docs\planning\kids_certified\05_ops_legacy\legacy_register.csv","LEG-304","RewritePriority","","Concrete non-placeholder value","Open non-blocked field"
"MEDIUM","05_ops_legacy","C:\Projects\MindLab_Starter_Project\docs\planning\kids_certified\05_ops_legacy\legacy_register.csv","LEG-305","PossibleStage","","Concrete non-placeholder value","Open non-blocked field"
"MEDIUM","05_ops_legacy","C:\Projects\MindLab_Starter_Project\docs\planning\kids_certified\05_ops_legacy\legacy_register.csv","LEG-305","RewritePriority","","Concrete non-placeholder value","Open non-blocked field"
"MEDIUM","05_ops_legacy","C:\Projects\MindLab_Starter_Project\docs\planning\kids_certified\05_ops_legacy\legacy_register.csv","LEG-306","PossibleStage","","Concrete non-placeholder value","Open non-blocked field"
"MEDIUM","05_ops_legacy","C:\Projects\MindLab_Starter_Project\docs\planning\kids_certified\05_ops_legacy\legacy_register.csv","LEG-306","RewritePriority","","Concrete non-placeholder value","Open non-blocked field"
"MEDIUM","05_ops_legacy","C:\Projects\MindLab_Starter_Project\docs\planning\kids_certified\05_ops_legacy\legacy_register.csv","LEG-307","PossibleStage","","Concrete non-placeholder value","Open non-blocked field"
"MEDIUM","05_ops_legacy","C:\Projects\MindLab_Starter_Project\docs\planning\kids_certified\05_ops_legacy\legacy_register.csv","LEG-307","RewritePriority","","Concrete non-placeholder value","Open non-blocked field"
"MEDIUM","05_ops_legacy","C:\Projects\MindLab_Starter_Project\docs\planning\kids_certified\05_ops_legacy\legacy_register.csv","LEG-308","PossibleStage","","Concrete non-placeholder value","Open non-blocked field"
"MEDIUM","05_ops_legacy","C:\Projects\MindLab_Starter_Project\docs\planning\kids_certified\05_ops_legacy\legacy_register.csv","LEG-308","RewritePriority","","Concrete non-placeholder value","Open non-blocked field"
"MEDIUM","05_ops_legacy","C:\Projects\MindLab_Starter_Project\docs\planning\kids_certified\05_ops_legacy\legacy_register.csv","LEG-309","PossibleStage","","Concrete non-placeholder value","Open non-blocked field"
"MEDIUM","05_ops_legacy","C:\Projects\MindLab_Starter_Project\docs\planning\kids_certified\05_ops_legacy\legacy_register.csv","LEG-309","RewritePriority","","Concrete non-placeholder value","Open non-blocked field"
"MEDIUM","05_ops_legacy","C:\Projects\MindLab_Starter_Project\docs\planning\kids_certified\05_ops_legacy\legacy_register.csv","LEG-310","PossibleStage","","Concrete non-placeholder value","Open non-blocked field"
"MEDIUM","05_ops_legacy","C:\Projects\MindLab_Starter_Project\docs\planning\kids_certified\05_ops_legacy\legacy_register.csv","LEG-310","RewritePriority","","Concrete non-placeholder value","Open non-blocked field"
"MEDIUM","05_ops_legacy","C:\Projects\MindLab_Starter_Project\docs\planning\kids_certified\05_ops_legacy\legacy_register.csv","LEG-311","PossibleStage","","Concrete non-placeholder value","Open non-blocked field"
"MEDIUM","05_ops_legacy","C:\Projects\MindLab_Starter_Project\docs\planning\kids_certified\05_ops_legacy\legacy_register.csv","LEG-311","RewritePriority","","Concrete non-placeholder value","Open non-blocked field"
"MEDIUM","05_ops_legacy","C:\Projects\MindLab_Starter_Project\docs\planning\kids_certified\05_ops_legacy\legacy_register.csv","LEG-312","PossibleStage","","Concrete non-placeholder value","Open non-blocked field"
"MEDIUM","05_ops_legacy","C:\Projects\MindLab_Starter_Project\docs\planning\kids_certified\05_ops_legacy\legacy_register.csv","LEG-312","RewritePriority","","Concrete non-placeholder value","Open non-blocked field"
"MEDIUM","05_ops_legacy","C:\Projects\MindLab_Starter_Project\docs\planning\kids_certified\05_ops_legacy\legacy_register.csv","LEG-313","PossibleStage","","Concrete non-placeholder value","Open non-blocked field"
"MEDIUM","05_ops_legacy","C:\Projects\MindLab_Starter_Project\docs\planning\kids_certified\05_ops_legacy\legacy_register.csv","LEG-313","RewritePriority","","Concrete non-placeholder value","Open non-blocked field"
"MEDIUM","05_ops_legacy","C:\Projects\MindLab_Starter_Project\docs\planning\kids_certified\05_ops_legacy\legacy_register.csv","LEG-314","PossibleStage","","Concrete non-placeholder value","Open non-blocked field"
"MEDIUM","05_ops_legacy","C:\Projects\MindLab_Starter_Project\docs\planning\kids_certified\05_ops_legacy\legacy_register.csv","LEG-314","RewritePriority","","Concrete non-placeholder value","Open non-blocked field"
"MEDIUM","05_ops_legacy","C:\Projects\MindLab_Starter_Project\docs\planning\kids_certified\05_ops_legacy\legacy_register.csv","LEG-315","PossibleStage","","Concrete non-placeholder value","Open non-blocked field"
"MEDIUM","05_ops_legacy","C:\Projects\MindLab_Starter_Project\docs\planning\kids_certified\05_ops_legacy\legacy_register.csv","LEG-315","RewritePriority","","Concrete non-placeholder value","Open non-blocked field"
"MEDIUM","05_ops_legacy","C:\Projects\MindLab_Starter_Project\docs\planning\kids_certified\05_ops_legacy\legacy_register.csv","LEG-316","PossibleStage","","Concrete non-placeholder value","Open non-blocked field"
"MEDIUM","05_ops_legacy","C:\Projects\MindLab_Starter_Project\docs\planning\kids_certified\05_ops_legacy\legacy_register.csv","LEG-316","RewritePriority","","Concrete non-placeholder value","Open non-blocked field"
"MEDIUM","05_ops_legacy","C:\Projects\MindLab_Starter_Project\docs\planning\kids_certified\05_ops_legacy\legacy_register.csv","LEG-317","PossibleStage","","Concrete non-placeholder value","Open non-blocked field"
"MEDIUM","05_ops_legacy","C:\Projects\MindLab_Starter_Project\docs\planning\kids_certified\05_ops_legacy\legacy_register.csv","LEG-317","RewritePriority","","Concrete non-placeholder value","Open non-blocked field"
"MEDIUM","05_ops_legacy","C:\Projects\MindLab_Starter_Project\docs\planning\kids_certified\05_ops_legacy\legacy_register.csv","LEG-318","PossibleStage","","Concrete non-placeholder value","Open non-blocked field"
"MEDIUM","05_ops_legacy","C:\Projects\MindLab_Starter_Project\docs\planning\kids_certified\05_ops_legacy\legacy_register.csv","LEG-318","RewritePriority","","Concrete non-placeholder value","Open non-blocked field"
"MEDIUM","05_ops_legacy","C:\Projects\MindLab_Starter_Project\docs\planning\kids_certified\05_ops_legacy\legacy_register.csv","LEG-319","PossibleStage","","Concrete non-placeholder value","Open non-blocked field"
"MEDIUM","05_ops_legacy","C:\Projects\MindLab_Starter_Project\docs\planning\kids_certified\05_ops_legacy\legacy_register.csv","LEG-319","RewritePriority","","Concrete non-placeholder value","Open non-blocked field"
"MEDIUM","05_ops_legacy","C:\Projects\MindLab_Starter_Project\docs\planning\kids_certified\05_ops_legacy\legacy_register.csv","LEG-320","PossibleStage","","Concrete non-placeholder value","Open non-blocked field"
"MEDIUM","05_ops_legacy","C:\Projects\MindLab_Starter_Project\docs\planning\kids_certified\05_ops_legacy\legacy_register.csv","LEG-320","RewritePriority","","Concrete non-placeholder value","Open non-blocked field"
"MEDIUM","05_ops_legacy","C:\Projects\MindLab_Starter_Project\docs\planning\kids_certified\05_ops_legacy\legacy_register.csv","LEG-321","PossibleStage","","Concrete non-placeholder value","Open non-blocked field"
"MEDIUM","05_ops_legacy","C:\Projects\MindLab_Starter_Project\docs\planning\kids_certified\05_ops_legacy\legacy_register.csv","LEG-321","RewritePriority","","Concrete non-placeholder value","Open non-blocked field"
"MEDIUM","05_ops_legacy","C:\Projects\MindLab_Starter_Project\docs\planning\kids_certified\05_ops_legacy\legacy_register.csv","LEG-322","PossibleStage","","Concrete non-placeholder value","Open non-blocked field"
"MEDIUM","05_ops_legacy","C:\Projects\MindLab_Starter_Project\docs\planning\kids_certified\05_ops_legacy\legacy_register.csv","LEG-322","RewritePriority","","Concrete non-placeholder value","Open non-blocked field"
"MEDIUM","05_ops_legacy","C:\Projects\MindLab_Starter_Project\docs\planning\kids_certified\05_ops_legacy\legacy_register.csv","LEG-323","PossibleStage","","Concrete non-placeholder value","Open non-blocked field"
"MEDIUM","05_ops_legacy","C:\Projects\MindLab_Starter_Project\docs\planning\kids_certified\05_ops_legacy\legacy_register.csv","LEG-323","RewritePriority","","Concrete non-placeholder value","Open non-blocked field"
"MEDIUM","05_ops_legacy","C:\Projects\MindLab_Starter_Project\docs\planning\kids_certified\05_ops_legacy\legacy_register.csv","LEG-324","PossibleStage","","Concrete non-placeholder value","Open non-blocked field"
"MEDIUM","05_ops_legacy","C:\Projects\MindLab_Starter_Project\docs\planning\kids_certified\05_ops_legacy\legacy_register.csv","LEG-324","RewritePriority","","Concrete non-placeholder value","Open non-blocked field"
"MEDIUM","05_ops_legacy","C:\Projects\MindLab_Starter_Project\docs\planning\kids_certified\05_ops_legacy\legacy_register.csv","LEG-325","PossibleStage","","Concrete non-placeholder value","Open non-blocked field"
"MEDIUM","05_ops_legacy","C:\Projects\MindLab_Starter_Project\docs\planning\kids_certified\05_ops_legacy\legacy_register.csv","LEG-325","RewritePriority","","Concrete non-placeholder value","Open non-blocked field"
"MEDIUM","05_ops_legacy","C:\Projects\MindLab_Starter_Project\docs\planning\kids_certified\05_ops_legacy\legacy_register.csv","LEG-326","PossibleStage","","Concrete non-placeholder value","Open non-blocked field"
"MEDIUM","05_ops_legacy","C:\Projects\MindLab_Starter_Project\docs\planning\kids_certified\05_ops_legacy\legacy_register.csv","LEG-326","RewritePriority","","Concrete non-placeholder value","Open non-blocked field"
"MEDIUM","05_ops_legacy","C:\Projects\MindLab_Starter_Project\docs\planning\kids_certified\05_ops_legacy\legacy_register.csv","LEG-327","PossibleStage","","Concrete non-placeholder value","Open non-blocked field"
"MEDIUM","05_ops_legacy","C:\Projects\MindLab_Starter_Project\docs\planning\kids_certified\05_ops_legacy\legacy_register.csv","LEG-327","RewritePriority","","Concrete non-placeholder value","Open non-blocked field"
"MEDIUM","05_ops_legacy","C:\Projects\MindLab_Starter_Project\docs\planning\kids_certified\05_ops_legacy\legacy_register.csv","LEG-328","PossibleStage","","Concrete non-placeholder value","Open non-blocked field"
"MEDIUM","05_ops_legacy","C:\Projects\MindLab_Starter_Project\docs\planning\kids_certified\05_ops_legacy\legacy_register.csv","LEG-328","RewritePriority","","Concrete non-placeholder value","Open non-blocked field"
"MEDIUM","05_ops_legacy","C:\Projects\MindLab_Starter_Project\docs\planning\kids_certified\05_ops_legacy\legacy_register.csv","LEG-329","PossibleStage","","Concrete non-placeholder value","Open non-blocked field"
"MEDIUM","05_ops_legacy","C:\Projects\MindLab_Starter_Project\docs\planning\kids_certified\05_ops_legacy\legacy_register.csv","LEG-329","RewritePriority","","Concrete non-placeholder value","Open non-blocked field"
"MEDIUM","05_ops_legacy","C:\Projects\MindLab_Starter_Project\docs\planning\kids_certified\05_ops_legacy\legacy_register.csv","LEG-330","PossibleStage","","Concrete non-placeholder value","Open non-blocked field"
"MEDIUM","05_ops_legacy","C:\Projects\MindLab_Starter_Project\docs\planning\kids_certified\05_ops_legacy\legacy_register.csv","LEG-330","RewritePriority","","Concrete non-placeholder value","Open non-blocked field"
"MEDIUM","05_ops_legacy","C:\Projects\MindLab_Starter_Project\docs\planning\kids_certified\05_ops_legacy\legacy_register.csv","LEG-331","PossibleStage","","Concrete non-placeholder value","Open non-blocked field"
"MEDIUM","05_ops_legacy","C:\Projects\MindLab_Starter_Project\docs\planning\kids_certified\05_ops_legacy\legacy_register.csv","LEG-331","RewritePriority","","Concrete non-placeholder value","Open non-blocked field"
"MEDIUM","05_ops_legacy","C:\Projects\MindLab_Starter_Project\docs\planning\kids_certified\05_ops_legacy\legacy_register.csv","LEG-332","PossibleStage","","Concrete non-placeholder value","Open non-blocked field"
"MEDIUM","05_ops_legacy","C:\Projects\MindLab_Starter_Project\docs\planning\kids_certified\05_ops_legacy\legacy_register.csv","LEG-332","RewritePriority","","Concrete non-placeholder value","Open non-blocked field"
"MEDIUM","05_ops_legacy","C:\Projects\MindLab_Starter_Project\docs\planning\kids_certified\05_ops_legacy\legacy_register.csv","LEG-333","PossibleStage","","Concrete non-placeholder value","Open non-blocked field"
"MEDIUM","05_ops_legacy","C:\Projects\MindLab_Starter_Project\docs\planning\kids_certified\05_ops_legacy\legacy_register.csv","LEG-333","RewritePriority","","Concrete non-placeholder value","Open non-blocked field"
"MEDIUM","05_ops_legacy","C:\Projects\MindLab_Starter_Project\docs\planning\kids_certified\05_ops_legacy\legacy_register.csv","LEG-334","PossibleStage","","Concrete non-placeholder value","Open non-blocked field"
"MEDIUM","05_ops_legacy","C:\Projects\MindLab_Starter_Project\docs\planning\kids_certified\05_ops_legacy\legacy_register.csv","LEG-334","RewritePriority","","Concrete non-placeholder value","Open non-blocked field"
"MEDIUM","05_ops_legacy","C:\Projects\MindLab_Starter_Project\docs\planning\kids_certified\05_ops_legacy\legacy_register.csv","LEG-335","PossibleStage","","Concrete non-placeholder value","Open non-blocked field"
"MEDIUM","05_ops_legacy","C:\Projects\MindLab_Starter_Project\docs\planning\kids_certified\05_ops_legacy\legacy_register.csv","LEG-335","RewritePriority","","Concrete non-placeholder value","Open non-blocked field"
"MEDIUM","05_ops_legacy","C:\Projects\MindLab_Starter_Project\docs\planning\kids_certified\05_ops_legacy\legacy_register.csv","LEG-336","PossibleStage","","Concrete non-placeholder value","Open non-blocked field"
"MEDIUM","05_ops_legacy","C:\Projects\MindLab_Starter_Project\docs\planning\kids_certified\05_ops_legacy\legacy_register.csv","LEG-336","RewritePriority","","Concrete non-placeholder value","Open non-blocked field"
"MEDIUM","05_ops_legacy","C:\Projects\MindLab_Starter_Project\docs\planning\kids_certified\05_ops_legacy\legacy_register.csv","LEG-337","PossibleStage","","Concrete non-placeholder value","Open non-blocked field"
"MEDIUM","05_ops_legacy","C:\Projects\MindLab_Starter_Project\docs\planning\kids_certified\05_ops_legacy\legacy_register.csv","LEG-337","RewritePriority","","Concrete non-placeholder value","Open non-blocked field"
"MEDIUM","05_ops_legacy","C:\Projects\MindLab_Starter_Project\docs\planning\kids_certified\05_ops_legacy\legacy_register.csv","LEG-338","PossibleStage","","Concrete non-placeholder value","Open non-blocked field"
"MEDIUM","05_ops_legacy","C:\Projects\MindLab_Starter_Project\docs\planning\kids_certified\05_ops_legacy\legacy_register.csv","LEG-338","RewritePriority","","Concrete non-placeholder value","Open non-blocked field"
"MEDIUM","05_ops_legacy","C:\Projects\MindLab_Starter_Project\docs\planning\kids_certified\05_ops_legacy\legacy_register.csv","LEG-339","PossibleStage","","Concrete non-placeholder value","Open non-blocked field"
"MEDIUM","05_ops_legacy","C:\Projects\MindLab_Starter_Project\docs\planning\kids_certified\05_ops_legacy\legacy_register.csv","LEG-339","RewritePriority","","Concrete non-placeholder value","Open non-blocked field"
"MEDIUM","05_ops_legacy","C:\Projects\MindLab_Starter_Project\docs\planning\kids_certified\05_ops_legacy\legacy_register.csv","LEG-340","PossibleStage","","Concrete non-placeholder value","Open non-blocked field"
"MEDIUM","05_ops_legacy","C:\Projects\MindLab_Starter_Project\docs\planning\kids_certified\05_ops_legacy\legacy_register.csv","LEG-340","RewritePriority","","Concrete non-placeholder value","Open non-blocked field"
"MEDIUM","05_ops_legacy","C:\Projects\MindLab_Starter_Project\docs\planning\kids_certified\05_ops_legacy\legacy_register.csv","LEG-341","PossibleStage","","Concrete non-placeholder value","Open non-blocked field"
"MEDIUM","05_ops_legacy","C:\Projects\MindLab_Starter_Project\docs\planning\kids_certified\05_ops_legacy\legacy_register.csv","LEG-341","RewritePriority","","Concrete non-placeholder value","Open non-blocked field"
"MEDIUM","05_ops_legacy","C:\Projects\MindLab_Starter_Project\docs\planning\kids_certified\05_ops_legacy\legacy_register.csv","LEG-342","PossibleStage","","Concrete non-placeholder value","Open non-blocked field"
"MEDIUM","05_ops_legacy","C:\Projects\MindLab_Starter_Project\docs\planning\kids_certified\05_ops_legacy\legacy_register.csv","LEG-342","RewritePriority","","Concrete non-placeholder value","Open non-blocked field"
"MEDIUM","05_ops_legacy","C:\Projects\MindLab_Starter_Project\docs\planning\kids_certified\05_ops_legacy\legacy_register.csv","LEG-343","PossibleStage","","Concrete non-placeholder value","Open non-blocked field"
"MEDIUM","05_ops_legacy","C:\Projects\MindLab_Starter_Project\docs\planning\kids_certified\05_ops_legacy\legacy_register.csv","LEG-343","RewritePriority","","Concrete non-placeholder value","Open non-blocked field"
"MEDIUM","05_ops_legacy","C:\Projects\MindLab_Starter_Project\docs\planning\kids_certified\05_ops_legacy\legacy_register.csv","LEG-344","PossibleStage","","Concrete non-placeholder value","Open non-blocked field"
"MEDIUM","05_ops_legacy","C:\Projects\MindLab_Starter_Project\docs\planning\kids_certified\05_ops_legacy\legacy_register.csv","LEG-344","RewritePriority","","Concrete non-placeholder value","Open non-blocked field"
"MEDIUM","05_ops_legacy","C:\Projects\MindLab_Starter_Project\docs\planning\kids_certified\05_ops_legacy\legacy_register.csv","LEG-345","PossibleStage","","Concrete non-placeholder value","Open non-blocked field"
"MEDIUM","05_ops_legacy","C:\Projects\MindLab_Starter_Project\docs\planning\kids_certified\05_ops_legacy\legacy_register.csv","LEG-345","RewritePriority","","Concrete non-placeholder value","Open non-blocked field"
"MEDIUM","05_ops_legacy","C:\Projects\MindLab_Starter_Project\docs\planning\kids_certified\05_ops_legacy\legacy_register.csv","LEG-346","PossibleStage","","Concrete non-placeholder value","Open non-blocked field"
"MEDIUM","05_ops_legacy","C:\Projects\MindLab_Starter_Project\docs\planning\kids_certified\05_ops_legacy\legacy_register.csv","LEG-346","RewritePriority","","Concrete non-placeholder value","Open non-blocked field"
"MEDIUM","05_ops_legacy","C:\Projects\MindLab_Starter_Project\docs\planning\kids_certified\05_ops_legacy\legacy_register.csv","LEG-347","PossibleStage","","Concrete non-placeholder value","Open non-blocked field"
"MEDIUM","05_ops_legacy","C:\Projects\MindLab_Starter_Project\docs\planning\kids_certified\05_ops_legacy\legacy_register.csv","LEG-347","RewritePriority","","Concrete non-placeholder value","Open non-blocked field"
"MEDIUM","05_ops_legacy","C:\Projects\MindLab_Starter_Project\docs\planning\kids_certified\05_ops_legacy\legacy_register.csv","LEG-348","PossibleStage","","Concrete non-placeholder value","Open non-blocked field"
"MEDIUM","05_ops_legacy","C:\Projects\MindLab_Starter_Project\docs\planning\kids_certified\05_ops_legacy\legacy_register.csv","LEG-348","RewritePriority","","Concrete non-placeholder value","Open non-blocked field"
"MEDIUM","05_ops_legacy","C:\Projects\MindLab_Starter_Project\docs\planning\kids_certified\05_ops_legacy\legacy_register.csv","LEG-349","PossibleStage","","Concrete non-placeholder value","Open non-blocked field"
"MEDIUM","05_ops_legacy","C:\Projects\MindLab_Starter_Project\docs\planning\kids_certified\05_ops_legacy\legacy_register.csv","LEG-349","RewritePriority","","Concrete non-placeholder value","Open non-blocked field"
"MEDIUM","05_ops_legacy","C:\Projects\MindLab_Starter_Project\docs\planning\kids_certified\05_ops_legacy\legacy_register.csv","LEG-350","PossibleCategory","","Concrete non-placeholder value","Open non-blocked field"
"MEDIUM","05_ops_legacy","C:\Projects\MindLab_Starter_Project\docs\planning\kids_certified\05_ops_legacy\legacy_register.csv","LEG-350","PossibleStage","","Concrete non-placeholder value","Open non-blocked field"
"MEDIUM","05_ops_legacy","C:\Projects\MindLab_Starter_Project\docs\planning\kids_certified\05_ops_legacy\legacy_register.csv","LEG-350","RewritePriority","","Concrete non-placeholder value","Open non-blocked field"
"MEDIUM","05_ops_legacy","C:\Projects\MindLab_Starter_Project\docs\planning\kids_certified\05_ops_legacy\legacy_register.csv","LEG-351","PossibleCategory","","Concrete non-placeholder value","Open non-blocked field"
"MEDIUM","05_ops_legacy","C:\Projects\MindLab_Starter_Project\docs\planning\kids_certified\05_ops_legacy\legacy_register.csv","LEG-351","PossibleStage","","Concrete non-placeholder value","Open non-blocked field"
"MEDIUM","05_ops_legacy","C:\Projects\MindLab_Starter_Project\docs\planning\kids_certified\05_ops_legacy\legacy_register.csv","LEG-351","RewritePriority","","Concrete non-placeholder value","Open non-blocked field"
"MEDIUM","05_ops_legacy","C:\Projects\MindLab_Starter_Project\docs\planning\kids_certified\05_ops_legacy\legacy_register.csv","LEG-352","PossibleCategory","","Concrete non-placeholder value","Open non-blocked field"
"MEDIUM","05_ops_legacy","C:\Projects\MindLab_Starter_Project\docs\planning\kids_certified\05_ops_legacy\legacy_register.csv","LEG-352","PossibleStage","","Concrete non-placeholder value","Open non-blocked field"
"MEDIUM","05_ops_legacy","C:\Projects\MindLab_Starter_Project\docs\planning\kids_certified\05_ops_legacy\legacy_register.csv","LEG-352","RewritePriority","","Concrete non-placeholder value","Open non-blocked field"
"MEDIUM","05_ops_legacy","C:\Projects\MindLab_Starter_Project\docs\planning\kids_certified\05_ops_legacy\legacy_register.csv","LEG-353","PossibleCategory","","Concrete non-placeholder value","Open non-blocked field"
"MEDIUM","05_ops_legacy","C:\Projects\MindLab_Starter_Project\docs\planning\kids_certified\05_ops_legacy\legacy_register.csv","LEG-353","PossibleStage","","Concrete non-placeholder value","Open non-blocked field"
"MEDIUM","05_ops_legacy","C:\Projects\MindLab_Starter_Project\docs\planning\kids_certified\05_ops_legacy\legacy_register.csv","LEG-353","RewritePriority","","Concrete non-placeholder value","Open non-blocked field"
"MEDIUM","05_ops_legacy","C:\Projects\MindLab_Starter_Project\docs\planning\kids_certified\05_ops_legacy\legacy_register.csv","LEG-354","PossibleCategory","","Concrete non-placeholder value","Open non-blocked field"
"MEDIUM","05_ops_legacy","C:\Projects\MindLab_Starter_Project\docs\planning\kids_certified\05_ops_legacy\legacy_register.csv","LEG-354","PossibleStage","","Concrete non-placeholder value","Open non-blocked field"
"MEDIUM","05_ops_legacy","C:\Projects\MindLab_Starter_Project\docs\planning\kids_certified\05_ops_legacy\legacy_register.csv","LEG-354","RewritePriority","","Concrete non-placeholder value","Open non-blocked field"
"MEDIUM","05_ops_legacy","C:\Projects\MindLab_Starter_Project\docs\planning\kids_certified\05_ops_legacy\legacy_register.csv","LEG-355","PossibleCategory","","Concrete non-placeholder value","Open non-blocked field"
"MEDIUM","05_ops_legacy","C:\Projects\MindLab_Starter_Project\docs\planning\kids_certified\05_ops_legacy\legacy_register.csv","LEG-355","PossibleStage","","Concrete non-placeholder value","Open non-blocked field"
"MEDIUM","05_ops_legacy","C:\Projects\MindLab_Starter_Project\docs\planning\kids_certified\05_ops_legacy\legacy_register.csv","LEG-355","RewritePriority","","Concrete non-placeholder value","Open non-blocked field"
"MEDIUM","05_ops_legacy","C:\Projects\MindLab_Starter_Project\docs\planning\kids_certified\05_ops_legacy\legacy_register.csv","LEG-356","PossibleCategory","","Concrete non-placeholder value","Open non-blocked field"
"MEDIUM","05_ops_legacy","C:\Projects\MindLab_Starter_Project\docs\planning\kids_certified\05_ops_legacy\legacy_register.csv","LEG-356","PossibleStage","","Concrete non-placeholder value","Open non-blocked field"
"MEDIUM","05_ops_legacy","C:\Projects\MindLab_Starter_Project\docs\planning\kids_certified\05_ops_legacy\legacy_register.csv","LEG-356","RewritePriority","","Concrete non-placeholder value","Open non-blocked field"
"MEDIUM","05_ops_legacy","C:\Projects\MindLab_Starter_Project\docs\planning\kids_certified\05_ops_legacy\legacy_register.csv","LEG-357","PossibleCategory","","Concrete non-placeholder value","Open non-blocked field"
"MEDIUM","05_ops_legacy","C:\Projects\MindLab_Starter_Project\docs\planning\kids_certified\05_ops_legacy\legacy_register.csv","LEG-357","PossibleStage","","Concrete non-placeholder value","Open non-blocked field"
"MEDIUM","05_ops_legacy","C:\Projects\MindLab_Starter_Project\docs\planning\kids_certified\05_ops_legacy\legacy_register.csv","LEG-357","RewritePriority","","Concrete non-placeholder value","Open non-blocked field"
"MEDIUM","05_ops_legacy","C:\Projects\MindLab_Starter_Project\docs\planning\kids_certified\05_ops_legacy\legacy_register.csv","LEG-358","PossibleCategory","","Concrete non-placeholder value","Open non-blocked field"
"MEDIUM","05_ops_legacy","C:\Projects\MindLab_Starter_Project\docs\planning\kids_certified\05_ops_legacy\legacy_register.csv","LEG-358","PossibleStage","","Concrete non-placeholder value","Open non-blocked field"
"MEDIUM","05_ops_legacy","C:\Projects\MindLab_Starter_Project\docs\planning\kids_certified\05_ops_legacy\legacy_register.csv","LEG-358","RewritePriority","","Concrete non-placeholder value","Open non-blocked field"
"MEDIUM","05_ops_legacy","C:\Projects\MindLab_Starter_Project\docs\planning\kids_certified\05_ops_legacy\legacy_register.csv","LEG-359","PossibleCategory","","Concrete non-placeholder value","Open non-blocked field"
"MEDIUM","05_ops_legacy","C:\Projects\MindLab_Starter_Project\docs\planning\kids_certified\05_ops_legacy\legacy_register.csv","LEG-359","PossibleStage","","Concrete non-placeholder value","Open non-blocked field"
"MEDIUM","05_ops_legacy","C:\Projects\MindLab_Starter_Project\docs\planning\kids_certified\05_ops_legacy\legacy_register.csv","LEG-359","RewritePriority","","Concrete non-placeholder value","Open non-blocked field"
"MEDIUM","05_ops_legacy","C:\Projects\MindLab_Starter_Project\docs\planning\kids_certified\05_ops_legacy\legacy_register.csv","LEG-360","PossibleCategory","","Concrete non-placeholder value","Open non-blocked field"
"MEDIUM","05_ops_legacy","C:\Projects\MindLab_Starter_Project\docs\planning\kids_certified\05_ops_legacy\legacy_register.csv","LEG-360","PossibleStage","","Concrete non-placeholder value","Open non-blocked field"
"MEDIUM","05_ops_legacy","C:\Projects\MindLab_Starter_Project\docs\planning\kids_certified\05_ops_legacy\legacy_register.csv","LEG-360","RewritePriority","","Concrete non-placeholder value","Open non-blocked field"
"MEDIUM","05_ops_legacy","C:\Projects\MindLab_Starter_Project\docs\planning\kids_certified\05_ops_legacy\legacy_register.csv","LEG-361","PossibleCategory","","Concrete non-placeholder value","Open non-blocked field"
"MEDIUM","05_ops_legacy","C:\Projects\MindLab_Starter_Project\docs\planning\kids_certified\05_ops_legacy\legacy_register.csv","LEG-361","PossibleStage","","Concrete non-placeholder value","Open non-blocked field"
"MEDIUM","05_ops_legacy","C:\Projects\MindLab_Starter_Project\docs\planning\kids_certified\05_ops_legacy\legacy_register.csv","LEG-361","RewritePriority","","Concrete non-placeholder value","Open non-blocked field"
"MEDIUM","05_ops_legacy","C:\Projects\MindLab_Starter_Project\docs\planning\kids_certified\05_ops_legacy\legacy_register.csv","LEG-362","PossibleCategory","","Concrete non-placeholder value","Open non-blocked field"
"MEDIUM","05_ops_legacy","C:\Projects\MindLab_Starter_Project\docs\planning\kids_certified\05_ops_legacy\legacy_register.csv","LEG-362","PossibleStage","","Concrete non-placeholder value","Open non-blocked field"
"MEDIUM","05_ops_legacy","C:\Projects\MindLab_Starter_Project\docs\planning\kids_certified\05_ops_legacy\legacy_register.csv","LEG-362","RewritePriority","","Concrete non-placeholder value","Open non-blocked field"
"MEDIUM","05_ops_legacy","C:\Projects\MindLab_Starter_Project\docs\planning\kids_certified\05_ops_legacy\legacy_register.csv","LEG-363","PossibleCategory","","Concrete non-placeholder value","Open non-blocked field"
"MEDIUM","05_ops_legacy","C:\Projects\MindLab_Starter_Project\docs\planning\kids_certified\05_ops_legacy\legacy_register.csv","LEG-363","PossibleStage","","Concrete non-placeholder value","Open non-blocked field"
"MEDIUM","05_ops_legacy","C:\Projects\MindLab_Starter_Project\docs\planning\kids_certified\05_ops_legacy\legacy_register.csv","LEG-363","RewritePriority","","Concrete non-placeholder value","Open non-blocked field"
"MEDIUM","05_ops_legacy","C:\Projects\MindLab_Starter_Project\docs\planning\kids_certified\05_ops_legacy\legacy_register.csv","LEG-364","PossibleCategory","","Concrete non-placeholder value","Open non-blocked field"
"MEDIUM","05_ops_legacy","C:\Projects\MindLab_Starter_Project\docs\planning\kids_certified\05_ops_legacy\legacy_register.csv","LEG-364","PossibleStage","","Concrete non-placeholder value","Open non-blocked field"
"MEDIUM","05_ops_legacy","C:\Projects\MindLab_Starter_Project\docs\planning\kids_certified\05_ops_legacy\legacy_register.csv","LEG-364","RewritePriority","","Concrete non-placeholder value","Open non-blocked field"
"MEDIUM","05_ops_legacy","C:\Projects\MindLab_Starter_Project\docs\planning\kids_certified\05_ops_legacy\legacy_register.csv","LEG-365","PossibleCategory","","Concrete non-placeholder value","Open non-blocked field"
"MEDIUM","05_ops_legacy","C:\Projects\MindLab_Starter_Project\docs\planning\kids_certified\05_ops_legacy\legacy_register.csv","LEG-365","PossibleStage","","Concrete non-placeholder value","Open non-blocked field"
"MEDIUM","05_ops_legacy","C:\Projects\MindLab_Starter_Project\docs\planning\kids_certified\05_ops_legacy\legacy_register.csv","LEG-365","RewritePriority","","Concrete non-placeholder value","Open non-blocked field"
"MEDIUM","05_ops_legacy","C:\Projects\MindLab_Starter_Project\docs\planning\kids_certified\05_ops_legacy\legacy_register.csv","LEG-366","PossibleCategory","","Concrete non-placeholder value","Open non-blocked field"
"MEDIUM","05_ops_legacy","C:\Projects\MindLab_Starter_Project\docs\planning\kids_certified\05_ops_legacy\legacy_register.csv","LEG-366","PossibleStage","","Concrete non-placeholder value","Open non-blocked field"
"MEDIUM","05_ops_legacy","C:\Projects\MindLab_Starter_Project\docs\planning\kids_certified\05_ops_legacy\legacy_register.csv","LEG-366","RewritePriority","","Concrete non-placeholder value","Open non-blocked field"
"MEDIUM","05_ops_legacy","C:\Projects\MindLab_Starter_Project\docs\planning\kids_certified\05_ops_legacy\legacy_register.csv","LEG-367","PossibleCategory","","Concrete non-placeholder value","Open non-blocked field"
"MEDIUM","05_ops_legacy","C:\Projects\MindLab_Starter_Project\docs\planning\kids_certified\05_ops_legacy\legacy_register.csv","LEG-367","PossibleStage","","Concrete non-placeholder value","Open non-blocked field"
"MEDIUM","05_ops_legacy","C:\Projects\MindLab_Starter_Project\docs\planning\kids_certified\05_ops_legacy\legacy_register.csv","LEG-367","RewritePriority","","Concrete non-placeholder value","Open non-blocked field"
"MEDIUM","05_ops_legacy","C:\Projects\MindLab_Starter_Project\docs\planning\kids_certified\05_ops_legacy\legacy_register.csv","LEG-368","PossibleCategory","","Concrete non-placeholder value","Open non-blocked field"
"MEDIUM","05_ops_legacy","C:\Projects\MindLab_Starter_Project\docs\planning\kids_certified\05_ops_legacy\legacy_register.csv","LEG-368","PossibleStage","","Concrete non-placeholder value","Open non-blocked field"
"MEDIUM","05_ops_legacy","C:\Projects\MindLab_Starter_Project\docs\planning\kids_certified\05_ops_legacy\legacy_register.csv","LEG-368","RewritePriority","","Concrete non-placeholder value","Open non-blocked field"
"MEDIUM","05_ops_legacy","C:\Projects\MindLab_Starter_Project\docs\planning\kids_certified\05_ops_legacy\legacy_register.csv","LEG-369","PossibleCategory","","Concrete non-placeholder value","Open non-blocked field"
"MEDIUM","05_ops_legacy","C:\Projects\MindLab_Starter_Project\docs\planning\kids_certified\05_ops_legacy\legacy_register.csv","LEG-369","PossibleStage","","Concrete non-placeholder value","Open non-blocked field"
"MEDIUM","05_ops_legacy","C:\Projects\MindLab_Starter_Project\docs\planning\kids_certified\05_ops_legacy\legacy_register.csv","LEG-369","RewritePriority","","Concrete non-placeholder value","Open non-blocked field"
"MEDIUM","05_ops_legacy","C:\Projects\MindLab_Starter_Project\docs\planning\kids_certified\05_ops_legacy\legacy_register.csv","LEG-370","PossibleCategory","","Concrete non-placeholder value","Open non-blocked field"
"MEDIUM","05_ops_legacy","C:\Projects\MindLab_Starter_Project\docs\planning\kids_certified\05_ops_legacy\legacy_register.csv","LEG-370","PossibleStage","","Concrete non-placeholder value","Open non-blocked field"
"MEDIUM","05_ops_legacy","C:\Projects\MindLab_Starter_Project\docs\planning\kids_certified\05_ops_legacy\legacy_register.csv","LEG-370","RewritePriority","","Concrete non-placeholder value","Open non-blocked field"
"MEDIUM","05_ops_legacy","C:\Projects\MindLab_Starter_Project\docs\planning\kids_certified\05_ops_legacy\legacy_register.csv","LEG-371","PossibleCategory","","Concrete non-placeholder value","Open non-blocked field"
"MEDIUM","05_ops_legacy","C:\Projects\MindLab_Starter_Project\docs\planning\kids_certified\05_ops_legacy\legacy_register.csv","LEG-371","PossibleStage","","Concrete non-placeholder value","Open non-blocked field"
"MEDIUM","05_ops_legacy","C:\Projects\MindLab_Starter_Project\docs\planning\kids_certified\05_ops_legacy\legacy_register.csv","LEG-371","RewritePriority","","Concrete non-placeholder value","Open non-blocked field"
"MEDIUM","05_ops_legacy","C:\Projects\MindLab_Starter_Project\docs\planning\kids_certified\05_ops_legacy\legacy_register.csv","LEG-372","PossibleCategory","","Concrete non-placeholder value","Open non-blocked field"
"MEDIUM","05_ops_legacy","C:\Projects\MindLab_Starter_Project\docs\planning\kids_certified\05_ops_legacy\legacy_register.csv","LEG-372","PossibleStage","","Concrete non-placeholder value","Open non-blocked field"
"MEDIUM","05_ops_legacy","C:\Projects\MindLab_Starter_Project\docs\planning\kids_certified\05_ops_legacy\legacy_register.csv","LEG-372","RewritePriority","","Concrete non-placeholder value","Open non-blocked field"
"MEDIUM","05_ops_legacy","C:\Projects\MindLab_Starter_Project\docs\planning\kids_certified\05_ops_legacy\legacy_register.csv","LEG-373","PossibleCategory","","Concrete non-placeholder value","Open non-blocked field"
"MEDIUM","05_ops_legacy","C:\Projects\MindLab_Starter_Project\docs\planning\kids_certified\05_ops_legacy\legacy_register.csv","LEG-373","PossibleStage","","Concrete non-placeholder value","Open non-blocked field"
"MEDIUM","05_ops_legacy","C:\Projects\MindLab_Starter_Project\docs\planning\kids_certified\05_ops_legacy\legacy_register.csv","LEG-373","RewritePriority","","Concrete non-placeholder value","Open non-blocked field"
"MEDIUM","05_ops_legacy","C:\Projects\MindLab_Starter_Project\docs\planning\kids_certified\05_ops_legacy\legacy_register.csv","LEG-374","PossibleCategory","","Concrete non-placeholder value","Open non-blocked field"
"MEDIUM","05_ops_legacy","C:\Projects\MindLab_Starter_Project\docs\planning\kids_certified\05_ops_legacy\legacy_register.csv","LEG-374","PossibleStage","","Concrete non-placeholder value","Open non-blocked field"
"MEDIUM","05_ops_legacy","C:\Projects\MindLab_Starter_Project\docs\planning\kids_certified\05_ops_legacy\legacy_register.csv","LEG-374","RewritePriority","","Concrete non-placeholder value","Open non-blocked field"
"MEDIUM","05_ops_legacy","C:\Projects\MindLab_Starter_Project\docs\planning\kids_certified\05_ops_legacy\legacy_register.csv","LEG-375","PossibleCategory","","Concrete non-placeholder value","Open non-blocked field"
"MEDIUM","05_ops_legacy","C:\Projects\MindLab_Starter_Project\docs\planning\kids_certified\05_ops_legacy\legacy_register.csv","LEG-375","PossibleStage","","Concrete non-placeholder value","Open non-blocked field"
"MEDIUM","05_ops_legacy","C:\Projects\MindLab_Starter_Project\docs\planning\kids_certified\05_ops_legacy\legacy_register.csv","LEG-375","RewritePriority","","Concrete non-placeholder value","Open non-blocked field"
"MEDIUM","05_ops_legacy","C:\Projects\MindLab_Starter_Project\docs\planning\kids_certified\05_ops_legacy\legacy_register.csv","LEG-376","PossibleCategory","","Concrete non-placeholder value","Open non-blocked field"
"MEDIUM","05_ops_legacy","C:\Projects\MindLab_Starter_Project\docs\planning\kids_certified\05_ops_legacy\legacy_register.csv","LEG-376","PossibleStage","","Concrete non-placeholder value","Open non-blocked field"
"MEDIUM","05_ops_legacy","C:\Projects\MindLab_Starter_Project\docs\planning\kids_certified\05_ops_legacy\legacy_register.csv","LEG-376","RewritePriority","","Concrete non-placeholder value","Open non-blocked field"
"MEDIUM","05_ops_legacy","C:\Projects\MindLab_Starter_Project\docs\planning\kids_certified\05_ops_legacy\legacy_register.csv","LEG-377","PossibleCategory","","Concrete non-placeholder value","Open non-blocked field"
"MEDIUM","05_ops_legacy","C:\Projects\MindLab_Starter_Project\docs\planning\kids_certified\05_ops_legacy\legacy_register.csv","LEG-377","PossibleStage","","Concrete non-placeholder value","Open non-blocked field"
"MEDIUM","05_ops_legacy","C:\Projects\MindLab_Starter_Project\docs\planning\kids_certified\05_ops_legacy\legacy_register.csv","LEG-377","RewritePriority","","Concrete non-placeholder value","Open non-blocked field"
"MEDIUM","05_ops_legacy","C:\Projects\MindLab_Starter_Project\docs\planning\kids_certified\05_ops_legacy\legacy_register.csv","LEG-378","PossibleCategory","","Concrete non-placeholder value","Open non-blocked field"
"MEDIUM","05_ops_legacy","C:\Projects\MindLab_Starter_Project\docs\planning\kids_certified\05_ops_legacy\legacy_register.csv","LEG-378","PossibleStage","","Concrete non-placeholder value","Open non-blocked field"
"MEDIUM","05_ops_legacy","C:\Projects\MindLab_Starter_Project\docs\planning\kids_certified\05_ops_legacy\legacy_register.csv","LEG-378","RewritePriority","","Concrete non-placeholder value","Open non-blocked field"
"MEDIUM","05_ops_legacy","C:\Projects\MindLab_Starter_Project\docs\planning\kids_certified\05_ops_legacy\legacy_register.csv","LEG-379","PossibleCategory","","Concrete non-placeholder value","Open non-blocked field"
"MEDIUM","05_ops_legacy","C:\Projects\MindLab_Starter_Project\docs\planning\kids_certified\05_ops_legacy\legacy_register.csv","LEG-379","PossibleStage","","Concrete non-placeholder value","Open non-blocked field"
"MEDIUM","05_ops_legacy","C:\Projects\MindLab_Starter_Project\docs\planning\kids_certified\05_ops_legacy\legacy_register.csv","LEG-379","RewritePriority","","Concrete non-placeholder value","Open non-blocked field"
"MEDIUM","05_ops_legacy","C:\Projects\MindLab_Starter_Project\docs\planning\kids_certified\05_ops_legacy\legacy_register.csv","LEG-380","PossibleCategory","","Concrete non-placeholder value","Open non-blocked field"
"MEDIUM","05_ops_legacy","C:\Projects\MindLab_Starter_Project\docs\planning\kids_certified\05_ops_legacy\legacy_register.csv","LEG-380","PossibleStage","","Concrete non-placeholder value","Open non-blocked field"
"MEDIUM","05_ops_legacy","C:\Projects\MindLab_Starter_Project\docs\planning\kids_certified\05_ops_legacy\legacy_register.csv","LEG-380","RewritePriority","","Concrete non-placeholder value","Open non-blocked field"
"MEDIUM","05_ops_legacy","C:\Projects\MindLab_Starter_Project\docs\planning\kids_certified\05_ops_legacy\legacy_register.csv","LEG-381","PossibleCategory","","Concrete non-placeholder value","Open non-blocked field"
"MEDIUM","05_ops_legacy","C:\Projects\MindLab_Starter_Project\docs\planning\kids_certified\05_ops_legacy\legacy_register.csv","LEG-381","PossibleStage","","Concrete non-placeholder value","Open non-blocked field"
"MEDIUM","05_ops_legacy","C:\Projects\MindLab_Starter_Project\docs\planning\kids_certified\05_ops_legacy\legacy_register.csv","LEG-381","RewritePriority","","Concrete non-placeholder value","Open non-blocked field"
"MEDIUM","05_ops_legacy","C:\Projects\MindLab_Starter_Project\docs\planning\kids_certified\05_ops_legacy\legacy_register.csv","LEG-382","PossibleCategory","","Concrete non-placeholder value","Open non-blocked field"
"MEDIUM","05_ops_legacy","C:\Projects\MindLab_Starter_Project\docs\planning\kids_certified\05_ops_legacy\legacy_register.csv","LEG-382","PossibleStage","","Concrete non-placeholder value","Open non-blocked field"
"MEDIUM","05_ops_legacy","C:\Projects\MindLab_Starter_Project\docs\planning\kids_certified\05_ops_legacy\legacy_register.csv","LEG-382","RewritePriority","","Concrete non-placeholder value","Open non-blocked field"
"MEDIUM","05_ops_legacy","C:\Projects\MindLab_Starter_Project\docs\planning\kids_certified\05_ops_legacy\legacy_register.csv","LEG-383","PossibleCategory","","Concrete non-placeholder value","Open non-blocked field"
"MEDIUM","05_ops_legacy","C:\Projects\MindLab_Starter_Project\docs\planning\kids_certified\05_ops_legacy\legacy_register.csv","LEG-383","PossibleStage","","Concrete non-placeholder value","Open non-blocked field"
"MEDIUM","05_ops_legacy","C:\Projects\MindLab_Starter_Project\docs\planning\kids_certified\05_ops_legacy\legacy_register.csv","LEG-383","RewritePriority","","Concrete non-placeholder value","Open non-blocked field"
"MEDIUM","05_ops_legacy","C:\Projects\MindLab_Starter_Project\docs\planning\kids_certified\05_ops_legacy\legacy_register.csv","LEG-384","PossibleCategory","","Concrete non-placeholder value","Open non-blocked field"
"MEDIUM","05_ops_legacy","C:\Projects\MindLab_Starter_Project\docs\planning\kids_certified\05_ops_legacy\legacy_register.csv","LEG-384","PossibleStage","","Concrete non-placeholder value","Open non-blocked field"
"MEDIUM","05_ops_legacy","C:\Projects\MindLab_Starter_Project\docs\planning\kids_certified\05_ops_legacy\legacy_register.csv","LEG-384","RewritePriority","","Concrete non-placeholder value","Open non-blocked field"
"MEDIUM","05_ops_legacy","C:\Projects\MindLab_Starter_Project\docs\planning\kids_certified\05_ops_legacy\legacy_register.csv","LEG-385","PossibleCategory","","Concrete non-placeholder value","Open non-blocked field"
"MEDIUM","05_ops_legacy","C:\Projects\MindLab_Starter_Project\docs\planning\kids_certified\05_ops_legacy\legacy_register.csv","LEG-385","PossibleStage","","Concrete non-placeholder value","Open non-blocked field"
"MEDIUM","05_ops_legacy","C:\Projects\MindLab_Starter_Project\docs\planning\kids_certified\05_ops_legacy\legacy_register.csv","LEG-385","RewritePriority","","Concrete non-placeholder value","Open non-blocked field"
"MEDIUM","05_ops_legacy","C:\Projects\MindLab_Starter_Project\docs\planning\kids_certified\05_ops_legacy\legacy_register.csv","LEG-386","PossibleCategory","","Concrete non-placeholder value","Open non-blocked field"
"MEDIUM","05_ops_legacy","C:\Projects\MindLab_Starter_Project\docs\planning\kids_certified\05_ops_legacy\legacy_register.csv","LEG-386","PossibleStage","","Concrete non-placeholder value","Open non-blocked field"
"MEDIUM","05_ops_legacy","C:\Projects\MindLab_Starter_Project\docs\planning\kids_certified\05_ops_legacy\legacy_register.csv","LEG-386","RewritePriority","","Concrete non-placeholder value","Open non-blocked field"
"MEDIUM","05_ops_legacy","C:\Projects\MindLab_Starter_Project\docs\planning\kids_certified\05_ops_legacy\legacy_register.csv","LEG-387","PossibleCategory","","Concrete non-placeholder value","Open non-blocked field"
"MEDIUM","05_ops_legacy","C:\Projects\MindLab_Starter_Project\docs\planning\kids_certified\05_ops_legacy\legacy_register.csv","LEG-387","PossibleStage","","Concrete non-placeholder value","Open non-blocked field"
"MEDIUM","05_ops_legacy","C:\Projects\MindLab_Starter_Project\docs\planning\kids_certified\05_ops_legacy\legacy_register.csv","LEG-387","RewritePriority","","Concrete non-placeholder value","Open non-blocked field"
"MEDIUM","05_ops_legacy","C:\Projects\MindLab_Starter_Project\docs\planning\kids_certified\05_ops_legacy\legacy_register.csv","LEG-388","PossibleCategory","","Concrete non-placeholder value","Open non-blocked field"
"MEDIUM","05_ops_legacy","C:\Projects\MindLab_Starter_Project\docs\planning\kids_certified\05_ops_legacy\legacy_register.csv","LEG-388","PossibleStage","","Concrete non-placeholder value","Open non-blocked field"
"MEDIUM","05_ops_legacy","C:\Projects\MindLab_Starter_Project\docs\planning\kids_certified\05_ops_legacy\legacy_register.csv","LEG-388","RewritePriority","","Concrete non-placeholder value","Open non-blocked field"
"MEDIUM","05_ops_legacy","C:\Projects\MindLab_Starter_Project\docs\planning\kids_certified\05_ops_legacy\legacy_register.csv","LEG-389","PossibleCategory","","Concrete non-placeholder value","Open non-blocked field"
"MEDIUM","05_ops_legacy","C:\Projects\MindLab_Starter_Project\docs\planning\kids_certified\05_ops_legacy\legacy_register.csv","LEG-389","PossibleStage","","Concrete non-placeholder value","Open non-blocked field"
"MEDIUM","05_ops_legacy","C:\Projects\MindLab_Starter_Project\docs\planning\kids_certified\05_ops_legacy\legacy_register.csv","LEG-389","RewritePriority","","Concrete non-placeholder value","Open non-blocked field"
"MEDIUM","05_ops_legacy","C:\Projects\MindLab_Starter_Project\docs\planning\kids_certified\05_ops_legacy\legacy_register.csv","LEG-390","PossibleCategory","","Concrete non-placeholder value","Open non-blocked field"
"MEDIUM","05_ops_legacy","C:\Projects\MindLab_Starter_Project\docs\planning\kids_certified\05_ops_legacy\legacy_register.csv","LEG-390","PossibleStage","","Concrete non-placeholder value","Open non-blocked field"
"MEDIUM","05_ops_legacy","C:\Projects\MindLab_Starter_Project\docs\planning\kids_certified\05_ops_legacy\legacy_register.csv","LEG-390","RewritePriority","","Concrete non-placeholder value","Open non-blocked field"
"MEDIUM","05_ops_legacy","C:\Projects\MindLab_Starter_Project\docs\planning\kids_certified\05_ops_legacy\legacy_register.csv","LEG-391","PossibleCategory","","Concrete non-placeholder value","Open non-blocked field"
"MEDIUM","05_ops_legacy","C:\Projects\MindLab_Starter_Project\docs\planning\kids_certified\05_ops_legacy\legacy_register.csv","LEG-391","PossibleStage","","Concrete non-placeholder value","Open non-blocked field"
"MEDIUM","05_ops_legacy","C:\Projects\MindLab_Starter_Project\docs\planning\kids_certified\05_ops_legacy\legacy_register.csv","LEG-391","RewritePriority","","Concrete non-placeholder value","Open non-blocked field"
"MEDIUM","05_ops_legacy","C:\Projects\MindLab_Starter_Project\docs\planning\kids_certified\05_ops_legacy\legacy_register.csv","LEG-392","PossibleCategory","","Concrete non-placeholder value","Open non-blocked field"
"MEDIUM","05_ops_legacy","C:\Projects\MindLab_Starter_Project\docs\planning\kids_certified\05_ops_legacy\legacy_register.csv","LEG-392","PossibleStage","","Concrete non-placeholder value","Open non-blocked field"
"MEDIUM","05_ops_legacy","C:\Projects\MindLab_Starter_Project\docs\planning\kids_certified\05_ops_legacy\legacy_register.csv","LEG-392","RewritePriority","","Concrete non-placeholder value","Open non-blocked field"
"MEDIUM","05_ops_legacy","C:\Projects\MindLab_Starter_Project\docs\planning\kids_certified\05_ops_legacy\legacy_register.csv","LEG-393","PossibleCategory","","Concrete non-placeholder value","Open non-blocked field"
"MEDIUM","05_ops_legacy","C:\Projects\MindLab_Starter_Project\docs\planning\kids_certified\05_ops_legacy\legacy_register.csv","LEG-393","PossibleStage","","Concrete non-placeholder value","Open non-blocked field"
"MEDIUM","05_ops_legacy","C:\Projects\MindLab_Starter_Project\docs\planning\kids_certified\05_ops_legacy\legacy_register.csv","LEG-393","RewritePriority","","Concrete non-placeholder value","Open non-blocked field"
"MEDIUM","05_ops_legacy","C:\Projects\MindLab_Starter_Project\docs\planning\kids_certified\05_ops_legacy\legacy_register.csv","LEG-394","PossibleCategory","","Concrete non-placeholder value","Open non-blocked field"
"MEDIUM","05_ops_legacy","C:\Projects\MindLab_Starter_Project\docs\planning\kids_certified\05_ops_legacy\legacy_register.csv","LEG-394","PossibleStage","","Concrete non-placeholder value","Open non-blocked field"
"MEDIUM","05_ops_legacy","C:\Projects\MindLab_Starter_Project\docs\planning\kids_certified\05_ops_legacy\legacy_register.csv","LEG-394","RewritePriority","","Concrete non-placeholder value","Open non-blocked field"
"MEDIUM","05_ops_legacy","C:\Projects\MindLab_Starter_Project\docs\planning\kids_certified\05_ops_legacy\legacy_register.csv","LEG-395","PossibleCategory","","Concrete non-placeholder value","Open non-blocked field"
"MEDIUM","05_ops_legacy","C:\Projects\MindLab_Starter_Project\docs\planning\kids_certified\05_ops_legacy\legacy_register.csv","LEG-395","PossibleStage","","Concrete non-placeholder value","Open non-blocked field"
"MEDIUM","05_ops_legacy","C:\Projects\MindLab_Starter_Project\docs\planning\kids_certified\05_ops_legacy\legacy_register.csv","LEG-395","RewritePriority","","Concrete non-placeholder value","Open non-blocked field"
"MEDIUM","05_ops_legacy","C:\Projects\MindLab_Starter_Project\docs\planning\kids_certified\05_ops_legacy\legacy_register.csv","LEG-396","PossibleCategory","","Concrete non-placeholder value","Open non-blocked field"
"MEDIUM","05_ops_legacy","C:\Projects\MindLab_Starter_Project\docs\planning\kids_certified\05_ops_legacy\legacy_register.csv","LEG-396","PossibleStage","","Concrete non-placeholder value","Open non-blocked field"
"MEDIUM","05_ops_legacy","C:\Projects\MindLab_Starter_Project\docs\planning\kids_certified\05_ops_legacy\legacy_register.csv","LEG-396","RewritePriority","","Concrete non-placeholder value","Open non-blocked field"
"MEDIUM","05_ops_legacy","C:\Projects\MindLab_Starter_Project\docs\planning\kids_certified\05_ops_legacy\legacy_register.csv","LEG-397","PossibleCategory","","Concrete non-placeholder value","Open non-blocked field"
"MEDIUM","05_ops_legacy","C:\Projects\MindLab_Starter_Project\docs\planning\kids_certified\05_ops_legacy\legacy_register.csv","LEG-397","PossibleStage","","Concrete non-placeholder value","Open non-blocked field"
"MEDIUM","05_ops_legacy","C:\Projects\MindLab_Starter_Project\docs\planning\kids_certified\05_ops_legacy\legacy_register.csv","LEG-397","RewritePriority","","Concrete non-placeholder value","Open non-blocked field"
"MEDIUM","recertification_2026-04-12","C:\Projects\MindLab_Starter_Project\docs\planning\kids_certified\05_ops_legacy\recertification_2026-04-12\legacy_apply_execution_register.csv","","ApplyStatus","PENDING","Concrete non-placeholder value","Open non-blocked field"
"MEDIUM","recertification_2026-04-12","C:\Projects\MindLab_Starter_Project\docs\planning\kids_certified\05_ops_legacy\recertification_2026-04-12\legacy_apply_execution_register.csv","","ApplyStatus","PENDING","Concrete non-placeholder value","Open non-blocked field"
"MEDIUM","recertification_2026-04-12","C:\Projects\MindLab_Starter_Project\docs\planning\kids_certified\05_ops_legacy\recertification_2026-04-12\legacy_apply_execution_register.csv","","ApplyStatus","PENDING","Concrete non-placeholder value","Open non-blocked field"
"MEDIUM","recertification_2026-04-12","C:\Projects\MindLab_Starter_Project\docs\planning\kids_certified\05_ops_legacy\recertification_2026-04-12\legacy_apply_readiness_rollup.csv","TBD","ApplyStatus","PENDING","Concrete non-placeholder value","Open non-blocked field"
"MEDIUM","recertification_2026-04-12","C:\Projects\MindLab_Starter_Project\docs\planning\kids_certified\05_ops_legacy\recertification_2026-04-12\legacy_apply_readiness_rollup.csv","TBD","ApplyStatus","PENDING","Concrete non-placeholder value","Open non-blocked field"
"MEDIUM","recertification_2026-04-12","C:\Projects\MindLab_Starter_Project\docs\planning\kids_certified\05_ops_legacy\recertification_2026-04-12\legacy_apply_readiness_rollup.csv","TBD","FillStatus","PENDING","Concrete non-placeholder value","Open non-blocked field"
"MEDIUM","recertification_2026-04-12","C:\Projects\MindLab_Starter_Project\docs\planning\kids_certified\05_ops_legacy\recertification_2026-04-12\legacy_apply_readiness_rollup.csv","TBD","FillStatus","PENDING","Concrete non-placeholder value","Open non-blocked field"
"MEDIUM","recertification_2026-04-12","C:\Projects\MindLab_Starter_Project\docs\planning\kids_certified\05_ops_legacy\recertification_2026-04-12\legacy_apply_readiness_rollup.csv","TBD","LegacyID","TBD","Concrete non-placeholder value","Open non-blocked field"
"MEDIUM","recertification_2026-04-12","C:\Projects\MindLab_Starter_Project\docs\planning\kids_certified\05_ops_legacy\recertification_2026-04-12\legacy_apply_readiness_rollup.csv","TBD","LegacyID","TBD","Concrete non-placeholder value","Open non-blocked field"
"MEDIUM","recertification_2026-04-12","C:\Projects\MindLab_Starter_Project\docs\planning\kids_certified\05_ops_legacy\recertification_2026-04-12\legacy_apply_readiness_rollup.csv","TBD","ReadinessStatus","PENDING","Concrete non-placeholder value","Open non-blocked field"
"MEDIUM","recertification_2026-04-12","C:\Projects\MindLab_Starter_Project\docs\planning\kids_certified\05_ops_legacy\recertification_2026-04-12\legacy_apply_readiness_rollup.csv","TBD","ReadinessStatus","PENDING","Concrete non-placeholder value","Open non-blocked field"
"MEDIUM","recertification_2026-04-12","C:\Projects\MindLab_Starter_Project\docs\planning\kids_certified\05_ops_legacy\recertification_2026-04-12\legacy_apply_readiness_rollup.csv","TBD","RollupDate","TBD","Concrete non-placeholder value","Open non-blocked field"
"MEDIUM","recertification_2026-04-12","C:\Projects\MindLab_Starter_Project\docs\planning\kids_certified\05_ops_legacy\recertification_2026-04-12\legacy_apply_readiness_rollup.csv","TBD","RollupDate","TBD","Concrete non-placeholder value","Open non-blocked field"
"MEDIUM","recertification_2026-04-12","C:\Projects\MindLab_Starter_Project\docs\planning\kids_certified\05_ops_legacy\recertification_2026-04-12\legacy_approval_completion_tracker.csv","TBD","CompletionStatus","PENDING","Concrete non-placeholder value","Open non-blocked field"
"MEDIUM","recertification_2026-04-12","C:\Projects\MindLab_Starter_Project\docs\planning\kids_certified\05_ops_legacy\recertification_2026-04-12\legacy_approval_completion_tracker.csv","TBD","CompletionStatus","PENDING","Concrete non-placeholder value","Open non-blocked field"
"MEDIUM","recertification_2026-04-12","C:\Projects\MindLab_Starter_Project\docs\planning\kids_certified\05_ops_legacy\recertification_2026-04-12\legacy_approval_completion_tracker.csv","TBD","CompletionVerifiedBy","TBD","Concrete non-placeholder value","Open non-blocked field"
"MEDIUM","recertification_2026-04-12","C:\Projects\MindLab_Starter_Project\docs\planning\kids_certified\05_ops_legacy\recertification_2026-04-12\legacy_approval_completion_tracker.csv","TBD","CompletionVerifiedBy","TBD","Concrete non-placeholder value","Open non-blocked field"
"MEDIUM","recertification_2026-04-12","C:\Projects\MindLab_Starter_Project\docs\planning\kids_certified\05_ops_legacy\recertification_2026-04-12\legacy_approval_completion_tracker.csv","TBD","LegacyID","TBD","Concrete non-placeholder value","Open non-blocked field"
"MEDIUM","recertification_2026-04-12","C:\Projects\MindLab_Starter_Project\docs\planning\kids_certified\05_ops_legacy\recertification_2026-04-12\legacy_approval_completion_tracker.csv","TBD","LegacyID","TBD","Concrete non-placeholder value","Open non-blocked field"
"MEDIUM","recertification_2026-04-12","C:\Projects\MindLab_Starter_Project\docs\planning\kids_certified\05_ops_legacy\recertification_2026-04-12\legacy_approval_completion_tracker.csv","TBD","ReviewStatus","PENDING","Concrete non-placeholder value","Open non-blocked field"
"MEDIUM","recertification_2026-04-12","C:\Projects\MindLab_Starter_Project\docs\planning\kids_certified\05_ops_legacy\recertification_2026-04-12\legacy_approval_completion_tracker.csv","TBD","ReviewStatus","PENDING","Concrete non-placeholder value","Open non-blocked field"
"MEDIUM","recertification_2026-04-12","C:\Projects\MindLab_Starter_Project\docs\planning\kids_certified\05_ops_legacy\recertification_2026-04-12\legacy_approval_resolution_tracker.csv","TBD","CompletionStatus","PENDING","Concrete non-placeholder value","Open non-blocked field"
"MEDIUM","recertification_2026-04-12","C:\Projects\MindLab_Starter_Project\docs\planning\kids_certified\05_ops_legacy\recertification_2026-04-12\legacy_approval_resolution_tracker.csv","TBD","CompletionStatus","PENDING","Concrete non-placeholder value","Open non-blocked field"
"MEDIUM","recertification_2026-04-12","C:\Projects\MindLab_Starter_Project\docs\planning\kids_certified\05_ops_legacy\recertification_2026-04-12\legacy_approval_resolution_tracker.csv","TBD","LegacyID","TBD","Concrete non-placeholder value","Open non-blocked field"
"MEDIUM","recertification_2026-04-12","C:\Projects\MindLab_Starter_Project\docs\planning\kids_certified\05_ops_legacy\recertification_2026-04-12\legacy_approval_resolution_tracker.csv","TBD","LegacyID","TBD","Concrete non-placeholder value","Open non-blocked field"
"MEDIUM","recertification_2026-04-12","C:\Projects\MindLab_Starter_Project\docs\planning\kids_certified\05_ops_legacy\recertification_2026-04-12\legacy_approval_resolution_tracker.csv","TBD","ResolutionNotes","TBD","Concrete non-placeholder value","Open non-blocked field"
"MEDIUM","recertification_2026-04-12","C:\Projects\MindLab_Starter_Project\docs\planning\kids_certified\05_ops_legacy\recertification_2026-04-12\legacy_approval_resolution_tracker.csv","TBD","ResolutionNotes","TBD","Concrete non-placeholder value","Open non-blocked field"
"MEDIUM","recertification_2026-04-12","C:\Projects\MindLab_Starter_Project\docs\planning\kids_certified\05_ops_legacy\recertification_2026-04-12\legacy_approval_resolution_tracker.csv","TBD","ResolutionStatus","PENDING","Concrete non-placeholder value","Open non-blocked field"
"MEDIUM","recertification_2026-04-12","C:\Projects\MindLab_Starter_Project\docs\planning\kids_certified\05_ops_legacy\recertification_2026-04-12\legacy_approval_resolution_tracker.csv","TBD","ResolutionStatus","PENDING","Concrete non-placeholder value","Open non-blocked field"
"MEDIUM","recertification_2026-04-12","C:\Projects\MindLab_Starter_Project\docs\planning\kids_certified\05_ops_legacy\recertification_2026-04-12\legacy_approval_review_queue.csv","TBD","LegacyID","TBD","Concrete non-placeholder value","Open non-blocked field"
"MEDIUM","recertification_2026-04-12","C:\Projects\MindLab_Starter_Project\docs\planning\kids_certified\05_ops_legacy\recertification_2026-04-12\legacy_approval_review_queue.csv","TBD","LegacyID","TBD","Concrete non-placeholder value","Open non-blocked field"
"MEDIUM","recertification_2026-04-12","C:\Projects\MindLab_Starter_Project\docs\planning\kids_certified\05_ops_legacy\recertification_2026-04-12\legacy_approval_review_queue.csv","TBD","ReviewStatus","PENDING","Concrete non-placeholder value","Open non-blocked field"
"MEDIUM","recertification_2026-04-12","C:\Projects\MindLab_Starter_Project\docs\planning\kids_certified\05_ops_legacy\recertification_2026-04-12\legacy_approval_review_queue.csv","TBD","ReviewStatus","PENDING","Concrete non-placeholder value","Open non-blocked field"
"MEDIUM","recertification_2026-04-12","C:\Projects\MindLab_Starter_Project\docs\planning\kids_certified\05_ops_legacy\recertification_2026-04-12\legacy_candidate_approval_intake.csv","TBD","Approver","TBD","Concrete non-placeholder value","Open non-blocked field"
"MEDIUM","recertification_2026-04-12","C:\Projects\MindLab_Starter_Project\docs\planning\kids_certified\05_ops_legacy\recertification_2026-04-12\legacy_candidate_approval_intake.csv","TBD","Approver","TBD","Concrete non-placeholder value","Open non-blocked field"
"MEDIUM","recertification_2026-04-12","C:\Projects\MindLab_Starter_Project\docs\planning\kids_certified\05_ops_legacy\recertification_2026-04-12\legacy_candidate_approval_intake.csv","TBD","CandidateStatus","PENDING","Concrete non-placeholder value","Open non-blocked field"
"MEDIUM","recertification_2026-04-12","C:\Projects\MindLab_Starter_Project\docs\planning\kids_certified\05_ops_legacy\recertification_2026-04-12\legacy_candidate_approval_intake.csv","TBD","CandidateStatus","PENDING","Concrete non-placeholder value","Open non-blocked field"
"MEDIUM","recertification_2026-04-12","C:\Projects\MindLab_Starter_Project\docs\planning\kids_certified\05_ops_legacy\recertification_2026-04-12\legacy_candidate_approval_intake.csv","TBD","LegacyID","TBD","Concrete non-placeholder value","Open non-blocked field"
"MEDIUM","recertification_2026-04-12","C:\Projects\MindLab_Starter_Project\docs\planning\kids_certified\05_ops_legacy\recertification_2026-04-12\legacy_candidate_approval_intake.csv","TBD","LegacyID","TBD","Concrete non-placeholder value","Open non-blocked field"
"MEDIUM","recertification_2026-04-12","C:\Projects\MindLab_Starter_Project\docs\planning\kids_certified\05_ops_legacy\recertification_2026-04-12\legacy_candidate_approval_intake.csv","TBD","MappingApproved","PENDING","Concrete non-placeholder value","Open non-blocked field"
"MEDIUM","recertification_2026-04-12","C:\Projects\MindLab_Starter_Project\docs\planning\kids_certified\05_ops_legacy\recertification_2026-04-12\legacy_candidate_approval_intake.csv","TBD","MappingApproved","PENDING","Concrete non-placeholder value","Open non-blocked field"
"MEDIUM","recertification_2026-04-12","C:\Projects\MindLab_Starter_Project\docs\planning\kids_certified\05_ops_legacy\recertification_2026-04-12\legacy_candidate_approval_intake.csv","TBD","ProposedTarget","TBD","Concrete non-placeholder value","Open non-blocked field"
"MEDIUM","recertification_2026-04-12","C:\Projects\MindLab_Starter_Project\docs\planning\kids_certified\05_ops_legacy\recertification_2026-04-12\legacy_candidate_approval_intake.csv","TBD","ProposedTarget","TBD","Concrete non-placeholder value","Open non-blocked field"
"MEDIUM","recertification_2026-04-12","C:\Projects\MindLab_Starter_Project\docs\planning\kids_certified\05_ops_legacy\recertification_2026-04-12\legacy_candidate_approval_intake.csv","TBD","RewriteRequired","TBD","Concrete non-placeholder value","Open non-blocked field"
"MEDIUM","recertification_2026-04-12","C:\Projects\MindLab_Starter_Project\docs\planning\kids_certified\05_ops_legacy\recertification_2026-04-12\legacy_candidate_approval_intake.csv","TBD","RewriteRequired","TBD","Concrete non-placeholder value","Open non-blocked field"
"MEDIUM","recertification_2026-04-12","C:\Projects\MindLab_Starter_Project\docs\planning\kids_certified\05_ops_legacy\recertification_2026-04-12\legacy_candidate_approval_patch_template.csv","TBD","Approver","","Concrete non-placeholder value","Open non-blocked field"
"MEDIUM","recertification_2026-04-12","C:\Projects\MindLab_Starter_Project\docs\planning\kids_certified\05_ops_legacy\recertification_2026-04-12\legacy_candidate_approval_patch_template.csv","TBD","Approver","","Concrete non-placeholder value","Open non-blocked field"
"MEDIUM","recertification_2026-04-12","C:\Projects\MindLab_Starter_Project\docs\planning\kids_certified\05_ops_legacy\recertification_2026-04-12\legacy_candidate_approval_patch_template.csv","TBD","LegacyID","TBD","Concrete non-placeholder value","Open non-blocked field"
"MEDIUM","recertification_2026-04-12","C:\Projects\MindLab_Starter_Project\docs\planning\kids_certified\05_ops_legacy\recertification_2026-04-12\legacy_candidate_approval_patch_template.csv","TBD","LegacyID","TBD","Concrete non-placeholder value","Open non-blocked field"
"MEDIUM","recertification_2026-04-12","C:\Projects\MindLab_Starter_Project\docs\planning\kids_certified\05_ops_legacy\recertification_2026-04-12\legacy_candidate_approval_patch_template.csv","TBD","MappingApproved","","Concrete non-placeholder value","Open non-blocked field"
"MEDIUM","recertification_2026-04-12","C:\Projects\MindLab_Starter_Project\docs\planning\kids_certified\05_ops_legacy\recertification_2026-04-12\legacy_candidate_approval_patch_template.csv","TBD","MappingApproved","","Concrete non-placeholder value","Open non-blocked field"
"MEDIUM","recertification_2026-04-12","C:\Projects\MindLab_Starter_Project\docs\planning\kids_certified\05_ops_legacy\recertification_2026-04-12\legacy_candidate_approval_patch_template.csv","TBD","ProposedTarget","","Concrete non-placeholder value","Open non-blocked field"
"MEDIUM","recertification_2026-04-12","C:\Projects\MindLab_Starter_Project\docs\planning\kids_certified\05_ops_legacy\recertification_2026-04-12\legacy_candidate_approval_patch_template.csv","TBD","ProposedTarget","","Concrete non-placeholder value","Open non-blocked field"
"MEDIUM","recertification_2026-04-12","C:\Projects\MindLab_Starter_Project\docs\planning\kids_certified\05_ops_legacy\recertification_2026-04-12\legacy_candidate_approval_patch_template.csv","TBD","RewriteRequired","","Concrete non-placeholder value","Open non-blocked field"
"MEDIUM","recertification_2026-04-12","C:\Projects\MindLab_Starter_Project\docs\planning\kids_certified\05_ops_legacy\recertification_2026-04-12\legacy_candidate_approval_patch_template.csv","TBD","RewriteRequired","","Concrete non-placeholder value","Open non-blocked field"
"MEDIUM","recertification_2026-04-12","C:\Projects\MindLab_Starter_Project\docs\planning\kids_certified\05_ops_legacy\recertification_2026-04-12\legacy_candidate_gate_log.csv","MappingApproved","GateDate","TBD","Concrete non-placeholder value","Open non-blocked field"
"MEDIUM","recertification_2026-04-12","C:\Projects\MindLab_Starter_Project\docs\planning\kids_certified\05_ops_legacy\recertification_2026-04-12\legacy_candidate_gate_log.csv","MappingApproved","GateStatus","PENDING","Concrete non-placeholder value","Open non-blocked field"
"MEDIUM","recertification_2026-04-12","C:\Projects\MindLab_Starter_Project\docs\planning\kids_certified\05_ops_legacy\recertification_2026-04-12\legacy_candidate_gate_log.csv","QaComplete","GateDate","TBD","Concrete non-placeholder value","Open non-blocked field"
"MEDIUM","recertification_2026-04-12","C:\Projects\MindLab_Starter_Project\docs\planning\kids_certified\05_ops_legacy\recertification_2026-04-12\legacy_candidate_gate_log.csv","QaComplete","GateStatus","PENDING","Concrete non-placeholder value","Open non-blocked field"
"MEDIUM","recertification_2026-04-12","C:\Projects\MindLab_Starter_Project\docs\planning\kids_certified\05_ops_legacy\recertification_2026-04-12\legacy_candidate_gate_log.csv","RewriteComplete","GateDate","TBD","Concrete non-placeholder value","Open non-blocked field"
"MEDIUM","recertification_2026-04-12","C:\Projects\MindLab_Starter_Project\docs\planning\kids_certified\05_ops_legacy\recertification_2026-04-12\legacy_candidate_gate_log.csv","RewriteComplete","GateStatus","PENDING","Concrete non-placeholder value","Open non-blocked field"
"MEDIUM","recertification_2026-04-12","C:\Projects\MindLab_Starter_Project\docs\planning\kids_certified\05_ops_legacy\recertification_2026-04-12\legacy_candidate_gate_log.csv","SignoffRecorded","GateDate","TBD","Concrete non-placeholder value","Open non-blocked field"
"MEDIUM","recertification_2026-04-12","C:\Projects\MindLab_Starter_Project\docs\planning\kids_certified\05_ops_legacy\recertification_2026-04-12\legacy_candidate_gate_log.csv","SignoffRecorded","GateStatus","PENDING","Concrete non-placeholder value","Open non-blocked field"
"MEDIUM","recertification_2026-04-12","C:\Projects\MindLab_Starter_Project\docs\planning\kids_certified\05_ops_legacy\recertification_2026-04-12\legacy_candidate_intake.csv","TBD","CandidateSource","TBD","Concrete non-placeholder value","Open non-blocked field"
"MEDIUM","recertification_2026-04-12","C:\Projects\MindLab_Starter_Project\docs\planning\kids_certified\05_ops_legacy\recertification_2026-04-12\legacy_candidate_intake.csv","TBD","CandidateSource","TBD","Concrete non-placeholder value","Open non-blocked field"
"MEDIUM","recertification_2026-04-12","C:\Projects\MindLab_Starter_Project\docs\planning\kids_certified\05_ops_legacy\recertification_2026-04-12\legacy_candidate_intake.csv","TBD","IntakeDate","TBD","Concrete non-placeholder value","Open non-blocked field"
"MEDIUM","recertification_2026-04-12","C:\Projects\MindLab_Starter_Project\docs\planning\kids_certified\05_ops_legacy\recertification_2026-04-12\legacy_candidate_intake.csv","TBD","IntakeDate","TBD","Concrete non-placeholder value","Open non-blocked field"
"MEDIUM","recertification_2026-04-12","C:\Projects\MindLab_Starter_Project\docs\planning\kids_certified\05_ops_legacy\recertification_2026-04-12\legacy_candidate_intake.csv","TBD","LegacyID","TBD","Concrete non-placeholder value","Open non-blocked field"
"MEDIUM","recertification_2026-04-12","C:\Projects\MindLab_Starter_Project\docs\planning\kids_certified\05_ops_legacy\recertification_2026-04-12\legacy_candidate_intake.csv","TBD","LegacyID","TBD","Concrete non-placeholder value","Open non-blocked field"
"MEDIUM","recertification_2026-04-12","C:\Projects\MindLab_Starter_Project\docs\planning\kids_certified\05_ops_legacy\recertification_2026-04-12\legacy_candidate_intake.csv","TBD","ProposedTarget","TBD","Concrete non-placeholder value","Open non-blocked field"
"MEDIUM","recertification_2026-04-12","C:\Projects\MindLab_Starter_Project\docs\planning\kids_certified\05_ops_legacy\recertification_2026-04-12\legacy_candidate_intake.csv","TBD","ProposedTarget","TBD","Concrete non-placeholder value","Open non-blocked field"
"MEDIUM","recertification_2026-04-12","C:\Projects\MindLab_Starter_Project\docs\planning\kids_certified\05_ops_legacy\recertification_2026-04-12\legacy_candidate_queue.csv","TBD","ApprovalState","PENDING","Concrete non-placeholder value","Open non-blocked field"
"MEDIUM","recertification_2026-04-12","C:\Projects\MindLab_Starter_Project\docs\planning\kids_certified\05_ops_legacy\recertification_2026-04-12\legacy_candidate_queue.csv","TBD","LegacyID","TBD","Concrete non-placeholder value","Open non-blocked field"
"MEDIUM","recertification_2026-04-12","C:\Projects\MindLab_Starter_Project\docs\planning\kids_certified\05_ops_legacy\recertification_2026-04-12\legacy_candidate_queue.csv","TBD","ProposedTarget","TBD","Concrete non-placeholder value","Open non-blocked field"
"MEDIUM","recertification_2026-04-12","C:\Projects\MindLab_Starter_Project\docs\planning\kids_certified\05_ops_legacy\recertification_2026-04-12\legacy_fill_application_tracker.csv","TBD","ApplyDate","TBD","Concrete non-placeholder value","Open non-blocked field"
"MEDIUM","recertification_2026-04-12","C:\Projects\MindLab_Starter_Project\docs\planning\kids_certified\05_ops_legacy\recertification_2026-04-12\legacy_fill_application_tracker.csv","TBD","ApplyDate","TBD","Concrete non-placeholder value","Open non-blocked field"
"MEDIUM","recertification_2026-04-12","C:\Projects\MindLab_Starter_Project\docs\planning\kids_certified\05_ops_legacy\recertification_2026-04-12\legacy_fill_application_tracker.csv","TBD","ApplyStatus","PENDING","Concrete non-placeholder value","Open non-blocked field"
"MEDIUM","recertification_2026-04-12","C:\Projects\MindLab_Starter_Project\docs\planning\kids_certified\05_ops_legacy\recertification_2026-04-12\legacy_fill_application_tracker.csv","TBD","ApplyStatus","PENDING","Concrete non-placeholder value","Open non-blocked field"
"MEDIUM","recertification_2026-04-12","C:\Projects\MindLab_Starter_Project\docs\planning\kids_certified\05_ops_legacy\recertification_2026-04-12\legacy_fill_application_tracker.csv","TBD","ApplyVerifiedBy","TBD","Concrete non-placeholder value","Open non-blocked field"
"MEDIUM","recertification_2026-04-12","C:\Projects\MindLab_Starter_Project\docs\planning\kids_certified\05_ops_legacy\recertification_2026-04-12\legacy_fill_application_tracker.csv","TBD","ApplyVerifiedBy","TBD","Concrete non-placeholder value","Open non-blocked field"
"MEDIUM","recertification_2026-04-12","C:\Projects\MindLab_Starter_Project\docs\planning\kids_certified\05_ops_legacy\recertification_2026-04-12\legacy_fill_application_tracker.csv","TBD","FillStatus","PENDING","Concrete non-placeholder value","Open non-blocked field"
"MEDIUM","recertification_2026-04-12","C:\Projects\MindLab_Starter_Project\docs\planning\kids_certified\05_ops_legacy\recertification_2026-04-12\legacy_fill_application_tracker.csv","TBD","FillStatus","PENDING","Concrete non-placeholder value","Open non-blocked field"
"MEDIUM","recertification_2026-04-12","C:\Projects\MindLab_Starter_Project\docs\planning\kids_certified\05_ops_legacy\recertification_2026-04-12\legacy_fill_application_tracker.csv","TBD","LegacyID","TBD","Concrete non-placeholder value","Open non-blocked field"
"MEDIUM","recertification_2026-04-12","C:\Projects\MindLab_Starter_Project\docs\planning\kids_certified\05_ops_legacy\recertification_2026-04-12\legacy_fill_application_tracker.csv","TBD","LegacyID","TBD","Concrete non-placeholder value","Open non-blocked field"
"MEDIUM","recertification_2026-04-12","C:\Projects\MindLab_Starter_Project\docs\planning\kids_certified\05_ops_legacy\recertification_2026-04-12\legacy_fill_tasks.csv","TBD","LegacyID","TBD","Concrete non-placeholder value","Open non-blocked field"
"MEDIUM","recertification_2026-04-12","C:\Projects\MindLab_Starter_Project\docs\planning\kids_certified\05_ops_legacy\recertification_2026-04-12\legacy_fill_tasks.csv","TBD","LegacyID","TBD","Concrete non-placeholder value","Open non-blocked field"
"MEDIUM","recertification_2026-04-12","C:\Projects\MindLab_Starter_Project\docs\planning\kids_certified\05_ops_legacy\recertification_2026-04-12\legacy_fill_tasks.csv","TBD","TaskStatus","PENDING","Concrete non-placeholder value","Open non-blocked field"
"MEDIUM","recertification_2026-04-12","C:\Projects\MindLab_Starter_Project\docs\planning\kids_certified\05_ops_legacy\recertification_2026-04-12\legacy_fill_tasks.csv","TBD","TaskStatus","PENDING","Concrete non-placeholder value","Open non-blocked field"
"MEDIUM","recertification_2026-04-12","C:\Projects\MindLab_Starter_Project\docs\planning\kids_certified\05_ops_legacy\recertification_2026-04-12\legacy_fill_template.csv","TBD","Approver","TBD","Concrete non-placeholder value","Open non-blocked field"
"MEDIUM","recertification_2026-04-12","C:\Projects\MindLab_Starter_Project\docs\planning\kids_certified\05_ops_legacy\recertification_2026-04-12\legacy_fill_template.csv","TBD","Approver","TBD","Concrete non-placeholder value","Open non-blocked field"
"MEDIUM","recertification_2026-04-12","C:\Projects\MindLab_Starter_Project\docs\planning\kids_certified\05_ops_legacy\recertification_2026-04-12\legacy_fill_template.csv","TBD","FillStatus","PENDING","Concrete non-placeholder value","Open non-blocked field"
"MEDIUM","recertification_2026-04-12","C:\Projects\MindLab_Starter_Project\docs\planning\kids_certified\05_ops_legacy\recertification_2026-04-12\legacy_fill_template.csv","TBD","FillStatus","PENDING","Concrete non-placeholder value","Open non-blocked field"
"MEDIUM","recertification_2026-04-12","C:\Projects\MindLab_Starter_Project\docs\planning\kids_certified\05_ops_legacy\recertification_2026-04-12\legacy_fill_template.csv","TBD","LegacyID","TBD","Concrete non-placeholder value","Open non-blocked field"
"MEDIUM","recertification_2026-04-12","C:\Projects\MindLab_Starter_Project\docs\planning\kids_certified\05_ops_legacy\recertification_2026-04-12\legacy_fill_template.csv","TBD","LegacyID","TBD","Concrete non-placeholder value","Open non-blocked field"
"MEDIUM","recertification_2026-04-12","C:\Projects\MindLab_Starter_Project\docs\planning\kids_certified\05_ops_legacy\recertification_2026-04-12\legacy_fill_template.csv","TBD","MappingApproved","TBD","Concrete non-placeholder value","Open non-blocked field"
"MEDIUM","recertification_2026-04-12","C:\Projects\MindLab_Starter_Project\docs\planning\kids_certified\05_ops_legacy\recertification_2026-04-12\legacy_fill_template.csv","TBD","MappingApproved","TBD","Concrete non-placeholder value","Open non-blocked field"
"MEDIUM","recertification_2026-04-12","C:\Projects\MindLab_Starter_Project\docs\planning\kids_certified\05_ops_legacy\recertification_2026-04-12\legacy_fill_template.csv","TBD","ProposedTarget","TBD","Concrete non-placeholder value","Open non-blocked field"
"MEDIUM","recertification_2026-04-12","C:\Projects\MindLab_Starter_Project\docs\planning\kids_certified\05_ops_legacy\recertification_2026-04-12\legacy_fill_template.csv","TBD","ProposedTarget","TBD","Concrete non-placeholder value","Open non-blocked field"
"MEDIUM","recertification_2026-04-12","C:\Projects\MindLab_Starter_Project\docs\planning\kids_certified\05_ops_legacy\recertification_2026-04-12\legacy_fill_template.csv","TBD","RewriteRequired","TBD","Concrete non-placeholder value","Open non-blocked field"
"MEDIUM","recertification_2026-04-12","C:\Projects\MindLab_Starter_Project\docs\planning\kids_certified\05_ops_legacy\recertification_2026-04-12\legacy_fill_template.csv","TBD","RewriteRequired","TBD","Concrete non-placeholder value","Open non-blocked field"
"MEDIUM","recertification_2026-04-12","C:\Projects\MindLab_Starter_Project\docs\planning\kids_certified\05_ops_legacy\recertification_2026-04-12\legacy_recertification_decision_matrix.csv","TBD","ApprovalState","PENDING","Concrete non-placeholder value","Open non-blocked field"
"MEDIUM","recertification_2026-04-12","C:\Projects\MindLab_Starter_Project\docs\planning\kids_certified\05_ops_legacy\recertification_2026-04-12\legacy_recertification_decision_matrix.csv","TBD","ApprovalState","PENDING","Concrete non-placeholder value","Open non-blocked field"
"MEDIUM","recertification_2026-04-12","C:\Projects\MindLab_Starter_Project\docs\planning\kids_certified\05_ops_legacy\recertification_2026-04-12\legacy_recertification_decision_matrix.csv","TBD","LegacyID","TBD","Concrete non-placeholder value","Open non-blocked field"
"MEDIUM","recertification_2026-04-12","C:\Projects\MindLab_Starter_Project\docs\planning\kids_certified\05_ops_legacy\recertification_2026-04-12\legacy_recertification_decision_matrix.csv","TBD","LegacyID","TBD","Concrete non-placeholder value","Open non-blocked field"
"MEDIUM","recertification_2026-04-12","C:\Projects\MindLab_Starter_Project\docs\planning\kids_certified\05_ops_legacy\recertification_2026-04-12\legacy_recertification_decision_matrix.csv","TBD","ProposedTarget","TBD","Concrete non-placeholder value","Open non-blocked field"
"MEDIUM","recertification_2026-04-12","C:\Projects\MindLab_Starter_Project\docs\planning\kids_certified\05_ops_legacy\recertification_2026-04-12\legacy_recertification_decision_matrix.csv","TBD","ProposedTarget","TBD","Concrete non-placeholder value","Open non-blocked field"
"MEDIUM","recertification_2026-04-12","C:\Projects\MindLab_Starter_Project\docs\planning\kids_certified\05_ops_legacy\recertification_2026-04-12\legacy_recertification_decision_matrix.csv","TBD","RewriteRequired","TBD","Concrete non-placeholder value","Open non-blocked field"
"MEDIUM","recertification_2026-04-12","C:\Projects\MindLab_Starter_Project\docs\planning\kids_certified\05_ops_legacy\recertification_2026-04-12\legacy_recertification_decision_matrix.csv","TBD","RewriteRequired","TBD","Concrete non-placeholder value","Open non-blocked field"
"MEDIUM","recertification_2026-04-12","C:\Projects\MindLab_Starter_Project\docs\planning\kids_certified\05_ops_legacy\recertification_2026-04-12\legacy_recertification_review_status.csv","TBD","LegacyID","TBD","Concrete non-placeholder value","Open non-blocked field"
"MEDIUM","recertification_2026-04-12","C:\Projects\MindLab_Starter_Project\docs\planning\kids_certified\05_ops_legacy\recertification_2026-04-12\legacy_recertification_review_status.csv","TBD","LegacyID","TBD","Concrete non-placeholder value","Open non-blocked field"
"MEDIUM","recertification_2026-04-12","C:\Projects\MindLab_Starter_Project\docs\planning\kids_certified\05_ops_legacy\recertification_2026-04-12\legacy_recertification_review_status.csv","TBD","MappingReview","PENDING","Concrete non-placeholder value","Open non-blocked field"
"MEDIUM","recertification_2026-04-12","C:\Projects\MindLab_Starter_Project\docs\planning\kids_certified\05_ops_legacy\recertification_2026-04-12\legacy_recertification_review_status.csv","TBD","MappingReview","PENDING","Concrete non-placeholder value","Open non-blocked field"
"MEDIUM","recertification_2026-04-12","C:\Projects\MindLab_Starter_Project\docs\planning\kids_certified\05_ops_legacy\recertification_2026-04-12\legacy_recertification_review_status.csv","TBD","QaReview","PENDING","Concrete non-placeholder value","Open non-blocked field"
"MEDIUM","recertification_2026-04-12","C:\Projects\MindLab_Starter_Project\docs\planning\kids_certified\05_ops_legacy\recertification_2026-04-12\legacy_recertification_review_status.csv","TBD","QaReview","PENDING","Concrete non-placeholder value","Open non-blocked field"
"MEDIUM","recertification_2026-04-12","C:\Projects\MindLab_Starter_Project\docs\planning\kids_certified\05_ops_legacy\recertification_2026-04-12\legacy_recertification_review_status.csv","TBD","RewriteReview","PENDING","Concrete non-placeholder value","Open non-blocked field"
"MEDIUM","recertification_2026-04-12","C:\Projects\MindLab_Starter_Project\docs\planning\kids_certified\05_ops_legacy\recertification_2026-04-12\legacy_recertification_review_status.csv","TBD","RewriteReview","PENDING","Concrete non-placeholder value","Open non-blocked field"
"MEDIUM","recertification_2026-04-12","C:\Projects\MindLab_Starter_Project\docs\planning\kids_certified\05_ops_legacy\recertification_2026-04-12\legacy_recertification_review_status.csv","TBD","SignoffReview","PENDING","Concrete non-placeholder value","Open non-blocked field"
"MEDIUM","recertification_2026-04-12","C:\Projects\MindLab_Starter_Project\docs\planning\kids_certified\05_ops_legacy\recertification_2026-04-12\legacy_recertification_review_status.csv","TBD","SignoffReview","PENDING","Concrete non-placeholder value","Open non-blocked field"
"MEDIUM","row_lock","C:\Projects\MindLab_Starter_Project\docs\planning\kids_certified\06_ux_qa\row_lock\current_focus_buildreferences_candidates.csv","","FullPath","","Concrete non-placeholder value","Open non-blocked field"
"MEDIUM","row_lock","C:\Projects\MindLab_Starter_Project\docs\planning\kids_certified\06_ux_qa\row_lock\current_focus_buildreferences_candidates.csv","","RelativePath","","Concrete non-placeholder value","Open non-blocked field"
"MEDIUM","row_lock","C:\Projects\MindLab_Starter_Project\docs\planning\kids_certified\06_ux_qa\row_lock\current_focus_buildreferences_candidates.csv","","Score","","Concrete non-placeholder value","Open non-blocked field"
"MEDIUM","closure_2026-04-12","C:\Projects\MindLab_Starter_Project\docs\planning\kids_certified\07_release\closure_2026-04-12\kids_post_release_backlog_apply_log.csv","Capture lessons learned for Wave 2 kickoff","ApplyDate","TBD","Concrete non-placeholder value","Open non-blocked field"
"MEDIUM","closure_2026-04-12","C:\Projects\MindLab_Starter_Project\docs\planning\kids_certified\07_release\closure_2026-04-12\kids_post_release_backlog_apply_log.csv","Capture lessons learned for Wave 2 kickoff","ApplyStatus","PENDING","Concrete non-placeholder value","Open non-blocked field"
"MEDIUM","closure_2026-04-12","C:\Projects\MindLab_Starter_Project\docs\planning\kids_certified\07_release\closure_2026-04-12\kids_post_release_backlog_apply_log.csv","Capture lessons learned for Wave 2 kickoff","Owner","TBD","Concrete non-placeholder value","Open non-blocked field"
"MEDIUM","closure_2026-04-12","C:\Projects\MindLab_Starter_Project\docs\planning\kids_certified\07_release\closure_2026-04-12\kids_post_release_backlog_apply_log.csv","Refine release narrative after closure approval","ApplyDate","TBD","Concrete non-placeholder value","Open non-blocked field"
"MEDIUM","closure_2026-04-12","C:\Projects\MindLab_Starter_Project\docs\planning\kids_certified\07_release\closure_2026-04-12\kids_post_release_backlog_apply_log.csv","Refine release narrative after closure approval","ApplyStatus","PENDING","Concrete non-placeholder value","Open non-blocked field"
"MEDIUM","closure_2026-04-12","C:\Projects\MindLab_Starter_Project\docs\planning\kids_certified\07_release\closure_2026-04-12\kids_post_release_backlog_apply_log.csv","Refine release narrative after closure approval","Owner","TBD","Concrete non-placeholder value","Open non-blocked field"
"MEDIUM","closure_2026-04-12","C:\Projects\MindLab_Starter_Project\docs\planning\kids_certified\07_release\closure_2026-04-12\kids_release_closure_section_status.csv","","Owner","TBD","Concrete non-placeholder value","Open non-blocked field"
"MEDIUM","closure_2026-04-12","C:\Projects\MindLab_Starter_Project\docs\planning\kids_certified\07_release\closure_2026-04-12\kids_release_closure_section_status.csv","","Owner","TBD","Concrete non-placeholder value","Open non-blocked field"
"MEDIUM","closure_2026-04-12","C:\Projects\MindLab_Starter_Project\docs\planning\kids_certified\07_release\closure_2026-04-12\kids_release_closure_section_status.csv","","Owner","TBD","Concrete non-placeholder value","Open non-blocked field"
"MEDIUM","closure_2026-04-12","C:\Projects\MindLab_Starter_Project\docs\planning\kids_certified\07_release\closure_2026-04-12\kids_release_closure_section_status.csv","","Owner","TBD","Concrete non-placeholder value","Open non-blocked field"
"MEDIUM","closure_2026-04-12","C:\Projects\MindLab_Starter_Project\docs\planning\kids_certified\07_release\closure_2026-04-12\kids_release_closure_section_status.csv","","Owner","TBD","Concrete non-placeholder value","Open non-blocked field"
"MEDIUM","closure_2026-04-12","C:\Projects\MindLab_Starter_Project\docs\planning\kids_certified\07_release\closure_2026-04-12\kids_release_closure_section_status.csv","","Owner","TBD","Concrete non-placeholder value","Open non-blocked field"
"MEDIUM","evidence_bundle_2026-04-12","C:\Projects\MindLab_Starter_Project\docs\planning\kids_certified\07_release\evidence_bundle_2026-04-12\kids_release_evidence_attachment_status.csv","BlockerRefresh","AttachStatus","PENDING","Concrete non-placeholder value","Open non-blocked field"
"MEDIUM","evidence_bundle_2026-04-12","C:\Projects\MindLab_Starter_Project\docs\planning\kids_certified\07_release\evidence_bundle_2026-04-12\kids_release_evidence_attachment_status.csv","BlockerRefresh","VerifiedBy","TBD","Concrete non-placeholder value","Open non-blocked field"
"MEDIUM","evidence_bundle_2026-04-12","C:\Projects\MindLab_Starter_Project\docs\planning\kids_certified\07_release\evidence_bundle_2026-04-12\kids_release_evidence_attachment_status.csv","BlockerRefresh","VerifiedDate","TBD","Concrete non-placeholder value","Open non-blocked field"
"MEDIUM","evidence_bundle_2026-04-12","C:\Projects\MindLab_Starter_Project\docs\planning\kids_certified\07_release\evidence_bundle_2026-04-12\kids_release_evidence_attachment_status.csv","CleanUnresolvedSummary","AttachStatus","PENDING","Concrete non-placeholder value","Open non-blocked field"
"MEDIUM","evidence_bundle_2026-04-12","C:\Projects\MindLab_Starter_Project\docs\planning\kids_certified\07_release\evidence_bundle_2026-04-12\kids_release_evidence_attachment_status.csv","CleanUnresolvedSummary","VerifiedBy","TBD","Concrete non-placeholder value","Open non-blocked field"
"MEDIUM","evidence_bundle_2026-04-12","C:\Projects\MindLab_Starter_Project\docs\planning\kids_certified\07_release\evidence_bundle_2026-04-12\kids_release_evidence_attachment_status.csv","CleanUnresolvedSummary","VerifiedDate","TBD","Concrete non-placeholder value","Open non-blocked field"
"MEDIUM","evidence_bundle_2026-04-12","C:\Projects\MindLab_Starter_Project\docs\planning\kids_certified\07_release\evidence_bundle_2026-04-12\kids_release_evidence_attachment_status.csv","ClosureReport","AttachStatus","PENDING","Concrete non-placeholder value","Open non-blocked field"
"MEDIUM","evidence_bundle_2026-04-12","C:\Projects\MindLab_Starter_Project\docs\planning\kids_certified\07_release\evidence_bundle_2026-04-12\kids_release_evidence_attachment_status.csv","ClosureReport","VerifiedBy","TBD","Concrete non-placeholder value","Open non-blocked field"
"MEDIUM","evidence_bundle_2026-04-12","C:\Projects\MindLab_Starter_Project\docs\planning\kids_certified\07_release\evidence_bundle_2026-04-12\kids_release_evidence_attachment_status.csv","ClosureReport","VerifiedDate","TBD","Concrete non-placeholder value","Open non-blocked field"
"MEDIUM","evidence_bundle_2026-04-12","C:\Projects\MindLab_Starter_Project\docs\planning\kids_certified\07_release\evidence_bundle_2026-04-12\kids_release_evidence_attachment_status.csv","FinalHeadReference","AttachStatus","PENDING","Concrete non-placeholder value","Open non-blocked field"
"MEDIUM","evidence_bundle_2026-04-12","C:\Projects\MindLab_Starter_Project\docs\planning\kids_certified\07_release\evidence_bundle_2026-04-12\kids_release_evidence_attachment_status.csv","FinalHeadReference","VerifiedBy","TBD","Concrete non-placeholder value","Open non-blocked field"
"MEDIUM","evidence_bundle_2026-04-12","C:\Projects\MindLab_Starter_Project\docs\planning\kids_certified\07_release\evidence_bundle_2026-04-12\kids_release_evidence_attachment_status.csv","FinalHeadReference","VerifiedDate","TBD","Concrete non-placeholder value","Open non-blocked field"
"MEDIUM","evidence_bundle_2026-04-12","C:\Projects\MindLab_Starter_Project\docs\planning\kids_certified\07_release\evidence_bundle_2026-04-12\kids_release_evidence_attachment_status.csv","FinalTagReference","AttachStatus","PENDING","Concrete non-placeholder value","Open non-blocked field"
"MEDIUM","evidence_bundle_2026-04-12","C:\Projects\MindLab_Starter_Project\docs\planning\kids_certified\07_release\evidence_bundle_2026-04-12\kids_release_evidence_attachment_status.csv","FinalTagReference","VerifiedBy","TBD","Concrete non-placeholder value","Open non-blocked field"
"MEDIUM","evidence_bundle_2026-04-12","C:\Projects\MindLab_Starter_Project\docs\planning\kids_certified\07_release\evidence_bundle_2026-04-12\kids_release_evidence_attachment_status.csv","FinalTagReference","VerifiedDate","TBD","Concrete non-placeholder value","Open non-blocked field"
"MEDIUM","evidence_bundle_2026-04-12","C:\Projects\MindLab_Starter_Project\docs\planning\kids_certified\07_release\evidence_bundle_2026-04-12\kids_release_evidence_attachment_status.csv","PostReleaseBacklogSeed","AttachStatus","PENDING","Concrete non-placeholder value","Open non-blocked field"
"MEDIUM","evidence_bundle_2026-04-12","C:\Projects\MindLab_Starter_Project\docs\planning\kids_certified\07_release\evidence_bundle_2026-04-12\kids_release_evidence_attachment_status.csv","PostReleaseBacklogSeed","VerifiedBy","TBD","Concrete non-placeholder value","Open non-blocked field"
"MEDIUM","evidence_bundle_2026-04-12","C:\Projects\MindLab_Starter_Project\docs\planning\kids_certified\07_release\evidence_bundle_2026-04-12\kids_release_evidence_attachment_status.csv","PostReleaseBacklogSeed","VerifiedDate","TBD","Concrete non-placeholder value","Open non-blocked field"
"MEDIUM","evidence_bundle_2026-04-12","C:\Projects\MindLab_Starter_Project\docs\planning\kids_certified\07_release\evidence_bundle_2026-04-12\release_apply_execution_register.csv","","ApplyStatus","PENDING","Concrete non-placeholder value","Open non-blocked field"
"MEDIUM","evidence_bundle_2026-04-12","C:\Projects\MindLab_Starter_Project\docs\planning\kids_certified\07_release\evidence_bundle_2026-04-12\release_apply_execution_register.csv","","ApplyStatus","PENDING","Concrete non-placeholder value","Open non-blocked field"
"MEDIUM","evidence_bundle_2026-04-12","C:\Projects\MindLab_Starter_Project\docs\planning\kids_certified\07_release\evidence_bundle_2026-04-12\release_apply_execution_register.csv","","ApplyStatus","PENDING","Concrete non-placeholder value","Open non-blocked field"
"MEDIUM","evidence_bundle_2026-04-12","C:\Projects\MindLab_Starter_Project\docs\planning\kids_certified\07_release\evidence_bundle_2026-04-12\release_apply_execution_register.csv","","ApplyStatus","PENDING","Concrete non-placeholder value","Open non-blocked field"
"MEDIUM","evidence_bundle_2026-04-12","C:\Projects\MindLab_Starter_Project\docs\planning\kids_certified\07_release\evidence_bundle_2026-04-12\release_attachment_copy_precheck.csv","CleanUnresolvedSummary","CopyReady","PENDING","Concrete non-placeholder value","Open non-blocked field"
"MEDIUM","evidence_bundle_2026-04-12","C:\Projects\MindLab_Starter_Project\docs\planning\kids_certified\07_release\evidence_bundle_2026-04-12\release_attachment_copy_precheck.csv","CleanUnresolvedSummary","OutputReady","PENDING","Concrete non-placeholder value","Open non-blocked field"
"MEDIUM","evidence_bundle_2026-04-12","C:\Projects\MindLab_Starter_Project\docs\planning\kids_certified\07_release\evidence_bundle_2026-04-12\release_attachment_copy_precheck.csv","CleanUnresolvedSummary","SourceVerified","PENDING","Concrete non-placeholder value","Open non-blocked field"
"MEDIUM","evidence_bundle_2026-04-12","C:\Projects\MindLab_Starter_Project\docs\planning\kids_certified\07_release\evidence_bundle_2026-04-12\release_attachment_copy_precheck.csv","ClosureReport","CopyReady","PENDING","Concrete non-placeholder value","Open non-blocked field"
"MEDIUM","evidence_bundle_2026-04-12","C:\Projects\MindLab_Starter_Project\docs\planning\kids_certified\07_release\evidence_bundle_2026-04-12\release_attachment_copy_precheck.csv","ClosureReport","OutputReady","PENDING","Concrete non-placeholder value","Open non-blocked field"
"MEDIUM","evidence_bundle_2026-04-12","C:\Projects\MindLab_Starter_Project\docs\planning\kids_certified\07_release\evidence_bundle_2026-04-12\release_attachment_copy_precheck.csv","ClosureReport","SourceVerified","PENDING","Concrete non-placeholder value","Open non-blocked field"
"MEDIUM","evidence_bundle_2026-04-12","C:\Projects\MindLab_Starter_Project\docs\planning\kids_certified\07_release\evidence_bundle_2026-04-12\release_attachment_copy_precheck.csv","FinalHeadReference","CopyReady","PENDING","Concrete non-placeholder value","Open non-blocked field"
"MEDIUM","evidence_bundle_2026-04-12","C:\Projects\MindLab_Starter_Project\docs\planning\kids_certified\07_release\evidence_bundle_2026-04-12\release_attachment_copy_precheck.csv","FinalHeadReference","OutputReady","PENDING","Concrete non-placeholder value","Open non-blocked field"
"MEDIUM","evidence_bundle_2026-04-12","C:\Projects\MindLab_Starter_Project\docs\planning\kids_certified\07_release\evidence_bundle_2026-04-12\release_attachment_copy_precheck.csv","FinalHeadReference","SourceVerified","PENDING","Concrete non-placeholder value","Open non-blocked field"
"MEDIUM","evidence_bundle_2026-04-12","C:\Projects\MindLab_Starter_Project\docs\planning\kids_certified\07_release\evidence_bundle_2026-04-12\release_attachment_copy_precheck.csv","FinalTagReference","CopyReady","PENDING","Concrete non-placeholder value","Open non-blocked field"
"MEDIUM","evidence_bundle_2026-04-12","C:\Projects\MindLab_Starter_Project\docs\planning\kids_certified\07_release\evidence_bundle_2026-04-12\release_attachment_copy_precheck.csv","FinalTagReference","OutputReady","PENDING","Concrete non-placeholder value","Open non-blocked field"
"MEDIUM","evidence_bundle_2026-04-12","C:\Projects\MindLab_Starter_Project\docs\planning\kids_certified\07_release\evidence_bundle_2026-04-12\release_attachment_copy_precheck.csv","FinalTagReference","SourceVerified","PENDING","Concrete non-placeholder value","Open non-blocked field"
"MEDIUM","evidence_bundle_2026-04-12","C:\Projects\MindLab_Starter_Project\docs\planning\kids_certified\07_release\evidence_bundle_2026-04-12\release_attachment_copy_queue.csv","CleanUnresolvedSummary","CopyDate","TBD","Concrete non-placeholder value","Open non-blocked field"
"MEDIUM","evidence_bundle_2026-04-12","C:\Projects\MindLab_Starter_Project\docs\planning\kids_certified\07_release\evidence_bundle_2026-04-12\release_attachment_copy_queue.csv","CleanUnresolvedSummary","CopyStatus","PENDING","Concrete non-placeholder value","Open non-blocked field"
"MEDIUM","evidence_bundle_2026-04-12","C:\Projects\MindLab_Starter_Project\docs\planning\kids_certified\07_release\evidence_bundle_2026-04-12\release_attachment_copy_queue.csv","ClosureReport","CopyDate","TBD","Concrete non-placeholder value","Open non-blocked field"
"MEDIUM","evidence_bundle_2026-04-12","C:\Projects\MindLab_Starter_Project\docs\planning\kids_certified\07_release\evidence_bundle_2026-04-12\release_attachment_copy_queue.csv","ClosureReport","CopyStatus","PENDING","Concrete non-placeholder value","Open non-blocked field"
"MEDIUM","evidence_bundle_2026-04-12","C:\Projects\MindLab_Starter_Project\docs\planning\kids_certified\07_release\evidence_bundle_2026-04-12\release_attachment_copy_queue.csv","FinalHeadReference","CopyDate","TBD","Concrete non-placeholder value","Open non-blocked field"
"MEDIUM","evidence_bundle_2026-04-12","C:\Projects\MindLab_Starter_Project\docs\planning\kids_certified\07_release\evidence_bundle_2026-04-12\release_attachment_copy_queue.csv","FinalHeadReference","CopyStatus","PENDING","Concrete non-placeholder value","Open non-blocked field"
"MEDIUM","evidence_bundle_2026-04-12","C:\Projects\MindLab_Starter_Project\docs\planning\kids_certified\07_release\evidence_bundle_2026-04-12\release_attachment_copy_queue.csv","FinalTagReference","CopyDate","TBD","Concrete non-placeholder value","Open non-blocked field"
"MEDIUM","evidence_bundle_2026-04-12","C:\Projects\MindLab_Starter_Project\docs\planning\kids_certified\07_release\evidence_bundle_2026-04-12\release_attachment_copy_queue.csv","FinalTagReference","CopyStatus","PENDING","Concrete non-placeholder value","Open non-blocked field"
"MEDIUM","evidence_bundle_2026-04-12","C:\Projects\MindLab_Starter_Project\docs\planning\kids_certified\07_release\evidence_bundle_2026-04-12\release_attachment_execution_log.csv","CleanUnresolvedSummary","ExecutionDate","TBD","Concrete non-placeholder value","Open non-blocked field"
"MEDIUM","evidence_bundle_2026-04-12","C:\Projects\MindLab_Starter_Project\docs\planning\kids_certified\07_release\evidence_bundle_2026-04-12\release_attachment_execution_log.csv","CleanUnresolvedSummary","ExecutionStatus","PENDING","Concrete non-placeholder value","Open non-blocked field"
"MEDIUM","evidence_bundle_2026-04-12","C:\Projects\MindLab_Starter_Project\docs\planning\kids_certified\07_release\evidence_bundle_2026-04-12\release_attachment_execution_log.csv","CleanUnresolvedSummary","OutputPath","TBD","Concrete non-placeholder value","Open non-blocked field"
"MEDIUM","evidence_bundle_2026-04-12","C:\Projects\MindLab_Starter_Project\docs\planning\kids_certified\07_release\evidence_bundle_2026-04-12\release_attachment_execution_log.csv","ClosureReport","ExecutionDate","TBD","Concrete non-placeholder value","Open non-blocked field"
"MEDIUM","evidence_bundle_2026-04-12","C:\Projects\MindLab_Starter_Project\docs\planning\kids_certified\07_release\evidence_bundle_2026-04-12\release_attachment_execution_log.csv","ClosureReport","ExecutionStatus","PENDING","Concrete non-placeholder value","Open non-blocked field"
"MEDIUM","evidence_bundle_2026-04-12","C:\Projects\MindLab_Starter_Project\docs\planning\kids_certified\07_release\evidence_bundle_2026-04-12\release_attachment_execution_log.csv","ClosureReport","OutputPath","TBD","Concrete non-placeholder value","Open non-blocked field"
"MEDIUM","evidence_bundle_2026-04-12","C:\Projects\MindLab_Starter_Project\docs\planning\kids_certified\07_release\evidence_bundle_2026-04-12\release_attachment_execution_log.csv","FinalHeadReference","ExecutionDate","TBD","Concrete non-placeholder value","Open non-blocked field"
"MEDIUM","evidence_bundle_2026-04-12","C:\Projects\MindLab_Starter_Project\docs\planning\kids_certified\07_release\evidence_bundle_2026-04-12\release_attachment_execution_log.csv","FinalHeadReference","ExecutionStatus","PENDING","Concrete non-placeholder value","Open non-blocked field"
"MEDIUM","evidence_bundle_2026-04-12","C:\Projects\MindLab_Starter_Project\docs\planning\kids_certified\07_release\evidence_bundle_2026-04-12\release_attachment_execution_log.csv","FinalHeadReference","OutputPath","TBD","Concrete non-placeholder value","Open non-blocked field"
"MEDIUM","evidence_bundle_2026-04-12","C:\Projects\MindLab_Starter_Project\docs\planning\kids_certified\07_release\evidence_bundle_2026-04-12\release_attachment_execution_log.csv","FinalTagReference","ExecutionDate","TBD","Concrete non-placeholder value","Open non-blocked field"
"MEDIUM","evidence_bundle_2026-04-12","C:\Projects\MindLab_Starter_Project\docs\planning\kids_certified\07_release\evidence_bundle_2026-04-12\release_attachment_execution_log.csv","FinalTagReference","ExecutionStatus","PENDING","Concrete non-placeholder value","Open non-blocked field"
"MEDIUM","evidence_bundle_2026-04-12","C:\Projects\MindLab_Starter_Project\docs\planning\kids_certified\07_release\evidence_bundle_2026-04-12\release_attachment_execution_log.csv","FinalTagReference","OutputPath","TBD","Concrete non-placeholder value","Open non-blocked field"
"MEDIUM","evidence_bundle_2026-04-12","C:\Projects\MindLab_Starter_Project\docs\planning\kids_certified\07_release\evidence_bundle_2026-04-12\release_attachment_execution_tasks.csv","CleanUnresolvedSummary","TaskStatus","PENDING","Concrete non-placeholder value","Open non-blocked field"
"MEDIUM","evidence_bundle_2026-04-12","C:\Projects\MindLab_Starter_Project\docs\planning\kids_certified\07_release\evidence_bundle_2026-04-12\release_attachment_execution_tasks.csv","ClosureReport","TaskStatus","PENDING","Concrete non-placeholder value","Open non-blocked field"
"MEDIUM","evidence_bundle_2026-04-12","C:\Projects\MindLab_Starter_Project\docs\planning\kids_certified\07_release\evidence_bundle_2026-04-12\release_attachment_execution_tasks.csv","FinalHeadReference","TaskStatus","PENDING","Concrete non-placeholder value","Open non-blocked field"
"MEDIUM","evidence_bundle_2026-04-12","C:\Projects\MindLab_Starter_Project\docs\planning\kids_certified\07_release\evidence_bundle_2026-04-12\release_attachment_execution_tasks.csv","FinalTagReference","TaskStatus","PENDING","Concrete non-placeholder value","Open non-blocked field"
"MEDIUM","evidence_bundle_2026-04-12","C:\Projects\MindLab_Starter_Project\docs\planning\kids_certified\07_release\evidence_bundle_2026-04-12\release_attachment_staging_manifest.csv","CleanUnresolvedSummary","StagingStatus","PENDING","Concrete non-placeholder value","Open non-blocked field"
"MEDIUM","evidence_bundle_2026-04-12","C:\Projects\MindLab_Starter_Project\docs\planning\kids_certified\07_release\evidence_bundle_2026-04-12\release_attachment_staging_manifest.csv","ClosureReport","StagingStatus","PENDING","Concrete non-placeholder value","Open non-blocked field"
"MEDIUM","evidence_bundle_2026-04-12","C:\Projects\MindLab_Starter_Project\docs\planning\kids_certified\07_release\evidence_bundle_2026-04-12\release_attachment_staging_manifest.csv","FinalHeadReference","StagingStatus","PENDING","Concrete non-placeholder value","Open non-blocked field"
"MEDIUM","evidence_bundle_2026-04-12","C:\Projects\MindLab_Starter_Project\docs\planning\kids_certified\07_release\evidence_bundle_2026-04-12\release_attachment_staging_manifest.csv","FinalTagReference","StagingStatus","PENDING","Concrete non-placeholder value","Open non-blocked field"
"MEDIUM","evidence_bundle_2026-04-12","C:\Projects\MindLab_Starter_Project\docs\planning\kids_certified\07_release\evidence_bundle_2026-04-12\release_blocker_resolution.csv","CleanUnresolvedSummary","ResolutionDate","TBD","Concrete non-placeholder value","Open non-blocked field"
"MEDIUM","evidence_bundle_2026-04-12","C:\Projects\MindLab_Starter_Project\docs\planning\kids_certified\07_release\evidence_bundle_2026-04-12\release_blocker_resolution.csv","CleanUnresolvedSummary","ResolutionStatus","PENDING","Concrete non-placeholder value","Open non-blocked field"
"MEDIUM","evidence_bundle_2026-04-12","C:\Projects\MindLab_Starter_Project\docs\planning\kids_certified\07_release\evidence_bundle_2026-04-12\release_blocker_resolution.csv","ClosureReport","ResolutionDate","TBD","Concrete non-placeholder value","Open non-blocked field"
"MEDIUM","evidence_bundle_2026-04-12","C:\Projects\MindLab_Starter_Project\docs\planning\kids_certified\07_release\evidence_bundle_2026-04-12\release_blocker_resolution.csv","ClosureReport","ResolutionStatus","PENDING","Concrete non-placeholder value","Open non-blocked field"
"MEDIUM","evidence_bundle_2026-04-12","C:\Projects\MindLab_Starter_Project\docs\planning\kids_certified\07_release\evidence_bundle_2026-04-12\release_blocker_resolution.csv","FinalHeadReference","ResolutionDate","TBD","Concrete non-placeholder value","Open non-blocked field"
"MEDIUM","evidence_bundle_2026-04-12","C:\Projects\MindLab_Starter_Project\docs\planning\kids_certified\07_release\evidence_bundle_2026-04-12\release_blocker_resolution.csv","FinalHeadReference","ResolutionStatus","PENDING","Concrete non-placeholder value","Open non-blocked field"
"MEDIUM","evidence_bundle_2026-04-12","C:\Projects\MindLab_Starter_Project\docs\planning\kids_certified\07_release\evidence_bundle_2026-04-12\release_blocker_resolution.csv","FinalTagReference","ResolutionDate","TBD","Concrete non-placeholder value","Open non-blocked field"
"MEDIUM","evidence_bundle_2026-04-12","C:\Projects\MindLab_Starter_Project\docs\planning\kids_certified\07_release\evidence_bundle_2026-04-12\release_blocker_resolution.csv","FinalTagReference","ResolutionStatus","PENDING","Concrete non-placeholder value","Open non-blocked field"
"MEDIUM","evidence_bundle_2026-04-12","C:\Projects\MindLab_Starter_Project\docs\planning\kids_certified\07_release\evidence_bundle_2026-04-12\release_copy_output_verification_template.csv","CleanUnresolvedSummary","VerificationStatus","PENDING","Concrete non-placeholder value","Open non-blocked field"
"MEDIUM","evidence_bundle_2026-04-12","C:\Projects\MindLab_Starter_Project\docs\planning\kids_certified\07_release\evidence_bundle_2026-04-12\release_copy_output_verification_template.csv","ClosureReport","VerificationStatus","PENDING","Concrete non-placeholder value","Open non-blocked field"
"MEDIUM","evidence_bundle_2026-04-12","C:\Projects\MindLab_Starter_Project\docs\planning\kids_certified\07_release\evidence_bundle_2026-04-12\release_copy_output_verification_template.csv","FinalHeadReference","VerificationStatus","PENDING","Concrete non-placeholder value","Open non-blocked field"
"MEDIUM","evidence_bundle_2026-04-12","C:\Projects\MindLab_Starter_Project\docs\planning\kids_certified\07_release\evidence_bundle_2026-04-12\release_copy_output_verification_template.csv","FinalTagReference","VerificationStatus","PENDING","Concrete non-placeholder value","Open non-blocked field"
"MEDIUM","evidence_bundle_2026-04-12","C:\Projects\MindLab_Starter_Project\docs\planning\kids_certified\07_release\evidence_bundle_2026-04-12\release_copy_readiness_rollup.csv","CleanUnresolvedSummary","ReadinessStatus","PENDING","Concrete non-placeholder value","Open non-blocked field"
"MEDIUM","evidence_bundle_2026-04-12","C:\Projects\MindLab_Starter_Project\docs\planning\kids_certified\07_release\evidence_bundle_2026-04-12\release_copy_readiness_rollup.csv","CleanUnresolvedSummary","RollupDate","TBD","Concrete non-placeholder value","Open non-blocked field"
"MEDIUM","evidence_bundle_2026-04-12","C:\Projects\MindLab_Starter_Project\docs\planning\kids_certified\07_release\evidence_bundle_2026-04-12\release_copy_readiness_rollup.csv","CleanUnresolvedSummary","VerificationStatus","PENDING","Concrete non-placeholder value","Open non-blocked field"
"MEDIUM","evidence_bundle_2026-04-12","C:\Projects\MindLab_Starter_Project\docs\planning\kids_certified\07_release\evidence_bundle_2026-04-12\release_copy_readiness_rollup.csv","ClosureReport","ReadinessStatus","PENDING","Concrete non-placeholder value","Open non-blocked field"
"MEDIUM","evidence_bundle_2026-04-12","C:\Projects\MindLab_Starter_Project\docs\planning\kids_certified\07_release\evidence_bundle_2026-04-12\release_copy_readiness_rollup.csv","ClosureReport","RollupDate","TBD","Concrete non-placeholder value","Open non-blocked field"
"MEDIUM","evidence_bundle_2026-04-12","C:\Projects\MindLab_Starter_Project\docs\planning\kids_certified\07_release\evidence_bundle_2026-04-12\release_copy_readiness_rollup.csv","ClosureReport","VerificationStatus","PENDING","Concrete non-placeholder value","Open non-blocked field"
"MEDIUM","evidence_bundle_2026-04-12","C:\Projects\MindLab_Starter_Project\docs\planning\kids_certified\07_release\evidence_bundle_2026-04-12\release_copy_readiness_rollup.csv","FinalHeadReference","ReadinessStatus","PENDING","Concrete non-placeholder value","Open non-blocked field"
"MEDIUM","evidence_bundle_2026-04-12","C:\Projects\MindLab_Starter_Project\docs\planning\kids_certified\07_release\evidence_bundle_2026-04-12\release_copy_readiness_rollup.csv","FinalHeadReference","RollupDate","TBD","Concrete non-placeholder value","Open non-blocked field"
"MEDIUM","evidence_bundle_2026-04-12","C:\Projects\MindLab_Starter_Project\docs\planning\kids_certified\07_release\evidence_bundle_2026-04-12\release_copy_readiness_rollup.csv","FinalHeadReference","VerificationStatus","PENDING","Concrete non-placeholder value","Open non-blocked field"
"MEDIUM","evidence_bundle_2026-04-12","C:\Projects\MindLab_Starter_Project\docs\planning\kids_certified\07_release\evidence_bundle_2026-04-12\release_copy_readiness_rollup.csv","FinalTagReference","ReadinessStatus","PENDING","Concrete non-placeholder value","Open non-blocked field"
"MEDIUM","evidence_bundle_2026-04-12","C:\Projects\MindLab_Starter_Project\docs\planning\kids_certified\07_release\evidence_bundle_2026-04-12\release_copy_readiness_rollup.csv","FinalTagReference","RollupDate","TBD","Concrete non-placeholder value","Open non-blocked field"
"MEDIUM","evidence_bundle_2026-04-12","C:\Projects\MindLab_Starter_Project\docs\planning\kids_certified\07_release\evidence_bundle_2026-04-12\release_copy_readiness_rollup.csv","FinalTagReference","VerificationStatus","PENDING","Concrete non-placeholder value","Open non-blocked field"
"MEDIUM","evidence_bundle_2026-04-12","C:\Projects\MindLab_Starter_Project\docs\planning\kids_certified\07_release\evidence_bundle_2026-04-12\release_copy_verification_log.csv","CleanUnresolvedSummary","VerificationDate","TBD","Concrete non-placeholder value","Open non-blocked field"
"MEDIUM","evidence_bundle_2026-04-12","C:\Projects\MindLab_Starter_Project\docs\planning\kids_certified\07_release\evidence_bundle_2026-04-12\release_copy_verification_log.csv","CleanUnresolvedSummary","VerificationStatus","PENDING","Concrete non-placeholder value","Open non-blocked field"
"MEDIUM","evidence_bundle_2026-04-12","C:\Projects\MindLab_Starter_Project\docs\planning\kids_certified\07_release\evidence_bundle_2026-04-12\release_copy_verification_log.csv","CleanUnresolvedSummary","VerifiedOutputPath","TBD","Concrete non-placeholder value","Open non-blocked field"
"MEDIUM","evidence_bundle_2026-04-12","C:\Projects\MindLab_Starter_Project\docs\planning\kids_certified\07_release\evidence_bundle_2026-04-12\release_copy_verification_log.csv","ClosureReport","VerificationDate","TBD","Concrete non-placeholder value","Open non-blocked field"
"MEDIUM","evidence_bundle_2026-04-12","C:\Projects\MindLab_Starter_Project\docs\planning\kids_certified\07_release\evidence_bundle_2026-04-12\release_copy_verification_log.csv","ClosureReport","VerificationStatus","PENDING","Concrete non-placeholder value","Open non-blocked field"
"MEDIUM","evidence_bundle_2026-04-12","C:\Projects\MindLab_Starter_Project\docs\planning\kids_certified\07_release\evidence_bundle_2026-04-12\release_copy_verification_log.csv","ClosureReport","VerifiedOutputPath","TBD","Concrete non-placeholder value","Open non-blocked field"
"MEDIUM","evidence_bundle_2026-04-12","C:\Projects\MindLab_Starter_Project\docs\planning\kids_certified\07_release\evidence_bundle_2026-04-12\release_copy_verification_log.csv","FinalHeadReference","VerificationDate","TBD","Concrete non-placeholder value","Open non-blocked field"
"MEDIUM","evidence_bundle_2026-04-12","C:\Projects\MindLab_Starter_Project\docs\planning\kids_certified\07_release\evidence_bundle_2026-04-12\release_copy_verification_log.csv","FinalHeadReference","VerificationStatus","PENDING","Concrete non-placeholder value","Open non-blocked field"
"MEDIUM","evidence_bundle_2026-04-12","C:\Projects\MindLab_Starter_Project\docs\planning\kids_certified\07_release\evidence_bundle_2026-04-12\release_copy_verification_log.csv","FinalHeadReference","VerifiedOutputPath","TBD","Concrete non-placeholder value","Open non-blocked field"
"MEDIUM","evidence_bundle_2026-04-12","C:\Projects\MindLab_Starter_Project\docs\planning\kids_certified\07_release\evidence_bundle_2026-04-12\release_copy_verification_log.csv","FinalTagReference","VerificationDate","TBD","Concrete non-placeholder value","Open non-blocked field"
"MEDIUM","evidence_bundle_2026-04-12","C:\Projects\MindLab_Starter_Project\docs\planning\kids_certified\07_release\evidence_bundle_2026-04-12\release_copy_verification_log.csv","FinalTagReference","VerificationStatus","PENDING","Concrete non-placeholder value","Open non-blocked field"
"MEDIUM","evidence_bundle_2026-04-12","C:\Projects\MindLab_Starter_Project\docs\planning\kids_certified\07_release\evidence_bundle_2026-04-12\release_copy_verification_log.csv","FinalTagReference","VerifiedOutputPath","TBD","Concrete non-placeholder value","Open non-blocked field"
"MEDIUM","evidence_bundle_2026-04-12","C:\Projects\MindLab_Starter_Project\docs\planning\kids_certified\07_release\evidence_bundle_2026-04-12\release_missing_source_review.csv","CleanUnresolvedSummary","ReviewStatus","PENDING","Concrete non-placeholder value","Open non-blocked field"
"MEDIUM","evidence_bundle_2026-04-12","C:\Projects\MindLab_Starter_Project\docs\planning\kids_certified\07_release\evidence_bundle_2026-04-12\release_missing_source_review.csv","ClosureReport","ReviewStatus","PENDING","Concrete non-placeholder value","Open non-blocked field"
"MEDIUM","evidence_bundle_2026-04-12","C:\Projects\MindLab_Starter_Project\docs\planning\kids_certified\07_release\evidence_bundle_2026-04-12\release_missing_source_review.csv","FinalHeadReference","ReviewStatus","PENDING","Concrete non-placeholder value","Open non-blocked field"
"MEDIUM","evidence_bundle_2026-04-12","C:\Projects\MindLab_Starter_Project\docs\planning\kids_certified\07_release\evidence_bundle_2026-04-12\release_missing_source_review.csv","FinalTagReference","ReviewStatus","PENDING","Concrete non-placeholder value","Open non-blocked field"
"MEDIUM","evidence_bundle_2026-04-12","C:\Projects\MindLab_Starter_Project\docs\planning\kids_certified\07_release\evidence_bundle_2026-04-12\release_output_path_population.csv","CleanUnresolvedSummary","PopulationStatus","PENDING","Concrete non-placeholder value","Open non-blocked field"
"MEDIUM","evidence_bundle_2026-04-12","C:\Projects\MindLab_Starter_Project\docs\planning\kids_certified\07_release\evidence_bundle_2026-04-12\release_output_path_population.csv","ClosureReport","PopulationStatus","PENDING","Concrete non-placeholder value","Open non-blocked field"
"MEDIUM","evidence_bundle_2026-04-12","C:\Projects\MindLab_Starter_Project\docs\planning\kids_certified\07_release\evidence_bundle_2026-04-12\release_output_path_population.csv","FinalHeadReference","PopulationStatus","PENDING","Concrete non-placeholder value","Open non-blocked field"
"MEDIUM","evidence_bundle_2026-04-12","C:\Projects\MindLab_Starter_Project\docs\planning\kids_certified\07_release\evidence_bundle_2026-04-12\release_output_path_population.csv","FinalTagReference","PopulationStatus","PENDING","Concrete non-placeholder value","Open non-blocked field"
"MEDIUM","evidence_bundle_2026-04-12","C:\Projects\MindLab_Starter_Project\docs\planning\kids_certified\07_release\evidence_bundle_2026-04-12\release_pending_output_review.csv","CleanUnresolvedSummary","OutputReady","PENDING","Concrete non-placeholder value","Open non-blocked field"
"MEDIUM","evidence_bundle_2026-04-12","C:\Projects\MindLab_Starter_Project\docs\planning\kids_certified\07_release\evidence_bundle_2026-04-12\release_pending_output_review.csv","CleanUnresolvedSummary","ReviewNotes","TBD","Concrete non-placeholder value","Open non-blocked field"
"MEDIUM","evidence_bundle_2026-04-12","C:\Projects\MindLab_Starter_Project\docs\planning\kids_certified\07_release\evidence_bundle_2026-04-12\release_pending_output_review.csv","CleanUnresolvedSummary","ReviewStatus","PENDING","Concrete non-placeholder value","Open non-blocked field"
"MEDIUM","evidence_bundle_2026-04-12","C:\Projects\MindLab_Starter_Project\docs\planning\kids_certified\07_release\evidence_bundle_2026-04-12\release_pending_output_review.csv","ClosureReport","OutputReady","PENDING","Concrete non-placeholder value","Open non-blocked field"
"MEDIUM","evidence_bundle_2026-04-12","C:\Projects\MindLab_Starter_Project\docs\planning\kids_certified\07_release\evidence_bundle_2026-04-12\release_pending_output_review.csv","ClosureReport","ReviewNotes","TBD","Concrete non-placeholder value","Open non-blocked field"
"MEDIUM","evidence_bundle_2026-04-12","C:\Projects\MindLab_Starter_Project\docs\planning\kids_certified\07_release\evidence_bundle_2026-04-12\release_pending_output_review.csv","ClosureReport","ReviewStatus","PENDING","Concrete non-placeholder value","Open non-blocked field"
"MEDIUM","evidence_bundle_2026-04-12","C:\Projects\MindLab_Starter_Project\docs\planning\kids_certified\07_release\evidence_bundle_2026-04-12\release_pending_output_review.csv","FinalHeadReference","OutputReady","PENDING","Concrete non-placeholder value","Open non-blocked field"
"MEDIUM","evidence_bundle_2026-04-12","C:\Projects\MindLab_Starter_Project\docs\planning\kids_certified\07_release\evidence_bundle_2026-04-12\release_pending_output_review.csv","FinalHeadReference","ReviewNotes","TBD","Concrete non-placeholder value","Open non-blocked field"
"MEDIUM","evidence_bundle_2026-04-12","C:\Projects\MindLab_Starter_Project\docs\planning\kids_certified\07_release\evidence_bundle_2026-04-12\release_pending_output_review.csv","FinalHeadReference","ReviewStatus","PENDING","Concrete non-placeholder value","Open non-blocked field"
"MEDIUM","evidence_bundle_2026-04-12","C:\Projects\MindLab_Starter_Project\docs\planning\kids_certified\07_release\evidence_bundle_2026-04-12\release_pending_output_review.csv","FinalTagReference","OutputReady","PENDING","Concrete non-placeholder value","Open non-blocked field"
"MEDIUM","evidence_bundle_2026-04-12","C:\Projects\MindLab_Starter_Project\docs\planning\kids_certified\07_release\evidence_bundle_2026-04-12\release_pending_output_review.csv","FinalTagReference","ReviewNotes","TBD","Concrete non-placeholder value","Open non-blocked field"
"MEDIUM","evidence_bundle_2026-04-12","C:\Projects\MindLab_Starter_Project\docs\planning\kids_certified\07_release\evidence_bundle_2026-04-12\release_pending_output_review.csv","FinalTagReference","ReviewStatus","PENDING","Concrete non-placeholder value","Open non-blocked field"
"MEDIUM","evidence_bundle_2026-04-12","C:\Projects\MindLab_Starter_Project\docs\planning\kids_certified\07_release\evidence_bundle_2026-04-12\release_readiness_decision_log.csv","CleanUnresolvedSummary","DecisionDate","TBD","Concrete non-placeholder value","Open non-blocked field"
"MEDIUM","evidence_bundle_2026-04-12","C:\Projects\MindLab_Starter_Project\docs\planning\kids_certified\07_release\evidence_bundle_2026-04-12\release_readiness_decision_log.csv","CleanUnresolvedSummary","DecisionStatus","PENDING","Concrete non-placeholder value","Open non-blocked field"
"MEDIUM","evidence_bundle_2026-04-12","C:\Projects\MindLab_Starter_Project\docs\planning\kids_certified\07_release\evidence_bundle_2026-04-12\release_readiness_decision_log.csv","ClosureReport","DecisionDate","TBD","Concrete non-placeholder value","Open non-blocked field"
"MEDIUM","evidence_bundle_2026-04-12","C:\Projects\MindLab_Starter_Project\docs\planning\kids_certified\07_release\evidence_bundle_2026-04-12\release_readiness_decision_log.csv","ClosureReport","DecisionStatus","PENDING","Concrete non-placeholder value","Open non-blocked field"
"MEDIUM","evidence_bundle_2026-04-12","C:\Projects\MindLab_Starter_Project\docs\planning\kids_certified\07_release\evidence_bundle_2026-04-12\release_readiness_decision_log.csv","FinalHeadReference","DecisionDate","TBD","Concrete non-placeholder value","Open non-blocked field"
"MEDIUM","evidence_bundle_2026-04-12","C:\Projects\MindLab_Starter_Project\docs\planning\kids_certified\07_release\evidence_bundle_2026-04-12\release_readiness_decision_log.csv","FinalHeadReference","DecisionStatus","PENDING","Concrete non-placeholder value","Open non-blocked field"
"MEDIUM","evidence_bundle_2026-04-12","C:\Projects\MindLab_Starter_Project\docs\planning\kids_certified\07_release\evidence_bundle_2026-04-12\release_readiness_decision_log.csv","FinalTagReference","DecisionDate","TBD","Concrete non-placeholder value","Open non-blocked field"
"MEDIUM","evidence_bundle_2026-04-12","C:\Projects\MindLab_Starter_Project\docs\planning\kids_certified\07_release\evidence_bundle_2026-04-12\release_readiness_decision_log.csv","FinalTagReference","DecisionStatus","PENDING","Concrete non-placeholder value","Open non-blocked field"
"MEDIUM","evidence_bundle_2026-04-12","C:\Projects\MindLab_Starter_Project\docs\planning\kids_certified\07_release\evidence_bundle_2026-04-12\release_source_resolution_tracker.csv","CleanUnresolvedSummary","ResolutionNotes","TBD","Concrete non-placeholder value","Open non-blocked field"
"MEDIUM","evidence_bundle_2026-04-12","C:\Projects\MindLab_Starter_Project\docs\planning\kids_certified\07_release\evidence_bundle_2026-04-12\release_source_resolution_tracker.csv","CleanUnresolvedSummary","ResolutionStatus","PENDING","Concrete non-placeholder value","Open non-blocked field"
"MEDIUM","evidence_bundle_2026-04-12","C:\Projects\MindLab_Starter_Project\docs\planning\kids_certified\07_release\evidence_bundle_2026-04-12\release_source_resolution_tracker.csv","ClosureReport","ResolutionNotes","TBD","Concrete non-placeholder value","Open non-blocked field"
"MEDIUM","evidence_bundle_2026-04-12","C:\Projects\MindLab_Starter_Project\docs\planning\kids_certified\07_release\evidence_bundle_2026-04-12\release_source_resolution_tracker.csv","ClosureReport","ResolutionStatus","PENDING","Concrete non-placeholder value","Open non-blocked field"
"MEDIUM","evidence_bundle_2026-04-12","C:\Projects\MindLab_Starter_Project\docs\planning\kids_certified\07_release\evidence_bundle_2026-04-12\release_source_resolution_tracker.csv","FinalHeadReference","ResolutionNotes","TBD","Concrete non-placeholder value","Open non-blocked field"
"MEDIUM","evidence_bundle_2026-04-12","C:\Projects\MindLab_Starter_Project\docs\planning\kids_certified\07_release\evidence_bundle_2026-04-12\release_source_resolution_tracker.csv","FinalHeadReference","ResolutionStatus","PENDING","Concrete non-placeholder value","Open non-blocked field"
"MEDIUM","evidence_bundle_2026-04-12","C:\Projects\MindLab_Starter_Project\docs\planning\kids_certified\07_release\evidence_bundle_2026-04-12\release_source_resolution_tracker.csv","FinalTagReference","ResolutionNotes","TBD","Concrete non-placeholder value","Open non-blocked field"
"MEDIUM","evidence_bundle_2026-04-12","C:\Projects\MindLab_Starter_Project\docs\planning\kids_certified\07_release\evidence_bundle_2026-04-12\release_source_resolution_tracker.csv","FinalTagReference","ResolutionStatus","PENDING","Concrete non-placeholder value","Open non-blocked field"
"MEDIUM","evidence_bundle_2026-04-12","C:\Projects\MindLab_Starter_Project\docs\planning\kids_certified\07_release\evidence_bundle_2026-04-12\release_source_verification_queue.csv","CleanUnresolvedSummary","VerificationDate","TBD","Concrete non-placeholder value","Open non-blocked field"
"MEDIUM","evidence_bundle_2026-04-12","C:\Projects\MindLab_Starter_Project\docs\planning\kids_certified\07_release\evidence_bundle_2026-04-12\release_source_verification_queue.csv","CleanUnresolvedSummary","VerificationStatus","PENDING","Concrete non-placeholder value","Open non-blocked field"
"MEDIUM","evidence_bundle_2026-04-12","C:\Projects\MindLab_Starter_Project\docs\planning\kids_certified\07_release\evidence_bundle_2026-04-12\release_source_verification_queue.csv","ClosureReport","VerificationDate","TBD","Concrete non-placeholder value","Open non-blocked field"
"MEDIUM","evidence_bundle_2026-04-12","C:\Projects\MindLab_Starter_Project\docs\planning\kids_certified\07_release\evidence_bundle_2026-04-12\release_source_verification_queue.csv","ClosureReport","VerificationStatus","PENDING","Concrete non-placeholder value","Open non-blocked field"
"MEDIUM","evidence_bundle_2026-04-12","C:\Projects\MindLab_Starter_Project\docs\planning\kids_certified\07_release\evidence_bundle_2026-04-12\release_source_verification_queue.csv","FinalHeadReference","VerificationDate","TBD","Concrete non-placeholder value","Open non-blocked field"
"MEDIUM","evidence_bundle_2026-04-12","C:\Projects\MindLab_Starter_Project\docs\planning\kids_certified\07_release\evidence_bundle_2026-04-12\release_source_verification_queue.csv","FinalHeadReference","VerificationStatus","PENDING","Concrete non-placeholder value","Open non-blocked field"
"MEDIUM","evidence_bundle_2026-04-12","C:\Projects\MindLab_Starter_Project\docs\planning\kids_certified\07_release\evidence_bundle_2026-04-12\release_source_verification_queue.csv","FinalTagReference","VerificationDate","TBD","Concrete non-placeholder value","Open non-blocked field"
"MEDIUM","evidence_bundle_2026-04-12","C:\Projects\MindLab_Starter_Project\docs\planning\kids_certified\07_release\evidence_bundle_2026-04-12\release_source_verification_queue.csv","FinalTagReference","VerificationStatus","PENDING","Concrete non-placeholder value","Open non-blocked field"
"MEDIUM","evidence_bundle_2026-04-12","C:\Projects\MindLab_Starter_Project\docs\planning\kids_certified\07_release\evidence_bundle_2026-04-12\release_unresolved_output_blockers.csv","CleanUnresolvedSummary","ReviewStatus","PENDING","Concrete non-placeholder value","Open non-blocked field"
"MEDIUM","evidence_bundle_2026-04-12","C:\Projects\MindLab_Starter_Project\docs\planning\kids_certified\07_release\evidence_bundle_2026-04-12\release_unresolved_output_blockers.csv","ClosureReport","ReviewStatus","PENDING","Concrete non-placeholder value","Open non-blocked field"
"MEDIUM","evidence_bundle_2026-04-12","C:\Projects\MindLab_Starter_Project\docs\planning\kids_certified\07_release\evidence_bundle_2026-04-12\release_unresolved_output_blockers.csv","FinalHeadReference","ReviewStatus","PENDING","Concrete non-placeholder value","Open non-blocked field"
"MEDIUM","evidence_bundle_2026-04-12","C:\Projects\MindLab_Starter_Project\docs\planning\kids_certified\07_release\evidence_bundle_2026-04-12\release_unresolved_output_blockers.csv","FinalTagReference","ReviewStatus","PENDING","Concrete non-placeholder value","Open non-blocked field"
"MEDIUM","evidence_bundle_2026-04-12","C:\Projects\MindLab_Starter_Project\docs\planning\kids_certified\07_release\evidence_bundle_2026-04-12\release_verified_output_ledger.csv","CleanUnresolvedSummary","VerifiedDate","TBD","Concrete non-placeholder value","Open non-blocked field"
"MEDIUM","evidence_bundle_2026-04-12","C:\Projects\MindLab_Starter_Project\docs\planning\kids_certified\07_release\evidence_bundle_2026-04-12\release_verified_output_ledger.csv","CleanUnresolvedSummary","VerifiedOutputPath","TBD","Concrete non-placeholder value","Open non-blocked field"
"MEDIUM","evidence_bundle_2026-04-12","C:\Projects\MindLab_Starter_Project\docs\planning\kids_certified\07_release\evidence_bundle_2026-04-12\release_verified_output_ledger.csv","CleanUnresolvedSummary","VerifiedStatus","PENDING","Concrete non-placeholder value","Open non-blocked field"
"MEDIUM","evidence_bundle_2026-04-12","C:\Projects\MindLab_Starter_Project\docs\planning\kids_certified\07_release\evidence_bundle_2026-04-12\release_verified_output_ledger.csv","ClosureReport","VerifiedDate","TBD","Concrete non-placeholder value","Open non-blocked field"
"MEDIUM","evidence_bundle_2026-04-12","C:\Projects\MindLab_Starter_Project\docs\planning\kids_certified\07_release\evidence_bundle_2026-04-12\release_verified_output_ledger.csv","ClosureReport","VerifiedOutputPath","TBD","Concrete non-placeholder value","Open non-blocked field"
"MEDIUM","evidence_bundle_2026-04-12","C:\Projects\MindLab_Starter_Project\docs\planning\kids_certified\07_release\evidence_bundle_2026-04-12\release_verified_output_ledger.csv","ClosureReport","VerifiedStatus","PENDING","Concrete non-placeholder value","Open non-blocked field"
"MEDIUM","evidence_bundle_2026-04-12","C:\Projects\MindLab_Starter_Project\docs\planning\kids_certified\07_release\evidence_bundle_2026-04-12\release_verified_output_ledger.csv","FinalHeadReference","VerifiedDate","TBD","Concrete non-placeholder value","Open non-blocked field"
"MEDIUM","evidence_bundle_2026-04-12","C:\Projects\MindLab_Starter_Project\docs\planning\kids_certified\07_release\evidence_bundle_2026-04-12\release_verified_output_ledger.csv","FinalHeadReference","VerifiedOutputPath","TBD","Concrete non-placeholder value","Open non-blocked field"
"MEDIUM","evidence_bundle_2026-04-12","C:\Projects\MindLab_Starter_Project\docs\planning\kids_certified\07_release\evidence_bundle_2026-04-12\release_verified_output_ledger.csv","FinalHeadReference","VerifiedStatus","PENDING","Concrete non-placeholder value","Open non-blocked field"
"MEDIUM","evidence_bundle_2026-04-12","C:\Projects\MindLab_Starter_Project\docs\planning\kids_certified\07_release\evidence_bundle_2026-04-12\release_verified_output_ledger.csv","FinalTagReference","VerifiedDate","TBD","Concrete non-placeholder value","Open non-blocked field"
"MEDIUM","evidence_bundle_2026-04-12","C:\Projects\MindLab_Starter_Project\docs\planning\kids_certified\07_release\evidence_bundle_2026-04-12\release_verified_output_ledger.csv","FinalTagReference","VerifiedOutputPath","TBD","Concrete non-placeholder value","Open non-blocked field"
"MEDIUM","evidence_bundle_2026-04-12","C:\Projects\MindLab_Starter_Project\docs\planning\kids_certified\07_release\evidence_bundle_2026-04-12\release_verified_output_ledger.csv","FinalTagReference","VerifiedStatus","PENDING","Concrete non-placeholder value","Open non-blocked field"
"MEDIUM","07_release","C:\Projects\MindLab_Starter_Project\docs\planning\kids_certified\07_release\kids_post_release_backlog.csv","","Improvement","","Concrete non-placeholder value","Open non-blocked field"
"MEDIUM","07_release","C:\Projects\MindLab_Starter_Project\docs\planning\kids_certified\07_release\kids_post_release_backlog.csv","","Owner","","Concrete non-placeholder value","Open non-blocked field"
"MEDIUM","07_release","C:\Projects\MindLab_Starter_Project\docs\planning\kids_certified\07_release\kids_post_release_backlog.csv","","Reason","","Concrete non-placeholder value","Open non-blocked field"
"MEDIUM","kickoff_2026-04-12","C:\Projects\MindLab_Starter_Project\docs\planning\kids_certified\08_wave2\kickoff_2026-04-12\wave2_activation_preflight_log.csv","W2-B01","PreflightDate","TBD","Concrete non-placeholder value","Open non-blocked field"
"MEDIUM","kickoff_2026-04-12","C:\Projects\MindLab_Starter_Project\docs\planning\kids_certified\08_wave2\kickoff_2026-04-12\wave2_activation_preflight_log.csv","W2-B01","PreflightStatus","PENDING","Concrete non-placeholder value","Open non-blocked field"
"MEDIUM","kickoff_2026-04-12","C:\Projects\MindLab_Starter_Project\docs\planning\kids_certified\08_wave2\kickoff_2026-04-12\wave2_activation_preflight_log.csv","W2-B02","PreflightDate","TBD","Concrete non-placeholder value","Open non-blocked field"
"MEDIUM","kickoff_2026-04-12","C:\Projects\MindLab_Starter_Project\docs\planning\kids_certified\08_wave2\kickoff_2026-04-12\wave2_activation_preflight_log.csv","W2-B02","PreflightStatus","PENDING","Concrete non-placeholder value","Open non-blocked field"
"MEDIUM","kickoff_2026-04-12","C:\Projects\MindLab_Starter_Project\docs\planning\kids_certified\08_wave2\kickoff_2026-04-12\wave2_activation_preflight_log.csv","W2-B03","PreflightDate","TBD","Concrete non-placeholder value","Open non-blocked field"
"MEDIUM","kickoff_2026-04-12","C:\Projects\MindLab_Starter_Project\docs\planning\kids_certified\08_wave2\kickoff_2026-04-12\wave2_activation_preflight_log.csv","W2-B03","PreflightStatus","PENDING","Concrete non-placeholder value","Open non-blocked field"
"MEDIUM","kickoff_2026-04-12","C:\Projects\MindLab_Starter_Project\docs\planning\kids_certified\08_wave2\kickoff_2026-04-12\wave2_apply_readiness_rollup.csv","W2-B01","ApplyStatus","PENDING","Concrete non-placeholder value","Open non-blocked field"
"MEDIUM","kickoff_2026-04-12","C:\Projects\MindLab_Starter_Project\docs\planning\kids_certified\08_wave2\kickoff_2026-04-12\wave2_apply_readiness_rollup.csv","W2-B01","FillStatus","PENDING","Concrete non-placeholder value","Open non-blocked field"
"MEDIUM","kickoff_2026-04-12","C:\Projects\MindLab_Starter_Project\docs\planning\kids_certified\08_wave2\kickoff_2026-04-12\wave2_apply_readiness_rollup.csv","W2-B01","ReadinessStatus","PENDING","Concrete non-placeholder value","Open non-blocked field"
"MEDIUM","kickoff_2026-04-12","C:\Projects\MindLab_Starter_Project\docs\planning\kids_certified\08_wave2\kickoff_2026-04-12\wave2_apply_readiness_rollup.csv","W2-B01","RollupDate","TBD","Concrete non-placeholder value","Open non-blocked field"
"MEDIUM","kickoff_2026-04-12","C:\Projects\MindLab_Starter_Project\docs\planning\kids_certified\08_wave2\kickoff_2026-04-12\wave2_apply_readiness_rollup.csv","W2-B02","ApplyStatus","PENDING","Concrete non-placeholder value","Open non-blocked field"
"MEDIUM","kickoff_2026-04-12","C:\Projects\MindLab_Starter_Project\docs\planning\kids_certified\08_wave2\kickoff_2026-04-12\wave2_apply_readiness_rollup.csv","W2-B02","FillStatus","PENDING","Concrete non-placeholder value","Open non-blocked field"
"MEDIUM","kickoff_2026-04-12","C:\Projects\MindLab_Starter_Project\docs\planning\kids_certified\08_wave2\kickoff_2026-04-12\wave2_apply_readiness_rollup.csv","W2-B02","ReadinessStatus","PENDING","Concrete non-placeholder value","Open non-blocked field"
"MEDIUM","kickoff_2026-04-12","C:\Projects\MindLab_Starter_Project\docs\planning\kids_certified\08_wave2\kickoff_2026-04-12\wave2_apply_readiness_rollup.csv","W2-B02","RollupDate","TBD","Concrete non-placeholder value","Open non-blocked field"
"MEDIUM","kickoff_2026-04-12","C:\Projects\MindLab_Starter_Project\docs\planning\kids_certified\08_wave2\kickoff_2026-04-12\wave2_apply_readiness_rollup.csv","W2-B03","ApplyStatus","PENDING","Concrete non-placeholder value","Open non-blocked field"
"MEDIUM","kickoff_2026-04-12","C:\Projects\MindLab_Starter_Project\docs\planning\kids_certified\08_wave2\kickoff_2026-04-12\wave2_apply_readiness_rollup.csv","W2-B03","FillStatus","PENDING","Concrete non-placeholder value","Open non-blocked field"
"MEDIUM","kickoff_2026-04-12","C:\Projects\MindLab_Starter_Project\docs\planning\kids_certified\08_wave2\kickoff_2026-04-12\wave2_apply_readiness_rollup.csv","W2-B03","ReadinessStatus","PENDING","Concrete non-placeholder value","Open non-blocked field"
"MEDIUM","kickoff_2026-04-12","C:\Projects\MindLab_Starter_Project\docs\planning\kids_certified\08_wave2\kickoff_2026-04-12\wave2_apply_readiness_rollup.csv","W2-B03","RollupDate","TBD","Concrete non-placeholder value","Open non-blocked field"
"MEDIUM","kickoff_2026-04-12","C:\Projects\MindLab_Starter_Project\docs\planning\kids_certified\08_wave2\kickoff_2026-04-12\wave2_batch_activation_log.csv","W2-B01","ActivationDate","TBD","Concrete non-placeholder value","Open non-blocked field"
"MEDIUM","kickoff_2026-04-12","C:\Projects\MindLab_Starter_Project\docs\planning\kids_certified\08_wave2\kickoff_2026-04-12\wave2_batch_activation_log.csv","W2-B01","ActivationStatus","PENDING","Concrete non-placeholder value","Open non-blocked field"
"MEDIUM","kickoff_2026-04-12","C:\Projects\MindLab_Starter_Project\docs\planning\kids_certified\08_wave2\kickoff_2026-04-12\wave2_batch_activation_log.csv","W2-B01","Approver","TBD","Concrete non-placeholder value","Open non-blocked field"
"MEDIUM","kickoff_2026-04-12","C:\Projects\MindLab_Starter_Project\docs\planning\kids_certified\08_wave2\kickoff_2026-04-12\wave2_batch_activation_log.csv","W2-B01","Owner","TBD","Concrete non-placeholder value","Open non-blocked field"
"MEDIUM","kickoff_2026-04-12","C:\Projects\MindLab_Starter_Project\docs\planning\kids_certified\08_wave2\kickoff_2026-04-12\wave2_batch_activation_log.csv","W2-B02","ActivationDate","TBD","Concrete non-placeholder value","Open non-blocked field"
"MEDIUM","kickoff_2026-04-12","C:\Projects\MindLab_Starter_Project\docs\planning\kids_certified\08_wave2\kickoff_2026-04-12\wave2_batch_activation_log.csv","W2-B02","ActivationStatus","PENDING","Concrete non-placeholder value","Open non-blocked field"
"MEDIUM","kickoff_2026-04-12","C:\Projects\MindLab_Starter_Project\docs\planning\kids_certified\08_wave2\kickoff_2026-04-12\wave2_batch_activation_log.csv","W2-B02","Approver","TBD","Concrete non-placeholder value","Open non-blocked field"
"MEDIUM","kickoff_2026-04-12","C:\Projects\MindLab_Starter_Project\docs\planning\kids_certified\08_wave2\kickoff_2026-04-12\wave2_batch_activation_log.csv","W2-B02","Owner","TBD","Concrete non-placeholder value","Open non-blocked field"
"MEDIUM","kickoff_2026-04-12","C:\Projects\MindLab_Starter_Project\docs\planning\kids_certified\08_wave2\kickoff_2026-04-12\wave2_batch_activation_log.csv","W2-B03","ActivationDate","TBD","Concrete non-placeholder value","Open non-blocked field"
"MEDIUM","kickoff_2026-04-12","C:\Projects\MindLab_Starter_Project\docs\planning\kids_certified\08_wave2\kickoff_2026-04-12\wave2_batch_activation_log.csv","W2-B03","ActivationStatus","PENDING","Concrete non-placeholder value","Open non-blocked field"
"MEDIUM","kickoff_2026-04-12","C:\Projects\MindLab_Starter_Project\docs\planning\kids_certified\08_wave2\kickoff_2026-04-12\wave2_batch_activation_log.csv","W2-B03","Approver","TBD","Concrete non-placeholder value","Open non-blocked field"
"MEDIUM","kickoff_2026-04-12","C:\Projects\MindLab_Starter_Project\docs\planning\kids_certified\08_wave2\kickoff_2026-04-12\wave2_batch_activation_log.csv","W2-B03","Owner","TBD","Concrete non-placeholder value","Open non-blocked field"
"MEDIUM","kickoff_2026-04-12","C:\Projects\MindLab_Starter_Project\docs\planning\kids_certified\08_wave2\kickoff_2026-04-12\wave2_fill_application_tracker.csv","W2-B01","ApplyDate","TBD","Concrete non-placeholder value","Open non-blocked field"
"MEDIUM","kickoff_2026-04-12","C:\Projects\MindLab_Starter_Project\docs\planning\kids_certified\08_wave2\kickoff_2026-04-12\wave2_fill_application_tracker.csv","W2-B01","ApplyStatus","PENDING","Concrete non-placeholder value","Open non-blocked field"
"MEDIUM","kickoff_2026-04-12","C:\Projects\MindLab_Starter_Project\docs\planning\kids_certified\08_wave2\kickoff_2026-04-12\wave2_fill_application_tracker.csv","W2-B01","ApplyVerifiedBy","TBD","Concrete non-placeholder value","Open non-blocked field"
"MEDIUM","kickoff_2026-04-12","C:\Projects\MindLab_Starter_Project\docs\planning\kids_certified\08_wave2\kickoff_2026-04-12\wave2_fill_application_tracker.csv","W2-B01","FillStatus","PENDING","Concrete non-placeholder value","Open non-blocked field"
"MEDIUM","kickoff_2026-04-12","C:\Projects\MindLab_Starter_Project\docs\planning\kids_certified\08_wave2\kickoff_2026-04-12\wave2_fill_application_tracker.csv","W2-B02","ApplyDate","TBD","Concrete non-placeholder value","Open non-blocked field"
"MEDIUM","kickoff_2026-04-12","C:\Projects\MindLab_Starter_Project\docs\planning\kids_certified\08_wave2\kickoff_2026-04-12\wave2_fill_application_tracker.csv","W2-B02","ApplyStatus","PENDING","Concrete non-placeholder value","Open non-blocked field"
"MEDIUM","kickoff_2026-04-12","C:\Projects\MindLab_Starter_Project\docs\planning\kids_certified\08_wave2\kickoff_2026-04-12\wave2_fill_application_tracker.csv","W2-B02","ApplyVerifiedBy","TBD","Concrete non-placeholder value","Open non-blocked field"
"MEDIUM","kickoff_2026-04-12","C:\Projects\MindLab_Starter_Project\docs\planning\kids_certified\08_wave2\kickoff_2026-04-12\wave2_fill_application_tracker.csv","W2-B02","FillStatus","PENDING","Concrete non-placeholder value","Open non-blocked field"
"MEDIUM","kickoff_2026-04-12","C:\Projects\MindLab_Starter_Project\docs\planning\kids_certified\08_wave2\kickoff_2026-04-12\wave2_fill_application_tracker.csv","W2-B03","ApplyDate","TBD","Concrete non-placeholder value","Open non-blocked field"
"MEDIUM","kickoff_2026-04-12","C:\Projects\MindLab_Starter_Project\docs\planning\kids_certified\08_wave2\kickoff_2026-04-12\wave2_fill_application_tracker.csv","W2-B03","ApplyStatus","PENDING","Concrete non-placeholder value","Open non-blocked field"
"MEDIUM","kickoff_2026-04-12","C:\Projects\MindLab_Starter_Project\docs\planning\kids_certified\08_wave2\kickoff_2026-04-12\wave2_fill_application_tracker.csv","W2-B03","ApplyVerifiedBy","TBD","Concrete non-placeholder value","Open non-blocked field"
"MEDIUM","kickoff_2026-04-12","C:\Projects\MindLab_Starter_Project\docs\planning\kids_certified\08_wave2\kickoff_2026-04-12\wave2_fill_application_tracker.csv","W2-B03","FillStatus","PENDING","Concrete non-placeholder value","Open non-blocked field"
"MEDIUM","kickoff_2026-04-12","C:\Projects\MindLab_Starter_Project\docs\planning\kids_certified\08_wave2\kickoff_2026-04-12\wave2_initial_batch_queue.csv","W2-B01","CategoryStage","TBD","Concrete non-placeholder value","Open non-blocked field"
"MEDIUM","kickoff_2026-04-12","C:\Projects\MindLab_Starter_Project\docs\planning\kids_certified\08_wave2\kickoff_2026-04-12\wave2_initial_batch_queue.csv","W2-B01","Owner","TBD","Concrete non-placeholder value","Open non-blocked field"
"MEDIUM","kickoff_2026-04-12","C:\Projects\MindLab_Starter_Project\docs\planning\kids_certified\08_wave2\kickoff_2026-04-12\wave2_initial_batch_queue.csv","W2-B02","CategoryStage","TBD","Concrete non-placeholder value","Open non-blocked field"
"MEDIUM","kickoff_2026-04-12","C:\Projects\MindLab_Starter_Project\docs\planning\kids_certified\08_wave2\kickoff_2026-04-12\wave2_initial_batch_queue.csv","W2-B02","Owner","TBD","Concrete non-placeholder value","Open non-blocked field"
"MEDIUM","kickoff_2026-04-12","C:\Projects\MindLab_Starter_Project\docs\planning\kids_certified\08_wave2\kickoff_2026-04-12\wave2_initial_batch_queue.csv","W2-B03","CategoryStage","TBD","Concrete non-placeholder value","Open non-blocked field"
"MEDIUM","kickoff_2026-04-12","C:\Projects\MindLab_Starter_Project\docs\planning\kids_certified\08_wave2\kickoff_2026-04-12\wave2_initial_batch_queue.csv","W2-B03","Owner","TBD","Concrete non-placeholder value","Open non-blocked field"
"MEDIUM","kickoff_2026-04-12","C:\Projects\MindLab_Starter_Project\docs\planning\kids_certified\08_wave2\kickoff_2026-04-12\wave2_owner_approval_matrix.csv","W2-B01","ApprovalState","PENDING","Concrete non-placeholder value","Open non-blocked field"
"MEDIUM","kickoff_2026-04-12","C:\Projects\MindLab_Starter_Project\docs\planning\kids_certified\08_wave2\kickoff_2026-04-12\wave2_owner_approval_matrix.csv","W2-B01","Approver","TBD","Concrete non-placeholder value","Open non-blocked field"
"MEDIUM","kickoff_2026-04-12","C:\Projects\MindLab_Starter_Project\docs\planning\kids_certified\08_wave2\kickoff_2026-04-12\wave2_owner_approval_matrix.csv","W2-B01","CategoryStage","TBD","Concrete non-placeholder value","Open non-blocked field"
"MEDIUM","kickoff_2026-04-12","C:\Projects\MindLab_Starter_Project\docs\planning\kids_certified\08_wave2\kickoff_2026-04-12\wave2_owner_approval_matrix.csv","W2-B01","Owner","TBD","Concrete non-placeholder value","Open non-blocked field"
"MEDIUM","kickoff_2026-04-12","C:\Projects\MindLab_Starter_Project\docs\planning\kids_certified\08_wave2\kickoff_2026-04-12\wave2_owner_approval_matrix.csv","W2-B02","ApprovalState","PENDING","Concrete non-placeholder value","Open non-blocked field"
"MEDIUM","kickoff_2026-04-12","C:\Projects\MindLab_Starter_Project\docs\planning\kids_certified\08_wave2\kickoff_2026-04-12\wave2_owner_approval_matrix.csv","W2-B02","Approver","TBD","Concrete non-placeholder value","Open non-blocked field"
"MEDIUM","kickoff_2026-04-12","C:\Projects\MindLab_Starter_Project\docs\planning\kids_certified\08_wave2\kickoff_2026-04-12\wave2_owner_approval_matrix.csv","W2-B02","CategoryStage","TBD","Concrete non-placeholder value","Open non-blocked field"
"MEDIUM","kickoff_2026-04-12","C:\Projects\MindLab_Starter_Project\docs\planning\kids_certified\08_wave2\kickoff_2026-04-12\wave2_owner_approval_matrix.csv","W2-B02","Owner","TBD","Concrete non-placeholder value","Open non-blocked field"
"MEDIUM","kickoff_2026-04-12","C:\Projects\MindLab_Starter_Project\docs\planning\kids_certified\08_wave2\kickoff_2026-04-12\wave2_owner_approval_matrix.csv","W2-B03","ApprovalState","PENDING","Concrete non-placeholder value","Open non-blocked field"
"MEDIUM","kickoff_2026-04-12","C:\Projects\MindLab_Starter_Project\docs\planning\kids_certified\08_wave2\kickoff_2026-04-12\wave2_owner_approval_matrix.csv","W2-B03","Approver","TBD","Concrete non-placeholder value","Open non-blocked field"
"MEDIUM","kickoff_2026-04-12","C:\Projects\MindLab_Starter_Project\docs\planning\kids_certified\08_wave2\kickoff_2026-04-12\wave2_owner_approval_matrix.csv","W2-B03","CategoryStage","TBD","Concrete non-placeholder value","Open non-blocked field"
"MEDIUM","kickoff_2026-04-12","C:\Projects\MindLab_Starter_Project\docs\planning\kids_certified\08_wave2\kickoff_2026-04-12\wave2_owner_approval_matrix.csv","W2-B03","Owner","TBD","Concrete non-placeholder value","Open non-blocked field"
"MEDIUM","kickoff_2026-04-12","C:\Projects\MindLab_Starter_Project\docs\planning\kids_certified\08_wave2\kickoff_2026-04-12\wave2_owner_fill_tasks.csv","W2-B01","TaskStatus","PENDING","Concrete non-placeholder value","Open non-blocked field"
"MEDIUM","kickoff_2026-04-12","C:\Projects\MindLab_Starter_Project\docs\planning\kids_certified\08_wave2\kickoff_2026-04-12\wave2_owner_fill_tasks.csv","W2-B02","TaskStatus","PENDING","Concrete non-placeholder value","Open non-blocked field"
"MEDIUM","kickoff_2026-04-12","C:\Projects\MindLab_Starter_Project\docs\planning\kids_certified\08_wave2\kickoff_2026-04-12\wave2_owner_fill_tasks.csv","W2-B03","TaskStatus","PENDING","Concrete non-placeholder value","Open non-blocked field"
"MEDIUM","kickoff_2026-04-12","C:\Projects\MindLab_Starter_Project\docs\planning\kids_certified\08_wave2\kickoff_2026-04-12\wave2_owner_fill_template.csv","W2-B01","ApproverEmail","TBD","Concrete non-placeholder value","Open non-blocked field"
"MEDIUM","kickoff_2026-04-12","C:\Projects\MindLab_Starter_Project\docs\planning\kids_certified\08_wave2\kickoff_2026-04-12\wave2_owner_fill_template.csv","W2-B01","ApproverName","TBD","Concrete non-placeholder value","Open non-blocked field"
"MEDIUM","kickoff_2026-04-12","C:\Projects\MindLab_Starter_Project\docs\planning\kids_certified\08_wave2\kickoff_2026-04-12\wave2_owner_fill_template.csv","W2-B01","FillStatus","PENDING","Concrete non-placeholder value","Open non-blocked field"
"MEDIUM","kickoff_2026-04-12","C:\Projects\MindLab_Starter_Project\docs\planning\kids_certified\08_wave2\kickoff_2026-04-12\wave2_owner_fill_template.csv","W2-B01","OwnerEmail","TBD","Concrete non-placeholder value","Open non-blocked field"
"MEDIUM","kickoff_2026-04-12","C:\Projects\MindLab_Starter_Project\docs\planning\kids_certified\08_wave2\kickoff_2026-04-12\wave2_owner_fill_template.csv","W2-B01","OwnerName","TBD","Concrete non-placeholder value","Open non-blocked field"
"MEDIUM","kickoff_2026-04-12","C:\Projects\MindLab_Starter_Project\docs\planning\kids_certified\08_wave2\kickoff_2026-04-12\wave2_owner_fill_template.csv","W2-B01","QaReviewer","TBD","Concrete non-placeholder value","Open non-blocked field"
"MEDIUM","kickoff_2026-04-12","C:\Projects\MindLab_Starter_Project\docs\planning\kids_certified\08_wave2\kickoff_2026-04-12\wave2_owner_fill_template.csv","W2-B01","SignoffCheckpoint","TBD","Concrete non-placeholder value","Open non-blocked field"
"MEDIUM","kickoff_2026-04-12","C:\Projects\MindLab_Starter_Project\docs\planning\kids_certified\08_wave2\kickoff_2026-04-12\wave2_owner_fill_template.csv","W2-B02","ApproverEmail","TBD","Concrete non-placeholder value","Open non-blocked field"
"MEDIUM","kickoff_2026-04-12","C:\Projects\MindLab_Starter_Project\docs\planning\kids_certified\08_wave2\kickoff_2026-04-12\wave2_owner_fill_template.csv","W2-B02","ApproverName","TBD","Concrete non-placeholder value","Open non-blocked field"
"MEDIUM","kickoff_2026-04-12","C:\Projects\MindLab_Starter_Project\docs\planning\kids_certified\08_wave2\kickoff_2026-04-12\wave2_owner_fill_template.csv","W2-B02","FillStatus","PENDING","Concrete non-placeholder value","Open non-blocked field"
"MEDIUM","kickoff_2026-04-12","C:\Projects\MindLab_Starter_Project\docs\planning\kids_certified\08_wave2\kickoff_2026-04-12\wave2_owner_fill_template.csv","W2-B02","OwnerEmail","TBD","Concrete non-placeholder value","Open non-blocked field"
"MEDIUM","kickoff_2026-04-12","C:\Projects\MindLab_Starter_Project\docs\planning\kids_certified\08_wave2\kickoff_2026-04-12\wave2_owner_fill_template.csv","W2-B02","OwnerName","TBD","Concrete non-placeholder value","Open non-blocked field"
"MEDIUM","kickoff_2026-04-12","C:\Projects\MindLab_Starter_Project\docs\planning\kids_certified\08_wave2\kickoff_2026-04-12\wave2_owner_fill_template.csv","W2-B02","QaReviewer","TBD","Concrete non-placeholder value","Open non-blocked field"
"MEDIUM","kickoff_2026-04-12","C:\Projects\MindLab_Starter_Project\docs\planning\kids_certified\08_wave2\kickoff_2026-04-12\wave2_owner_fill_template.csv","W2-B02","SignoffCheckpoint","TBD","Concrete non-placeholder value","Open non-blocked field"
"MEDIUM","kickoff_2026-04-12","C:\Projects\MindLab_Starter_Project\docs\planning\kids_certified\08_wave2\kickoff_2026-04-12\wave2_owner_fill_template.csv","W2-B03","ApproverEmail","TBD","Concrete non-placeholder value","Open non-blocked field"
"MEDIUM","kickoff_2026-04-12","C:\Projects\MindLab_Starter_Project\docs\planning\kids_certified\08_wave2\kickoff_2026-04-12\wave2_owner_fill_template.csv","W2-B03","ApproverName","TBD","Concrete non-placeholder value","Open non-blocked field"
"MEDIUM","kickoff_2026-04-12","C:\Projects\MindLab_Starter_Project\docs\planning\kids_certified\08_wave2\kickoff_2026-04-12\wave2_owner_fill_template.csv","W2-B03","FillStatus","PENDING","Concrete non-placeholder value","Open non-blocked field"
"MEDIUM","kickoff_2026-04-12","C:\Projects\MindLab_Starter_Project\docs\planning\kids_certified\08_wave2\kickoff_2026-04-12\wave2_owner_fill_template.csv","W2-B03","OwnerEmail","TBD","Concrete non-placeholder value","Open non-blocked field"
"MEDIUM","kickoff_2026-04-12","C:\Projects\MindLab_Starter_Project\docs\planning\kids_certified\08_wave2\kickoff_2026-04-12\wave2_owner_fill_template.csv","W2-B03","OwnerName","TBD","Concrete non-placeholder value","Open non-blocked field"
"MEDIUM","kickoff_2026-04-12","C:\Projects\MindLab_Starter_Project\docs\planning\kids_certified\08_wave2\kickoff_2026-04-12\wave2_owner_fill_template.csv","W2-B03","QaReviewer","TBD","Concrete non-placeholder value","Open non-blocked field"
"MEDIUM","kickoff_2026-04-12","C:\Projects\MindLab_Starter_Project\docs\planning\kids_certified\08_wave2\kickoff_2026-04-12\wave2_owner_fill_template.csv","W2-B03","SignoffCheckpoint","TBD","Concrete non-placeholder value","Open non-blocked field"
"MEDIUM","kickoff_2026-04-12","C:\Projects\MindLab_Starter_Project\docs\planning\kids_certified\08_wave2\kickoff_2026-04-12\wave2_owner_intake.csv","W2-B01","ApproverEmail","TBD","Concrete non-placeholder value","Open non-blocked field"
"MEDIUM","kickoff_2026-04-12","C:\Projects\MindLab_Starter_Project\docs\planning\kids_certified\08_wave2\kickoff_2026-04-12\wave2_owner_intake.csv","W2-B01","ApproverName","TBD","Concrete non-placeholder value","Open non-blocked field"
"MEDIUM","kickoff_2026-04-12","C:\Projects\MindLab_Starter_Project\docs\planning\kids_certified\08_wave2\kickoff_2026-04-12\wave2_owner_intake.csv","W2-B01","IntakeStatus","PENDING","Concrete non-placeholder value","Open non-blocked field"
"MEDIUM","kickoff_2026-04-12","C:\Projects\MindLab_Starter_Project\docs\planning\kids_certified\08_wave2\kickoff_2026-04-12\wave2_owner_intake.csv","W2-B01","OwnerEmail","TBD","Concrete non-placeholder value","Open non-blocked field"
"MEDIUM","kickoff_2026-04-12","C:\Projects\MindLab_Starter_Project\docs\planning\kids_certified\08_wave2\kickoff_2026-04-12\wave2_owner_intake.csv","W2-B01","OwnerName","TBD","Concrete non-placeholder value","Open non-blocked field"
"MEDIUM","kickoff_2026-04-12","C:\Projects\MindLab_Starter_Project\docs\planning\kids_certified\08_wave2\kickoff_2026-04-12\wave2_owner_intake.csv","W2-B01","QaReviewer","TBD","Concrete non-placeholder value","Open non-blocked field"
"MEDIUM","kickoff_2026-04-12","C:\Projects\MindLab_Starter_Project\docs\planning\kids_certified\08_wave2\kickoff_2026-04-12\wave2_owner_intake.csv","W2-B01","SignoffCheckpoint","TBD","Concrete non-placeholder value","Open non-blocked field"
"MEDIUM","kickoff_2026-04-12","C:\Projects\MindLab_Starter_Project\docs\planning\kids_certified\08_wave2\kickoff_2026-04-12\wave2_owner_intake.csv","W2-B02","ApproverEmail","TBD","Concrete non-placeholder value","Open non-blocked field"
"MEDIUM","kickoff_2026-04-12","C:\Projects\MindLab_Starter_Project\docs\planning\kids_certified\08_wave2\kickoff_2026-04-12\wave2_owner_intake.csv","W2-B02","ApproverName","TBD","Concrete non-placeholder value","Open non-blocked field"
"MEDIUM","kickoff_2026-04-12","C:\Projects\MindLab_Starter_Project\docs\planning\kids_certified\08_wave2\kickoff_2026-04-12\wave2_owner_intake.csv","W2-B02","IntakeStatus","PENDING","Concrete non-placeholder value","Open non-blocked field"
"MEDIUM","kickoff_2026-04-12","C:\Projects\MindLab_Starter_Project\docs\planning\kids_certified\08_wave2\kickoff_2026-04-12\wave2_owner_intake.csv","W2-B02","OwnerEmail","TBD","Concrete non-placeholder value","Open non-blocked field"
"MEDIUM","kickoff_2026-04-12","C:\Projects\MindLab_Starter_Project\docs\planning\kids_certified\08_wave2\kickoff_2026-04-12\wave2_owner_intake.csv","W2-B02","OwnerName","TBD","Concrete non-placeholder value","Open non-blocked field"
"MEDIUM","kickoff_2026-04-12","C:\Projects\MindLab_Starter_Project\docs\planning\kids_certified\08_wave2\kickoff_2026-04-12\wave2_owner_intake.csv","W2-B02","QaReviewer","TBD","Concrete non-placeholder value","Open non-blocked field"
"MEDIUM","kickoff_2026-04-12","C:\Projects\MindLab_Starter_Project\docs\planning\kids_certified\08_wave2\kickoff_2026-04-12\wave2_owner_intake.csv","W2-B02","SignoffCheckpoint","TBD","Concrete non-placeholder value","Open non-blocked field"
"MEDIUM","kickoff_2026-04-12","C:\Projects\MindLab_Starter_Project\docs\planning\kids_certified\08_wave2\kickoff_2026-04-12\wave2_owner_intake.csv","W2-B03","ApproverEmail","TBD","Concrete non-placeholder value","Open non-blocked field"
"MEDIUM","kickoff_2026-04-12","C:\Projects\MindLab_Starter_Project\docs\planning\kids_certified\08_wave2\kickoff_2026-04-12\wave2_owner_intake.csv","W2-B03","ApproverName","TBD","Concrete non-placeholder value","Open non-blocked field"
"MEDIUM","kickoff_2026-04-12","C:\Projects\MindLab_Starter_Project\docs\planning\kids_certified\08_wave2\kickoff_2026-04-12\wave2_owner_intake.csv","W2-B03","IntakeStatus","PENDING","Concrete non-placeholder value","Open non-blocked field"
"MEDIUM","kickoff_2026-04-12","C:\Projects\MindLab_Starter_Project\docs\planning\kids_certified\08_wave2\kickoff_2026-04-12\wave2_owner_intake.csv","W2-B03","OwnerEmail","TBD","Concrete non-placeholder value","Open non-blocked field"
"MEDIUM","kickoff_2026-04-12","C:\Projects\MindLab_Starter_Project\docs\planning\kids_certified\08_wave2\kickoff_2026-04-12\wave2_owner_intake.csv","W2-B03","OwnerName","TBD","Concrete non-placeholder value","Open non-blocked field"
"MEDIUM","kickoff_2026-04-12","C:\Projects\MindLab_Starter_Project\docs\planning\kids_certified\08_wave2\kickoff_2026-04-12\wave2_owner_intake.csv","W2-B03","QaReviewer","TBD","Concrete non-placeholder value","Open non-blocked field"
"MEDIUM","kickoff_2026-04-12","C:\Projects\MindLab_Starter_Project\docs\planning\kids_certified\08_wave2\kickoff_2026-04-12\wave2_owner_intake.csv","W2-B03","SignoffCheckpoint","TBD","Concrete non-placeholder value","Open non-blocked field"
"MEDIUM","kickoff_2026-04-12","C:\Projects\MindLab_Starter_Project\docs\planning\kids_certified\08_wave2\kickoff_2026-04-12\wave2_owner_intake_completion_tracker.csv","W2-B01","CompletionStatus","PENDING","Concrete non-placeholder value","Open non-blocked field"
"MEDIUM","kickoff_2026-04-12","C:\Projects\MindLab_Starter_Project\docs\planning\kids_certified\08_wave2\kickoff_2026-04-12\wave2_owner_intake_completion_tracker.csv","W2-B01","CompletionVerifiedBy","TBD","Concrete non-placeholder value","Open non-blocked field"
"MEDIUM","kickoff_2026-04-12","C:\Projects\MindLab_Starter_Project\docs\planning\kids_certified\08_wave2\kickoff_2026-04-12\wave2_owner_intake_completion_tracker.csv","W2-B01","ReviewStatus","PENDING","Concrete non-placeholder value","Open non-blocked field"
"MEDIUM","kickoff_2026-04-12","C:\Projects\MindLab_Starter_Project\docs\planning\kids_certified\08_wave2\kickoff_2026-04-12\wave2_owner_intake_completion_tracker.csv","W2-B02","CompletionStatus","PENDING","Concrete non-placeholder value","Open non-blocked field"
"MEDIUM","kickoff_2026-04-12","C:\Projects\MindLab_Starter_Project\docs\planning\kids_certified\08_wave2\kickoff_2026-04-12\wave2_owner_intake_completion_tracker.csv","W2-B02","CompletionVerifiedBy","TBD","Concrete non-placeholder value","Open non-blocked field"
"MEDIUM","kickoff_2026-04-12","C:\Projects\MindLab_Starter_Project\docs\planning\kids_certified\08_wave2\kickoff_2026-04-12\wave2_owner_intake_completion_tracker.csv","W2-B02","ReviewStatus","PENDING","Concrete non-placeholder value","Open non-blocked field"
"MEDIUM","kickoff_2026-04-12","C:\Projects\MindLab_Starter_Project\docs\planning\kids_certified\08_wave2\kickoff_2026-04-12\wave2_owner_intake_completion_tracker.csv","W2-B03","CompletionStatus","PENDING","Concrete non-placeholder value","Open non-blocked field"
"MEDIUM","kickoff_2026-04-12","C:\Projects\MindLab_Starter_Project\docs\planning\kids_certified\08_wave2\kickoff_2026-04-12\wave2_owner_intake_completion_tracker.csv","W2-B03","CompletionVerifiedBy","TBD","Concrete non-placeholder value","Open non-blocked field"
"MEDIUM","kickoff_2026-04-12","C:\Projects\MindLab_Starter_Project\docs\planning\kids_certified\08_wave2\kickoff_2026-04-12\wave2_owner_intake_completion_tracker.csv","W2-B03","ReviewStatus","PENDING","Concrete non-placeholder value","Open non-blocked field"
"MEDIUM","kickoff_2026-04-12","C:\Projects\MindLab_Starter_Project\docs\planning\kids_certified\08_wave2\kickoff_2026-04-12\wave2_owner_intake_patch_template.csv","W2-B01","ApproverEmail","","Concrete non-placeholder value","Open non-blocked field"
"MEDIUM","kickoff_2026-04-12","C:\Projects\MindLab_Starter_Project\docs\planning\kids_certified\08_wave2\kickoff_2026-04-12\wave2_owner_intake_patch_template.csv","W2-B01","ApproverName","","Concrete non-placeholder value","Open non-blocked field"
"MEDIUM","kickoff_2026-04-12","C:\Projects\MindLab_Starter_Project\docs\planning\kids_certified\08_wave2\kickoff_2026-04-12\wave2_owner_intake_patch_template.csv","W2-B01","OwnerEmail","","Concrete non-placeholder value","Open non-blocked field"
"MEDIUM","kickoff_2026-04-12","C:\Projects\MindLab_Starter_Project\docs\planning\kids_certified\08_wave2\kickoff_2026-04-12\wave2_owner_intake_patch_template.csv","W2-B01","OwnerName","","Concrete non-placeholder value","Open non-blocked field"
"MEDIUM","kickoff_2026-04-12","C:\Projects\MindLab_Starter_Project\docs\planning\kids_certified\08_wave2\kickoff_2026-04-12\wave2_owner_intake_patch_template.csv","W2-B01","QaReviewer","","Concrete non-placeholder value","Open non-blocked field"
"MEDIUM","kickoff_2026-04-12","C:\Projects\MindLab_Starter_Project\docs\planning\kids_certified\08_wave2\kickoff_2026-04-12\wave2_owner_intake_patch_template.csv","W2-B01","SignoffCheckpoint","","Concrete non-placeholder value","Open non-blocked field"
"MEDIUM","kickoff_2026-04-12","C:\Projects\MindLab_Starter_Project\docs\planning\kids_certified\08_wave2\kickoff_2026-04-12\wave2_owner_intake_patch_template.csv","W2-B02","ApproverEmail","","Concrete non-placeholder value","Open non-blocked field"
"MEDIUM","kickoff_2026-04-12","C:\Projects\MindLab_Starter_Project\docs\planning\kids_certified\08_wave2\kickoff_2026-04-12\wave2_owner_intake_patch_template.csv","W2-B02","ApproverName","","Concrete non-placeholder value","Open non-blocked field"
"MEDIUM","kickoff_2026-04-12","C:\Projects\MindLab_Starter_Project\docs\planning\kids_certified\08_wave2\kickoff_2026-04-12\wave2_owner_intake_patch_template.csv","W2-B02","OwnerEmail","","Concrete non-placeholder value","Open non-blocked field"
"MEDIUM","kickoff_2026-04-12","C:\Projects\MindLab_Starter_Project\docs\planning\kids_certified\08_wave2\kickoff_2026-04-12\wave2_owner_intake_patch_template.csv","W2-B02","OwnerName","","Concrete non-placeholder value","Open non-blocked field"
"MEDIUM","kickoff_2026-04-12","C:\Projects\MindLab_Starter_Project\docs\planning\kids_certified\08_wave2\kickoff_2026-04-12\wave2_owner_intake_patch_template.csv","W2-B02","QaReviewer","","Concrete non-placeholder value","Open non-blocked field"
"MEDIUM","kickoff_2026-04-12","C:\Projects\MindLab_Starter_Project\docs\planning\kids_certified\08_wave2\kickoff_2026-04-12\wave2_owner_intake_patch_template.csv","W2-B02","SignoffCheckpoint","","Concrete non-placeholder value","Open non-blocked field"
"MEDIUM","kickoff_2026-04-12","C:\Projects\MindLab_Starter_Project\docs\planning\kids_certified\08_wave2\kickoff_2026-04-12\wave2_owner_intake_patch_template.csv","W2-B03","ApproverEmail","","Concrete non-placeholder value","Open non-blocked field"
"MEDIUM","kickoff_2026-04-12","C:\Projects\MindLab_Starter_Project\docs\planning\kids_certified\08_wave2\kickoff_2026-04-12\wave2_owner_intake_patch_template.csv","W2-B03","ApproverName","","Concrete non-placeholder value","Open non-blocked field"
"MEDIUM","kickoff_2026-04-12","C:\Projects\MindLab_Starter_Project\docs\planning\kids_certified\08_wave2\kickoff_2026-04-12\wave2_owner_intake_patch_template.csv","W2-B03","OwnerEmail","","Concrete non-placeholder value","Open non-blocked field"
"MEDIUM","kickoff_2026-04-12","C:\Projects\MindLab_Starter_Project\docs\planning\kids_certified\08_wave2\kickoff_2026-04-12\wave2_owner_intake_patch_template.csv","W2-B03","OwnerName","","Concrete non-placeholder value","Open non-blocked field"
"MEDIUM","kickoff_2026-04-12","C:\Projects\MindLab_Starter_Project\docs\planning\kids_certified\08_wave2\kickoff_2026-04-12\wave2_owner_intake_patch_template.csv","W2-B03","QaReviewer","","Concrete non-placeholder value","Open non-blocked field"
"MEDIUM","kickoff_2026-04-12","C:\Projects\MindLab_Starter_Project\docs\planning\kids_certified\08_wave2\kickoff_2026-04-12\wave2_owner_intake_patch_template.csv","W2-B03","SignoffCheckpoint","","Concrete non-placeholder value","Open non-blocked field"
"MEDIUM","kickoff_2026-04-12","C:\Projects\MindLab_Starter_Project\docs\planning\kids_certified\08_wave2\kickoff_2026-04-12\wave2_owner_intake_resolution_tracker.csv","W2-B01","CompletionStatus","PENDING","Concrete non-placeholder value","Open non-blocked field"
"MEDIUM","kickoff_2026-04-12","C:\Projects\MindLab_Starter_Project\docs\planning\kids_certified\08_wave2\kickoff_2026-04-12\wave2_owner_intake_resolution_tracker.csv","W2-B01","ResolutionNotes","TBD","Concrete non-placeholder value","Open non-blocked field"
"MEDIUM","kickoff_2026-04-12","C:\Projects\MindLab_Starter_Project\docs\planning\kids_certified\08_wave2\kickoff_2026-04-12\wave2_owner_intake_resolution_tracker.csv","W2-B01","ResolutionStatus","PENDING","Concrete non-placeholder value","Open non-blocked field"
"MEDIUM","kickoff_2026-04-12","C:\Projects\MindLab_Starter_Project\docs\planning\kids_certified\08_wave2\kickoff_2026-04-12\wave2_owner_intake_resolution_tracker.csv","W2-B02","CompletionStatus","PENDING","Concrete non-placeholder value","Open non-blocked field"
"MEDIUM","kickoff_2026-04-12","C:\Projects\MindLab_Starter_Project\docs\planning\kids_certified\08_wave2\kickoff_2026-04-12\wave2_owner_intake_resolution_tracker.csv","W2-B02","ResolutionNotes","TBD","Concrete non-placeholder value","Open non-blocked field"
"MEDIUM","kickoff_2026-04-12","C:\Projects\MindLab_Starter_Project\docs\planning\kids_certified\08_wave2\kickoff_2026-04-12\wave2_owner_intake_resolution_tracker.csv","W2-B02","ResolutionStatus","PENDING","Concrete non-placeholder value","Open non-blocked field"
"MEDIUM","kickoff_2026-04-12","C:\Projects\MindLab_Starter_Project\docs\planning\kids_certified\08_wave2\kickoff_2026-04-12\wave2_owner_intake_resolution_tracker.csv","W2-B03","CompletionStatus","PENDING","Concrete non-placeholder value","Open non-blocked field"
"MEDIUM","kickoff_2026-04-12","C:\Projects\MindLab_Starter_Project\docs\planning\kids_certified\08_wave2\kickoff_2026-04-12\wave2_owner_intake_resolution_tracker.csv","W2-B03","ResolutionNotes","TBD","Concrete non-placeholder value","Open non-blocked field"
"MEDIUM","kickoff_2026-04-12","C:\Projects\MindLab_Starter_Project\docs\planning\kids_certified\08_wave2\kickoff_2026-04-12\wave2_owner_intake_resolution_tracker.csv","W2-B03","ResolutionStatus","PENDING","Concrete non-placeholder value","Open non-blocked field"
"MEDIUM","kickoff_2026-04-12","C:\Projects\MindLab_Starter_Project\docs\planning\kids_certified\08_wave2\kickoff_2026-04-12\wave2_owner_intake_review_queue.csv","W2-B01","ReviewStatus","PENDING","Concrete non-placeholder value","Open non-blocked field"
"MEDIUM","kickoff_2026-04-12","C:\Projects\MindLab_Starter_Project\docs\planning\kids_certified\08_wave2\kickoff_2026-04-12\wave2_owner_intake_review_queue.csv","W2-B02","ReviewStatus","PENDING","Concrete non-placeholder value","Open non-blocked field"
"MEDIUM","kickoff_2026-04-12","C:\Projects\MindLab_Starter_Project\docs\planning\kids_certified\08_wave2\kickoff_2026-04-12\wave2_owner_intake_review_queue.csv","W2-B03","ReviewStatus","PENDING","Concrete non-placeholder value","Open non-blocked field"
"MEDIUM","kickoff_2026-04-12","C:\Projects\MindLab_Starter_Project\docs\planning\kids_certified\08_wave2\kickoff_2026-04-12\wave2_owner_population_register.csv","W2-B01","Approver","TBD","Concrete non-placeholder value","Open non-blocked field"
"MEDIUM","kickoff_2026-04-12","C:\Projects\MindLab_Starter_Project\docs\planning\kids_certified\08_wave2\kickoff_2026-04-12\wave2_owner_population_register.csv","W2-B01","Owner","TBD","Concrete non-placeholder value","Open non-blocked field"
"MEDIUM","kickoff_2026-04-12","C:\Projects\MindLab_Starter_Project\docs\planning\kids_certified\08_wave2\kickoff_2026-04-12\wave2_owner_population_register.csv","W2-B01","PopulationStatus","PENDING","Concrete non-placeholder value","Open non-blocked field"
"MEDIUM","kickoff_2026-04-12","C:\Projects\MindLab_Starter_Project\docs\planning\kids_certified\08_wave2\kickoff_2026-04-12\wave2_owner_population_register.csv","W2-B01","QaReviewer","TBD","Concrete non-placeholder value","Open non-blocked field"
"MEDIUM","kickoff_2026-04-12","C:\Projects\MindLab_Starter_Project\docs\planning\kids_certified\08_wave2\kickoff_2026-04-12\wave2_owner_population_register.csv","W2-B01","SignoffCheckpoint","TBD","Concrete non-placeholder value","Open non-blocked field"
"MEDIUM","kickoff_2026-04-12","C:\Projects\MindLab_Starter_Project\docs\planning\kids_certified\08_wave2\kickoff_2026-04-12\wave2_owner_population_register.csv","W2-B02","Approver","TBD","Concrete non-placeholder value","Open non-blocked field"
"MEDIUM","kickoff_2026-04-12","C:\Projects\MindLab_Starter_Project\docs\planning\kids_certified\08_wave2\kickoff_2026-04-12\wave2_owner_population_register.csv","W2-B02","Owner","TBD","Concrete non-placeholder value","Open non-blocked field"
"MEDIUM","kickoff_2026-04-12","C:\Projects\MindLab_Starter_Project\docs\planning\kids_certified\08_wave2\kickoff_2026-04-12\wave2_owner_population_register.csv","W2-B02","PopulationStatus","PENDING","Concrete non-placeholder value","Open non-blocked field"
"MEDIUM","kickoff_2026-04-12","C:\Projects\MindLab_Starter_Project\docs\planning\kids_certified\08_wave2\kickoff_2026-04-12\wave2_owner_population_register.csv","W2-B02","QaReviewer","TBD","Concrete non-placeholder value","Open non-blocked field"
"MEDIUM","kickoff_2026-04-12","C:\Projects\MindLab_Starter_Project\docs\planning\kids_certified\08_wave2\kickoff_2026-04-12\wave2_owner_population_register.csv","W2-B02","SignoffCheckpoint","TBD","Concrete non-placeholder value","Open non-blocked field"
"MEDIUM","kickoff_2026-04-12","C:\Projects\MindLab_Starter_Project\docs\planning\kids_certified\08_wave2\kickoff_2026-04-12\wave2_owner_population_register.csv","W2-B03","Approver","TBD","Concrete non-placeholder value","Open non-blocked field"
"MEDIUM","kickoff_2026-04-12","C:\Projects\MindLab_Starter_Project\docs\planning\kids_certified\08_wave2\kickoff_2026-04-12\wave2_owner_population_register.csv","W2-B03","Owner","TBD","Concrete non-placeholder value","Open non-blocked field"
"MEDIUM","kickoff_2026-04-12","C:\Projects\MindLab_Starter_Project\docs\planning\kids_certified\08_wave2\kickoff_2026-04-12\wave2_owner_population_register.csv","W2-B03","PopulationStatus","PENDING","Concrete non-placeholder value","Open non-blocked field"
"MEDIUM","kickoff_2026-04-12","C:\Projects\MindLab_Starter_Project\docs\planning\kids_certified\08_wave2\kickoff_2026-04-12\wave2_owner_population_register.csv","W2-B03","QaReviewer","TBD","Concrete non-placeholder value","Open non-blocked field"
"MEDIUM","kickoff_2026-04-12","C:\Projects\MindLab_Starter_Project\docs\planning\kids_certified\08_wave2\kickoff_2026-04-12\wave2_owner_population_register.csv","W2-B03","SignoffCheckpoint","TBD","Concrete non-placeholder value","Open non-blocked field"
"MEDIUM","handoff_2026-04-12","C:\Projects\MindLab_Starter_Project\docs\planning\kids_certified\10_cross_age\handoff_2026-04-12\adults_handoff_dependency_register.csv","","Owner","TBD","Concrete non-placeholder value","Open non-blocked field"
"MEDIUM","handoff_2026-04-12","C:\Projects\MindLab_Starter_Project\docs\planning\kids_certified\10_cross_age\handoff_2026-04-12\adults_handoff_dependency_register.csv","","Owner","TBD","Concrete non-placeholder value","Open non-blocked field"
"MEDIUM","handoff_2026-04-12","C:\Projects\MindLab_Starter_Project\docs\planning\kids_certified\10_cross_age\handoff_2026-04-12\adults_handoff_dependency_register.csv","","ReadyDate","TBD","Concrete non-placeholder value","Open non-blocked field"
"MEDIUM","handoff_2026-04-12","C:\Projects\MindLab_Starter_Project\docs\planning\kids_certified\10_cross_age\handoff_2026-04-12\adults_handoff_dependency_register.csv","","ReadyDate","TBD","Concrete non-placeholder value","Open non-blocked field"
"MEDIUM","handoff_2026-04-12","C:\Projects\MindLab_Starter_Project\docs\planning\kids_certified\10_cross_age\handoff_2026-04-12\cross_age_apply_readiness_rollup.csv","Adults","ApplyStatus","PENDING","Concrete non-placeholder value","Open non-blocked field"
"MEDIUM","handoff_2026-04-12","C:\Projects\MindLab_Starter_Project\docs\planning\kids_certified\10_cross_age\handoff_2026-04-12\cross_age_apply_readiness_rollup.csv","Adults","FillStatus","PENDING","Concrete non-placeholder value","Open non-blocked field"
"MEDIUM","handoff_2026-04-12","C:\Projects\MindLab_Starter_Project\docs\planning\kids_certified\10_cross_age\handoff_2026-04-12\cross_age_apply_readiness_rollup.csv","Adults","ReadinessStatus","PENDING","Concrete non-placeholder value","Open non-blocked field"
"MEDIUM","handoff_2026-04-12","C:\Projects\MindLab_Starter_Project\docs\planning\kids_certified\10_cross_age\handoff_2026-04-12\cross_age_apply_readiness_rollup.csv","Adults","RollupDate","TBD","Concrete non-placeholder value","Open non-blocked field"
"MEDIUM","handoff_2026-04-12","C:\Projects\MindLab_Starter_Project\docs\planning\kids_certified\10_cross_age\handoff_2026-04-12\cross_age_apply_readiness_rollup.csv","Seniors","ApplyStatus","PENDING","Concrete non-placeholder value","Open non-blocked field"
"MEDIUM","handoff_2026-04-12","C:\Projects\MindLab_Starter_Project\docs\planning\kids_certified\10_cross_age\handoff_2026-04-12\cross_age_apply_readiness_rollup.csv","Seniors","FillStatus","PENDING","Concrete non-placeholder value","Open non-blocked field"
"MEDIUM","handoff_2026-04-12","C:\Projects\MindLab_Starter_Project\docs\planning\kids_certified\10_cross_age\handoff_2026-04-12\cross_age_apply_readiness_rollup.csv","Seniors","ReadinessStatus","PENDING","Concrete non-placeholder value","Open non-blocked field"
"MEDIUM","handoff_2026-04-12","C:\Projects\MindLab_Starter_Project\docs\planning\kids_certified\10_cross_age\handoff_2026-04-12\cross_age_apply_readiness_rollup.csv","Seniors","RollupDate","TBD","Concrete non-placeholder value","Open non-blocked field"
"MEDIUM","handoff_2026-04-12","C:\Projects\MindLab_Starter_Project\docs\planning\kids_certified\10_cross_age\handoff_2026-04-12\cross_age_dependency_matrix.csv","Adults","Owner","TBD","Concrete non-placeholder value","Open non-blocked field"
"MEDIUM","handoff_2026-04-12","C:\Projects\MindLab_Starter_Project\docs\planning\kids_certified\10_cross_age\handoff_2026-04-12\cross_age_dependency_matrix.csv","Adults","Owner","TBD","Concrete non-placeholder value","Open non-blocked field"
"MEDIUM","handoff_2026-04-12","C:\Projects\MindLab_Starter_Project\docs\planning\kids_certified\10_cross_age\handoff_2026-04-12\cross_age_dependency_matrix.csv","Seniors","Owner","TBD","Concrete non-placeholder value","Open non-blocked field"
"MEDIUM","handoff_2026-04-12","C:\Projects\MindLab_Starter_Project\docs\planning\kids_certified\10_cross_age\handoff_2026-04-12\cross_age_dependency_matrix.csv","Seniors","Owner","TBD","Concrete non-placeholder value","Open non-blocked field"
"MEDIUM","handoff_2026-04-12","C:\Projects\MindLab_Starter_Project\docs\planning\kids_certified\10_cross_age\handoff_2026-04-12\cross_age_dependency_resolution_log.csv","Adults","ResolutionDate","TBD","Concrete non-placeholder value","Open non-blocked field"
"MEDIUM","handoff_2026-04-12","C:\Projects\MindLab_Starter_Project\docs\planning\kids_certified\10_cross_age\handoff_2026-04-12\cross_age_dependency_resolution_log.csv","Adults","ResolutionDate","TBD","Concrete non-placeholder value","Open non-blocked field"
"MEDIUM","handoff_2026-04-12","C:\Projects\MindLab_Starter_Project\docs\planning\kids_certified\10_cross_age\handoff_2026-04-12\cross_age_dependency_resolution_log.csv","Adults","ResolutionStatus","PENDING","Concrete non-placeholder value","Open non-blocked field"
"MEDIUM","handoff_2026-04-12","C:\Projects\MindLab_Starter_Project\docs\planning\kids_certified\10_cross_age\handoff_2026-04-12\cross_age_dependency_resolution_log.csv","Adults","ResolutionStatus","PENDING","Concrete non-placeholder value","Open non-blocked field"
"MEDIUM","handoff_2026-04-12","C:\Projects\MindLab_Starter_Project\docs\planning\kids_certified\10_cross_age\handoff_2026-04-12\cross_age_dependency_resolution_log.csv","Seniors","ResolutionDate","TBD","Concrete non-placeholder value","Open non-blocked field"
"MEDIUM","handoff_2026-04-12","C:\Projects\MindLab_Starter_Project\docs\planning\kids_certified\10_cross_age\handoff_2026-04-12\cross_age_dependency_resolution_log.csv","Seniors","ResolutionDate","TBD","Concrete non-placeholder value","Open non-blocked field"
"MEDIUM","handoff_2026-04-12","C:\Projects\MindLab_Starter_Project\docs\planning\kids_certified\10_cross_age\handoff_2026-04-12\cross_age_dependency_resolution_log.csv","Seniors","ResolutionStatus","PENDING","Concrete non-placeholder value","Open non-blocked field"
"MEDIUM","handoff_2026-04-12","C:\Projects\MindLab_Starter_Project\docs\planning\kids_certified\10_cross_age\handoff_2026-04-12\cross_age_dependency_resolution_log.csv","Seniors","ResolutionStatus","PENDING","Concrete non-placeholder value","Open non-blocked field"
"MEDIUM","handoff_2026-04-12","C:\Projects\MindLab_Starter_Project\docs\planning\kids_certified\10_cross_age\handoff_2026-04-12\cross_age_fill_application_tracker.csv","Adults","ApplyDate","TBD","Concrete non-placeholder value","Open non-blocked field"
"MEDIUM","handoff_2026-04-12","C:\Projects\MindLab_Starter_Project\docs\planning\kids_certified\10_cross_age\handoff_2026-04-12\cross_age_fill_application_tracker.csv","Adults","ApplyStatus","PENDING","Concrete non-placeholder value","Open non-blocked field"
"MEDIUM","handoff_2026-04-12","C:\Projects\MindLab_Starter_Project\docs\planning\kids_certified\10_cross_age\handoff_2026-04-12\cross_age_fill_application_tracker.csv","Adults","ApplyVerifiedBy","TBD","Concrete non-placeholder value","Open non-blocked field"
"MEDIUM","handoff_2026-04-12","C:\Projects\MindLab_Starter_Project\docs\planning\kids_certified\10_cross_age\handoff_2026-04-12\cross_age_fill_application_tracker.csv","Adults","FillStatus","PENDING","Concrete non-placeholder value","Open non-blocked field"
"MEDIUM","handoff_2026-04-12","C:\Projects\MindLab_Starter_Project\docs\planning\kids_certified\10_cross_age\handoff_2026-04-12\cross_age_fill_application_tracker.csv","Seniors","ApplyDate","TBD","Concrete non-placeholder value","Open non-blocked field"
"MEDIUM","handoff_2026-04-12","C:\Projects\MindLab_Starter_Project\docs\planning\kids_certified\10_cross_age\handoff_2026-04-12\cross_age_fill_application_tracker.csv","Seniors","ApplyStatus","PENDING","Concrete non-placeholder value","Open non-blocked field"
"MEDIUM","handoff_2026-04-12","C:\Projects\MindLab_Starter_Project\docs\planning\kids_certified\10_cross_age\handoff_2026-04-12\cross_age_fill_application_tracker.csv","Seniors","ApplyVerifiedBy","TBD","Concrete non-placeholder value","Open non-blocked field"
"MEDIUM","handoff_2026-04-12","C:\Projects\MindLab_Starter_Project\docs\planning\kids_certified\10_cross_age\handoff_2026-04-12\cross_age_fill_application_tracker.csv","Seniors","FillStatus","PENDING","Concrete non-placeholder value","Open non-blocked field"
"MEDIUM","handoff_2026-04-12","C:\Projects\MindLab_Starter_Project\docs\planning\kids_certified\10_cross_age\handoff_2026-04-12\cross_age_fill_tasks.csv","Adults","TaskStatus","PENDING","Concrete non-placeholder value","Open non-blocked field"
"MEDIUM","handoff_2026-04-12","C:\Projects\MindLab_Starter_Project\docs\planning\kids_certified\10_cross_age\handoff_2026-04-12\cross_age_fill_tasks.csv","Seniors","TaskStatus","PENDING","Concrete non-placeholder value","Open non-blocked field"
"MEDIUM","handoff_2026-04-12","C:\Projects\MindLab_Starter_Project\docs\planning\kids_certified\10_cross_age\handoff_2026-04-12\cross_age_fill_template.csv","Adults","DependencyReviewer","TBD","Concrete non-placeholder value","Open non-blocked field"
"MEDIUM","handoff_2026-04-12","C:\Projects\MindLab_Starter_Project\docs\planning\kids_certified\10_cross_age\handoff_2026-04-12\cross_age_fill_template.csv","Adults","FillStatus","PENDING","Concrete non-placeholder value","Open non-blocked field"
"MEDIUM","handoff_2026-04-12","C:\Projects\MindLab_Starter_Project\docs\planning\kids_certified\10_cross_age\handoff_2026-04-12\cross_age_fill_template.csv","Adults","OwnerEmail","TBD","Concrete non-placeholder value","Open non-blocked field"
"MEDIUM","handoff_2026-04-12","C:\Projects\MindLab_Starter_Project\docs\planning\kids_certified\10_cross_age\handoff_2026-04-12\cross_age_fill_template.csv","Adults","OwnerName","TBD","Concrete non-placeholder value","Open non-blocked field"
"MEDIUM","handoff_2026-04-12","C:\Projects\MindLab_Starter_Project\docs\planning\kids_certified\10_cross_age\handoff_2026-04-12\cross_age_fill_template.csv","Seniors","DependencyReviewer","TBD","Concrete non-placeholder value","Open non-blocked field"
"MEDIUM","handoff_2026-04-12","C:\Projects\MindLab_Starter_Project\docs\planning\kids_certified\10_cross_age\handoff_2026-04-12\cross_age_fill_template.csv","Seniors","FillStatus","PENDING","Concrete non-placeholder value","Open non-blocked field"
"MEDIUM","handoff_2026-04-12","C:\Projects\MindLab_Starter_Project\docs\planning\kids_certified\10_cross_age\handoff_2026-04-12\cross_age_fill_template.csv","Seniors","OwnerEmail","TBD","Concrete non-placeholder value","Open non-blocked field"
"MEDIUM","handoff_2026-04-12","C:\Projects\MindLab_Starter_Project\docs\planning\kids_certified\10_cross_age\handoff_2026-04-12\cross_age_fill_template.csv","Seniors","OwnerName","TBD","Concrete non-placeholder value","Open non-blocked field"
"MEDIUM","handoff_2026-04-12","C:\Projects\MindLab_Starter_Project\docs\planning\kids_certified\10_cross_age\handoff_2026-04-12\cross_age_handoff_apply_register.csv","Adults","ApplyStatus","PENDING","Concrete non-placeholder value","Open non-blocked field"
"MEDIUM","handoff_2026-04-12","C:\Projects\MindLab_Starter_Project\docs\planning\kids_certified\10_cross_age\handoff_2026-04-12\cross_age_handoff_apply_register.csv","Adults","ApplyStatus","PENDING","Concrete non-placeholder value","Open non-blocked field"
"MEDIUM","handoff_2026-04-12","C:\Projects\MindLab_Starter_Project\docs\planning\kids_certified\10_cross_age\handoff_2026-04-12\cross_age_handoff_apply_register.csv","Seniors","ApplyStatus","PENDING","Concrete non-placeholder value","Open non-blocked field"
"MEDIUM","handoff_2026-04-12","C:\Projects\MindLab_Starter_Project\docs\planning\kids_certified\10_cross_age\handoff_2026-04-12\cross_age_handoff_apply_register.csv","Seniors","ApplyStatus","PENDING","Concrete non-placeholder value","Open non-blocked field"
"MEDIUM","handoff_2026-04-12","C:\Projects\MindLab_Starter_Project\docs\planning\kids_certified\10_cross_age\handoff_2026-04-12\cross_age_owner_intake.csv","Adults","DependencyReviewer","TBD","Concrete non-placeholder value","Open non-blocked field"
"MEDIUM","handoff_2026-04-12","C:\Projects\MindLab_Starter_Project\docs\planning\kids_certified\10_cross_age\handoff_2026-04-12\cross_age_owner_intake.csv","Adults","IntakeStatus","PENDING","Concrete non-placeholder value","Open non-blocked field"
"MEDIUM","handoff_2026-04-12","C:\Projects\MindLab_Starter_Project\docs\planning\kids_certified\10_cross_age\handoff_2026-04-12\cross_age_owner_intake.csv","Adults","OwnerEmail","TBD","Concrete non-placeholder value","Open non-blocked field"
"MEDIUM","handoff_2026-04-12","C:\Projects\MindLab_Starter_Project\docs\planning\kids_certified\10_cross_age\handoff_2026-04-12\cross_age_owner_intake.csv","Adults","OwnerName","TBD","Concrete non-placeholder value","Open non-blocked field"
"MEDIUM","handoff_2026-04-12","C:\Projects\MindLab_Starter_Project\docs\planning\kids_certified\10_cross_age\handoff_2026-04-12\cross_age_owner_intake.csv","Seniors","DependencyReviewer","TBD","Concrete non-placeholder value","Open non-blocked field"
"MEDIUM","handoff_2026-04-12","C:\Projects\MindLab_Starter_Project\docs\planning\kids_certified\10_cross_age\handoff_2026-04-12\cross_age_owner_intake.csv","Seniors","IntakeStatus","PENDING","Concrete non-placeholder value","Open non-blocked field"
"MEDIUM","handoff_2026-04-12","C:\Projects\MindLab_Starter_Project\docs\planning\kids_certified\10_cross_age\handoff_2026-04-12\cross_age_owner_intake.csv","Seniors","OwnerEmail","TBD","Concrete non-placeholder value","Open non-blocked field"
"MEDIUM","handoff_2026-04-12","C:\Projects\MindLab_Starter_Project\docs\planning\kids_certified\10_cross_age\handoff_2026-04-12\cross_age_owner_intake.csv","Seniors","OwnerName","TBD","Concrete non-placeholder value","Open non-blocked field"
"MEDIUM","handoff_2026-04-12","C:\Projects\MindLab_Starter_Project\docs\planning\kids_certified\10_cross_age\handoff_2026-04-12\cross_age_owner_intake_completion_tracker.csv","Adults","CompletionStatus","PENDING","Concrete non-placeholder value","Open non-blocked field"
"MEDIUM","handoff_2026-04-12","C:\Projects\MindLab_Starter_Project\docs\planning\kids_certified\10_cross_age\handoff_2026-04-12\cross_age_owner_intake_completion_tracker.csv","Adults","CompletionVerifiedBy","TBD","Concrete non-placeholder value","Open non-blocked field"
"MEDIUM","handoff_2026-04-12","C:\Projects\MindLab_Starter_Project\docs\planning\kids_certified\10_cross_age\handoff_2026-04-12\cross_age_owner_intake_completion_tracker.csv","Adults","ReviewStatus","PENDING","Concrete non-placeholder value","Open non-blocked field"
"MEDIUM","handoff_2026-04-12","C:\Projects\MindLab_Starter_Project\docs\planning\kids_certified\10_cross_age\handoff_2026-04-12\cross_age_owner_intake_completion_tracker.csv","Seniors","CompletionStatus","PENDING","Concrete non-placeholder value","Open non-blocked field"
"MEDIUM","handoff_2026-04-12","C:\Projects\MindLab_Starter_Project\docs\planning\kids_certified\10_cross_age\handoff_2026-04-12\cross_age_owner_intake_completion_tracker.csv","Seniors","CompletionVerifiedBy","TBD","Concrete non-placeholder value","Open non-blocked field"
"MEDIUM","handoff_2026-04-12","C:\Projects\MindLab_Starter_Project\docs\planning\kids_certified\10_cross_age\handoff_2026-04-12\cross_age_owner_intake_completion_tracker.csv","Seniors","ReviewStatus","PENDING","Concrete non-placeholder value","Open non-blocked field"
"MEDIUM","handoff_2026-04-12","C:\Projects\MindLab_Starter_Project\docs\planning\kids_certified\10_cross_age\handoff_2026-04-12\cross_age_owner_intake_patch_template.csv","Adults","DependencyReviewer","","Concrete non-placeholder value","Open non-blocked field"
"MEDIUM","handoff_2026-04-12","C:\Projects\MindLab_Starter_Project\docs\planning\kids_certified\10_cross_age\handoff_2026-04-12\cross_age_owner_intake_patch_template.csv","Adults","OwnerEmail","","Concrete non-placeholder value","Open non-blocked field"
"MEDIUM","handoff_2026-04-12","C:\Projects\MindLab_Starter_Project\docs\planning\kids_certified\10_cross_age\handoff_2026-04-12\cross_age_owner_intake_patch_template.csv","Adults","OwnerName","","Concrete non-placeholder value","Open non-blocked field"
"MEDIUM","handoff_2026-04-12","C:\Projects\MindLab_Starter_Project\docs\planning\kids_certified\10_cross_age\handoff_2026-04-12\cross_age_owner_intake_patch_template.csv","Seniors","DependencyReviewer","","Concrete non-placeholder value","Open non-blocked field"
"MEDIUM","handoff_2026-04-12","C:\Projects\MindLab_Starter_Project\docs\planning\kids_certified\10_cross_age\handoff_2026-04-12\cross_age_owner_intake_patch_template.csv","Seniors","OwnerEmail","","Concrete non-placeholder value","Open non-blocked field"
"MEDIUM","handoff_2026-04-12","C:\Projects\MindLab_Starter_Project\docs\planning\kids_certified\10_cross_age\handoff_2026-04-12\cross_age_owner_intake_patch_template.csv","Seniors","OwnerName","","Concrete non-placeholder value","Open non-blocked field"
"MEDIUM","handoff_2026-04-12","C:\Projects\MindLab_Starter_Project\docs\planning\kids_certified\10_cross_age\handoff_2026-04-12\cross_age_owner_intake_resolution_tracker.csv","Adults","CompletionStatus","PENDING","Concrete non-placeholder value","Open non-blocked field"
"MEDIUM","handoff_2026-04-12","C:\Projects\MindLab_Starter_Project\docs\planning\kids_certified\10_cross_age\handoff_2026-04-12\cross_age_owner_intake_resolution_tracker.csv","Adults","ResolutionNotes","TBD","Concrete non-placeholder value","Open non-blocked field"
"MEDIUM","handoff_2026-04-12","C:\Projects\MindLab_Starter_Project\docs\planning\kids_certified\10_cross_age\handoff_2026-04-12\cross_age_owner_intake_resolution_tracker.csv","Adults","ResolutionStatus","PENDING","Concrete non-placeholder value","Open non-blocked field"
"MEDIUM","handoff_2026-04-12","C:\Projects\MindLab_Starter_Project\docs\planning\kids_certified\10_cross_age\handoff_2026-04-12\cross_age_owner_intake_resolution_tracker.csv","Seniors","CompletionStatus","PENDING","Concrete non-placeholder value","Open non-blocked field"
"MEDIUM","handoff_2026-04-12","C:\Projects\MindLab_Starter_Project\docs\planning\kids_certified\10_cross_age\handoff_2026-04-12\cross_age_owner_intake_resolution_tracker.csv","Seniors","ResolutionNotes","TBD","Concrete non-placeholder value","Open non-blocked field"
"MEDIUM","handoff_2026-04-12","C:\Projects\MindLab_Starter_Project\docs\planning\kids_certified\10_cross_age\handoff_2026-04-12\cross_age_owner_intake_resolution_tracker.csv","Seniors","ResolutionStatus","PENDING","Concrete non-placeholder value","Open non-blocked field"
"MEDIUM","handoff_2026-04-12","C:\Projects\MindLab_Starter_Project\docs\planning\kids_certified\10_cross_age\handoff_2026-04-12\cross_age_owner_intake_review_queue.csv","Adults","ReviewStatus","PENDING","Concrete non-placeholder value","Open non-blocked field"
"MEDIUM","handoff_2026-04-12","C:\Projects\MindLab_Starter_Project\docs\planning\kids_certified\10_cross_age\handoff_2026-04-12\cross_age_owner_intake_review_queue.csv","Seniors","ReviewStatus","PENDING","Concrete non-placeholder value","Open non-blocked field"
"MEDIUM","handoff_2026-04-12","C:\Projects\MindLab_Starter_Project\docs\planning\kids_certified\10_cross_age\handoff_2026-04-12\seniors_handoff_dependency_register.csv","","Owner","TBD","Concrete non-placeholder value","Open non-blocked field"
"MEDIUM","handoff_2026-04-12","C:\Projects\MindLab_Starter_Project\docs\planning\kids_certified\10_cross_age\handoff_2026-04-12\seniors_handoff_dependency_register.csv","","Owner","TBD","Concrete non-placeholder value","Open non-blocked field"
"MEDIUM","handoff_2026-04-12","C:\Projects\MindLab_Starter_Project\docs\planning\kids_certified\10_cross_age\handoff_2026-04-12\seniors_handoff_dependency_register.csv","","ReadyDate","TBD","Concrete non-placeholder value","Open non-blocked field"
"MEDIUM","handoff_2026-04-12","C:\Projects\MindLab_Starter_Project\docs\planning\kids_certified\10_cross_age\handoff_2026-04-12\seniors_handoff_dependency_register.csv","","ReadyDate","TBD","Concrete non-placeholder value","Open non-blocked field"
