"RelativePath","Extension","SizeBytes","AgeSignal","RecommendedAction"
"__BASELINE_BACKEND_PHASE5_20260104_110518\_quarantine\server.backup.js",".js","643","NO_AGE_SIGNAL","NO_ACTION_NOW"
"__BASELINE_BACKEND_PHASE5_20260104_110518\_quarantine\server.js",".js","3531","NO_AGE_SIGNAL","NO_ACTION_NOW"
"__BASELINE_BACKEND_PHASE5_20260104_110518\_quarantine\server.ts",".ts","3","NO_AGE_SIGNAL","NO_ACTION_NOW"
"__BASELINE_BACKEND_PHASE5_20260104_110518\contentEngine.js",".js","4273","NO_AGE_SIGNAL","NO_ACTION_NOW"
"__BASELINE_BACKEND_PHASE5_20260104_110518\daily-challenge\dailyChallengeEngine.ts",".ts","3464","AGE_RELATED_SIGNAL","REVIEW_FOR_ADULTS_EXTENSION"
"__BASELINE_BACKEND_PHASE5_20260104_110518\daily-challenge\dailyChallengeRoutes.ts",".ts","5027","AGE_RELATED_SIGNAL","REVIEW_FOR_ADULTS_EXTENSION"
"__BASELINE_BACKEND_PHASE5_20260104_110518\data\progress.json",".json","194","NO_AGE_SIGNAL","NO_ACTION_NOW"
"__BASELINE_BACKEND_PHASE5_20260104_110518\data\puzzleDifficulty.json",".json","279","NO_AGE_SIGNAL","NO_ACTION_NOW"
"__BASELINE_BACKEND_PHASE5_20260104_110518\db.js",".js","312","NO_AGE_SIGNAL","NO_ACTION_NOW"
"__BASELINE_BACKEND_PHASE5_20260104_110518\puzzles.json",".json","402","NO_AGE_SIGNAL","NO_ACTION_NOW"
"__BASELINE_BACKEND_PHASE5_20260104_110518\puzzles\_legacy\puzzles.json",".json","402","NO_AGE_SIGNAL","NO_ACTION_NOW"
"__BASELINE_BACKEND_PHASE5_20260104_110518\puzzles\index.json",".json","2264","NO_AGE_SIGNAL","NO_ACTION_NOW"
"__BASELINE_BACKEND_PHASE5_20260104_110518\routes\progress.ts",".ts","1147","NO_AGE_SIGNAL","NO_ACTION_NOW"
"__BASELINE_BACKEND_PHASE5_20260104_110518\uxhelpers.js",".js","391","AGE_RELATED_SIGNAL","REVIEW_FOR_ADULTS_EXTENSION"
"__BASELINE_BACKEND_PHASE5_20260104_113049\_quarantine\server.backup.js",".js","643","NO_AGE_SIGNAL","NO_ACTION_NOW"
"__BASELINE_BACKEND_PHASE5_20260104_113049\_quarantine\server.js",".js","3531","NO_AGE_SIGNAL","NO_ACTION_NOW"
"__BASELINE_BACKEND_PHASE5_20260104_113049\_quarantine\server.ts",".ts","3","NO_AGE_SIGNAL","NO_ACTION_NOW"
"__BASELINE_BACKEND_PHASE5_20260104_113049\contentEngine.js",".js","4273","NO_AGE_SIGNAL","NO_ACTION_NOW"
"__BASELINE_BACKEND_PHASE5_20260104_113049\daily-challenge\dailyChallengeEngine.ts",".ts","3464","AGE_RELATED_SIGNAL","REVIEW_FOR_ADULTS_EXTENSION"
"__BASELINE_BACKEND_PHASE5_20260104_113049\daily-challenge\dailyChallengeRoutes.ts",".ts","5027","AGE_RELATED_SIGNAL","REVIEW_FOR_ADULTS_EXTENSION"
"__BASELINE_BACKEND_PHASE5_20260104_113049\data\progress.json",".json","194","NO_AGE_SIGNAL","NO_ACTION_NOW"
"__BASELINE_BACKEND_PHASE5_20260104_113049\data\puzzleDifficulty.json",".json","279","NO_AGE_SIGNAL","NO_ACTION_NOW"
"__BASELINE_BACKEND_PHASE5_20260104_113049\db.js",".js","312","NO_AGE_SIGNAL","NO_ACTION_NOW"
"__BASELINE_BACKEND_PHASE5_20260104_113049\puzzles.json",".json","402","NO_AGE_SIGNAL","NO_ACTION_NOW"
"__BASELINE_BACKEND_PHASE5_20260104_113049\puzzles\_legacy\puzzles.json",".json","402","NO_AGE_SIGNAL","NO_ACTION_NOW"
"__BASELINE_BACKEND_PHASE5_20260104_113049\puzzles\index.json",".json","2264","NO_AGE_SIGNAL","NO_ACTION_NOW"
"__BASELINE_BACKEND_PHASE5_20260104_113049\routes\progress.ts",".ts","1147","NO_AGE_SIGNAL","NO_ACTION_NOW"
"__BASELINE_BACKEND_PHASE5_20260104_113049\uxhelpers.js",".js","391","AGE_RELATED_SIGNAL","REVIEW_FOR_ADULTS_EXTENSION"
"__BASELINE_BACKEND_PHASE5B5C_20260104_120421\_quarantine\server.backup.js",".js","643","NO_AGE_SIGNAL","NO_ACTION_NOW"
"__BASELINE_BACKEND_PHASE5B5C_20260104_120421\_quarantine\server.js",".js","3531","NO_AGE_SIGNAL","NO_ACTION_NOW"
"__BASELINE_BACKEND_PHASE5B5C_20260104_120421\_quarantine\server.ts",".ts","3","NO_AGE_SIGNAL","NO_ACTION_NOW"
"__BASELINE_BACKEND_PHASE5B5C_20260104_120421\contentEngine.js",".js","4273","NO_AGE_SIGNAL","NO_ACTION_NOW"
"__BASELINE_BACKEND_PHASE5B5C_20260104_120421\daily-challenge\dailyChallengeEngine.ts",".ts","3464","AGE_RELATED_SIGNAL","REVIEW_FOR_ADULTS_EXTENSION"
"__BASELINE_BACKEND_PHASE5B5C_20260104_120421\daily-challenge\dailyChallengeRoutes.ts",".ts","5027","AGE_RELATED_SIGNAL","REVIEW_FOR_ADULTS_EXTENSION"
"__BASELINE_BACKEND_PHASE5B5C_20260104_120421\data\progress.json",".json","209","NO_AGE_SIGNAL","NO_ACTION_NOW"
"__BASELINE_BACKEND_PHASE5B5C_20260104_120421\data\puzzleDifficulty.json",".json","279","NO_AGE_SIGNAL","NO_ACTION_NOW"
"__BASELINE_BACKEND_PHASE5B5C_20260104_120421\db.js",".js","312","NO_AGE_SIGNAL","NO_ACTION_NOW"
"__BASELINE_BACKEND_PHASE5B5C_20260104_120421\puzzles.json",".json","402","NO_AGE_SIGNAL","NO_ACTION_NOW"
"__BASELINE_BACKEND_PHASE5B5C_20260104_120421\puzzles\_legacy\puzzles.json",".json","402","NO_AGE_SIGNAL","NO_ACTION_NOW"
"__BASELINE_BACKEND_PHASE5B5C_20260104_120421\puzzles\index.json",".json","2264","NO_AGE_SIGNAL","NO_ACTION_NOW"
"__BASELINE_BACKEND_PHASE5B5C_20260104_120421\routes\progress.ts",".ts","1147","NO_AGE_SIGNAL","NO_ACTION_NOW"
"__BASELINE_BACKEND_PHASE5B5C_20260104_120421\uxhelpers.js",".js","391","AGE_RELATED_SIGNAL","REVIEW_FOR_ADULTS_EXTENSION"
"__BASELINE_BACKEND_PHASE5D_20260105_184300\_quarantine\server.backup.js",".js","643","NO_AGE_SIGNAL","NO_ACTION_NOW"
"__BASELINE_BACKEND_PHASE5D_20260105_184300\_quarantine\server.js",".js","3531","NO_AGE_SIGNAL","NO_ACTION_NOW"
"__BASELINE_BACKEND_PHASE5D_20260105_184300\_quarantine\server.ts",".ts","3","NO_AGE_SIGNAL","NO_ACTION_NOW"
"__BASELINE_BACKEND_PHASE5D_20260105_184300\contentEngine.js",".js","4273","NO_AGE_SIGNAL","NO_ACTION_NOW"
"__BASELINE_BACKEND_PHASE5D_20260105_184300\daily-challenge\dailyChallengeEngine.ts",".ts","3464","AGE_RELATED_SIGNAL","REVIEW_FOR_ADULTS_EXTENSION"
"__BASELINE_BACKEND_PHASE5D_20260105_184300\daily-challenge\dailyChallengeRoutes.ts",".ts","5027","AGE_RELATED_SIGNAL","REVIEW_FOR_ADULTS_EXTENSION"
"__BASELINE_BACKEND_PHASE5D_20260105_184300\data\progress.json",".json","209","NO_AGE_SIGNAL","NO_ACTION_NOW"
"__BASELINE_BACKEND_PHASE5D_20260105_184300\data\puzzleDifficulty.json",".json","279","NO_AGE_SIGNAL","NO_ACTION_NOW"
"__BASELINE_BACKEND_PHASE5D_20260105_184300\db.js",".js","312","NO_AGE_SIGNAL","NO_ACTION_NOW"
"__BASELINE_BACKEND_PHASE5D_20260105_184300\puzzles.json",".json","402","NO_AGE_SIGNAL","NO_ACTION_NOW"
"__BASELINE_BACKEND_PHASE5D_20260105_184300\puzzles\_legacy\puzzles.json",".json","402","NO_AGE_SIGNAL","NO_ACTION_NOW"
"__BASELINE_BACKEND_PHASE5D_20260105_184300\puzzles\index.json",".json","2264","NO_AGE_SIGNAL","NO_ACTION_NOW"
"__BASELINE_BACKEND_PHASE5D_20260105_184300\routes\progress.ts",".ts","1147","NO_AGE_SIGNAL","NO_ACTION_NOW"
"__BASELINE_BACKEND_PHASE5D_20260105_184300\uxhelpers.js",".js","391","AGE_RELATED_SIGNAL","REVIEW_FOR_ADULTS_EXTENSION"
"__BASELINE_FRONTEND_PHASE5_20260104_110518\_legacy_js_backup_20251208\api.js",".js","826","NO_AGE_SIGNAL","NO_ACTION_NOW"
"__BASELINE_FRONTEND_PHASE5_20260104_110518\_legacy_js_backup_20251208\App.backup.js",".js","565","NO_AGE_SIGNAL","NO_ACTION_NOW"
"__BASELINE_FRONTEND_PHASE5_20260104_110518\_legacy_js_backup_20251208\App.js",".js","410","NO_AGE_SIGNAL","NO_ACTION_NOW"
"__BASELINE_FRONTEND_PHASE5_20260104_110518\_legacy_js_backup_20251208\auth.js",".js","168","AGE_RELATED_SIGNAL","REVIEW_FOR_ADULTS_EXTENSION"
"__BASELINE_FRONTEND_PHASE5_20260104_110518\_legacy_js_backup_20251208\dailyChallengeApi.js",".js","1354","AGE_RELATED_SIGNAL","REVIEW_FOR_ADULTS_EXTENSION"
"__BASELINE_FRONTEND_PHASE5_20260104_110518\_legacy_js_backup_20251208\DailyChallengeDetailPage.js",".js","7961","AGE_RELATED_SIGNAL","REVIEW_FOR_ADULTS_EXTENSION"
"__BASELINE_FRONTEND_PHASE5_20260104_110518\_legacy_js_backup_20251208\DailyChallengeHomeCard.js",".js","3280","AGE_RELATED_SIGNAL","REVIEW_FOR_ADULTS_EXTENSION"
"__BASELINE_FRONTEND_PHASE5_20260104_110518\_legacy_js_backup_20251208\ErrorBanner.js",".js","445","NO_AGE_SIGNAL","NO_ACTION_NOW"
"__BASELINE_FRONTEND_PHASE5_20260104_110518\_legacy_js_backup_20251208\ErrorBoundary.js",".js","807","AGE_RELATED_SIGNAL","REVIEW_FOR_ADULTS_EXTENSION"
"__BASELINE_FRONTEND_PHASE5_20260104_110518\_legacy_js_backup_20251208\GamePanel.js",".js","2562","NO_AGE_SIGNAL","NO_ACTION_NOW"
"__BASELINE_FRONTEND_PHASE5_20260104_110518\_legacy_js_backup_20251208\HealthPanel.js",".js","1783","AGE_RELATED_SIGNAL","REVIEW_FOR_ADULTS_EXTENSION"
"__BASELINE_FRONTEND_PHASE5_20260104_110518\_legacy_js_backup_20251208\main.js",".js","649","AGE_RELATED_SIGNAL","REVIEW_FOR_ADULTS_EXTENSION"
"__BASELINE_FRONTEND_PHASE5_20260104_110518\_legacy_js_backup_20251208\models.js",".js","11","NO_AGE_SIGNAL","NO_ACTION_NOW"
"__BASELINE_FRONTEND_PHASE5_20260104_110518\_legacy_js_backup_20251208\ProgressPanel.js",".js","1287","NO_AGE_SIGNAL","NO_ACTION_NOW"
"__BASELINE_FRONTEND_PHASE5_20260104_110518\_legacy_js_backup_20251208\ResultBanner.js",".js","443","NO_AGE_SIGNAL","NO_ACTION_NOW"
"__BASELINE_FRONTEND_PHASE5_20260104_110518\api.ts",".ts","2271","NO_AGE_SIGNAL","NO_ACTION_NOW"
"__BASELINE_FRONTEND_PHASE5_20260104_110518\App.backup.tsx",".tsx","469","NO_AGE_SIGNAL","NO_ACTION_NOW"
"__BASELINE_FRONTEND_PHASE5_20260104_110518\App.css",".css","606","NO_AGE_SIGNAL","NO_ACTION_NOW"
"__BASELINE_FRONTEND_PHASE5_20260104_110518\App.tsx",".tsx","1148","AGE_RELATED_SIGNAL","REVIEW_FOR_ADULTS_EXTENSION"
"__BASELINE_FRONTEND_PHASE5_20260104_110518\auth.ts",".ts","218","AGE_RELATED_SIGNAL","REVIEW_FOR_ADULTS_EXTENSION"
"__BASELINE_FRONTEND_PHASE5_20260104_110518\components\DailyCompletionCard.tsx",".tsx","2603","AGE_RELATED_SIGNAL","REVIEW_FOR_ADULTS_EXTENSION"
"__BASELINE_FRONTEND_PHASE5_20260104_110518\components\ErrorBanner.tsx",".tsx","363","NO_AGE_SIGNAL","NO_ACTION_NOW"
"__BASELINE_FRONTEND_PHASE5_20260104_110518\components\ErrorBoundary.tsx",".tsx","784","AGE_RELATED_SIGNAL","REVIEW_FOR_ADULTS_EXTENSION"
"__BASELINE_FRONTEND_PHASE5_20260104_110518\components\GamePanel.tsx",".tsx","1289","AGE_RELATED_SIGNAL","REVIEW_FOR_ADULTS_EXTENSION"
"__BASELINE_FRONTEND_PHASE5_20260104_110518\components\HealthPanel.tsx",".tsx","2278","AGE_RELATED_SIGNAL","REVIEW_FOR_ADULTS_EXTENSION"
"__BASELINE_FRONTEND_PHASE5_20260104_110518\components\ProgressPanel.tsx",".tsx","1019","AGE_RELATED_SIGNAL","REVIEW_FOR_ADULTS_EXTENSION"
"__BASELINE_FRONTEND_PHASE5_20260104_110518\components\ResultBanner.tsx",".tsx","465","NO_AGE_SIGNAL","NO_ACTION_NOW"
"__BASELINE_FRONTEND_PHASE5_20260104_110518\daily-challenge\dailyChallengeApi.ts",".ts","1602","NO_AGE_SIGNAL","NO_ACTION_NOW"
"__BASELINE_FRONTEND_PHASE5_20260104_110518\daily-challenge\DailyChallengeDetailPage.tsx",".tsx","12624","AGE_RELATED_SIGNAL","REVIEW_FOR_ADULTS_EXTENSION"
"__BASELINE_FRONTEND_PHASE5_20260104_110518\daily-challenge\DailyChallengeHomeCard.tsx",".tsx","2666","AGE_RELATED_SIGNAL","REVIEW_FOR_ADULTS_EXTENSION"
"__BASELINE_FRONTEND_PHASE5_20260104_110518\daily-challenge\models.ts",".ts","2307","NO_AGE_SIGNAL","NO_ACTION_NOW"
"__BASELINE_FRONTEND_PHASE5_20260104_110518\env.d.ts",".ts","42","NO_AGE_SIGNAL","NO_ACTION_NOW"
"__BASELINE_FRONTEND_PHASE5_20260104_110518\env_probe.ts",".ts","270","NO_AGE_SIGNAL","NO_ACTION_NOW"
"__BASELINE_FRONTEND_PHASE5_20260104_110518\index.css",".css","1154","NO_AGE_SIGNAL","NO_ACTION_NOW"
"__BASELINE_FRONTEND_PHASE5_20260104_110518\lib\api.QUARANTINED.ts",".ts","1042","NO_AGE_SIGNAL","NO_ACTION_NOW"
"__BASELINE_FRONTEND_PHASE5_20260104_110518\lib\auth.ts",".ts","168","AGE_RELATED_SIGNAL","REVIEW_FOR_ADULTS_EXTENSION"
"__BASELINE_FRONTEND_PHASE5_20260104_110518\main.tsx",".tsx","474","NO_AGE_SIGNAL","NO_ACTION_NOW"
"__BASELINE_FRONTEND_PHASE5_20260104_110518\pages\Daily.tsx",".tsx","2086","AGE_RELATED_SIGNAL","REVIEW_FOR_ADULTS_EXTENSION"
"__BASELINE_FRONTEND_PHASE5_20260104_110518\pages\Dashboard.tsx",".tsx","0","NO_AGE_SIGNAL","NO_ACTION_NOW"
"__BASELINE_FRONTEND_PHASE5_20260104_110518\pages\Progress.tsx",".tsx","1928","AGE_RELATED_SIGNAL","REVIEW_FOR_ADULTS_EXTENSION"
"__BASELINE_FRONTEND_PHASE5_20260104_110518\pages\PuzzlesPlay.tsx",".tsx","4752","AGE_RELATED_SIGNAL","REVIEW_FOR_ADULTS_EXTENSION"
"__BASELINE_FRONTEND_PHASE5_20260104_110518\pages\SolvePuzzle.tsx",".tsx","9952","AGE_RELATED_SIGNAL","REVIEW_FOR_ADULTS_EXTENSION"
"__BASELINE_FRONTEND_PHASE5_20260104_110518\progress\ProgressPage.tsx",".tsx","1942","AGE_RELATED_SIGNAL","REVIEW_FOR_ADULTS_EXTENSION"
"__BASELINE_FRONTEND_PHASE5_20260104_110518\puzzles\phase5\phase5.registry.ts",".ts","708","NO_AGE_SIGNAL","NO_ACTION_NOW"
"__BASELINE_FRONTEND_PHASE5_20260104_110518\test\env.test.ts",".ts","380","NO_AGE_SIGNAL","NO_ACTION_NOW"
"__BASELINE_FRONTEND_PHASE5_20260104_110518\test\setup.ts",".ts","35","NO_AGE_SIGNAL","NO_ACTION_NOW"
"__BASELINE_FRONTEND_PHASE5_20260104_110518\test\smoke.test.ts",".ts","163","NO_AGE_SIGNAL","NO_ACTION_NOW"
"__BASELINE_FRONTEND_PHASE5_20260104_110518\vite-env.d.ts",".ts","168","NO_AGE_SIGNAL","NO_ACTION_NOW"
"__BASELINE_FRONTEND_PHASE5_20260104_113049\_legacy_js_backup_20251208\api.js",".js","826","NO_AGE_SIGNAL","NO_ACTION_NOW"
"__BASELINE_FRONTEND_PHASE5_20260104_113049\_legacy_js_backup_20251208\App.backup.js",".js","565","NO_AGE_SIGNAL","NO_ACTION_NOW"
"__BASELINE_FRONTEND_PHASE5_20260104_113049\_legacy_js_backup_20251208\App.js",".js","410","NO_AGE_SIGNAL","NO_ACTION_NOW"
"__BASELINE_FRONTEND_PHASE5_20260104_113049\_legacy_js_backup_20251208\auth.js",".js","168","AGE_RELATED_SIGNAL","REVIEW_FOR_ADULTS_EXTENSION"
"__BASELINE_FRONTEND_PHASE5_20260104_113049\_legacy_js_backup_20251208\dailyChallengeApi.js",".js","1354","AGE_RELATED_SIGNAL","REVIEW_FOR_ADULTS_EXTENSION"
"__BASELINE_FRONTEND_PHASE5_20260104_113049\_legacy_js_backup_20251208\DailyChallengeDetailPage.js",".js","7961","AGE_RELATED_SIGNAL","REVIEW_FOR_ADULTS_EXTENSION"
"__BASELINE_FRONTEND_PHASE5_20260104_113049\_legacy_js_backup_20251208\DailyChallengeHomeCard.js",".js","3280","AGE_RELATED_SIGNAL","REVIEW_FOR_ADULTS_EXTENSION"
"__BASELINE_FRONTEND_PHASE5_20260104_113049\_legacy_js_backup_20251208\ErrorBanner.js",".js","445","NO_AGE_SIGNAL","NO_ACTION_NOW"
"__BASELINE_FRONTEND_PHASE5_20260104_113049\_legacy_js_backup_20251208\ErrorBoundary.js",".js","807","AGE_RELATED_SIGNAL","REVIEW_FOR_ADULTS_EXTENSION"
"__BASELINE_FRONTEND_PHASE5_20260104_113049\_legacy_js_backup_20251208\GamePanel.js",".js","2562","NO_AGE_SIGNAL","NO_ACTION_NOW"
"__BASELINE_FRONTEND_PHASE5_20260104_113049\_legacy_js_backup_20251208\HealthPanel.js",".js","1783","AGE_RELATED_SIGNAL","REVIEW_FOR_ADULTS_EXTENSION"
"__BASELINE_FRONTEND_PHASE5_20260104_113049\_legacy_js_backup_20251208\main.js",".js","649","AGE_RELATED_SIGNAL","REVIEW_FOR_ADULTS_EXTENSION"
"__BASELINE_FRONTEND_PHASE5_20260104_113049\_legacy_js_backup_20251208\models.js",".js","11","NO_AGE_SIGNAL","NO_ACTION_NOW"
"__BASELINE_FRONTEND_PHASE5_20260104_113049\_legacy_js_backup_20251208\ProgressPanel.js",".js","1287","NO_AGE_SIGNAL","NO_ACTION_NOW"
"__BASELINE_FRONTEND_PHASE5_20260104_113049\_legacy_js_backup_20251208\ResultBanner.js",".js","443","NO_AGE_SIGNAL","NO_ACTION_NOW"
"__BASELINE_FRONTEND_PHASE5_20260104_113049\api.ts",".ts","2271","NO_AGE_SIGNAL","NO_ACTION_NOW"
"__BASELINE_FRONTEND_PHASE5_20260104_113049\App.backup.tsx",".tsx","469","NO_AGE_SIGNAL","NO_ACTION_NOW"
"__BASELINE_FRONTEND_PHASE5_20260104_113049\App.css",".css","606","NO_AGE_SIGNAL","NO_ACTION_NOW"
"__BASELINE_FRONTEND_PHASE5_20260104_113049\App.tsx",".tsx","1148","AGE_RELATED_SIGNAL","REVIEW_FOR_ADULTS_EXTENSION"
"__BASELINE_FRONTEND_PHASE5_20260104_113049\auth.ts",".ts","218","AGE_RELATED_SIGNAL","REVIEW_FOR_ADULTS_EXTENSION"
"__BASELINE_FRONTEND_PHASE5_20260104_113049\components\DailyCompletionCard.tsx",".tsx","2603","AGE_RELATED_SIGNAL","REVIEW_FOR_ADULTS_EXTENSION"
"__BASELINE_FRONTEND_PHASE5_20260104_113049\components\ErrorBanner.tsx",".tsx","363","NO_AGE_SIGNAL","NO_ACTION_NOW"
"__BASELINE_FRONTEND_PHASE5_20260104_113049\components\ErrorBoundary.tsx",".tsx","784","AGE_RELATED_SIGNAL","REVIEW_FOR_ADULTS_EXTENSION"
"__BASELINE_FRONTEND_PHASE5_20260104_113049\components\GamePanel.tsx",".tsx","1289","AGE_RELATED_SIGNAL","REVIEW_FOR_ADULTS_EXTENSION"
"__BASELINE_FRONTEND_PHASE5_20260104_113049\components\HealthPanel.tsx",".tsx","2278","AGE_RELATED_SIGNAL","REVIEW_FOR_ADULTS_EXTENSION"
"__BASELINE_FRONTEND_PHASE5_20260104_113049\components\ProgressPanel.tsx",".tsx","1019","AGE_RELATED_SIGNAL","REVIEW_FOR_ADULTS_EXTENSION"
"__BASELINE_FRONTEND_PHASE5_20260104_113049\components\ResultBanner.tsx",".tsx","465","NO_AGE_SIGNAL","NO_ACTION_NOW"
"__BASELINE_FRONTEND_PHASE5_20260104_113049\daily-challenge\dailyChallengeApi.ts",".ts","1602","NO_AGE_SIGNAL","NO_ACTION_NOW"
"__BASELINE_FRONTEND_PHASE5_20260104_113049\daily-challenge\DailyChallengeDetailPage.tsx",".tsx","12624","AGE_RELATED_SIGNAL","REVIEW_FOR_ADULTS_EXTENSION"
"__BASELINE_FRONTEND_PHASE5_20260104_113049\daily-challenge\DailyChallengeHomeCard.tsx",".tsx","2666","AGE_RELATED_SIGNAL","REVIEW_FOR_ADULTS_EXTENSION"
"__BASELINE_FRONTEND_PHASE5_20260104_113049\daily-challenge\models.ts",".ts","2307","NO_AGE_SIGNAL","NO_ACTION_NOW"
"__BASELINE_FRONTEND_PHASE5_20260104_113049\env.d.ts",".ts","42","NO_AGE_SIGNAL","NO_ACTION_NOW"
"__BASELINE_FRONTEND_PHASE5_20260104_113049\env_probe.ts",".ts","270","NO_AGE_SIGNAL","NO_ACTION_NOW"
"__BASELINE_FRONTEND_PHASE5_20260104_113049\index.css",".css","1154","NO_AGE_SIGNAL","NO_ACTION_NOW"
"__BASELINE_FRONTEND_PHASE5_20260104_113049\lib\api.QUARANTINED.ts",".ts","1042","NO_AGE_SIGNAL","NO_ACTION_NOW"
"__BASELINE_FRONTEND_PHASE5_20260104_113049\lib\auth.ts",".ts","168","AGE_RELATED_SIGNAL","REVIEW_FOR_ADULTS_EXTENSION"
"__BASELINE_FRONTEND_PHASE5_20260104_113049\main.tsx",".tsx","474","NO_AGE_SIGNAL","NO_ACTION_NOW"
"__BASELINE_FRONTEND_PHASE5_20260104_113049\pages\Daily.tsx",".tsx","2086","AGE_RELATED_SIGNAL","REVIEW_FOR_ADULTS_EXTENSION"
"__BASELINE_FRONTEND_PHASE5_20260104_113049\pages\Dashboard.tsx",".tsx","0","NO_AGE_SIGNAL","NO_ACTION_NOW"
"__BASELINE_FRONTEND_PHASE5_20260104_113049\pages\Progress.tsx",".tsx","1928","AGE_RELATED_SIGNAL","REVIEW_FOR_ADULTS_EXTENSION"
"__BASELINE_FRONTEND_PHASE5_20260104_113049\pages\PuzzlesPlay.tsx",".tsx","4752","AGE_RELATED_SIGNAL","REVIEW_FOR_ADULTS_EXTENSION"
"__BASELINE_FRONTEND_PHASE5_20260104_113049\pages\SolvePuzzle.tsx",".tsx","9952","AGE_RELATED_SIGNAL","REVIEW_FOR_ADULTS_EXTENSION"
"__BASELINE_FRONTEND_PHASE5_20260104_113049\progress\ProgressPage.tsx",".tsx","1942","AGE_RELATED_SIGNAL","REVIEW_FOR_ADULTS_EXTENSION"
"__BASELINE_FRONTEND_PHASE5_20260104_113049\puzzles\phase5\phase5.registry.ts",".ts","708","NO_AGE_SIGNAL","NO_ACTION_NOW"
"__BASELINE_FRONTEND_PHASE5_20260104_113049\test\env.test.ts",".ts","380","NO_AGE_SIGNAL","NO_ACTION_NOW"
"__BASELINE_FRONTEND_PHASE5_20260104_113049\test\setup.ts",".ts","35","NO_AGE_SIGNAL","NO_ACTION_NOW"
"__BASELINE_FRONTEND_PHASE5_20260104_113049\test\smoke.test.ts",".ts","163","NO_AGE_SIGNAL","NO_ACTION_NOW"
"__BASELINE_FRONTEND_PHASE5_20260104_113049\vite-env.d.ts",".ts","168","NO_AGE_SIGNAL","NO_ACTION_NOW"
"__BASELINE_FRONTEND_PHASE5B5C_20260104_120421\_legacy_js_backup_20251208\api.js",".js","826","NO_AGE_SIGNAL","NO_ACTION_NOW"
"__BASELINE_FRONTEND_PHASE5B5C_20260104_120421\_legacy_js_backup_20251208\App.backup.js",".js","565","NO_AGE_SIGNAL","NO_ACTION_NOW"
"__BASELINE_FRONTEND_PHASE5B5C_20260104_120421\_legacy_js_backup_20251208\App.js",".js","410","NO_AGE_SIGNAL","NO_ACTION_NOW"
"__BASELINE_FRONTEND_PHASE5B5C_20260104_120421\_legacy_js_backup_20251208\auth.js",".js","168","AGE_RELATED_SIGNAL","REVIEW_FOR_ADULTS_EXTENSION"
"__BASELINE_FRONTEND_PHASE5B5C_20260104_120421\_legacy_js_backup_20251208\dailyChallengeApi.js",".js","1354","AGE_RELATED_SIGNAL","REVIEW_FOR_ADULTS_EXTENSION"
"__BASELINE_FRONTEND_PHASE5B5C_20260104_120421\_legacy_js_backup_20251208\DailyChallengeDetailPage.js",".js","7961","AGE_RELATED_SIGNAL","REVIEW_FOR_ADULTS_EXTENSION"
"__BASELINE_FRONTEND_PHASE5B5C_20260104_120421\_legacy_js_backup_20251208\DailyChallengeHomeCard.js",".js","3280","AGE_RELATED_SIGNAL","REVIEW_FOR_ADULTS_EXTENSION"
"__BASELINE_FRONTEND_PHASE5B5C_20260104_120421\_legacy_js_backup_20251208\ErrorBanner.js",".js","445","NO_AGE_SIGNAL","NO_ACTION_NOW"
"__BASELINE_FRONTEND_PHASE5B5C_20260104_120421\_legacy_js_backup_20251208\ErrorBoundary.js",".js","807","AGE_RELATED_SIGNAL","REVIEW_FOR_ADULTS_EXTENSION"
"__BASELINE_FRONTEND_PHASE5B5C_20260104_120421\_legacy_js_backup_20251208\GamePanel.js",".js","2562","NO_AGE_SIGNAL","NO_ACTION_NOW"
"__BASELINE_FRONTEND_PHASE5B5C_20260104_120421\_legacy_js_backup_20251208\HealthPanel.js",".js","1783","AGE_RELATED_SIGNAL","REVIEW_FOR_ADULTS_EXTENSION"
"__BASELINE_FRONTEND_PHASE5B5C_20260104_120421\_legacy_js_backup_20251208\main.js",".js","649","AGE_RELATED_SIGNAL","REVIEW_FOR_ADULTS_EXTENSION"
"__BASELINE_FRONTEND_PHASE5B5C_20260104_120421\_legacy_js_backup_20251208\models.js",".js","11","NO_AGE_SIGNAL","NO_ACTION_NOW"
"__BASELINE_FRONTEND_PHASE5B5C_20260104_120421\_legacy_js_backup_20251208\ProgressPanel.js",".js","1287","NO_AGE_SIGNAL","NO_ACTION_NOW"
"__BASELINE_FRONTEND_PHASE5B5C_20260104_120421\_legacy_js_backup_20251208\ResultBanner.js",".js","443","NO_AGE_SIGNAL","NO_ACTION_NOW"
"__BASELINE_FRONTEND_PHASE5B5C_20260104_120421\api.ts",".ts","2271","NO_AGE_SIGNAL","NO_ACTION_NOW"
"__BASELINE_FRONTEND_PHASE5B5C_20260104_120421\App.backup.tsx",".tsx","469","NO_AGE_SIGNAL","NO_ACTION_NOW"
"__BASELINE_FRONTEND_PHASE5B5C_20260104_120421\App.css",".css","606","NO_AGE_SIGNAL","NO_ACTION_NOW"
"__BASELINE_FRONTEND_PHASE5B5C_20260104_120421\App.tsx",".tsx","1148","AGE_RELATED_SIGNAL","REVIEW_FOR_ADULTS_EXTENSION"
"__BASELINE_FRONTEND_PHASE5B5C_20260104_120421\auth.ts",".ts","218","AGE_RELATED_SIGNAL","REVIEW_FOR_ADULTS_EXTENSION"
"__BASELINE_FRONTEND_PHASE5B5C_20260104_120421\components\DailyCompletionCard.tsx",".tsx","2603","AGE_RELATED_SIGNAL","REVIEW_FOR_ADULTS_EXTENSION"
"__BASELINE_FRONTEND_PHASE5B5C_20260104_120421\components\ErrorBanner.tsx",".tsx","363","NO_AGE_SIGNAL","NO_ACTION_NOW"
"__BASELINE_FRONTEND_PHASE5B5C_20260104_120421\components\ErrorBoundary.tsx",".tsx","784","AGE_RELATED_SIGNAL","REVIEW_FOR_ADULTS_EXTENSION"
"__BASELINE_FRONTEND_PHASE5B5C_20260104_120421\components\GamePanel.tsx",".tsx","1289","AGE_RELATED_SIGNAL","REVIEW_FOR_ADULTS_EXTENSION"
"__BASELINE_FRONTEND_PHASE5B5C_20260104_120421\components\HealthPanel.tsx",".tsx","2278","AGE_RELATED_SIGNAL","REVIEW_FOR_ADULTS_EXTENSION"
"__BASELINE_FRONTEND_PHASE5B5C_20260104_120421\components\ProgressPanel.tsx",".tsx","1019","AGE_RELATED_SIGNAL","REVIEW_FOR_ADULTS_EXTENSION"
"__BASELINE_FRONTEND_PHASE5B5C_20260104_120421\components\ResultBanner.tsx",".tsx","465","NO_AGE_SIGNAL","NO_ACTION_NOW"
"__BASELINE_FRONTEND_PHASE5B5C_20260104_120421\daily-challenge\dailyChallengeApi.ts",".ts","1602","NO_AGE_SIGNAL","NO_ACTION_NOW"
"__BASELINE_FRONTEND_PHASE5B5C_20260104_120421\daily-challenge\DailyChallengeDetailPage.tsx",".tsx","12624","AGE_RELATED_SIGNAL","REVIEW_FOR_ADULTS_EXTENSION"
"__BASELINE_FRONTEND_PHASE5B5C_20260104_120421\daily-challenge\DailyChallengeHomeCard.tsx",".tsx","2666","AGE_RELATED_SIGNAL","REVIEW_FOR_ADULTS_EXTENSION"
"__BASELINE_FRONTEND_PHASE5B5C_20260104_120421\daily-challenge\models.ts",".ts","2307","NO_AGE_SIGNAL","NO_ACTION_NOW"
"__BASELINE_FRONTEND_PHASE5B5C_20260104_120421\env.d.ts",".ts","42","NO_AGE_SIGNAL","NO_ACTION_NOW"
"__BASELINE_FRONTEND_PHASE5B5C_20260104_120421\env_probe.ts",".ts","270","NO_AGE_SIGNAL","NO_ACTION_NOW"
"__BASELINE_FRONTEND_PHASE5B5C_20260104_120421\index.css",".css","1154","NO_AGE_SIGNAL","NO_ACTION_NOW"
"__BASELINE_FRONTEND_PHASE5B5C_20260104_120421\lib\api.QUARANTINED.ts",".ts","1042","NO_AGE_SIGNAL","NO_ACTION_NOW"
"__BASELINE_FRONTEND_PHASE5B5C_20260104_120421\lib\auth.ts",".ts","168","AGE_RELATED_SIGNAL","REVIEW_FOR_ADULTS_EXTENSION"
"__BASELINE_FRONTEND_PHASE5B5C_20260104_120421\main.tsx",".tsx","474","NO_AGE_SIGNAL","NO_ACTION_NOW"
"__BASELINE_FRONTEND_PHASE5B5C_20260104_120421\pages\Daily.tsx",".tsx","2086","AGE_RELATED_SIGNAL","REVIEW_FOR_ADULTS_EXTENSION"
"__BASELINE_FRONTEND_PHASE5B5C_20260104_120421\pages\Dashboard.tsx",".tsx","0","NO_AGE_SIGNAL","NO_ACTION_NOW"
"__BASELINE_FRONTEND_PHASE5B5C_20260104_120421\pages\Progress.tsx",".tsx","1928","AGE_RELATED_SIGNAL","REVIEW_FOR_ADULTS_EXTENSION"
"__BASELINE_FRONTEND_PHASE5B5C_20260104_120421\pages\PuzzlesPlay.tsx",".tsx","4752","AGE_RELATED_SIGNAL","REVIEW_FOR_ADULTS_EXTENSION"
"__BASELINE_FRONTEND_PHASE5B5C_20260104_120421\pages\SolvePuzzle.tsx",".tsx","9952","AGE_RELATED_SIGNAL","REVIEW_FOR_ADULTS_EXTENSION"
"__BASELINE_FRONTEND_PHASE5B5C_20260104_120421\progress\ProgressPage.tsx",".tsx","1942","AGE_RELATED_SIGNAL","REVIEW_FOR_ADULTS_EXTENSION"
"__BASELINE_FRONTEND_PHASE5B5C_20260104_120421\puzzles\phase5\phase5.registry.ts",".ts","708","NO_AGE_SIGNAL","NO_ACTION_NOW"
"__BASELINE_FRONTEND_PHASE5B5C_20260104_120421\test\env.test.ts",".ts","380","NO_AGE_SIGNAL","NO_ACTION_NOW"
"__BASELINE_FRONTEND_PHASE5B5C_20260104_120421\test\setup.ts",".ts","35","NO_AGE_SIGNAL","NO_ACTION_NOW"
"__BASELINE_FRONTEND_PHASE5B5C_20260104_120421\test\smoke.test.ts",".ts","163","NO_AGE_SIGNAL","NO_ACTION_NOW"
"__BASELINE_FRONTEND_PHASE5B5C_20260104_120421\vite-env.d.ts",".ts","168","NO_AGE_SIGNAL","NO_ACTION_NOW"
"__BASELINE_FRONTEND_PHASE5D_20260105_184300\_legacy_js_backup_20251208\api.js",".js","826","NO_AGE_SIGNAL","NO_ACTION_NOW"
"__BASELINE_FRONTEND_PHASE5D_20260105_184300\_legacy_js_backup_20251208\App.backup.js",".js","565","NO_AGE_SIGNAL","NO_ACTION_NOW"
"__BASELINE_FRONTEND_PHASE5D_20260105_184300\_legacy_js_backup_20251208\App.js",".js","410","NO_AGE_SIGNAL","NO_ACTION_NOW"
"__BASELINE_FRONTEND_PHASE5D_20260105_184300\_legacy_js_backup_20251208\auth.js",".js","168","AGE_RELATED_SIGNAL","REVIEW_FOR_ADULTS_EXTENSION"
"__BASELINE_FRONTEND_PHASE5D_20260105_184300\_legacy_js_backup_20251208\dailyChallengeApi.js",".js","1354","AGE_RELATED_SIGNAL","REVIEW_FOR_ADULTS_EXTENSION"
"__BASELINE_FRONTEND_PHASE5D_20260105_184300\_legacy_js_backup_20251208\DailyChallengeDetailPage.js",".js","7961","AGE_RELATED_SIGNAL","REVIEW_FOR_ADULTS_EXTENSION"
"__BASELINE_FRONTEND_PHASE5D_20260105_184300\_legacy_js_backup_20251208\DailyChallengeHomeCard.js",".js","3280","AGE_RELATED_SIGNAL","REVIEW_FOR_ADULTS_EXTENSION"
"__BASELINE_FRONTEND_PHASE5D_20260105_184300\_legacy_js_backup_20251208\ErrorBanner.js",".js","445","NO_AGE_SIGNAL","NO_ACTION_NOW"
"__BASELINE_FRONTEND_PHASE5D_20260105_184300\_legacy_js_backup_20251208\ErrorBoundary.js",".js","807","AGE_RELATED_SIGNAL","REVIEW_FOR_ADULTS_EXTENSION"
"__BASELINE_FRONTEND_PHASE5D_20260105_184300\_legacy_js_backup_20251208\GamePanel.js",".js","2562","NO_AGE_SIGNAL","NO_ACTION_NOW"
"__BASELINE_FRONTEND_PHASE5D_20260105_184300\_legacy_js_backup_20251208\HealthPanel.js",".js","1783","AGE_RELATED_SIGNAL","REVIEW_FOR_ADULTS_EXTENSION"
"__BASELINE_FRONTEND_PHASE5D_20260105_184300\_legacy_js_backup_20251208\main.js",".js","649","AGE_RELATED_SIGNAL","REVIEW_FOR_ADULTS_EXTENSION"
"__BASELINE_FRONTEND_PHASE5D_20260105_184300\_legacy_js_backup_20251208\models.js",".js","11","NO_AGE_SIGNAL","NO_ACTION_NOW"
"__BASELINE_FRONTEND_PHASE5D_20260105_184300\_legacy_js_backup_20251208\ProgressPanel.js",".js","1287","NO_AGE_SIGNAL","NO_ACTION_NOW"
"__BASELINE_FRONTEND_PHASE5D_20260105_184300\_legacy_js_backup_20251208\ResultBanner.js",".js","443","NO_AGE_SIGNAL","NO_ACTION_NOW"
"__BASELINE_FRONTEND_PHASE5D_20260105_184300\api.ts",".ts","2271","NO_AGE_SIGNAL","NO_ACTION_NOW"
"__BASELINE_FRONTEND_PHASE5D_20260105_184300\App.backup.tsx",".tsx","469","NO_AGE_SIGNAL","NO_ACTION_NOW"
"__BASELINE_FRONTEND_PHASE5D_20260105_184300\App.css",".css","606","NO_AGE_SIGNAL","NO_ACTION_NOW"
"__BASELINE_FRONTEND_PHASE5D_20260105_184300\App.tsx",".tsx","1148","AGE_RELATED_SIGNAL","REVIEW_FOR_ADULTS_EXTENSION"
"__BASELINE_FRONTEND_PHASE5D_20260105_184300\auth.ts",".ts","218","AGE_RELATED_SIGNAL","REVIEW_FOR_ADULTS_EXTENSION"
"__BASELINE_FRONTEND_PHASE5D_20260105_184300\components\DailyCompletionCard.tsx",".tsx","2603","AGE_RELATED_SIGNAL","REVIEW_FOR_ADULTS_EXTENSION"
"__BASELINE_FRONTEND_PHASE5D_20260105_184300\components\ErrorBanner.tsx",".tsx","363","NO_AGE_SIGNAL","NO_ACTION_NOW"
"__BASELINE_FRONTEND_PHASE5D_20260105_184300\components\ErrorBoundary.tsx",".tsx","784","AGE_RELATED_SIGNAL","REVIEW_FOR_ADULTS_EXTENSION"
"__BASELINE_FRONTEND_PHASE5D_20260105_184300\components\GamePanel.tsx",".tsx","1289","AGE_RELATED_SIGNAL","REVIEW_FOR_ADULTS_EXTENSION"
"__BASELINE_FRONTEND_PHASE5D_20260105_184300\components\HealthPanel.tsx",".tsx","2278","AGE_RELATED_SIGNAL","REVIEW_FOR_ADULTS_EXTENSION"
"__BASELINE_FRONTEND_PHASE5D_20260105_184300\components\ProgressPanel.tsx",".tsx","1019","AGE_RELATED_SIGNAL","REVIEW_FOR_ADULTS_EXTENSION"
"__BASELINE_FRONTEND_PHASE5D_20260105_184300\components\ResultBanner.tsx",".tsx","465","NO_AGE_SIGNAL","NO_ACTION_NOW"
"__BASELINE_FRONTEND_PHASE5D_20260105_184300\daily-challenge\dailyChallengeApi.ts",".ts","1602","NO_AGE_SIGNAL","NO_ACTION_NOW"
"__BASELINE_FRONTEND_PHASE5D_20260105_184300\daily-challenge\DailyChallengeDetailPage.tsx",".tsx","12624","AGE_RELATED_SIGNAL","REVIEW_FOR_ADULTS_EXTENSION"
"__BASELINE_FRONTEND_PHASE5D_20260105_184300\daily-challenge\DailyChallengeHomeCard.tsx",".tsx","2666","AGE_RELATED_SIGNAL","REVIEW_FOR_ADULTS_EXTENSION"
"__BASELINE_FRONTEND_PHASE5D_20260105_184300\daily-challenge\models.ts",".ts","2307","NO_AGE_SIGNAL","NO_ACTION_NOW"
"__BASELINE_FRONTEND_PHASE5D_20260105_184300\env.d.ts",".ts","42","NO_AGE_SIGNAL","NO_ACTION_NOW"
"__BASELINE_FRONTEND_PHASE5D_20260105_184300\env_probe.ts",".ts","270","NO_AGE_SIGNAL","NO_ACTION_NOW"
"__BASELINE_FRONTEND_PHASE5D_20260105_184300\index.css",".css","1154","NO_AGE_SIGNAL","NO_ACTION_NOW"
"__BASELINE_FRONTEND_PHASE5D_20260105_184300\lib\api.QUARANTINED.ts",".ts","1042","NO_AGE_SIGNAL","NO_ACTION_NOW"
"__BASELINE_FRONTEND_PHASE5D_20260105_184300\lib\auth.ts",".ts","168","AGE_RELATED_SIGNAL","REVIEW_FOR_ADULTS_EXTENSION"
"__BASELINE_FRONTEND_PHASE5D_20260105_184300\main.tsx",".tsx","474","NO_AGE_SIGNAL","NO_ACTION_NOW"
"__BASELINE_FRONTEND_PHASE5D_20260105_184300\pages\Daily.tsx",".tsx","2086","AGE_RELATED_SIGNAL","REVIEW_FOR_ADULTS_EXTENSION"
"__BASELINE_FRONTEND_PHASE5D_20260105_184300\pages\Dashboard.tsx",".tsx","0","NO_AGE_SIGNAL","NO_ACTION_NOW"
"__BASELINE_FRONTEND_PHASE5D_20260105_184300\pages\Progress.tsx",".tsx","1928","AGE_RELATED_SIGNAL","REVIEW_FOR_ADULTS_EXTENSION"
"__BASELINE_FRONTEND_PHASE5D_20260105_184300\pages\PuzzlesPlay.tsx",".tsx","4752","AGE_RELATED_SIGNAL","REVIEW_FOR_ADULTS_EXTENSION"
"__BASELINE_FRONTEND_PHASE5D_20260105_184300\pages\SolvePuzzle.tsx",".tsx","10112","AGE_RELATED_SIGNAL","REVIEW_FOR_ADULTS_EXTENSION"
"__BASELINE_FRONTEND_PHASE5D_20260105_184300\progress\ProgressPage.tsx",".tsx","1942","AGE_RELATED_SIGNAL","REVIEW_FOR_ADULTS_EXTENSION"
"__BASELINE_FRONTEND_PHASE5D_20260105_184300\puzzles\phase5\phase5.registry.ts",".ts","708","NO_AGE_SIGNAL","NO_ACTION_NOW"
"__BASELINE_FRONTEND_PHASE5D_20260105_184300\test\env.test.ts",".ts","380","NO_AGE_SIGNAL","NO_ACTION_NOW"
"__BASELINE_FRONTEND_PHASE5D_20260105_184300\test\setup.ts",".ts","35","NO_AGE_SIGNAL","NO_ACTION_NOW"
"__BASELINE_FRONTEND_PHASE5D_20260105_184300\test\smoke.test.ts",".ts","163","NO_AGE_SIGNAL","NO_ACTION_NOW"
"__BASELINE_FRONTEND_PHASE5D_20260105_184300\vite-env.d.ts",".ts","168","NO_AGE_SIGNAL","NO_ACTION_NOW"
"__FREEZE_BACKEND_PHASE5D_20260106_184626\_quarantine\server.backup.js",".js","643","NO_AGE_SIGNAL","NO_ACTION_NOW"
"__FREEZE_BACKEND_PHASE5D_20260106_184626\_quarantine\server.js",".js","3531","NO_AGE_SIGNAL","NO_ACTION_NOW"
"__FREEZE_BACKEND_PHASE5D_20260106_184626\_quarantine\server.ts",".ts","3","NO_AGE_SIGNAL","NO_ACTION_NOW"
"__FREEZE_BACKEND_PHASE5D_20260106_184626\contentEngine.js",".js","4273","NO_AGE_SIGNAL","NO_ACTION_NOW"
"__FREEZE_BACKEND_PHASE5D_20260106_184626\daily-challenge\dailyChallengeEngine.ts",".ts","3464","AGE_RELATED_SIGNAL","REVIEW_FOR_ADULTS_EXTENSION"
"__FREEZE_BACKEND_PHASE5D_20260106_184626\daily-challenge\dailyChallengeRoutes.ts",".ts","5027","AGE_RELATED_SIGNAL","REVIEW_FOR_ADULTS_EXTENSION"
"__FREEZE_BACKEND_PHASE5D_20260106_184626\data\progress.json",".json","209","NO_AGE_SIGNAL","NO_ACTION_NOW"
"__FREEZE_BACKEND_PHASE5D_20260106_184626\data\puzzleDifficulty.json",".json","279","NO_AGE_SIGNAL","NO_ACTION_NOW"
"__FREEZE_BACKEND_PHASE5D_20260106_184626\db.js",".js","312","NO_AGE_SIGNAL","NO_ACTION_NOW"
"__FREEZE_BACKEND_PHASE5D_20260106_184626\puzzles.json",".json","402","NO_AGE_SIGNAL","NO_ACTION_NOW"
"__FREEZE_BACKEND_PHASE5D_20260106_184626\puzzles\_legacy\puzzles.json",".json","402","NO_AGE_SIGNAL","NO_ACTION_NOW"
"__FREEZE_BACKEND_PHASE5D_20260106_184626\puzzles\index.json",".json","2264","NO_AGE_SIGNAL","NO_ACTION_NOW"
"__FREEZE_BACKEND_PHASE5D_20260106_184626\routes\progress.ts",".ts","1147","NO_AGE_SIGNAL","NO_ACTION_NOW"
"__FREEZE_BACKEND_PHASE5D_20260106_184626\uxhelpers.js",".js","391","AGE_RELATED_SIGNAL","REVIEW_FOR_ADULTS_EXTENSION"
"__FREEZE_FRONTEND_PHASE5D_20260106_184626\_legacy_js_backup_20251208\api.js",".js","826","NO_AGE_SIGNAL","NO_ACTION_NOW"
"__FREEZE_FRONTEND_PHASE5D_20260106_184626\_legacy_js_backup_20251208\App.backup.js",".js","565","NO_AGE_SIGNAL","NO_ACTION_NOW"
"__FREEZE_FRONTEND_PHASE5D_20260106_184626\_legacy_js_backup_20251208\App.js",".js","410","NO_AGE_SIGNAL","NO_ACTION_NOW"
"__FREEZE_FRONTEND_PHASE5D_20260106_184626\_legacy_js_backup_20251208\auth.js",".js","168","AGE_RELATED_SIGNAL","REVIEW_FOR_ADULTS_EXTENSION"
"__FREEZE_FRONTEND_PHASE5D_20260106_184626\_legacy_js_backup_20251208\dailyChallengeApi.js",".js","1354","AGE_RELATED_SIGNAL","REVIEW_FOR_ADULTS_EXTENSION"
"__FREEZE_FRONTEND_PHASE5D_20260106_184626\_legacy_js_backup_20251208\DailyChallengeDetailPage.js",".js","7961","AGE_RELATED_SIGNAL","REVIEW_FOR_ADULTS_EXTENSION"
"__FREEZE_FRONTEND_PHASE5D_20260106_184626\_legacy_js_backup_20251208\DailyChallengeHomeCard.js",".js","3280","AGE_RELATED_SIGNAL","REVIEW_FOR_ADULTS_EXTENSION"
"__FREEZE_FRONTEND_PHASE5D_20260106_184626\_legacy_js_backup_20251208\ErrorBanner.js",".js","445","NO_AGE_SIGNAL","NO_ACTION_NOW"
"__FREEZE_FRONTEND_PHASE5D_20260106_184626\_legacy_js_backup_20251208\ErrorBoundary.js",".js","807","AGE_RELATED_SIGNAL","REVIEW_FOR_ADULTS_EXTENSION"
"__FREEZE_FRONTEND_PHASE5D_20260106_184626\_legacy_js_backup_20251208\GamePanel.js",".js","2562","NO_AGE_SIGNAL","NO_ACTION_NOW"
"__FREEZE_FRONTEND_PHASE5D_20260106_184626\_legacy_js_backup_20251208\HealthPanel.js",".js","1783","AGE_RELATED_SIGNAL","REVIEW_FOR_ADULTS_EXTENSION"
"__FREEZE_FRONTEND_PHASE5D_20260106_184626\_legacy_js_backup_20251208\main.js",".js","649","AGE_RELATED_SIGNAL","REVIEW_FOR_ADULTS_EXTENSION"
"__FREEZE_FRONTEND_PHASE5D_20260106_184626\_legacy_js_backup_20251208\models.js",".js","11","NO_AGE_SIGNAL","NO_ACTION_NOW"
"__FREEZE_FRONTEND_PHASE5D_20260106_184626\_legacy_js_backup_20251208\ProgressPanel.js",".js","1287","NO_AGE_SIGNAL","NO_ACTION_NOW"
"__FREEZE_FRONTEND_PHASE5D_20260106_184626\_legacy_js_backup_20251208\ResultBanner.js",".js","443","NO_AGE_SIGNAL","NO_ACTION_NOW"
"__FREEZE_FRONTEND_PHASE5D_20260106_184626\api.ts",".ts","2271","NO_AGE_SIGNAL","NO_ACTION_NOW"
"__FREEZE_FRONTEND_PHASE5D_20260106_184626\App.backup.tsx",".tsx","469","NO_AGE_SIGNAL","NO_ACTION_NOW"
"__FREEZE_FRONTEND_PHASE5D_20260106_184626\App.css",".css","606","NO_AGE_SIGNAL","NO_ACTION_NOW"
"__FREEZE_FRONTEND_PHASE5D_20260106_184626\App.tsx",".tsx","1148","AGE_RELATED_SIGNAL","REVIEW_FOR_ADULTS_EXTENSION"
"__FREEZE_FRONTEND_PHASE5D_20260106_184626\auth.ts",".ts","218","AGE_RELATED_SIGNAL","REVIEW_FOR_ADULTS_EXTENSION"
"__FREEZE_FRONTEND_PHASE5D_20260106_184626\components\DailyCompletionCard.tsx",".tsx","2603","AGE_RELATED_SIGNAL","REVIEW_FOR_ADULTS_EXTENSION"
"__FREEZE_FRONTEND_PHASE5D_20260106_184626\components\ErrorBanner.tsx",".tsx","363","NO_AGE_SIGNAL","NO_ACTION_NOW"
"__FREEZE_FRONTEND_PHASE5D_20260106_184626\components\ErrorBoundary.tsx",".tsx","784","AGE_RELATED_SIGNAL","REVIEW_FOR_ADULTS_EXTENSION"
"__FREEZE_FRONTEND_PHASE5D_20260106_184626\components\GamePanel.tsx",".tsx","1289","AGE_RELATED_SIGNAL","REVIEW_FOR_ADULTS_EXTENSION"
"__FREEZE_FRONTEND_PHASE5D_20260106_184626\components\HealthPanel.tsx",".tsx","2278","AGE_RELATED_SIGNAL","REVIEW_FOR_ADULTS_EXTENSION"
"__FREEZE_FRONTEND_PHASE5D_20260106_184626\components\ProgressPanel.tsx",".tsx","1019","AGE_RELATED_SIGNAL","REVIEW_FOR_ADULTS_EXTENSION"
"__FREEZE_FRONTEND_PHASE5D_20260106_184626\components\ResultBanner.tsx",".tsx","465","NO_AGE_SIGNAL","NO_ACTION_NOW"
"__FREEZE_FRONTEND_PHASE5D_20260106_184626\daily-challenge\dailyChallengeApi.ts",".ts","1602","NO_AGE_SIGNAL","NO_ACTION_NOW"
"__FREEZE_FRONTEND_PHASE5D_20260106_184626\daily-challenge\DailyChallengeDetailPage.tsx",".tsx","12624","AGE_RELATED_SIGNAL","REVIEW_FOR_ADULTS_EXTENSION"
"__FREEZE_FRONTEND_PHASE5D_20260106_184626\daily-challenge\DailyChallengeHomeCard.tsx",".tsx","2666","AGE_RELATED_SIGNAL","REVIEW_FOR_ADULTS_EXTENSION"
"__FREEZE_FRONTEND_PHASE5D_20260106_184626\daily-challenge\models.ts",".ts","2307","NO_AGE_SIGNAL","NO_ACTION_NOW"
"__FREEZE_FRONTEND_PHASE5D_20260106_184626\env.d.ts",".ts","42","NO_AGE_SIGNAL","NO_ACTION_NOW"
"__FREEZE_FRONTEND_PHASE5D_20260106_184626\env_probe.ts",".ts","270","NO_AGE_SIGNAL","NO_ACTION_NOW"
"__FREEZE_FRONTEND_PHASE5D_20260106_184626\index.css",".css","1154","NO_AGE_SIGNAL","NO_ACTION_NOW"
"__FREEZE_FRONTEND_PHASE5D_20260106_184626\lib\api.QUARANTINED.ts",".ts","1042","NO_AGE_SIGNAL","NO_ACTION_NOW"
"__FREEZE_FRONTEND_PHASE5D_20260106_184626\lib\auth.ts",".ts","168","AGE_RELATED_SIGNAL","REVIEW_FOR_ADULTS_EXTENSION"
"__FREEZE_FRONTEND_PHASE5D_20260106_184626\main.tsx",".tsx","474","NO_AGE_SIGNAL","NO_ACTION_NOW"
"__FREEZE_FRONTEND_PHASE5D_20260106_184626\pages\Daily.tsx",".tsx","2086","AGE_RELATED_SIGNAL","REVIEW_FOR_ADULTS_EXTENSION"
"__FREEZE_FRONTEND_PHASE5D_20260106_184626\pages\Dashboard.tsx",".tsx","0","NO_AGE_SIGNAL","NO_ACTION_NOW"
"__FREEZE_FRONTEND_PHASE5D_20260106_184626\pages\Progress.tsx",".tsx","1928","AGE_RELATED_SIGNAL","REVIEW_FOR_ADULTS_EXTENSION"
"__FREEZE_FRONTEND_PHASE5D_20260106_184626\pages\PuzzlesPlay.tsx",".tsx","4752","AGE_RELATED_SIGNAL","REVIEW_FOR_ADULTS_EXTENSION"
"__FREEZE_FRONTEND_PHASE5D_20260106_184626\pages\SolvePuzzle.tsx",".tsx","10112","AGE_RELATED_SIGNAL","REVIEW_FOR_ADULTS_EXTENSION"
"__FREEZE_FRONTEND_PHASE5D_20260106_184626\progress\ProgressPage.tsx",".tsx","1942","AGE_RELATED_SIGNAL","REVIEW_FOR_ADULTS_EXTENSION"
"__FREEZE_FRONTEND_PHASE5D_20260106_184626\puzzles\phase5\phase5.registry.ts",".ts","708","NO_AGE_SIGNAL","NO_ACTION_NOW"
"__FREEZE_FRONTEND_PHASE5D_20260106_184626\test\env.test.ts",".ts","380","NO_AGE_SIGNAL","NO_ACTION_NOW"
"__FREEZE_FRONTEND_PHASE5D_20260106_184626\test\setup.ts",".ts","35","NO_AGE_SIGNAL","NO_ACTION_NOW"
"__FREEZE_FRONTEND_PHASE5D_20260106_184626\test\smoke.test.ts",".ts","163","NO_AGE_SIGNAL","NO_ACTION_NOW"
"__FREEZE_FRONTEND_PHASE5D_20260106_184626\vite-env.d.ts",".ts","168","NO_AGE_SIGNAL","NO_ACTION_NOW"
"_BASELINE_BACKEND_20260103_102610\_quarantine\server.backup.js",".js","643","NO_AGE_SIGNAL","NO_ACTION_NOW"
"_BASELINE_BACKEND_20260103_102610\_quarantine\server.js",".js","3531","NO_AGE_SIGNAL","NO_ACTION_NOW"
"_BASELINE_BACKEND_20260103_102610\_quarantine\server.ts",".ts","3","NO_AGE_SIGNAL","NO_ACTION_NOW"
"_BASELINE_BACKEND_20260103_102610\contentEngine.js",".js","4273","NO_AGE_SIGNAL","NO_ACTION_NOW"
"_BASELINE_BACKEND_20260103_102610\daily-challenge\dailyChallengeEngine.ts",".ts","3464","AGE_RELATED_SIGNAL","REVIEW_FOR_ADULTS_EXTENSION"
"_BASELINE_BACKEND_20260103_102610\daily-challenge\dailyChallengeRoutes.ts",".ts","5027","AGE_RELATED_SIGNAL","REVIEW_FOR_ADULTS_EXTENSION"
"_BASELINE_BACKEND_20260103_102610\data\progress.json",".json","194","NO_AGE_SIGNAL","NO_ACTION_NOW"
"_BASELINE_BACKEND_20260103_102610\db.js",".js","312","NO_AGE_SIGNAL","NO_ACTION_NOW"
"_BASELINE_BACKEND_20260103_102610\puzzles.json",".json","402","NO_AGE_SIGNAL","NO_ACTION_NOW"
"_BASELINE_BACKEND_20260103_102610\puzzles\_legacy\puzzles.json",".json","402","NO_AGE_SIGNAL","NO_ACTION_NOW"
"_BASELINE_BACKEND_20260103_102610\puzzles\index.json",".json","2264","NO_AGE_SIGNAL","NO_ACTION_NOW"
"_BASELINE_BACKEND_20260103_102610\routes\progress.ts",".ts","1147","NO_AGE_SIGNAL","NO_ACTION_NOW"
"_BASELINE_BACKEND_20260103_102610\uxhelpers.js",".js","391","AGE_RELATED_SIGNAL","REVIEW_FOR_ADULTS_EXTENSION"
"_BASELINE_BACKEND_PHASE2_20260103_131246\_quarantine\server.backup.js",".js","643","NO_AGE_SIGNAL","NO_ACTION_NOW"
"_BASELINE_BACKEND_PHASE2_20260103_131246\_quarantine\server.js",".js","3531","NO_AGE_SIGNAL","NO_ACTION_NOW"
"_BASELINE_BACKEND_PHASE2_20260103_131246\_quarantine\server.ts",".ts","3","NO_AGE_SIGNAL","NO_ACTION_NOW"
"_BASELINE_BACKEND_PHASE2_20260103_131246\contentEngine.js",".js","4273","NO_AGE_SIGNAL","NO_ACTION_NOW"
"_BASELINE_BACKEND_PHASE2_20260103_131246\daily-challenge\dailyChallengeEngine.ts",".ts","3464","AGE_RELATED_SIGNAL","REVIEW_FOR_ADULTS_EXTENSION"
"_BASELINE_BACKEND_PHASE2_20260103_131246\daily-challenge\dailyChallengeRoutes.ts",".ts","5027","AGE_RELATED_SIGNAL","REVIEW_FOR_ADULTS_EXTENSION"
"_BASELINE_BACKEND_PHASE2_20260103_131246\data\progress.json",".json","194","NO_AGE_SIGNAL","NO_ACTION_NOW"
"_BASELINE_BACKEND_PHASE2_20260103_131246\data\puzzleDifficulty.json",".json","279","NO_AGE_SIGNAL","NO_ACTION_NOW"
"_BASELINE_BACKEND_PHASE2_20260103_131246\db.js",".js","312","NO_AGE_SIGNAL","NO_ACTION_NOW"
"_BASELINE_BACKEND_PHASE2_20260103_131246\puzzles.json",".json","402","NO_AGE_SIGNAL","NO_ACTION_NOW"
"_BASELINE_BACKEND_PHASE2_20260103_131246\puzzles\_legacy\puzzles.json",".json","402","NO_AGE_SIGNAL","NO_ACTION_NOW"
"_BASELINE_BACKEND_PHASE2_20260103_131246\puzzles\index.json",".json","2264","NO_AGE_SIGNAL","NO_ACTION_NOW"
"_BASELINE_BACKEND_PHASE2_20260103_131246\routes\progress.ts",".ts","1147","NO_AGE_SIGNAL","NO_ACTION_NOW"
"_BASELINE_BACKEND_PHASE2_20260103_131246\uxhelpers.js",".js","391","AGE_RELATED_SIGNAL","REVIEW_FOR_ADULTS_EXTENSION"
"_BASELINE_BACKEND_PHASE3_20260103_133742\_quarantine\server.backup.js",".js","643","NO_AGE_SIGNAL","NO_ACTION_NOW"
"_BASELINE_BACKEND_PHASE3_20260103_133742\_quarantine\server.js",".js","3531","NO_AGE_SIGNAL","NO_ACTION_NOW"
"_BASELINE_BACKEND_PHASE3_20260103_133742\_quarantine\server.ts",".ts","3","NO_AGE_SIGNAL","NO_ACTION_NOW"
"_BASELINE_BACKEND_PHASE3_20260103_133742\contentEngine.js",".js","4273","NO_AGE_SIGNAL","NO_ACTION_NOW"
"_BASELINE_BACKEND_PHASE3_20260103_133742\daily-challenge\dailyChallengeEngine.ts",".ts","3464","AGE_RELATED_SIGNAL","REVIEW_FOR_ADULTS_EXTENSION"
"_BASELINE_BACKEND_PHASE3_20260103_133742\daily-challenge\dailyChallengeRoutes.ts",".ts","5027","AGE_RELATED_SIGNAL","REVIEW_FOR_ADULTS_EXTENSION"
"_BASELINE_BACKEND_PHASE3_20260103_133742\data\progress.json",".json","194","NO_AGE_SIGNAL","NO_ACTION_NOW"
"_BASELINE_BACKEND_PHASE3_20260103_133742\data\puzzleDifficulty.json",".json","279","NO_AGE_SIGNAL","NO_ACTION_NOW"
"_BASELINE_BACKEND_PHASE3_20260103_133742\db.js",".js","312","NO_AGE_SIGNAL","NO_ACTION_NOW"
"_BASELINE_BACKEND_PHASE3_20260103_133742\puzzles.json",".json","402","NO_AGE_SIGNAL","NO_ACTION_NOW"
"_BASELINE_BACKEND_PHASE3_20260103_133742\puzzles\_legacy\puzzles.json",".json","402","NO_AGE_SIGNAL","NO_ACTION_NOW"
"_BASELINE_BACKEND_PHASE3_20260103_133742\puzzles\index.json",".json","2264","NO_AGE_SIGNAL","NO_ACTION_NOW"
"_BASELINE_BACKEND_PHASE3_20260103_133742\routes\progress.ts",".ts","1147","NO_AGE_SIGNAL","NO_ACTION_NOW"
"_BASELINE_BACKEND_PHASE3_20260103_133742\uxhelpers.js",".js","391","AGE_RELATED_SIGNAL","REVIEW_FOR_ADULTS_EXTENSION"
"_BASELINE_BACKEND_PHASE4_20260103_135829\_quarantine\server.backup.js",".js","643","NO_AGE_SIGNAL","NO_ACTION_NOW"
"_BASELINE_BACKEND_PHASE4_20260103_135829\_quarantine\server.js",".js","3531","NO_AGE_SIGNAL","NO_ACTION_NOW"
"_BASELINE_BACKEND_PHASE4_20260103_135829\_quarantine\server.ts",".ts","3","NO_AGE_SIGNAL","NO_ACTION_NOW"
"_BASELINE_BACKEND_PHASE4_20260103_135829\contentEngine.js",".js","4273","NO_AGE_SIGNAL","NO_ACTION_NOW"
"_BASELINE_BACKEND_PHASE4_20260103_135829\daily-challenge\dailyChallengeEngine.ts",".ts","3464","AGE_RELATED_SIGNAL","REVIEW_FOR_ADULTS_EXTENSION"
"_BASELINE_BACKEND_PHASE4_20260103_135829\daily-challenge\dailyChallengeRoutes.ts",".ts","5027","AGE_RELATED_SIGNAL","REVIEW_FOR_ADULTS_EXTENSION"
"_BASELINE_BACKEND_PHASE4_20260103_135829\data\progress.json",".json","194","NO_AGE_SIGNAL","NO_ACTION_NOW"
"_BASELINE_BACKEND_PHASE4_20260103_135829\data\puzzleDifficulty.json",".json","279","NO_AGE_SIGNAL","NO_ACTION_NOW"
"_BASELINE_BACKEND_PHASE4_20260103_135829\db.js",".js","312","NO_AGE_SIGNAL","NO_ACTION_NOW"
"_BASELINE_BACKEND_PHASE4_20260103_135829\puzzles.json",".json","402","NO_AGE_SIGNAL","NO_ACTION_NOW"
"_BASELINE_BACKEND_PHASE4_20260103_135829\puzzles\_legacy\puzzles.json",".json","402","NO_AGE_SIGNAL","NO_ACTION_NOW"
"_BASELINE_BACKEND_PHASE4_20260103_135829\puzzles\index.json",".json","2264","NO_AGE_SIGNAL","NO_ACTION_NOW"
"_BASELINE_BACKEND_PHASE4_20260103_135829\routes\progress.ts",".ts","1147","NO_AGE_SIGNAL","NO_ACTION_NOW"
"_BASELINE_BACKEND_PHASE4_20260103_135829\uxhelpers.js",".js","391","AGE_RELATED_SIGNAL","REVIEW_FOR_ADULTS_EXTENSION"
"_BASELINE_FRONTEND_20260103_102610\_legacy_js_backup_20251208\api.js",".js","826","NO_AGE_SIGNAL","NO_ACTION_NOW"
"_BASELINE_FRONTEND_20260103_102610\_legacy_js_backup_20251208\App.backup.js",".js","565","NO_AGE_SIGNAL","NO_ACTION_NOW"
"_BASELINE_FRONTEND_20260103_102610\_legacy_js_backup_20251208\App.js",".js","410","NO_AGE_SIGNAL","NO_ACTION_NOW"
"_BASELINE_FRONTEND_20260103_102610\_legacy_js_backup_20251208\auth.js",".js","168","AGE_RELATED_SIGNAL","REVIEW_FOR_ADULTS_EXTENSION"
"_BASELINE_FRONTEND_20260103_102610\_legacy_js_backup_20251208\dailyChallengeApi.js",".js","1354","AGE_RELATED_SIGNAL","REVIEW_FOR_ADULTS_EXTENSION"
"_BASELINE_FRONTEND_20260103_102610\_legacy_js_backup_20251208\DailyChallengeDetailPage.js",".js","7961","AGE_RELATED_SIGNAL","REVIEW_FOR_ADULTS_EXTENSION"
"_BASELINE_FRONTEND_20260103_102610\_legacy_js_backup_20251208\DailyChallengeHomeCard.js",".js","3280","AGE_RELATED_SIGNAL","REVIEW_FOR_ADULTS_EXTENSION"
"_BASELINE_FRONTEND_20260103_102610\_legacy_js_backup_20251208\ErrorBanner.js",".js","445","NO_AGE_SIGNAL","NO_ACTION_NOW"
"_BASELINE_FRONTEND_20260103_102610\_legacy_js_backup_20251208\ErrorBoundary.js",".js","807","AGE_RELATED_SIGNAL","REVIEW_FOR_ADULTS_EXTENSION"
"_BASELINE_FRONTEND_20260103_102610\_legacy_js_backup_20251208\GamePanel.js",".js","2562","NO_AGE_SIGNAL","NO_ACTION_NOW"
"_BASELINE_FRONTEND_20260103_102610\_legacy_js_backup_20251208\HealthPanel.js",".js","1783","AGE_RELATED_SIGNAL","REVIEW_FOR_ADULTS_EXTENSION"
"_BASELINE_FRONTEND_20260103_102610\_legacy_js_backup_20251208\main.js",".js","649","AGE_RELATED_SIGNAL","REVIEW_FOR_ADULTS_EXTENSION"
"_BASELINE_FRONTEND_20260103_102610\_legacy_js_backup_20251208\models.js",".js","11","NO_AGE_SIGNAL","NO_ACTION_NOW"
"_BASELINE_FRONTEND_20260103_102610\_legacy_js_backup_20251208\ProgressPanel.js",".js","1287","NO_AGE_SIGNAL","NO_ACTION_NOW"
"_BASELINE_FRONTEND_20260103_102610\_legacy_js_backup_20251208\ResultBanner.js",".js","443","NO_AGE_SIGNAL","NO_ACTION_NOW"
"_BASELINE_FRONTEND_20260103_102610\api.ts",".ts","2271","NO_AGE_SIGNAL","NO_ACTION_NOW"
"_BASELINE_FRONTEND_20260103_102610\App.backup.tsx",".tsx","469","NO_AGE_SIGNAL","NO_ACTION_NOW"
"_BASELINE_FRONTEND_20260103_102610\App.css",".css","606","NO_AGE_SIGNAL","NO_ACTION_NOW"
"_BASELINE_FRONTEND_20260103_102610\App.tsx",".tsx","1148","AGE_RELATED_SIGNAL","REVIEW_FOR_ADULTS_EXTENSION"
"_BASELINE_FRONTEND_20260103_102610\auth.ts",".ts","218","AGE_RELATED_SIGNAL","REVIEW_FOR_ADULTS_EXTENSION"
"_BASELINE_FRONTEND_20260103_102610\components\DailyCompletionCard.tsx",".tsx","2603","AGE_RELATED_SIGNAL","REVIEW_FOR_ADULTS_EXTENSION"
"_BASELINE_FRONTEND_20260103_102610\components\ErrorBanner.tsx",".tsx","363","NO_AGE_SIGNAL","NO_ACTION_NOW"
"_BASELINE_FRONTEND_20260103_102610\components\ErrorBoundary.tsx",".tsx","784","AGE_RELATED_SIGNAL","REVIEW_FOR_ADULTS_EXTENSION"
"_BASELINE_FRONTEND_20260103_102610\components\GamePanel.tsx",".tsx","1289","AGE_RELATED_SIGNAL","REVIEW_FOR_ADULTS_EXTENSION"
"_BASELINE_FRONTEND_20260103_102610\components\HealthPanel.tsx",".tsx","2278","AGE_RELATED_SIGNAL","REVIEW_FOR_ADULTS_EXTENSION"
"_BASELINE_FRONTEND_20260103_102610\components\ProgressPanel.tsx",".tsx","1019","AGE_RELATED_SIGNAL","REVIEW_FOR_ADULTS_EXTENSION"
"_BASELINE_FRONTEND_20260103_102610\components\ResultBanner.tsx",".tsx","465","NO_AGE_SIGNAL","NO_ACTION_NOW"
"_BASELINE_FRONTEND_20260103_102610\daily-challenge\dailyChallengeApi.ts",".ts","1602","NO_AGE_SIGNAL","NO_ACTION_NOW"
"_BASELINE_FRONTEND_20260103_102610\daily-challenge\DailyChallengeDetailPage.tsx",".tsx","8916","AGE_RELATED_SIGNAL","REVIEW_FOR_ADULTS_EXTENSION"
"_BASELINE_FRONTEND_20260103_102610\daily-challenge\DailyChallengeHomeCard.tsx",".tsx","2666","AGE_RELATED_SIGNAL","REVIEW_FOR_ADULTS_EXTENSION"
"_BASELINE_FRONTEND_20260103_102610\daily-challenge\models.ts",".ts","2307","NO_AGE_SIGNAL","NO_ACTION_NOW"
"_BASELINE_FRONTEND_20260103_102610\env.d.ts",".ts","42","NO_AGE_SIGNAL","NO_ACTION_NOW"
"_BASELINE_FRONTEND_20260103_102610\env_probe.ts",".ts","270","NO_AGE_SIGNAL","NO_ACTION_NOW"
"_BASELINE_FRONTEND_20260103_102610\index.css",".css","1154","NO_AGE_SIGNAL","NO_ACTION_NOW"
"_BASELINE_FRONTEND_20260103_102610\lib\api.QUARANTINED.ts",".ts","1042","NO_AGE_SIGNAL","NO_ACTION_NOW"
"_BASELINE_FRONTEND_20260103_102610\lib\auth.ts",".ts","168","AGE_RELATED_SIGNAL","REVIEW_FOR_ADULTS_EXTENSION"
"_BASELINE_FRONTEND_20260103_102610\main.tsx",".tsx","474","NO_AGE_SIGNAL","NO_ACTION_NOW"
"_BASELINE_FRONTEND_20260103_102610\pages\Daily.tsx",".tsx","2086","AGE_RELATED_SIGNAL","REVIEW_FOR_ADULTS_EXTENSION"
"_BASELINE_FRONTEND_20260103_102610\pages\Dashboard.tsx",".tsx","0","NO_AGE_SIGNAL","NO_ACTION_NOW"
"_BASELINE_FRONTEND_20260103_102610\pages\Progress.tsx",".tsx","1928","AGE_RELATED_SIGNAL","REVIEW_FOR_ADULTS_EXTENSION"
"_BASELINE_FRONTEND_20260103_102610\pages\PuzzlesPlay.tsx",".tsx","4752","AGE_RELATED_SIGNAL","REVIEW_FOR_ADULTS_EXTENSION"
"_BASELINE_FRONTEND_20260103_102610\pages\SolvePuzzle.tsx",".tsx","6039","AGE_RELATED_SIGNAL","REVIEW_FOR_ADULTS_EXTENSION"
"_BASELINE_FRONTEND_20260103_102610\progress\ProgressPage.tsx",".tsx","1942","AGE_RELATED_SIGNAL","REVIEW_FOR_ADULTS_EXTENSION"
"_BASELINE_FRONTEND_20260103_102610\puzzles\phase5\phase5.registry.ts",".ts","708","NO_AGE_SIGNAL","NO_ACTION_NOW"
"_BASELINE_FRONTEND_20260103_102610\test\env.test.ts",".ts","380","NO_AGE_SIGNAL","NO_ACTION_NOW"
"_BASELINE_FRONTEND_20260103_102610\test\setup.ts",".ts","35","NO_AGE_SIGNAL","NO_ACTION_NOW"
"_BASELINE_FRONTEND_20260103_102610\test\smoke.test.ts",".ts","163","NO_AGE_SIGNAL","NO_ACTION_NOW"
"_BASELINE_FRONTEND_20260103_102610\vite-env.d.ts",".ts","168","NO_AGE_SIGNAL","NO_ACTION_NOW"
"_BASELINE_FRONTEND_PHASE2_20260103_131246\_legacy_js_backup_20251208\api.js",".js","826","NO_AGE_SIGNAL","NO_ACTION_NOW"
"_BASELINE_FRONTEND_PHASE2_20260103_131246\_legacy_js_backup_20251208\App.backup.js",".js","565","NO_AGE_SIGNAL","NO_ACTION_NOW"
"_BASELINE_FRONTEND_PHASE2_20260103_131246\_legacy_js_backup_20251208\App.js",".js","410","NO_AGE_SIGNAL","NO_ACTION_NOW"
"_BASELINE_FRONTEND_PHASE2_20260103_131246\_legacy_js_backup_20251208\auth.js",".js","168","AGE_RELATED_SIGNAL","REVIEW_FOR_ADULTS_EXTENSION"
"_BASELINE_FRONTEND_PHASE2_20260103_131246\_legacy_js_backup_20251208\dailyChallengeApi.js",".js","1354","AGE_RELATED_SIGNAL","REVIEW_FOR_ADULTS_EXTENSION"
"_BASELINE_FRONTEND_PHASE2_20260103_131246\_legacy_js_backup_20251208\DailyChallengeDetailPage.js",".js","7961","AGE_RELATED_SIGNAL","REVIEW_FOR_ADULTS_EXTENSION"
"_BASELINE_FRONTEND_PHASE2_20260103_131246\_legacy_js_backup_20251208\DailyChallengeHomeCard.js",".js","3280","AGE_RELATED_SIGNAL","REVIEW_FOR_ADULTS_EXTENSION"
"_BASELINE_FRONTEND_PHASE2_20260103_131246\_legacy_js_backup_20251208\ErrorBanner.js",".js","445","NO_AGE_SIGNAL","NO_ACTION_NOW"
"_BASELINE_FRONTEND_PHASE2_20260103_131246\_legacy_js_backup_20251208\ErrorBoundary.js",".js","807","AGE_RELATED_SIGNAL","REVIEW_FOR_ADULTS_EXTENSION"
"_BASELINE_FRONTEND_PHASE2_20260103_131246\_legacy_js_backup_20251208\GamePanel.js",".js","2562","NO_AGE_SIGNAL","NO_ACTION_NOW"
"_BASELINE_FRONTEND_PHASE2_20260103_131246\_legacy_js_backup_20251208\HealthPanel.js",".js","1783","AGE_RELATED_SIGNAL","REVIEW_FOR_ADULTS_EXTENSION"
"_BASELINE_FRONTEND_PHASE2_20260103_131246\_legacy_js_backup_20251208\main.js",".js","649","AGE_RELATED_SIGNAL","REVIEW_FOR_ADULTS_EXTENSION"
"_BASELINE_FRONTEND_PHASE2_20260103_131246\_legacy_js_backup_20251208\models.js",".js","11","NO_AGE_SIGNAL","NO_ACTION_NOW"
"_BASELINE_FRONTEND_PHASE2_20260103_131246\_legacy_js_backup_20251208\ProgressPanel.js",".js","1287","NO_AGE_SIGNAL","NO_ACTION_NOW"
"_BASELINE_FRONTEND_PHASE2_20260103_131246\_legacy_js_backup_20251208\ResultBanner.js",".js","443","NO_AGE_SIGNAL","NO_ACTION_NOW"
"_BASELINE_FRONTEND_PHASE2_20260103_131246\api.ts",".ts","2271","NO_AGE_SIGNAL","NO_ACTION_NOW"
"_BASELINE_FRONTEND_PHASE2_20260103_131246\App.backup.tsx",".tsx","469","NO_AGE_SIGNAL","NO_ACTION_NOW"
"_BASELINE_FRONTEND_PHASE2_20260103_131246\App.css",".css","606","NO_AGE_SIGNAL","NO_ACTION_NOW"
"_BASELINE_FRONTEND_PHASE2_20260103_131246\App.tsx",".tsx","1148","AGE_RELATED_SIGNAL","REVIEW_FOR_ADULTS_EXTENSION"
"_BASELINE_FRONTEND_PHASE2_20260103_131246\auth.ts",".ts","218","AGE_RELATED_SIGNAL","REVIEW_FOR_ADULTS_EXTENSION"
"_BASELINE_FRONTEND_PHASE2_20260103_131246\components\DailyCompletionCard.tsx",".tsx","2603","AGE_RELATED_SIGNAL","REVIEW_FOR_ADULTS_EXTENSION"
"_BASELINE_FRONTEND_PHASE2_20260103_131246\components\ErrorBanner.tsx",".tsx","363","NO_AGE_SIGNAL","NO_ACTION_NOW"
"_BASELINE_FRONTEND_PHASE2_20260103_131246\components\ErrorBoundary.tsx",".tsx","784","AGE_RELATED_SIGNAL","REVIEW_FOR_ADULTS_EXTENSION"
"_BASELINE_FRONTEND_PHASE2_20260103_131246\components\GamePanel.tsx",".tsx","1289","AGE_RELATED_SIGNAL","REVIEW_FOR_ADULTS_EXTENSION"
"_BASELINE_FRONTEND_PHASE2_20260103_131246\components\HealthPanel.tsx",".tsx","2278","AGE_RELATED_SIGNAL","REVIEW_FOR_ADULTS_EXTENSION"
"_BASELINE_FRONTEND_PHASE2_20260103_131246\components\ProgressPanel.tsx",".tsx","1019","AGE_RELATED_SIGNAL","REVIEW_FOR_ADULTS_EXTENSION"
"_BASELINE_FRONTEND_PHASE2_20260103_131246\components\ResultBanner.tsx",".tsx","465","NO_AGE_SIGNAL","NO_ACTION_NOW"
"_BASELINE_FRONTEND_PHASE2_20260103_131246\daily-challenge\dailyChallengeApi.ts",".ts","1602","NO_AGE_SIGNAL","NO_ACTION_NOW"
"_BASELINE_FRONTEND_PHASE2_20260103_131246\daily-challenge\DailyChallengeDetailPage.tsx",".tsx","8916","AGE_RELATED_SIGNAL","REVIEW_FOR_ADULTS_EXTENSION"
"_BASELINE_FRONTEND_PHASE2_20260103_131246\daily-challenge\DailyChallengeHomeCard.tsx",".tsx","2666","AGE_RELATED_SIGNAL","REVIEW_FOR_ADULTS_EXTENSION"
"_BASELINE_FRONTEND_PHASE2_20260103_131246\daily-challenge\models.ts",".ts","2307","NO_AGE_SIGNAL","NO_ACTION_NOW"
"_BASELINE_FRONTEND_PHASE2_20260103_131246\env.d.ts",".ts","42","NO_AGE_SIGNAL","NO_ACTION_NOW"
"_BASELINE_FRONTEND_PHASE2_20260103_131246\env_probe.ts",".ts","270","NO_AGE_SIGNAL","NO_ACTION_NOW"
"_BASELINE_FRONTEND_PHASE2_20260103_131246\index.css",".css","1154","NO_AGE_SIGNAL","NO_ACTION_NOW"
"_BASELINE_FRONTEND_PHASE2_20260103_131246\lib\api.QUARANTINED.ts",".ts","1042","NO_AGE_SIGNAL","NO_ACTION_NOW"
"_BASELINE_FRONTEND_PHASE2_20260103_131246\lib\auth.ts",".ts","168","AGE_RELATED_SIGNAL","REVIEW_FOR_ADULTS_EXTENSION"
"_BASELINE_FRONTEND_PHASE2_20260103_131246\main.tsx",".tsx","474","NO_AGE_SIGNAL","NO_ACTION_NOW"
"_BASELINE_FRONTEND_PHASE2_20260103_131246\pages\Daily.tsx",".tsx","2086","AGE_RELATED_SIGNAL","REVIEW_FOR_ADULTS_EXTENSION"
"_BASELINE_FRONTEND_PHASE2_20260103_131246\pages\Dashboard.tsx",".tsx","0","NO_AGE_SIGNAL","NO_ACTION_NOW"
"_BASELINE_FRONTEND_PHASE2_20260103_131246\pages\Progress.tsx",".tsx","1928","AGE_RELATED_SIGNAL","REVIEW_FOR_ADULTS_EXTENSION"
"_BASELINE_FRONTEND_PHASE2_20260103_131246\pages\PuzzlesPlay.tsx",".tsx","4752","AGE_RELATED_SIGNAL","REVIEW_FOR_ADULTS_EXTENSION"
"_BASELINE_FRONTEND_PHASE2_20260103_131246\pages\SolvePuzzle.tsx",".tsx","9765","AGE_RELATED_SIGNAL","REVIEW_FOR_ADULTS_EXTENSION"
"_BASELINE_FRONTEND_PHASE2_20260103_131246\progress\ProgressPage.tsx",".tsx","1942","AGE_RELATED_SIGNAL","REVIEW_FOR_ADULTS_EXTENSION"
"_BASELINE_FRONTEND_PHASE2_20260103_131246\puzzles\phase5\phase5.registry.ts",".ts","708","NO_AGE_SIGNAL","NO_ACTION_NOW"
"_BASELINE_FRONTEND_PHASE2_20260103_131246\test\env.test.ts",".ts","380","NO_AGE_SIGNAL","NO_ACTION_NOW"
"_BASELINE_FRONTEND_PHASE2_20260103_131246\test\setup.ts",".ts","35","NO_AGE_SIGNAL","NO_ACTION_NOW"
"_BASELINE_FRONTEND_PHASE2_20260103_131246\test\smoke.test.ts",".ts","163","NO_AGE_SIGNAL","NO_ACTION_NOW"
"_BASELINE_FRONTEND_PHASE2_20260103_131246\vite-env.d.ts",".ts","168","NO_AGE_SIGNAL","NO_ACTION_NOW"
"_BASELINE_FRONTEND_PHASE3_20260103_133742\_legacy_js_backup_20251208\api.js",".js","826","NO_AGE_SIGNAL","NO_ACTION_NOW"
"_BASELINE_FRONTEND_PHASE3_20260103_133742\_legacy_js_backup_20251208\App.backup.js",".js","565","NO_AGE_SIGNAL","NO_ACTION_NOW"
"_BASELINE_FRONTEND_PHASE3_20260103_133742\_legacy_js_backup_20251208\App.js",".js","410","NO_AGE_SIGNAL","NO_ACTION_NOW"
"_BASELINE_FRONTEND_PHASE3_20260103_133742\_legacy_js_backup_20251208\auth.js",".js","168","AGE_RELATED_SIGNAL","REVIEW_FOR_ADULTS_EXTENSION"
"_BASELINE_FRONTEND_PHASE3_20260103_133742\_legacy_js_backup_20251208\dailyChallengeApi.js",".js","1354","AGE_RELATED_SIGNAL","REVIEW_FOR_ADULTS_EXTENSION"
"_BASELINE_FRONTEND_PHASE3_20260103_133742\_legacy_js_backup_20251208\DailyChallengeDetailPage.js",".js","7961","AGE_RELATED_SIGNAL","REVIEW_FOR_ADULTS_EXTENSION"
"_BASELINE_FRONTEND_PHASE3_20260103_133742\_legacy_js_backup_20251208\DailyChallengeHomeCard.js",".js","3280","AGE_RELATED_SIGNAL","REVIEW_FOR_ADULTS_EXTENSION"
"_BASELINE_FRONTEND_PHASE3_20260103_133742\_legacy_js_backup_20251208\ErrorBanner.js",".js","445","NO_AGE_SIGNAL","NO_ACTION_NOW"
"_BASELINE_FRONTEND_PHASE3_20260103_133742\_legacy_js_backup_20251208\ErrorBoundary.js",".js","807","AGE_RELATED_SIGNAL","REVIEW_FOR_ADULTS_EXTENSION"
"_BASELINE_FRONTEND_PHASE3_20260103_133742\_legacy_js_backup_20251208\GamePanel.js",".js","2562","NO_AGE_SIGNAL","NO_ACTION_NOW"
"_BASELINE_FRONTEND_PHASE3_20260103_133742\_legacy_js_backup_20251208\HealthPanel.js",".js","1783","AGE_RELATED_SIGNAL","REVIEW_FOR_ADULTS_EXTENSION"
"_BASELINE_FRONTEND_PHASE3_20260103_133742\_legacy_js_backup_20251208\main.js",".js","649","AGE_RELATED_SIGNAL","REVIEW_FOR_ADULTS_EXTENSION"
"_BASELINE_FRONTEND_PHASE3_20260103_133742\_legacy_js_backup_20251208\models.js",".js","11","NO_AGE_SIGNAL","NO_ACTION_NOW"
"_BASELINE_FRONTEND_PHASE3_20260103_133742\_legacy_js_backup_20251208\ProgressPanel.js",".js","1287","NO_AGE_SIGNAL","NO_ACTION_NOW"
"_BASELINE_FRONTEND_PHASE3_20260103_133742\_legacy_js_backup_20251208\ResultBanner.js",".js","443","NO_AGE_SIGNAL","NO_ACTION_NOW"
"_BASELINE_FRONTEND_PHASE3_20260103_133742\api.ts",".ts","2271","NO_AGE_SIGNAL","NO_ACTION_NOW"
"_BASELINE_FRONTEND_PHASE3_20260103_133742\App.backup.tsx",".tsx","469","NO_AGE_SIGNAL","NO_ACTION_NOW"
"_BASELINE_FRONTEND_PHASE3_20260103_133742\App.css",".css","606","NO_AGE_SIGNAL","NO_ACTION_NOW"
"_BASELINE_FRONTEND_PHASE3_20260103_133742\App.tsx",".tsx","1148","AGE_RELATED_SIGNAL","REVIEW_FOR_ADULTS_EXTENSION"
"_BASELINE_FRONTEND_PHASE3_20260103_133742\auth.ts",".ts","218","AGE_RELATED_SIGNAL","REVIEW_FOR_ADULTS_EXTENSION"
"_BASELINE_FRONTEND_PHASE3_20260103_133742\components\DailyCompletionCard.tsx",".tsx","2603","AGE_RELATED_SIGNAL","REVIEW_FOR_ADULTS_EXTENSION"
"_BASELINE_FRONTEND_PHASE3_20260103_133742\components\ErrorBanner.tsx",".tsx","363","NO_AGE_SIGNAL","NO_ACTION_NOW"
"_BASELINE_FRONTEND_PHASE3_20260103_133742\components\ErrorBoundary.tsx",".tsx","784","AGE_RELATED_SIGNAL","REVIEW_FOR_ADULTS_EXTENSION"
"_BASELINE_FRONTEND_PHASE3_20260103_133742\components\GamePanel.tsx",".tsx","1289","AGE_RELATED_SIGNAL","REVIEW_FOR_ADULTS_EXTENSION"
"_BASELINE_FRONTEND_PHASE3_20260103_133742\components\HealthPanel.tsx",".tsx","2278","AGE_RELATED_SIGNAL","REVIEW_FOR_ADULTS_EXTENSION"
"_BASELINE_FRONTEND_PHASE3_20260103_133742\components\ProgressPanel.tsx",".tsx","1019","AGE_RELATED_SIGNAL","REVIEW_FOR_ADULTS_EXTENSION"
"_BASELINE_FRONTEND_PHASE3_20260103_133742\components\ResultBanner.tsx",".tsx","465","NO_AGE_SIGNAL","NO_ACTION_NOW"
"_BASELINE_FRONTEND_PHASE3_20260103_133742\daily-challenge\dailyChallengeApi.ts",".ts","1602","NO_AGE_SIGNAL","NO_ACTION_NOW"
"_BASELINE_FRONTEND_PHASE3_20260103_133742\daily-challenge\DailyChallengeDetailPage.tsx",".tsx","10662","AGE_RELATED_SIGNAL","REVIEW_FOR_ADULTS_EXTENSION"
"_BASELINE_FRONTEND_PHASE3_20260103_133742\daily-challenge\DailyChallengeHomeCard.tsx",".tsx","2666","AGE_RELATED_SIGNAL","REVIEW_FOR_ADULTS_EXTENSION"
"_BASELINE_FRONTEND_PHASE3_20260103_133742\daily-challenge\models.ts",".ts","2307","NO_AGE_SIGNAL","NO_ACTION_NOW"
"_BASELINE_FRONTEND_PHASE3_20260103_133742\env.d.ts",".ts","42","NO_AGE_SIGNAL","NO_ACTION_NOW"
"_BASELINE_FRONTEND_PHASE3_20260103_133742\env_probe.ts",".ts","270","NO_AGE_SIGNAL","NO_ACTION_NOW"
"_BASELINE_FRONTEND_PHASE3_20260103_133742\index.css",".css","1154","NO_AGE_SIGNAL","NO_ACTION_NOW"
"_BASELINE_FRONTEND_PHASE3_20260103_133742\lib\api.QUARANTINED.ts",".ts","1042","NO_AGE_SIGNAL","NO_ACTION_NOW"
"_BASELINE_FRONTEND_PHASE3_20260103_133742\lib\auth.ts",".ts","168","AGE_RELATED_SIGNAL","REVIEW_FOR_ADULTS_EXTENSION"
"_BASELINE_FRONTEND_PHASE3_20260103_133742\main.tsx",".tsx","474","NO_AGE_SIGNAL","NO_ACTION_NOW"
"_BASELINE_FRONTEND_PHASE3_20260103_133742\pages\Daily.tsx",".tsx","2086","AGE_RELATED_SIGNAL","REVIEW_FOR_ADULTS_EXTENSION"
"_BASELINE_FRONTEND_PHASE3_20260103_133742\pages\Dashboard.tsx",".tsx","0","NO_AGE_SIGNAL","NO_ACTION_NOW"
"_BASELINE_FRONTEND_PHASE3_20260103_133742\pages\Progress.tsx",".tsx","1928","AGE_RELATED_SIGNAL","REVIEW_FOR_ADULTS_EXTENSION"
"_BASELINE_FRONTEND_PHASE3_20260103_133742\pages\PuzzlesPlay.tsx",".tsx","4752","AGE_RELATED_SIGNAL","REVIEW_FOR_ADULTS_EXTENSION"
"_BASELINE_FRONTEND_PHASE3_20260103_133742\pages\SolvePuzzle.tsx",".tsx","9765","AGE_RELATED_SIGNAL","REVIEW_FOR_ADULTS_EXTENSION"
"_BASELINE_FRONTEND_PHASE3_20260103_133742\progress\ProgressPage.tsx",".tsx","1942","AGE_RELATED_SIGNAL","REVIEW_FOR_ADULTS_EXTENSION"
"_BASELINE_FRONTEND_PHASE3_20260103_133742\puzzles\phase5\phase5.registry.ts",".ts","708","NO_AGE_SIGNAL","NO_ACTION_NOW"
"_BASELINE_FRONTEND_PHASE3_20260103_133742\test\env.test.ts",".ts","380","NO_AGE_SIGNAL","NO_ACTION_NOW"
"_BASELINE_FRONTEND_PHASE3_20260103_133742\test\setup.ts",".ts","35","NO_AGE_SIGNAL","NO_ACTION_NOW"
"_BASELINE_FRONTEND_PHASE3_20260103_133742\test\smoke.test.ts",".ts","163","NO_AGE_SIGNAL","NO_ACTION_NOW"
"_BASELINE_FRONTEND_PHASE3_20260103_133742\vite-env.d.ts",".ts","168","NO_AGE_SIGNAL","NO_ACTION_NOW"
"_BASELINE_FRONTEND_PHASE4_20260103_135829\_legacy_js_backup_20251208\api.js",".js","826","NO_AGE_SIGNAL","NO_ACTION_NOW"
"_BASELINE_FRONTEND_PHASE4_20260103_135829\_legacy_js_backup_20251208\App.backup.js",".js","565","NO_AGE_SIGNAL","NO_ACTION_NOW"
"_BASELINE_FRONTEND_PHASE4_20260103_135829\_legacy_js_backup_20251208\App.js",".js","410","NO_AGE_SIGNAL","NO_ACTION_NOW"
"_BASELINE_FRONTEND_PHASE4_20260103_135829\_legacy_js_backup_20251208\auth.js",".js","168","AGE_RELATED_SIGNAL","REVIEW_FOR_ADULTS_EXTENSION"
"_BASELINE_FRONTEND_PHASE4_20260103_135829\_legacy_js_backup_20251208\dailyChallengeApi.js",".js","1354","AGE_RELATED_SIGNAL","REVIEW_FOR_ADULTS_EXTENSION"
"_BASELINE_FRONTEND_PHASE4_20260103_135829\_legacy_js_backup_20251208\DailyChallengeDetailPage.js",".js","7961","AGE_RELATED_SIGNAL","REVIEW_FOR_ADULTS_EXTENSION"
"_BASELINE_FRONTEND_PHASE4_20260103_135829\_legacy_js_backup_20251208\DailyChallengeHomeCard.js",".js","3280","AGE_RELATED_SIGNAL","REVIEW_FOR_ADULTS_EXTENSION"
"_BASELINE_FRONTEND_PHASE4_20260103_135829\_legacy_js_backup_20251208\ErrorBanner.js",".js","445","NO_AGE_SIGNAL","NO_ACTION_NOW"
"_BASELINE_FRONTEND_PHASE4_20260103_135829\_legacy_js_backup_20251208\ErrorBoundary.js",".js","807","AGE_RELATED_SIGNAL","REVIEW_FOR_ADULTS_EXTENSION"
"_BASELINE_FRONTEND_PHASE4_20260103_135829\_legacy_js_backup_20251208\GamePanel.js",".js","2562","NO_AGE_SIGNAL","NO_ACTION_NOW"
"_BASELINE_FRONTEND_PHASE4_20260103_135829\_legacy_js_backup_20251208\HealthPanel.js",".js","1783","AGE_RELATED_SIGNAL","REVIEW_FOR_ADULTS_EXTENSION"
"_BASELINE_FRONTEND_PHASE4_20260103_135829\_legacy_js_backup_20251208\main.js",".js","649","AGE_RELATED_SIGNAL","REVIEW_FOR_ADULTS_EXTENSION"
"_BASELINE_FRONTEND_PHASE4_20260103_135829\_legacy_js_backup_20251208\models.js",".js","11","NO_AGE_SIGNAL","NO_ACTION_NOW"
"_BASELINE_FRONTEND_PHASE4_20260103_135829\_legacy_js_backup_20251208\ProgressPanel.js",".js","1287","NO_AGE_SIGNAL","NO_ACTION_NOW"
"_BASELINE_FRONTEND_PHASE4_20260103_135829\_legacy_js_backup_20251208\ResultBanner.js",".js","443","NO_AGE_SIGNAL","NO_ACTION_NOW"
"_BASELINE_FRONTEND_PHASE4_20260103_135829\api.ts",".ts","2271","NO_AGE_SIGNAL","NO_ACTION_NOW"
"_BASELINE_FRONTEND_PHASE4_20260103_135829\App.backup.tsx",".tsx","469","NO_AGE_SIGNAL","NO_ACTION_NOW"
"_BASELINE_FRONTEND_PHASE4_20260103_135829\App.css",".css","606","NO_AGE_SIGNAL","NO_ACTION_NOW"
"_BASELINE_FRONTEND_PHASE4_20260103_135829\App.tsx",".tsx","1148","AGE_RELATED_SIGNAL","REVIEW_FOR_ADULTS_EXTENSION"
"_BASELINE_FRONTEND_PHASE4_20260103_135829\auth.ts",".ts","218","AGE_RELATED_SIGNAL","REVIEW_FOR_ADULTS_EXTENSION"
"_BASELINE_FRONTEND_PHASE4_20260103_135829\components\DailyCompletionCard.tsx",".tsx","2603","AGE_RELATED_SIGNAL","REVIEW_FOR_ADULTS_EXTENSION"
"_BASELINE_FRONTEND_PHASE4_20260103_135829\components\ErrorBanner.tsx",".tsx","363","NO_AGE_SIGNAL","NO_ACTION_NOW"
"_BASELINE_FRONTEND_PHASE4_20260103_135829\components\ErrorBoundary.tsx",".tsx","784","AGE_RELATED_SIGNAL","REVIEW_FOR_ADULTS_EXTENSION"
"_BASELINE_FRONTEND_PHASE4_20260103_135829\components\GamePanel.tsx",".tsx","1289","AGE_RELATED_SIGNAL","REVIEW_FOR_ADULTS_EXTENSION"
"_BASELINE_FRONTEND_PHASE4_20260103_135829\components\HealthPanel.tsx",".tsx","2278","AGE_RELATED_SIGNAL","REVIEW_FOR_ADULTS_EXTENSION"
"_BASELINE_FRONTEND_PHASE4_20260103_135829\components\ProgressPanel.tsx",".tsx","1019","AGE_RELATED_SIGNAL","REVIEW_FOR_ADULTS_EXTENSION"
"_BASELINE_FRONTEND_PHASE4_20260103_135829\components\ResultBanner.tsx",".tsx","465","NO_AGE_SIGNAL","NO_ACTION_NOW"
"_BASELINE_FRONTEND_PHASE4_20260103_135829\daily-challenge\dailyChallengeApi.ts",".ts","1602","NO_AGE_SIGNAL","NO_ACTION_NOW"
"_BASELINE_FRONTEND_PHASE4_20260103_135829\daily-challenge\DailyChallengeDetailPage.tsx",".tsx","12624","AGE_RELATED_SIGNAL","REVIEW_FOR_ADULTS_EXTENSION"
"_BASELINE_FRONTEND_PHASE4_20260103_135829\daily-challenge\DailyChallengeHomeCard.tsx",".tsx","2666","AGE_RELATED_SIGNAL","REVIEW_FOR_ADULTS_EXTENSION"
"_BASELINE_FRONTEND_PHASE4_20260103_135829\daily-challenge\models.ts",".ts","2307","NO_AGE_SIGNAL","NO_ACTION_NOW"
"_BASELINE_FRONTEND_PHASE4_20260103_135829\env.d.ts",".ts","42","NO_AGE_SIGNAL","NO_ACTION_NOW"
"_BASELINE_FRONTEND_PHASE4_20260103_135829\env_probe.ts",".ts","270","NO_AGE_SIGNAL","NO_ACTION_NOW"
"_BASELINE_FRONTEND_PHASE4_20260103_135829\index.css",".css","1154","NO_AGE_SIGNAL","NO_ACTION_NOW"
"_BASELINE_FRONTEND_PHASE4_20260103_135829\lib\api.QUARANTINED.ts",".ts","1042","NO_AGE_SIGNAL","NO_ACTION_NOW"
"_BASELINE_FRONTEND_PHASE4_20260103_135829\lib\auth.ts",".ts","168","AGE_RELATED_SIGNAL","REVIEW_FOR_ADULTS_EXTENSION"
"_BASELINE_FRONTEND_PHASE4_20260103_135829\main.tsx",".tsx","474","NO_AGE_SIGNAL","NO_ACTION_NOW"
"_BASELINE_FRONTEND_PHASE4_20260103_135829\pages\Daily.tsx",".tsx","2086","AGE_RELATED_SIGNAL","REVIEW_FOR_ADULTS_EXTENSION"
"_BASELINE_FRONTEND_PHASE4_20260103_135829\pages\Dashboard.tsx",".tsx","0","NO_AGE_SIGNAL","NO_ACTION_NOW"
"_BASELINE_FRONTEND_PHASE4_20260103_135829\pages\Progress.tsx",".tsx","1928","AGE_RELATED_SIGNAL","REVIEW_FOR_ADULTS_EXTENSION"
"_BASELINE_FRONTEND_PHASE4_20260103_135829\pages\PuzzlesPlay.tsx",".tsx","4752","AGE_RELATED_SIGNAL","REVIEW_FOR_ADULTS_EXTENSION"
"_BASELINE_FRONTEND_PHASE4_20260103_135829\pages\SolvePuzzle.tsx",".tsx","9765","AGE_RELATED_SIGNAL","REVIEW_FOR_ADULTS_EXTENSION"
"_BASELINE_FRONTEND_PHASE4_20260103_135829\progress\ProgressPage.tsx",".tsx","1942","AGE_RELATED_SIGNAL","REVIEW_FOR_ADULTS_EXTENSION"
"_BASELINE_FRONTEND_PHASE4_20260103_135829\puzzles\phase5\phase5.registry.ts",".ts","708","NO_AGE_SIGNAL","NO_ACTION_NOW"
"_BASELINE_FRONTEND_PHASE4_20260103_135829\test\env.test.ts",".ts","380","NO_AGE_SIGNAL","NO_ACTION_NOW"
"_BASELINE_FRONTEND_PHASE4_20260103_135829\test\setup.ts",".ts","35","NO_AGE_SIGNAL","NO_ACTION_NOW"
"_BASELINE_FRONTEND_PHASE4_20260103_135829\test\smoke.test.ts",".ts","163","NO_AGE_SIGNAL","NO_ACTION_NOW"
"_BASELINE_FRONTEND_PHASE4_20260103_135829\vite-env.d.ts",".ts","168","NO_AGE_SIGNAL","NO_ACTION_NOW"
"_daily_closeout\snapshot_20251231_151341\App.tsx",".tsx","1148","AGE_RELATED_SIGNAL","REVIEW_FOR_ADULTS_EXTENSION"
"_daily_closeout\snapshot_20251231_151341\DailyChallengeDetailPage.tsx",".tsx","8637","AGE_RELATED_SIGNAL","REVIEW_FOR_ADULTS_EXTENSION"
"_daily_closeout\snapshot_20251231_151341\HealthPanel.tsx",".tsx","2278","AGE_RELATED_SIGNAL","REVIEW_FOR_ADULTS_EXTENSION"
"_daily_closeout\snapshot_20251231_151341\main.tsx",".tsx","474","NO_AGE_SIGNAL","NO_ACTION_NOW"
"_daily_closeout\snapshot_20251231_151341\SolvePuzzle.tsx",".tsx","5051","AGE_RELATED_SIGNAL","REVIEW_FOR_ADULTS_EXTENSION"
"_snapshots\phase2_complete_20251224_144242\backend_src\_quarantine\server.backup.js",".js","643","NO_AGE_SIGNAL","NO_ACTION_NOW"
"_snapshots\phase2_complete_20251224_144242\backend_src\_quarantine\server.js",".js","3531","NO_AGE_SIGNAL","NO_ACTION_NOW"
"_snapshots\phase2_complete_20251224_144242\backend_src\_quarantine\server.ts",".ts","3","NO_AGE_SIGNAL","NO_ACTION_NOW"
"_snapshots\phase2_complete_20251224_144242\backend_src\contentEngine.js",".js","4273","NO_AGE_SIGNAL","NO_ACTION_NOW"
"_snapshots\phase2_complete_20251224_144242\backend_src\daily-challenge\dailyChallengeEngine.ts",".ts","3464","AGE_RELATED_SIGNAL","REVIEW_FOR_ADULTS_EXTENSION"
"_snapshots\phase2_complete_20251224_144242\backend_src\daily-challenge\dailyChallengeRoutes.ts",".ts","5027","AGE_RELATED_SIGNAL","REVIEW_FOR_ADULTS_EXTENSION"
"_snapshots\phase2_complete_20251224_144242\backend_src\db.js",".js","312","NO_AGE_SIGNAL","NO_ACTION_NOW"
"_snapshots\phase2_complete_20251224_144242\backend_src\puzzles.json",".json","402","NO_AGE_SIGNAL","NO_ACTION_NOW"
"_snapshots\phase2_complete_20251224_144242\backend_src\puzzles\_legacy\puzzles.json",".json","402","NO_AGE_SIGNAL","NO_ACTION_NOW"
"_snapshots\phase2_complete_20251224_144242\backend_src\puzzles\index.json",".json","402","NO_AGE_SIGNAL","NO_ACTION_NOW"
"_snapshots\phase2_complete_20251224_144242\backend_src\routes\progress.ts",".ts","1147","NO_AGE_SIGNAL","NO_ACTION_NOW"
"_snapshots\phase2_complete_20251224_144242\backend_src\uxhelpers.js",".js","391","AGE_RELATED_SIGNAL","REVIEW_FOR_ADULTS_EXTENSION"
"_snapshots\phase2_complete_20251224_144242\frontend_src\_legacy_js_backup_20251208\api.js",".js","826","NO_AGE_SIGNAL","NO_ACTION_NOW"
"_snapshots\phase2_complete_20251224_144242\frontend_src\_legacy_js_backup_20251208\App.backup.js",".js","565","NO_AGE_SIGNAL","NO_ACTION_NOW"
"_snapshots\phase2_complete_20251224_144242\frontend_src\_legacy_js_backup_20251208\App.js",".js","410","NO_AGE_SIGNAL","NO_ACTION_NOW"
"_snapshots\phase2_complete_20251224_144242\frontend_src\_legacy_js_backup_20251208\auth.js",".js","168","AGE_RELATED_SIGNAL","REVIEW_FOR_ADULTS_EXTENSION"
"_snapshots\phase2_complete_20251224_144242\frontend_src\_legacy_js_backup_20251208\dailyChallengeApi.js",".js","1354","AGE_RELATED_SIGNAL","REVIEW_FOR_ADULTS_EXTENSION"
"_snapshots\phase2_complete_20251224_144242\frontend_src\_legacy_js_backup_20251208\DailyChallengeDetailPage.js",".js","7961","AGE_RELATED_SIGNAL","REVIEW_FOR_ADULTS_EXTENSION"
"_snapshots\phase2_complete_20251224_144242\frontend_src\_legacy_js_backup_20251208\DailyChallengeHomeCard.js",".js","3280","AGE_RELATED_SIGNAL","REVIEW_FOR_ADULTS_EXTENSION"
"_snapshots\phase2_complete_20251224_144242\frontend_src\_legacy_js_backup_20251208\ErrorBanner.js",".js","445","NO_AGE_SIGNAL","NO_ACTION_NOW"
"_snapshots\phase2_complete_20251224_144242\frontend_src\_legacy_js_backup_20251208\ErrorBoundary.js",".js","807","AGE_RELATED_SIGNAL","REVIEW_FOR_ADULTS_EXTENSION"
"_snapshots\phase2_complete_20251224_144242\frontend_src\_legacy_js_backup_20251208\GamePanel.js",".js","2562","NO_AGE_SIGNAL","NO_ACTION_NOW"
"_snapshots\phase2_complete_20251224_144242\frontend_src\_legacy_js_backup_20251208\HealthPanel.js",".js","1783","AGE_RELATED_SIGNAL","REVIEW_FOR_ADULTS_EXTENSION"
"_snapshots\phase2_complete_20251224_144242\frontend_src\_legacy_js_backup_20251208\main.js",".js","649","AGE_RELATED_SIGNAL","REVIEW_FOR_ADULTS_EXTENSION"
"_snapshots\phase2_complete_20251224_144242\frontend_src\_legacy_js_backup_20251208\models.js",".js","11","NO_AGE_SIGNAL","NO_ACTION_NOW"
"_snapshots\phase2_complete_20251224_144242\frontend_src\_legacy_js_backup_20251208\ProgressPanel.js",".js","1287","NO_AGE_SIGNAL","NO_ACTION_NOW"
"_snapshots\phase2_complete_20251224_144242\frontend_src\_legacy_js_backup_20251208\ResultBanner.js",".js","443","NO_AGE_SIGNAL","NO_ACTION_NOW"
"_snapshots\phase2_complete_20251224_144242\frontend_src\api.ts",".ts","2252","NO_AGE_SIGNAL","NO_ACTION_NOW"
"_snapshots\phase2_complete_20251224_144242\frontend_src\App.backup.tsx",".tsx","469","NO_AGE_SIGNAL","NO_ACTION_NOW"
"_snapshots\phase2_complete_20251224_144242\frontend_src\App.css",".css","606","NO_AGE_SIGNAL","NO_ACTION_NOW"
"_snapshots\phase2_complete_20251224_144242\frontend_src\App.tsx",".tsx","1197","AGE_RELATED_SIGNAL","REVIEW_FOR_ADULTS_EXTENSION"
"_snapshots\phase2_complete_20251224_144242\frontend_src\auth.ts",".ts","218","AGE_RELATED_SIGNAL","REVIEW_FOR_ADULTS_EXTENSION"
"_snapshots\phase2_complete_20251224_144242\frontend_src\components\DailyCompletionCard.tsx",".tsx","2603","AGE_RELATED_SIGNAL","REVIEW_FOR_ADULTS_EXTENSION"
"_snapshots\phase2_complete_20251224_144242\frontend_src\components\ErrorBanner.tsx",".tsx","363","NO_AGE_SIGNAL","NO_ACTION_NOW"
"_snapshots\phase2_complete_20251224_144242\frontend_src\components\ErrorBoundary.tsx",".tsx","784","AGE_RELATED_SIGNAL","REVIEW_FOR_ADULTS_EXTENSION"
"_snapshots\phase2_complete_20251224_144242\frontend_src\components\GamePanel.tsx",".tsx","1289","AGE_RELATED_SIGNAL","REVIEW_FOR_ADULTS_EXTENSION"
"_snapshots\phase2_complete_20251224_144242\frontend_src\components\HealthPanel.tsx",".tsx","1749","AGE_RELATED_SIGNAL","REVIEW_FOR_ADULTS_EXTENSION"
"_snapshots\phase2_complete_20251224_144242\frontend_src\components\ProgressPanel.tsx",".tsx","1019","AGE_RELATED_SIGNAL","REVIEW_FOR_ADULTS_EXTENSION"
"_snapshots\phase2_complete_20251224_144242\frontend_src\components\ResultBanner.tsx",".tsx","465","NO_AGE_SIGNAL","NO_ACTION_NOW"
"_snapshots\phase2_complete_20251224_144242\frontend_src\daily-challenge\dailyChallengeApi.ts",".ts","1602","NO_AGE_SIGNAL","NO_ACTION_NOW"
"_snapshots\phase2_complete_20251224_144242\frontend_src\daily-challenge\DailyChallengeDetailPage.tsx",".tsx","6656","AGE_RELATED_SIGNAL","REVIEW_FOR_ADULTS_EXTENSION"
"_snapshots\phase2_complete_20251224_144242\frontend_src\daily-challenge\DailyChallengeHomeCard.tsx",".tsx","2666","AGE_RELATED_SIGNAL","REVIEW_FOR_ADULTS_EXTENSION"
"_snapshots\phase2_complete_20251224_144242\frontend_src\daily-challenge\models.ts",".ts","2307","NO_AGE_SIGNAL","NO_ACTION_NOW"
"_snapshots\phase2_complete_20251224_144242\frontend_src\env.d.ts",".ts","42","NO_AGE_SIGNAL","NO_ACTION_NOW"
"_snapshots\phase2_complete_20251224_144242\frontend_src\env_probe.ts",".ts","270","NO_AGE_SIGNAL","NO_ACTION_NOW"
"_snapshots\phase2_complete_20251224_144242\frontend_src\GamePanel.tsx",".tsx","3577","NO_AGE_SIGNAL","NO_ACTION_NOW"
"_snapshots\phase2_complete_20251224_144242\frontend_src\index.css",".css","1154","NO_AGE_SIGNAL","NO_ACTION_NOW"
"_snapshots\phase2_complete_20251224_144242\frontend_src\lib\api.QUARANTINED.ts",".ts","1042","NO_AGE_SIGNAL","NO_ACTION_NOW"
"_snapshots\phase2_complete_20251224_144242\frontend_src\lib\auth.ts",".ts","168","AGE_RELATED_SIGNAL","REVIEW_FOR_ADULTS_EXTENSION"
"_snapshots\phase2_complete_20251224_144242\frontend_src\main.tsx",".tsx","380","NO_AGE_SIGNAL","NO_ACTION_NOW"
"_snapshots\phase2_complete_20251224_144242\frontend_src\pages\Daily.tsx",".tsx","2086","AGE_RELATED_SIGNAL","REVIEW_FOR_ADULTS_EXTENSION"
"_snapshots\phase2_complete_20251224_144242\frontend_src\pages\Dashboard.tsx",".tsx","0","NO_AGE_SIGNAL","NO_ACTION_NOW"
"_snapshots\phase2_complete_20251224_144242\frontend_src\pages\Progress.tsx",".tsx","1695","AGE_RELATED_SIGNAL","REVIEW_FOR_ADULTS_EXTENSION"
"_snapshots\phase2_complete_20251224_144242\frontend_src\progress\ProgressPage.tsx",".tsx","1942","AGE_RELATED_SIGNAL","REVIEW_FOR_ADULTS_EXTENSION"
"_snapshots\phase2_complete_20251224_144242\frontend_src\ProgressPanel.tsx",".tsx","1231","NO_AGE_SIGNAL","NO_ACTION_NOW"
"_snapshots\phase2_complete_20251224_144242\frontend_src\test\env.test.ts",".ts","380","NO_AGE_SIGNAL","NO_ACTION_NOW"
"_snapshots\phase2_complete_20251224_144242\frontend_src\test\setup.ts",".ts","35","NO_AGE_SIGNAL","NO_ACTION_NOW"
"_snapshots\phase2_complete_20251224_144242\frontend_src\test\smoke.test.ts",".ts","163","NO_AGE_SIGNAL","NO_ACTION_NOW"
"_snapshots\phase2_complete_20251224_144242\frontend_src\vite-env.d.ts",".ts","168","NO_AGE_SIGNAL","NO_ACTION_NOW"
"api\package.json",".json","250","NO_AGE_SIGNAL","NO_ACTION_NOW"
"api\server.js",".js","1032","NO_AGE_SIGNAL","NO_ACTION_NOW"
"ARCHIVE_DUPLICATES_2025-12-27\backend\data\puzzles.json",".json","861","NO_AGE_SIGNAL","NO_ACTION_NOW"
"ARCHIVE_DUPLICATES_2025-12-27\backend\src\data\progress.json",".json","131","NO_AGE_SIGNAL","NO_ACTION_NOW"
"ARCHIVE_DUPLICATES_2025-12-27\backend_backup_phase12_20251126_202223\contentEngine.js",".js","4273","NO_AGE_SIGNAL","NO_ACTION_NOW"
"ARCHIVE_DUPLICATES_2025-12-27\backend_backup_phase12_20251126_202223\daily-challenge\dailyChallengeEngine.ts",".ts","3464","AGE_RELATED_SIGNAL","REVIEW_FOR_ADULTS_EXTENSION"
"ARCHIVE_DUPLICATES_2025-12-27\backend_backup_phase12_20251126_202223\daily-challenge\dailyChallengeRoutes.ts",".ts","5027","AGE_RELATED_SIGNAL","REVIEW_FOR_ADULTS_EXTENSION"
"ARCHIVE_DUPLICATES_2025-12-27\backend_backup_phase12_20251126_202223\db.js",".js","312","NO_AGE_SIGNAL","NO_ACTION_NOW"
"ARCHIVE_DUPLICATES_2025-12-27\backend_backup_phase12_20251126_202223\puzzles.json",".json","318","NO_AGE_SIGNAL","NO_ACTION_NOW"
"ARCHIVE_DUPLICATES_2025-12-27\backend_backup_phase12_20251126_202223\server.backup.js",".js","643","NO_AGE_SIGNAL","NO_ACTION_NOW"
"ARCHIVE_DUPLICATES_2025-12-27\backend_backup_phase12_20251126_202223\server.js",".js","1604","NO_AGE_SIGNAL","NO_ACTION_NOW"
"ARCHIVE_DUPLICATES_2025-12-27\backend_backup_phase12_20251126_202223\server.ts",".ts","3","NO_AGE_SIGNAL","NO_ACTION_NOW"
"ARCHIVE_DUPLICATES_2025-12-27\backend_backup_phase12_20251126_202223\uxhelpers.js",".js","391","AGE_RELATED_SIGNAL","REVIEW_FOR_ADULTS_EXTENSION"
"ARCHIVE_DUPLICATES_2025-12-27\DailyChallengeDetailPage.tsx",".tsx","8422","AGE_RELATED_SIGNAL","REVIEW_FOR_ADULTS_EXTENSION"
"ARCHIVE_DUPLICATES_2025-12-27\frontend\src\GamePanel.tsx",".tsx","3577","NO_AGE_SIGNAL","NO_ACTION_NOW"
"ARCHIVE_DUPLICATES_2025-12-27\frontend\src\ProgressPanel.tsx",".tsx","1231","NO_AGE_SIGNAL","NO_ACTION_NOW"
"ARCHIVE_DUPLICATES_2025-12-27\frontend_20251029_090727\eslint.config.js",".js","621","AGE_RELATED_SIGNAL","REVIEW_FOR_ADULTS_EXTENSION"
"ARCHIVE_DUPLICATES_2025-12-27\frontend_20251029_090727\index.html",".html","373","AGE_RELATED_SIGNAL","REVIEW_FOR_ADULTS_EXTENSION"
"ARCHIVE_DUPLICATES_2025-12-27\frontend_20251029_090727\package.json",".json","729","NO_AGE_SIGNAL","NO_ACTION_NOW"
"ARCHIVE_DUPLICATES_2025-12-27\frontend_20251029_090727\package-lock.json",".json","103323","AGE_RELATED_SIGNAL","REVIEW_FOR_ADULTS_EXTENSION"
"ARCHIVE_DUPLICATES_2025-12-27\frontend_20251029_090727\src\api.ts",".ts","915","NO_AGE_SIGNAL","NO_ACTION_NOW"
"ARCHIVE_DUPLICATES_2025-12-27\frontend_20251029_090727\src\App.css",".css","606","NO_AGE_SIGNAL","NO_ACTION_NOW"
"ARCHIVE_DUPLICATES_2025-12-27\frontend_20251029_090727\src\App.tsx",".tsx","1911","AGE_RELATED_SIGNAL","REVIEW_FOR_ADULTS_EXTENSION"
"ARCHIVE_DUPLICATES_2025-12-27\frontend_20251029_090727\src\auth.ts",".ts","229","AGE_RELATED_SIGNAL","REVIEW_FOR_ADULTS_EXTENSION"
"ARCHIVE_DUPLICATES_2025-12-27\frontend_20251029_090727\src\components\ErrorBanner.tsx",".tsx","287","AGE_RELATED_SIGNAL","REVIEW_FOR_ADULTS_EXTENSION"
"ARCHIVE_DUPLICATES_2025-12-27\frontend_20251029_090727\src\index.css",".css","1154","NO_AGE_SIGNAL","NO_ACTION_NOW"
"ARCHIVE_DUPLICATES_2025-12-27\frontend_20251029_090727\src\main.tsx",".tsx","230","NO_AGE_SIGNAL","NO_ACTION_NOW"
"ARCHIVE_DUPLICATES_2025-12-27\frontend_20251029_090727\tsconfig.app.json",".json","732","NO_AGE_SIGNAL","NO_ACTION_NOW"
"ARCHIVE_DUPLICATES_2025-12-27\frontend_20251029_090727\tsconfig.json",".json","119","NO_AGE_SIGNAL","NO_ACTION_NOW"
"ARCHIVE_DUPLICATES_2025-12-27\frontend_20251029_090727\tsconfig.node.json",".json","653","NO_AGE_SIGNAL","NO_ACTION_NOW"
"ARCHIVE_DUPLICATES_2025-12-27\frontend_20251029_090727\vite.config.ts",".ts","165","NO_AGE_SIGNAL","NO_ACTION_NOW"
"artifacts\core_20251111_173639\summary.json",".json","130","NO_AGE_SIGNAL","NO_ACTION_NOW"
"artifacts\core_20251111_173725\summary.json",".json","130","NO_AGE_SIGNAL","NO_ACTION_NOW"
"artifacts\core_20251111_173738\summary.json",".json","130","NO_AGE_SIGNAL","NO_ACTION_NOW"
"artifacts\k6_20251111_173653\script.js",".js","397","NO_AGE_SIGNAL","NO_ACTION_NOW"
"artifacts\k6_20251111_173751\script.js",".js","397","NO_AGE_SIGNAL","NO_ACTION_NOW"
"artifacts\orchestrator_20251111_173725\summary.json",".json","127","NO_AGE_SIGNAL","NO_ACTION_NOW"
"artifacts\orchestrator_20251111_173738\summary.json",".json","140","NO_AGE_SIGNAL","NO_ACTION_NOW"
"backend\backups\manual_edits\PHASE_2_1D_CLEAN_v2_20251214_161048\proof_parse_puzzles.js",".js","157","NO_AGE_SIGNAL","NO_ACTION_NOW"
"backend\data\progress.json",".json","130","NO_AGE_SIGNAL","NO_ACTION_NOW"
"backend\data\scores.json",".json","641","AGE_RELATED_SIGNAL","REVIEW_FOR_ADULTS_EXTENSION"
"backend\nodemon.json",".json","107","NO_AGE_SIGNAL","NO_ACTION_NOW"
"backend\package.json",".json","125","NO_AGE_SIGNAL","NO_ACTION_NOW"
"backend\package-lock.json",".json","29820","AGE_RELATED_SIGNAL","REVIEW_FOR_ADULTS_EXTENSION"
"backend\routes\score.js",".js","201","NO_AGE_SIGNAL","NO_ACTION_NOW"
"backend\server.js",".js","904","NO_AGE_SIGNAL","NO_ACTION_NOW"
"backend\src\_quarantine\server.backup.js",".js","643","NO_AGE_SIGNAL","NO_ACTION_NOW"
"backend\src\_quarantine\server.js",".js","3531","NO_AGE_SIGNAL","NO_ACTION_NOW"
"backend\src\_quarantine\server.ts",".ts","3","NO_AGE_SIGNAL","NO_ACTION_NOW"
"backend\src\contentEngine.js",".js","4273","NO_AGE_SIGNAL","NO_ACTION_NOW"
"backend\src\daily-challenge\dailyChallengeEngine.ts",".ts","3464","AGE_RELATED_SIGNAL","REVIEW_FOR_ADULTS_EXTENSION"
"backend\src\daily-challenge\dailyChallengeRoutes.ts",".ts","8551","AGE_RELATED_SIGNAL","REVIEW_FOR_ADULTS_EXTENSION"
"backend\src\data\progress.json",".json","203","NO_AGE_SIGNAL","NO_ACTION_NOW"
"backend\src\data\puzzleDifficulty.json",".json","279","NO_AGE_SIGNAL","NO_ACTION_NOW"
"backend\src\db.js",".js","312","NO_AGE_SIGNAL","NO_ACTION_NOW"
"backend\src\game\adaptive_recommendation_v2.js",".js","1453","NO_AGE_SIGNAL","NO_ACTION_NOW"
"backend\src\game\adaptive_recommendation_v2_test.js",".js","1763","AGE_RELATED_SIGNAL","REVIEW_FOR_ADULTS_EXTENSION"
"backend\src\game\ai_dataset_export_orchestrator_v2.js",".js","413","NO_AGE_SIGNAL","NO_ACTION_NOW"
"backend\src\game\ai_dataset_export_orchestrator_v2_test.js",".js","1055","AGE_RELATED_SIGNAL","REVIEW_FOR_ADULTS_EXTENSION"
"backend\src\game\ai_dataset_export_v2.js",".js","928","AGE_RELATED_SIGNAL","REVIEW_FOR_ADULTS_EXTENSION"
"backend\src\game\ai_dataset_export_v2_schema.json",".json","448","AGE_RELATED_SIGNAL","REVIEW_FOR_ADULTS_EXTENSION"
"backend\src\game\ai_dataset_export_v2_test.js",".js","1023","AGE_RELATED_SIGNAL","REVIEW_FOR_ADULTS_EXTENSION"
"backend\src\game\cognitive_monthly_report_generator_v2.js",".js","558","NO_AGE_SIGNAL","NO_ACTION_NOW"
"backend\src\game\cognitive_monthly_report_generator_v2_test.js",".js","684","AGE_RELATED_SIGNAL","REVIEW_FOR_ADULTS_EXTENSION"
"backend\src\game\cognitive_monthly_report_v2_schema.json",".json","368","NO_AGE_SIGNAL","NO_ACTION_NOW"
"backend\src\game\cognitive_report_generator_v2.js",".js","523","NO_AGE_SIGNAL","NO_ACTION_NOW"
"backend\src\game\cognitive_report_generator_v2_test.js",".js","583","AGE_RELATED_SIGNAL","REVIEW_FOR_ADULTS_EXTENSION"
"backend\src\game\cognitive_weekly_report_v2_schema.json",".json","349","NO_AGE_SIGNAL","NO_ACTION_NOW"
"backend\src\game\mindlab_v2_export_service.js",".js","215","NO_AGE_SIGNAL","NO_ACTION_NOW"
"backend\src\game\mindlab_v2_persistence_service.js",".js","690","NO_AGE_SIGNAL","NO_ACTION_NOW"
"backend\src\game\mindlab_v2_persistence_store.js",".js","871","NO_AGE_SIGNAL","NO_ACTION_NOW"
"backend\src\game\mindlab_v2_route_registry.js",".js","995","NO_AGE_SIGNAL","NO_ACTION_NOW"
"backend\src\game\mindlab_v2_route_registry_test.js",".js","3262","AGE_RELATED_SIGNAL","REVIEW_FOR_ADULTS_EXTENSION"
"backend\src\game\mindlab_v2_runtime_store.json",".json","53","NO_AGE_SIGNAL","NO_ACTION_NOW"
"backend\src\game\puzzle_dna_v2_schema.json",".json","433","AGE_RELATED_SIGNAL","REVIEW_FOR_ADULTS_EXTENSION"
"backend\src\game\puzzle_generation_api_controller_v2.js",".js","346","NO_AGE_SIGNAL","NO_ACTION_NOW"
"backend\src\game\puzzle_generation_api_controller_v2_test.js",".js","1011","AGE_RELATED_SIGNAL","REVIEW_FOR_ADULTS_EXTENSION"
"backend\src\game\puzzle_generation_orchestrator_v2.js",".js","646","NO_AGE_SIGNAL","NO_ACTION_NOW"
"backend\src\game\puzzle_generation_request_v2_schema.json",".json","328","AGE_RELATED_SIGNAL","REVIEW_FOR_ADULTS_EXTENSION"
"backend\src\game\puzzle_generation_response_v2_schema.json",".json","205","NO_AGE_SIGNAL","NO_ACTION_NOW"
"backend\src\game\puzzle_generation_service_v2.js",".js","1095","NO_AGE_SIGNAL","NO_ACTION_NOW"
"backend\src\game\recommendation_api_controller_v2.js",".js","513","NO_AGE_SIGNAL","NO_ACTION_NOW"
"backend\src\game\recommendation_service_v2.js",".js","1150","NO_AGE_SIGNAL","NO_ACTION_NOW"
"backend\src\game\user_skill_profile_v2_schema.json",".json","231","AGE_RELATED_SIGNAL","REVIEW_FOR_ADULTS_EXTENSION"
"backend\src\game\user_skill_progression_v2.js",".js","1334","NO_AGE_SIGNAL","NO_ACTION_NOW"
"backend\src\game\user_skill_progression_v2_test.js",".js","1641","AGE_RELATED_SIGNAL","REVIEW_FOR_ADULTS_EXTENSION"
"backend\src\puzzles.json",".json","402","NO_AGE_SIGNAL","NO_ACTION_NOW"
"backend\src\puzzles\_legacy\puzzles.json",".json","402","NO_AGE_SIGNAL","NO_ACTION_NOW"
"backend\src\puzzles\index.json",".json","2264","NO_AGE_SIGNAL","NO_ACTION_NOW"
"backend\src\routes\progress.ts",".ts","1147","NO_AGE_SIGNAL","NO_ACTION_NOW"
"backend\src\routes\score.js",".js","190","NO_AGE_SIGNAL","NO_ACTION_NOW"
"backend\src\uxhelpers.js",".js","391","AGE_RELATED_SIGNAL","REVIEW_FOR_ADULTS_EXTENSION"
"backend\tests\contract\_reset.contract.helper.js",".js","393","NO_AGE_SIGNAL","NO_ACTION_NOW"
"backend\tests\contract\daily_answer_validation.contract.test.js",".js","1349","NO_AGE_SIGNAL","NO_ACTION_NOW"
"backend\tests\contract\daily_challenge_api.contract.test.js",".js","2701","NO_AGE_SIGNAL","NO_ACTION_NOW"
"backend\tests\contract\daily_rollover.contract.test.js",".js","557","NO_AGE_SIGNAL","NO_ACTION_NOW"
"backend\tests\contract\daily_todayKey.contract.test.js",".js","1231","NO_AGE_SIGNAL","NO_ACTION_NOW"
"backend\tests\contract\health_api.contract.test.js",".js","2048","NO_AGE_SIGNAL","NO_ACTION_NOW"
"backend\tests\contract\jest.setup.contract.js",".js","179","NO_AGE_SIGNAL","NO_ACTION_NOW"
"backend\tests\contract\progress_api.contract.test.js",".js","2786","NO_AGE_SIGNAL","NO_ACTION_NOW"
"backend\tests\policy_puzzles_source.test.js",".js","533","NO_AGE_SIGNAL","NO_ACTION_NOW"
"backend\tests\progressRoutes_shape.test.js",".js","261","NO_AGE_SIGNAL","NO_ACTION_NOW"
"backend\tests\puzzles_json.test.js",".js","541","NO_AGE_SIGNAL","NO_ACTION_NOW"
"backups\app_router_debug_2025-11-29_1643\App.tsx",".tsx","621","AGE_RELATED_SIGNAL","REVIEW_FOR_ADULTS_EXTENSION"
"backups\app_simple_debug_2025-11-29_1701\App.tsx",".tsx","1475","AGE_RELATED_SIGNAL","REVIEW_FOR_ADULTS_EXTENSION"
"backups\baseline_snapshots\baseline_20251214_115859\backend\package.json",".json","703","NO_AGE_SIGNAL","NO_ACTION_NOW"
"backups\baseline_snapshots\baseline_20251214_115859\backend\package-lock.json",".json","64691","AGE_RELATED_SIGNAL","REVIEW_FOR_ADULTS_EXTENSION"
"backups\baseline_snapshots\baseline_20251214_115859\backend\src\_quarantine\server.backup.js",".js","643","NO_AGE_SIGNAL","NO_ACTION_NOW"
"backups\baseline_snapshots\baseline_20251214_115859\backend\src\_quarantine\server.js",".js","3531","NO_AGE_SIGNAL","NO_ACTION_NOW"
"backups\baseline_snapshots\baseline_20251214_115859\backend\src\_quarantine\server.ts",".ts","3","NO_AGE_SIGNAL","NO_ACTION_NOW"
"backups\baseline_snapshots\baseline_20251214_115859\backend\src\contentEngine.js",".js","4273","NO_AGE_SIGNAL","NO_ACTION_NOW"
"backups\baseline_snapshots\baseline_20251214_115859\backend\src\daily-challenge\dailyChallengeEngine.ts",".ts","3464","AGE_RELATED_SIGNAL","REVIEW_FOR_ADULTS_EXTENSION"
"backups\baseline_snapshots\baseline_20251214_115859\backend\src\daily-challenge\dailyChallengeRoutes.ts",".ts","5027","AGE_RELATED_SIGNAL","REVIEW_FOR_ADULTS_EXTENSION"
"backups\baseline_snapshots\baseline_20251214_115859\backend\src\db.js",".js","312","NO_AGE_SIGNAL","NO_ACTION_NOW"
"backups\baseline_snapshots\baseline_20251214_115859\backend\src\puzzles.json",".json","318","NO_AGE_SIGNAL","NO_ACTION_NOW"
"backups\baseline_snapshots\baseline_20251214_115859\backend\src\uxhelpers.js",".js","391","AGE_RELATED_SIGNAL","REVIEW_FOR_ADULTS_EXTENSION"
"backups\baseline_snapshots\baseline_20251214_115859\frontend\package.json",".json","1011","NO_AGE_SIGNAL","NO_ACTION_NOW"
"backups\baseline_snapshots\baseline_20251214_115859\frontend\package-lock.json",".json","94874","AGE_RELATED_SIGNAL","REVIEW_FOR_ADULTS_EXTENSION"
"backups\baseline_snapshots\baseline_20251214_115859\frontend\src\_legacy_js_backup_20251208\api.js",".js","826","NO_AGE_SIGNAL","NO_ACTION_NOW"
"backups\baseline_snapshots\baseline_20251214_115859\frontend\src\_legacy_js_backup_20251208\App.backup.js",".js","565","NO_AGE_SIGNAL","NO_ACTION_NOW"
"backups\baseline_snapshots\baseline_20251214_115859\frontend\src\_legacy_js_backup_20251208\App.js",".js","410","NO_AGE_SIGNAL","NO_ACTION_NOW"
"backups\baseline_snapshots\baseline_20251214_115859\frontend\src\_legacy_js_backup_20251208\auth.js",".js","168","AGE_RELATED_SIGNAL","REVIEW_FOR_ADULTS_EXTENSION"
"backups\baseline_snapshots\baseline_20251214_115859\frontend\src\_legacy_js_backup_20251208\dailyChallengeApi.js",".js","1354","AGE_RELATED_SIGNAL","REVIEW_FOR_ADULTS_EXTENSION"
"backups\baseline_snapshots\baseline_20251214_115859\frontend\src\_legacy_js_backup_20251208\DailyChallengeDetailPage.js",".js","7961","AGE_RELATED_SIGNAL","REVIEW_FOR_ADULTS_EXTENSION"
"backups\baseline_snapshots\baseline_20251214_115859\frontend\src\_legacy_js_backup_20251208\DailyChallengeHomeCard.js",".js","3280","AGE_RELATED_SIGNAL","REVIEW_FOR_ADULTS_EXTENSION"
"backups\baseline_snapshots\baseline_20251214_115859\frontend\src\_legacy_js_backup_20251208\ErrorBanner.js",".js","445","NO_AGE_SIGNAL","NO_ACTION_NOW"
"backups\baseline_snapshots\baseline_20251214_115859\frontend\src\_legacy_js_backup_20251208\ErrorBoundary.js",".js","807","AGE_RELATED_SIGNAL","REVIEW_FOR_ADULTS_EXTENSION"
"backups\baseline_snapshots\baseline_20251214_115859\frontend\src\_legacy_js_backup_20251208\GamePanel.js",".js","2562","NO_AGE_SIGNAL","NO_ACTION_NOW"
"backups\baseline_snapshots\baseline_20251214_115859\frontend\src\_legacy_js_backup_20251208\HealthPanel.js",".js","1783","AGE_RELATED_SIGNAL","REVIEW_FOR_ADULTS_EXTENSION"
"backups\baseline_snapshots\baseline_20251214_115859\frontend\src\_legacy_js_backup_20251208\main.js",".js","649","AGE_RELATED_SIGNAL","REVIEW_FOR_ADULTS_EXTENSION"
"backups\baseline_snapshots\baseline_20251214_115859\frontend\src\_legacy_js_backup_20251208\models.js",".js","11","NO_AGE_SIGNAL","NO_ACTION_NOW"
"backups\baseline_snapshots\baseline_20251214_115859\frontend\src\_legacy_js_backup_20251208\ProgressPanel.js",".js","1287","NO_AGE_SIGNAL","NO_ACTION_NOW"
"backups\baseline_snapshots\baseline_20251214_115859\frontend\src\_legacy_js_backup_20251208\ResultBanner.js",".js","443","NO_AGE_SIGNAL","NO_ACTION_NOW"
"backups\baseline_snapshots\baseline_20251214_115859\frontend\src\api.ts",".ts","2394","NO_AGE_SIGNAL","NO_ACTION_NOW"
"backups\baseline_snapshots\baseline_20251214_115859\frontend\src\App.backup.tsx",".tsx","469","NO_AGE_SIGNAL","NO_ACTION_NOW"
"backups\baseline_snapshots\baseline_20251214_115859\frontend\src\App.css",".css","606","NO_AGE_SIGNAL","NO_ACTION_NOW"
"backups\baseline_snapshots\baseline_20251214_115859\frontend\src\App.tsx",".tsx","1197","AGE_RELATED_SIGNAL","REVIEW_FOR_ADULTS_EXTENSION"
"backups\baseline_snapshots\baseline_20251214_115859\frontend\src\auth.ts",".ts","218","AGE_RELATED_SIGNAL","REVIEW_FOR_ADULTS_EXTENSION"
"backups\baseline_snapshots\baseline_20251214_115859\frontend\src\components\DailyCompletionCard.tsx",".tsx","2603","AGE_RELATED_SIGNAL","REVIEW_FOR_ADULTS_EXTENSION"
"backups\baseline_snapshots\baseline_20251214_115859\frontend\src\components\ErrorBanner.tsx",".tsx","363","NO_AGE_SIGNAL","NO_ACTION_NOW"
"backups\baseline_snapshots\baseline_20251214_115859\frontend\src\components\ErrorBoundary.tsx",".tsx","784","AGE_RELATED_SIGNAL","REVIEW_FOR_ADULTS_EXTENSION"
"backups\baseline_snapshots\baseline_20251214_115859\frontend\src\components\GamePanel.tsx",".tsx","1287","AGE_RELATED_SIGNAL","REVIEW_FOR_ADULTS_EXTENSION"
"backups\baseline_snapshots\baseline_20251214_115859\frontend\src\components\HealthPanel.tsx",".tsx","2749","AGE_RELATED_SIGNAL","REVIEW_FOR_ADULTS_EXTENSION"
"backups\baseline_snapshots\baseline_20251214_115859\frontend\src\components\ProgressPanel.tsx",".tsx","1019","AGE_RELATED_SIGNAL","REVIEW_FOR_ADULTS_EXTENSION"
"backups\baseline_snapshots\baseline_20251214_115859\frontend\src\components\ResultBanner.tsx",".tsx","465","NO_AGE_SIGNAL","NO_ACTION_NOW"
"backups\baseline_snapshots\baseline_20251214_115859\frontend\src\daily-challenge\dailyChallengeApi.ts",".ts","2444","AGE_RELATED_SIGNAL","REVIEW_FOR_ADULTS_EXTENSION"
"backups\baseline_snapshots\baseline_20251214_115859\frontend\src\daily-challenge\DailyChallengeDetailPage.tsx",".tsx","5329","AGE_RELATED_SIGNAL","REVIEW_FOR_ADULTS_EXTENSION"
"backups\baseline_snapshots\baseline_20251214_115859\frontend\src\daily-challenge\DailyChallengeHomeCard.tsx",".tsx","3067","AGE_RELATED_SIGNAL","REVIEW_FOR_ADULTS_EXTENSION"
"backups\baseline_snapshots\baseline_20251214_115859\frontend\src\daily-challenge\models.ts",".ts","2307","NO_AGE_SIGNAL","NO_ACTION_NOW"
"backups\baseline_snapshots\baseline_20251214_115859\frontend\src\env.d.ts",".ts","42","NO_AGE_SIGNAL","NO_ACTION_NOW"
"backups\baseline_snapshots\baseline_20251214_115859\frontend\src\GamePanel.tsx",".tsx","2457","NO_AGE_SIGNAL","NO_ACTION_NOW"
"backups\baseline_snapshots\baseline_20251214_115859\frontend\src\index.css",".css","1154","NO_AGE_SIGNAL","NO_ACTION_NOW"
"backups\baseline_snapshots\baseline_20251214_115859\frontend\src\lib\api.ts",".ts","1042","NO_AGE_SIGNAL","NO_ACTION_NOW"
"backups\baseline_snapshots\baseline_20251214_115859\frontend\src\lib\auth.ts",".ts","168","AGE_RELATED_SIGNAL","REVIEW_FOR_ADULTS_EXTENSION"
"backups\baseline_snapshots\baseline_20251214_115859\frontend\src\main.tsx",".tsx","358","NO_AGE_SIGNAL","NO_ACTION_NOW"
"backups\baseline_snapshots\baseline_20251214_115859\frontend\src\pages\Daily.tsx",".tsx","2298","AGE_RELATED_SIGNAL","REVIEW_FOR_ADULTS_EXTENSION"
"backups\baseline_snapshots\baseline_20251214_115859\frontend\src\pages\Dashboard.tsx",".tsx","0","NO_AGE_SIGNAL","NO_ACTION_NOW"
"backups\baseline_snapshots\baseline_20251214_115859\frontend\src\pages\Progress.tsx",".tsx","1818","AGE_RELATED_SIGNAL","REVIEW_FOR_ADULTS_EXTENSION"
"backups\baseline_snapshots\baseline_20251214_115859\frontend\src\progress\ProgressPage.tsx",".tsx","2030","AGE_RELATED_SIGNAL","REVIEW_FOR_ADULTS_EXTENSION"
"backups\baseline_snapshots\baseline_20251214_115859\frontend\src\ProgressPanel.tsx",".tsx","1231","NO_AGE_SIGNAL","NO_ACTION_NOW"
"backups\baseline_snapshots\baseline_20251214_115859\frontend\src\vite-env.d.ts",".ts","168","NO_AGE_SIGNAL","NO_ACTION_NOW"
"backups\daily_feature_2025-11-29_1408\DailyChallengeDetailPage.tsx",".tsx","8422","AGE_RELATED_SIGNAL","REVIEW_FOR_ADULTS_EXTENSION"
"backups\daily_feature_2025-11-29_1408\DailyCompletionCard.tsx",".tsx","2032","AGE_RELATED_SIGNAL","REVIEW_FOR_ADULTS_EXTENSION"
"backups\daily_ui_phase1_2025-11-30_0933\DailyChallengeDetailPage.tsx",".tsx","8422","AGE_RELATED_SIGNAL","REVIEW_FOR_ADULTS_EXTENSION"
"backups\daily_ui_phase1_2025-11-30_0933\DailyCompletionCard.tsx",".tsx","2603","AGE_RELATED_SIGNAL","REVIEW_FOR_ADULTS_EXTENSION"
"backups\fullcheck_20251209_2024\health-and-puzzles.spec.ts",".ts","1654","AGE_RELATED_SIGNAL","REVIEW_FOR_ADULTS_EXTENSION"
"backups\fullcheck_20251209_2024\mindlab-basic.spec.ts",".ts","711","AGE_RELATED_SIGNAL","REVIEW_FOR_ADULTS_EXTENSION"
"backups\fullcheck_20251209_2024\mindlab-daily-ui.spec.ts",".ts","2182","AGE_RELATED_SIGNAL","REVIEW_FOR_ADULTS_EXTENSION"
"backups\fullcheck_20251209_2024\mindlab-daily-ui-optional.spec.ts",".ts","691","AGE_RELATED_SIGNAL","REVIEW_FOR_ADULTS_EXTENSION"
"backups\fullcheck_20251209_2024\puzzles-navigation.spec.ts",".ts","1547","AGE_RELATED_SIGNAL","REVIEW_FOR_ADULTS_EXTENSION"
"backups\manual_edits\PHASE_3_1_REPAIR_PRE_20251218_234023\health_api_contract.test.js",".js","1142","NO_AGE_SIGNAL","NO_ACTION_NOW"
"backups\MindLab_Snapshot_2025-11-29_1306\src\api.js",".js","1845","NO_AGE_SIGNAL","NO_ACTION_NOW"
"backups\MindLab_Snapshot_2025-11-29_1306\src\api.ts",".ts","2394","NO_AGE_SIGNAL","NO_ACTION_NOW"
"backups\MindLab_Snapshot_2025-11-29_1306\src\App.backup.js",".js","565","NO_AGE_SIGNAL","NO_ACTION_NOW"
"backups\MindLab_Snapshot_2025-11-29_1306\src\App.backup.tsx",".tsx","469","NO_AGE_SIGNAL","NO_ACTION_NOW"
"backups\MindLab_Snapshot_2025-11-29_1306\src\App.css",".css","606","NO_AGE_SIGNAL","NO_ACTION_NOW"
"backups\MindLab_Snapshot_2025-11-29_1306\src\App.js",".js","410","NO_AGE_SIGNAL","NO_ACTION_NOW"
"backups\MindLab_Snapshot_2025-11-29_1306\src\App.tsx",".tsx","356","NO_AGE_SIGNAL","NO_ACTION_NOW"
"backups\MindLab_Snapshot_2025-11-29_1306\src\auth.js",".js","210","AGE_RELATED_SIGNAL","REVIEW_FOR_ADULTS_EXTENSION"
"backups\MindLab_Snapshot_2025-11-29_1306\src\auth.ts",".ts","218","AGE_RELATED_SIGNAL","REVIEW_FOR_ADULTS_EXTENSION"
"backups\MindLab_Snapshot_2025-11-29_1306\src\components\DailyCompletionCard.tsx",".tsx","1238","NO_AGE_SIGNAL","NO_ACTION_NOW"
"backups\MindLab_Snapshot_2025-11-29_1306\src\components\ErrorBanner.js",".js","445","NO_AGE_SIGNAL","NO_ACTION_NOW"
"backups\MindLab_Snapshot_2025-11-29_1306\src\components\ErrorBanner.tsx",".tsx","363","NO_AGE_SIGNAL","NO_ACTION_NOW"
"backups\MindLab_Snapshot_2025-11-29_1306\src\components\ErrorBoundary.js",".js","807","AGE_RELATED_SIGNAL","REVIEW_FOR_ADULTS_EXTENSION"
"backups\MindLab_Snapshot_2025-11-29_1306\src\components\ErrorBoundary.tsx",".tsx","784","AGE_RELATED_SIGNAL","REVIEW_FOR_ADULTS_EXTENSION"
"backups\MindLab_Snapshot_2025-11-29_1306\src\components\GamePanel.js",".js","1425","AGE_RELATED_SIGNAL","REVIEW_FOR_ADULTS_EXTENSION"
"backups\MindLab_Snapshot_2025-11-29_1306\src\components\GamePanel.tsx",".tsx","1287","AGE_RELATED_SIGNAL","REVIEW_FOR_ADULTS_EXTENSION"
"backups\MindLab_Snapshot_2025-11-29_1306\src\components\HealthPanel.js",".js","1783","AGE_RELATED_SIGNAL","REVIEW_FOR_ADULTS_EXTENSION"
"backups\MindLab_Snapshot_2025-11-29_1306\src\components\HealthPanel.tsx",".tsx","1759","AGE_RELATED_SIGNAL","REVIEW_FOR_ADULTS_EXTENSION"
"backups\MindLab_Snapshot_2025-11-29_1306\src\components\ProgressPanel.js",".js","1233","AGE_RELATED_SIGNAL","REVIEW_FOR_ADULTS_EXTENSION"
"backups\MindLab_Snapshot_2025-11-29_1306\src\components\ProgressPanel.tsx",".tsx","1019","AGE_RELATED_SIGNAL","REVIEW_FOR_ADULTS_EXTENSION"
"backups\MindLab_Snapshot_2025-11-29_1306\src\components\ResultBanner.js",".js","443","NO_AGE_SIGNAL","NO_ACTION_NOW"
"backups\MindLab_Snapshot_2025-11-29_1306\src\components\ResultBanner.tsx",".tsx","465","NO_AGE_SIGNAL","NO_ACTION_NOW"
"backups\MindLab_Snapshot_2025-11-29_1306\src\contentEngine.js",".js","4273","NO_AGE_SIGNAL","NO_ACTION_NOW"
"backups\MindLab_Snapshot_2025-11-29_1306\src\daily-challenge\dailyChallengeApi.js",".js","1354","AGE_RELATED_SIGNAL","REVIEW_FOR_ADULTS_EXTENSION"
"backups\MindLab_Snapshot_2025-11-29_1306\src\daily-challenge\dailyChallengeApi.ts",".ts","2444","AGE_RELATED_SIGNAL","REVIEW_FOR_ADULTS_EXTENSION"
"backups\MindLab_Snapshot_2025-11-29_1306\src\daily-challenge\DailyChallengeDetailPage.js",".js","7961","AGE_RELATED_SIGNAL","REVIEW_FOR_ADULTS_EXTENSION"
"backups\MindLab_Snapshot_2025-11-29_1306\src\daily-challenge\DailyChallengeDetailPage.tsx",".tsx","8422","AGE_RELATED_SIGNAL","REVIEW_FOR_ADULTS_EXTENSION"
"backups\MindLab_Snapshot_2025-11-29_1306\src\daily-challenge\dailyChallengeEngine.ts",".ts","3464","AGE_RELATED_SIGNAL","REVIEW_FOR_ADULTS_EXTENSION"
"backups\MindLab_Snapshot_2025-11-29_1306\src\daily-challenge\DailyChallengeHomeCard.js",".js","3280","AGE_RELATED_SIGNAL","REVIEW_FOR_ADULTS_EXTENSION"
"backups\MindLab_Snapshot_2025-11-29_1306\src\daily-challenge\DailyChallengeHomeCard.tsx",".tsx","3067","AGE_RELATED_SIGNAL","REVIEW_FOR_ADULTS_EXTENSION"
"backups\MindLab_Snapshot_2025-11-29_1306\src\daily-challenge\dailyChallengeRoutes.ts",".ts","5027","AGE_RELATED_SIGNAL","REVIEW_FOR_ADULTS_EXTENSION"
"backups\MindLab_Snapshot_2025-11-29_1306\src\daily-challenge\models.js",".js","11","NO_AGE_SIGNAL","NO_ACTION_NOW"
"backups\MindLab_Snapshot_2025-11-29_1306\src\daily-challenge\models.ts",".ts","2307","NO_AGE_SIGNAL","NO_ACTION_NOW"
"backups\MindLab_Snapshot_2025-11-29_1306\src\db.js",".js","312","NO_AGE_SIGNAL","NO_ACTION_NOW"
"backups\MindLab_Snapshot_2025-11-29_1306\src\env.d.ts",".ts","42","NO_AGE_SIGNAL","NO_ACTION_NOW"
"backups\MindLab_Snapshot_2025-11-29_1306\src\GamePanel.js",".js","2562","NO_AGE_SIGNAL","NO_ACTION_NOW"
"backups\MindLab_Snapshot_2025-11-29_1306\src\GamePanel.tsx",".tsx","2457","NO_AGE_SIGNAL","NO_ACTION_NOW"
"backups\MindLab_Snapshot_2025-11-29_1306\src\index.css",".css","1154","NO_AGE_SIGNAL","NO_ACTION_NOW"
"backups\MindLab_Snapshot_2025-11-29_1306\src\lib\api.js",".js","826","NO_AGE_SIGNAL","NO_ACTION_NOW"
"backups\MindLab_Snapshot_2025-11-29_1306\src\lib\api.ts",".ts","1042","NO_AGE_SIGNAL","NO_ACTION_NOW"
"backups\MindLab_Snapshot_2025-11-29_1306\src\lib\auth.js",".js","168","AGE_RELATED_SIGNAL","REVIEW_FOR_ADULTS_EXTENSION"
"backups\MindLab_Snapshot_2025-11-29_1306\src\lib\auth.ts",".ts","168","AGE_RELATED_SIGNAL","REVIEW_FOR_ADULTS_EXTENSION"
"backups\MindLab_Snapshot_2025-11-29_1306\src\main.js",".js","649","AGE_RELATED_SIGNAL","REVIEW_FOR_ADULTS_EXTENSION"
"backups\MindLab_Snapshot_2025-11-29_1306\src\main.tsx",".tsx","623","AGE_RELATED_SIGNAL","REVIEW_FOR_ADULTS_EXTENSION"
"backups\MindLab_Snapshot_2025-11-29_1306\src\ProgressPanel.js",".js","1287","NO_AGE_SIGNAL","NO_ACTION_NOW"
"backups\MindLab_Snapshot_2025-11-29_1306\src\ProgressPanel.tsx",".tsx","1231","NO_AGE_SIGNAL","NO_ACTION_NOW"
"backups\MindLab_Snapshot_2025-11-29_1306\src\puzzles.json",".json","318","NO_AGE_SIGNAL","NO_ACTION_NOW"
"backups\MindLab_Snapshot_2025-11-29_1306\src\server.backup.js",".js","643","NO_AGE_SIGNAL","NO_ACTION_NOW"
"backups\MindLab_Snapshot_2025-11-29_1306\src\server.js",".js","1604","NO_AGE_SIGNAL","NO_ACTION_NOW"
"backups\MindLab_Snapshot_2025-11-29_1306\src\server.ts",".ts","3","NO_AGE_SIGNAL","NO_ACTION_NOW"
"backups\MindLab_Snapshot_2025-11-29_1306\src\uxhelpers.js",".js","391","AGE_RELATED_SIGNAL","REVIEW_FOR_ADULTS_EXTENSION"
"backups\MindLab_Snapshot_2025-11-29_1306\src\vite-env.d.ts",".ts","168","NO_AGE_SIGNAL","NO_ACTION_NOW"
"backups\PHASE2_STEP2_manual_20251221_100326\backend_src\_quarantine\server.backup.js",".js","643","NO_AGE_SIGNAL","NO_ACTION_NOW"
"backups\PHASE2_STEP2_manual_20251221_100326\backend_src\_quarantine\server.js",".js","3531","NO_AGE_SIGNAL","NO_ACTION_NOW"
"backups\PHASE2_STEP2_manual_20251221_100326\backend_src\_quarantine\server.ts",".ts","3","NO_AGE_SIGNAL","NO_ACTION_NOW"
"backups\PHASE2_STEP2_manual_20251221_100326\backend_src\contentEngine.js",".js","4273","NO_AGE_SIGNAL","NO_ACTION_NOW"
"backups\PHASE2_STEP2_manual_20251221_100326\backend_src\daily-challenge\dailyChallengeEngine.ts",".ts","3464","AGE_RELATED_SIGNAL","REVIEW_FOR_ADULTS_EXTENSION"
"backups\PHASE2_STEP2_manual_20251221_100326\backend_src\daily-challenge\dailyChallengeRoutes.ts",".ts","5027","AGE_RELATED_SIGNAL","REVIEW_FOR_ADULTS_EXTENSION"
"backups\PHASE2_STEP2_manual_20251221_100326\backend_src\db.js",".js","312","NO_AGE_SIGNAL","NO_ACTION_NOW"
"backups\PHASE2_STEP2_manual_20251221_100326\backend_src\puzzles.json",".json","402","NO_AGE_SIGNAL","NO_ACTION_NOW"
"backups\PHASE2_STEP2_manual_20251221_100326\backend_src\puzzles\_legacy\puzzles.json",".json","402","NO_AGE_SIGNAL","NO_ACTION_NOW"
"backups\PHASE2_STEP2_manual_20251221_100326\backend_src\puzzles\index.json",".json","402","NO_AGE_SIGNAL","NO_ACTION_NOW"
"backups\PHASE2_STEP2_manual_20251221_100326\backend_src\uxhelpers.js",".js","391","AGE_RELATED_SIGNAL","REVIEW_FOR_ADULTS_EXTENSION"
"backups\PHASE2_STEP2_manual_20251221_100326\frontend_src\_legacy_js_backup_20251208\api.js",".js","826","NO_AGE_SIGNAL","NO_ACTION_NOW"
"backups\PHASE2_STEP2_manual_20251221_100326\frontend_src\_legacy_js_backup_20251208\App.backup.js",".js","565","NO_AGE_SIGNAL","NO_ACTION_NOW"
"backups\PHASE2_STEP2_manual_20251221_100326\frontend_src\_legacy_js_backup_20251208\App.js",".js","410","NO_AGE_SIGNAL","NO_ACTION_NOW"
"backups\PHASE2_STEP2_manual_20251221_100326\frontend_src\_legacy_js_backup_20251208\auth.js",".js","168","AGE_RELATED_SIGNAL","REVIEW_FOR_ADULTS_EXTENSION"
"backups\PHASE2_STEP2_manual_20251221_100326\frontend_src\_legacy_js_backup_20251208\dailyChallengeApi.js",".js","1354","AGE_RELATED_SIGNAL","REVIEW_FOR_ADULTS_EXTENSION"
"backups\PHASE2_STEP2_manual_20251221_100326\frontend_src\_legacy_js_backup_20251208\DailyChallengeDetailPage.js",".js","7961","AGE_RELATED_SIGNAL","REVIEW_FOR_ADULTS_EXTENSION"
"backups\PHASE2_STEP2_manual_20251221_100326\frontend_src\_legacy_js_backup_20251208\DailyChallengeHomeCard.js",".js","3280","AGE_RELATED_SIGNAL","REVIEW_FOR_ADULTS_EXTENSION"
"backups\PHASE2_STEP2_manual_20251221_100326\frontend_src\_legacy_js_backup_20251208\ErrorBanner.js",".js","445","NO_AGE_SIGNAL","NO_ACTION_NOW"
"backups\PHASE2_STEP2_manual_20251221_100326\frontend_src\_legacy_js_backup_20251208\ErrorBoundary.js",".js","807","AGE_RELATED_SIGNAL","REVIEW_FOR_ADULTS_EXTENSION"
"backups\PHASE2_STEP2_manual_20251221_100326\frontend_src\_legacy_js_backup_20251208\GamePanel.js",".js","2562","NO_AGE_SIGNAL","NO_ACTION_NOW"
"backups\PHASE2_STEP2_manual_20251221_100326\frontend_src\_legacy_js_backup_20251208\HealthPanel.js",".js","1783","AGE_RELATED_SIGNAL","REVIEW_FOR_ADULTS_EXTENSION"
"backups\PHASE2_STEP2_manual_20251221_100326\frontend_src\_legacy_js_backup_20251208\main.js",".js","649","AGE_RELATED_SIGNAL","REVIEW_FOR_ADULTS_EXTENSION"
"backups\PHASE2_STEP2_manual_20251221_100326\frontend_src\_legacy_js_backup_20251208\models.js",".js","11","NO_AGE_SIGNAL","NO_ACTION_NOW"
"backups\PHASE2_STEP2_manual_20251221_100326\frontend_src\_legacy_js_backup_20251208\ProgressPanel.js",".js","1287","NO_AGE_SIGNAL","NO_ACTION_NOW"
"backups\PHASE2_STEP2_manual_20251221_100326\frontend_src\_legacy_js_backup_20251208\ResultBanner.js",".js","443","NO_AGE_SIGNAL","NO_ACTION_NOW"
"backups\PHASE2_STEP2_manual_20251221_100326\frontend_src\api.ts",".ts","2721","NO_AGE_SIGNAL","NO_ACTION_NOW"
"backups\PHASE2_STEP2_manual_20251221_100326\frontend_src\App.backup.tsx",".tsx","469","NO_AGE_SIGNAL","NO_ACTION_NOW"
"backups\PHASE2_STEP2_manual_20251221_100326\frontend_src\App.css",".css","606","NO_AGE_SIGNAL","NO_ACTION_NOW"
"backups\PHASE2_STEP2_manual_20251221_100326\frontend_src\App.tsx",".tsx","1197","AGE_RELATED_SIGNAL","REVIEW_FOR_ADULTS_EXTENSION"
"backups\PHASE2_STEP2_manual_20251221_100326\frontend_src\auth.ts",".ts","218","AGE_RELATED_SIGNAL","REVIEW_FOR_ADULTS_EXTENSION"
"backups\PHASE2_STEP2_manual_20251221_100326\frontend_src\components\DailyCompletionCard.tsx",".tsx","2603","AGE_RELATED_SIGNAL","REVIEW_FOR_ADULTS_EXTENSION"
"backups\PHASE2_STEP2_manual_20251221_100326\frontend_src\components\ErrorBanner.tsx",".tsx","363","NO_AGE_SIGNAL","NO_ACTION_NOW"
"backups\PHASE2_STEP2_manual_20251221_100326\frontend_src\components\ErrorBoundary.tsx",".tsx","784","AGE_RELATED_SIGNAL","REVIEW_FOR_ADULTS_EXTENSION"
"backups\PHASE2_STEP2_manual_20251221_100326\frontend_src\components\GamePanel.tsx",".tsx","1289","AGE_RELATED_SIGNAL","REVIEW_FOR_ADULTS_EXTENSION"
"backups\PHASE2_STEP2_manual_20251221_100326\frontend_src\components\HealthPanel.tsx",".tsx","2749","AGE_RELATED_SIGNAL","REVIEW_FOR_ADULTS_EXTENSION"
"backups\PHASE2_STEP2_manual_20251221_100326\frontend_src\components\ProgressPanel.tsx",".tsx","1019","AGE_RELATED_SIGNAL","REVIEW_FOR_ADULTS_EXTENSION"
"backups\PHASE2_STEP2_manual_20251221_100326\frontend_src\components\ResultBanner.tsx",".tsx","465","NO_AGE_SIGNAL","NO_ACTION_NOW"
"backups\PHASE2_STEP2_manual_20251221_100326\frontend_src\daily-challenge\dailyChallengeApi.ts",".ts","2444","AGE_RELATED_SIGNAL","REVIEW_FOR_ADULTS_EXTENSION"
"backups\PHASE2_STEP2_manual_20251221_100326\frontend_src\daily-challenge\DailyChallengeDetailPage.tsx",".tsx","5329","AGE_RELATED_SIGNAL","REVIEW_FOR_ADULTS_EXTENSION"
"backups\PHASE2_STEP2_manual_20251221_100326\frontend_src\daily-challenge\DailyChallengeHomeCard.tsx",".tsx","3067","AGE_RELATED_SIGNAL","REVIEW_FOR_ADULTS_EXTENSION"
"backups\PHASE2_STEP2_manual_20251221_100326\frontend_src\daily-challenge\models.ts",".ts","2307","NO_AGE_SIGNAL","NO_ACTION_NOW"
"backups\PHASE2_STEP2_manual_20251221_100326\frontend_src\env.d.ts",".ts","42","NO_AGE_SIGNAL","NO_ACTION_NOW"
"backups\PHASE2_STEP2_manual_20251221_100326\frontend_src\GamePanel.tsx",".tsx","3577","NO_AGE_SIGNAL","NO_ACTION_NOW"
"backups\PHASE2_STEP2_manual_20251221_100326\frontend_src\index.css",".css","1154","NO_AGE_SIGNAL","NO_ACTION_NOW"
"backups\PHASE2_STEP2_manual_20251221_100326\frontend_src\lib\api.ts",".ts","1042","NO_AGE_SIGNAL","NO_ACTION_NOW"
"backups\PHASE2_STEP2_manual_20251221_100326\frontend_src\lib\auth.ts",".ts","168","AGE_RELATED_SIGNAL","REVIEW_FOR_ADULTS_EXTENSION"
"backups\PHASE2_STEP2_manual_20251221_100326\frontend_src\main.tsx",".tsx","358","NO_AGE_SIGNAL","NO_ACTION_NOW"
"backups\PHASE2_STEP2_manual_20251221_100326\frontend_src\pages\Daily.tsx",".tsx","2298","AGE_RELATED_SIGNAL","REVIEW_FOR_ADULTS_EXTENSION"
"backups\PHASE2_STEP2_manual_20251221_100326\frontend_src\pages\Dashboard.tsx",".tsx","0","NO_AGE_SIGNAL","NO_ACTION_NOW"
"backups\PHASE2_STEP2_manual_20251221_100326\frontend_src\pages\Progress.tsx",".tsx","1818","AGE_RELATED_SIGNAL","REVIEW_FOR_ADULTS_EXTENSION"
"backups\PHASE2_STEP2_manual_20251221_100326\frontend_src\progress\ProgressPage.tsx",".tsx","2030","AGE_RELATED_SIGNAL","REVIEW_FOR_ADULTS_EXTENSION"
"backups\PHASE2_STEP2_manual_20251221_100326\frontend_src\ProgressPanel.tsx",".tsx","1231","NO_AGE_SIGNAL","NO_ACTION_NOW"
"backups\PHASE2_STEP2_manual_20251221_100326\frontend_src\test\env.test.ts",".ts","380","NO_AGE_SIGNAL","NO_ACTION_NOW"
"backups\PHASE2_STEP2_manual_20251221_100326\frontend_src\test\setup.ts",".ts","35","NO_AGE_SIGNAL","NO_ACTION_NOW"
"backups\PHASE2_STEP2_manual_20251221_100326\frontend_src\test\smoke.test.ts",".ts","163","NO_AGE_SIGNAL","NO_ACTION_NOW"
"backups\PHASE2_STEP2_manual_20251221_100326\frontend_src\vite-env.d.ts",".ts","168","NO_AGE_SIGNAL","NO_ACTION_NOW"
"backups\PHASE2_STEP2_manual_20251221_100326\vite.config.ts",".ts","294","NO_AGE_SIGNAL","NO_ACTION_NOW"
"backups\routes_daily_2025-11-29_1612\App.tsx",".tsx","356","NO_AGE_SIGNAL","NO_ACTION_NOW"
"backups\routes_daily_2025-11-29_1612\DailyChallengeDetailPage.tsx",".tsx","8422","AGE_RELATED_SIGNAL","REVIEW_FOR_ADULTS_EXTENSION"
"backups\routes_daily_2025-11-29_1612\DailyCompletionCard.tsx",".tsx","2603","AGE_RELATED_SIGNAL","REVIEW_FOR_ADULTS_EXTENSION"
"backups\routes_daily_2025-11-29_1612\main.tsx",".tsx","623","AGE_RELATED_SIGNAL","REVIEW_FOR_ADULTS_EXTENSION"
"daily_closeout_docs\baseline_20251230_185107\index.json",".json","1522","NO_AGE_SIGNAL","NO_ACTION_NOW"
"daily_closeout_docs\baseline_20251230_185107\package.json",".json","2126","NO_AGE_SIGNAL","NO_ACTION_NOW"
"daily_closeout_docs\baseline_20251230_185107\progress.json",".json","131","NO_AGE_SIGNAL","NO_ACTION_NOW"
"DailyCompletionCard.tsx",".tsx","2032","AGE_RELATED_SIGNAL","REVIEW_FOR_ADULTS_EXTENSION"
"deploy\backend\package.json",".json","166","NO_AGE_SIGNAL","NO_ACTION_NOW"
"deploy\backend\server.js",".js","1814","AGE_RELATED_SIGNAL","REVIEW_FOR_ADULTS_EXTENSION"
"deploy\frontend\index.html",".html","456","NO_AGE_SIGNAL","NO_ACTION_NOW"
"docs\e2e_manifest.json",".json","364","NO_AGE_SIGNAL","NO_ACTION_NOW"
"docs\planning\kids_certified\06_ux_qa\kids_pilot_evidence_input_change_guard.json",".json","892","AGE_RELATED_SIGNAL","REVIEW_FOR_ADULTS_EXTENSION"
"docs\planning\kids_certified\06_ux_qa\kids_pilot_evidence_invalid_value_rules.json",".json","511","NO_AGE_SIGNAL","NO_ACTION_NOW"
"docs\planning\kids_certified\06_ux_qa\row_lock\current_focus.json",".json","754","AGE_RELATED_SIGNAL","REVIEW_FOR_ADULTS_EXTENSION"
"docs\planning\kids_certified\06_ux_qa\row_lock\current_focus_apply_manifest.json",".json","1657","AGE_RELATED_SIGNAL","REVIEW_FOR_ADULTS_EXTENSION"
"docs\planning\kids_certified\06_ux_qa\row_lock\current_focus_blocker_rows_manifest.json",".json","406","AGE_RELATED_SIGNAL","REVIEW_FOR_ADULTS_EXTENSION"
"docs\planning\kids_certified\06_ux_qa\row_lock\current_focus_forced_override_manifest.json",".json","1712","AGE_RELATED_SIGNAL","REVIEW_FOR_ADULTS_EXTENSION"
"docs\planning\kids_certified\06_ux_qa\row_lock\current_focus_known_value_map.json",".json","10037","AGE_RELATED_SIGNAL","REVIEW_FOR_ADULTS_EXTENSION"
"docs\planning\kids_certified\06_ux_qa\row_lock\current_focus_manual_entry_manifest.json",".json","249","AGE_RELATED_SIGNAL","REVIEW_FOR_ADULTS_EXTENSION"
"docs\planning\kids_certified\06_ux_qa\row_lock\current_focus_single_submission_row_manifest.json",".json","639","AGE_RELATED_SIGNAL","REVIEW_FOR_ADULTS_EXTENSION"
"docs\planning\kids_certified\06_ux_qa\row_lock\current_focus_submission_pack_manifest.json",".json","759","AGE_RELATED_SIGNAL","REVIEW_FOR_ADULTS_EXTENSION"
"docs\planning\kids_certified\06_ux_qa\row_lock\current_focus_unresolved_manual_batch_packet_manifest.json",".json","584","AGE_RELATED_SIGNAL","REVIEW_FOR_ADULTS_EXTENSION"
"frontend\assets\index-Dtn62Xmo.css",".css","911","NO_AGE_SIGNAL","NO_ACTION_NOW"
"frontend\assets\index-kZBGcqck.js",".js","150322","AGE_RELATED_SIGNAL","REVIEW_FOR_ADULTS_EXTENSION"
"frontend\backups\frontend_daily_ui_20251209\App.tsx",".tsx","1197","AGE_RELATED_SIGNAL","REVIEW_FOR_ADULTS_EXTENSION"
"frontend\backups\frontend_daily_ui_20251209\DailyChallengeDetailPage.tsx",".tsx","3041","AGE_RELATED_SIGNAL","REVIEW_FOR_ADULTS_EXTENSION"
"frontend\backups\frontend_daily_ui_20251209\HealthPanel.tsx",".tsx","2749","AGE_RELATED_SIGNAL","REVIEW_FOR_ADULTS_EXTENSION"
"frontend\backups\frontend_daily_ui_20251209\main.tsx",".tsx","358","NO_AGE_SIGNAL","NO_ACTION_NOW"
"frontend\backups\frontend_daily_ui_20251209\mindlab-daily-ui.spec.ts",".ts","2182","AGE_RELATED_SIGNAL","REVIEW_FOR_ADULTS_EXTENSION"
"frontend\backups\frontend_daily_ui_20251209\mindlab-daily-ui-optional.spec.ts",".ts","691","AGE_RELATED_SIGNAL","REVIEW_FOR_ADULTS_EXTENSION"
"frontend\backups\frontend_daily_ui_20251209\ProgressPage.tsx",".tsx","1352","AGE_RELATED_SIGNAL","REVIEW_FOR_ADULTS_EXTENSION"
"frontend\backups\fullcheck_20251209_2017\health-and-puzzles.spec.ts",".ts","1654","AGE_RELATED_SIGNAL","REVIEW_FOR_ADULTS_EXTENSION"
"frontend\backups\fullcheck_20251209_2017\mindlab-basic.spec.ts",".ts","711","AGE_RELATED_SIGNAL","REVIEW_FOR_ADULTS_EXTENSION"
"frontend\backups\fullcheck_20251209_2017\mindlab-daily-ui.spec.ts",".ts","2182","AGE_RELATED_SIGNAL","REVIEW_FOR_ADULTS_EXTENSION"
"frontend\backups\fullcheck_20251209_2017\mindlab-daily-ui-optional.spec.ts",".ts","691","AGE_RELATED_SIGNAL","REVIEW_FOR_ADULTS_EXTENSION"
"frontend\backups\fullcheck_20251209_2017\puzzles-navigation.spec.ts",".ts","1547","AGE_RELATED_SIGNAL","REVIEW_FOR_ADULTS_EXTENSION"
"frontend\backups\fullcheck_20251210_1949\tests_e2e\daily-challenge.spec.ts",".ts","1171","AGE_RELATED_SIGNAL","REVIEW_FOR_ADULTS_EXTENSION"
"frontend\backups\fullcheck_20251210_1949\tests_e2e\daily-challenge-prod.spec.ts",".ts","845","AGE_RELATED_SIGNAL","REVIEW_FOR_ADULTS_EXTENSION"
"frontend\backups\fullcheck_20251210_1949\tests_e2e\health-and-puzzles.spec.ts",".ts","1654","AGE_RELATED_SIGNAL","REVIEW_FOR_ADULTS_EXTENSION"
"frontend\backups\fullcheck_20251210_1949\tests_e2e\mindlab-basic.spec.ts",".ts","711","AGE_RELATED_SIGNAL","REVIEW_FOR_ADULTS_EXTENSION"
"frontend\backups\fullcheck_20251210_1949\tests_e2e\mindlab-daily-result.spec.ts",".ts","1877","AGE_RELATED_SIGNAL","REVIEW_FOR_ADULTS_EXTENSION"
"frontend\backups\fullcheck_20251210_1949\tests_e2e\mindlab-daily-solve.spec.ts",".ts","1639","AGE_RELATED_SIGNAL","REVIEW_FOR_ADULTS_EXTENSION"
"frontend\backups\fullcheck_20251210_1949\tests_e2e\mindlab-daily-ui.spec.ts",".ts","2182","AGE_RELATED_SIGNAL","REVIEW_FOR_ADULTS_EXTENSION"
"frontend\backups\fullcheck_20251210_1949\tests_e2e\mindlab-daily-ui-optional.spec.ts",".ts","691","AGE_RELATED_SIGNAL","REVIEW_FOR_ADULTS_EXTENSION"
"frontend\backups\fullcheck_20251210_1949\tests_e2e\mindlab-health-ui.spec.ts",".ts","1010","AGE_RELATED_SIGNAL","REVIEW_FOR_ADULTS_EXTENSION"
"frontend\backups\fullcheck_20251210_1949\tests_e2e\mindlab-prod.spec.ts",".ts","1169","AGE_RELATED_SIGNAL","REVIEW_FOR_ADULTS_EXTENSION"
"frontend\backups\fullcheck_20251210_1949\tests_e2e\mindlab-progress-ui.spec.ts",".ts","787","AGE_RELATED_SIGNAL","REVIEW_FOR_ADULTS_EXTENSION"
"frontend\backups\fullcheck_20251210_1949\tests_e2e\progress-api.spec.ts",".ts","1169","AGE_RELATED_SIGNAL","REVIEW_FOR_ADULTS_EXTENSION"
"frontend\backups\fullcheck_20251210_1949\tests_e2e\progress-api-prod.spec.ts",".ts","809","NO_AGE_SIGNAL","NO_ACTION_NOW"
"frontend\backups\fullcheck_20251210_1949\tests_e2e\progress-ui.spec.ts",".ts","1553","AGE_RELATED_SIGNAL","REVIEW_FOR_ADULTS_EXTENSION"
"frontend\backups\fullcheck_20251210_1949\tests_e2e\puzzles-navigation.spec.ts",".ts","1547","AGE_RELATED_SIGNAL","REVIEW_FOR_ADULTS_EXTENSION"
"frontend\backups\fullcheck_20251210_1959\tests_e2e\daily-challenge.spec.ts",".ts","1171","AGE_RELATED_SIGNAL","REVIEW_FOR_ADULTS_EXTENSION"
"frontend\backups\fullcheck_20251210_1959\tests_e2e\daily-challenge-prod.spec.ts",".ts","845","AGE_RELATED_SIGNAL","REVIEW_FOR_ADULTS_EXTENSION"
"frontend\backups\fullcheck_20251210_1959\tests_e2e\health-and-puzzles.spec.ts",".ts","1654","AGE_RELATED_SIGNAL","REVIEW_FOR_ADULTS_EXTENSION"
"frontend\backups\fullcheck_20251210_1959\tests_e2e\mindlab-basic.spec.ts",".ts","711","AGE_RELATED_SIGNAL","REVIEW_FOR_ADULTS_EXTENSION"
"frontend\backups\fullcheck_20251210_1959\tests_e2e\mindlab-daily-result.spec.ts",".ts","1877","AGE_RELATED_SIGNAL","REVIEW_FOR_ADULTS_EXTENSION"
"frontend\backups\fullcheck_20251210_1959\tests_e2e\mindlab-daily-solve.spec.ts",".ts","1639","AGE_RELATED_SIGNAL","REVIEW_FOR_ADULTS_EXTENSION"
"frontend\backups\fullcheck_20251210_1959\tests_e2e\mindlab-daily-ui.spec.ts",".ts","2182","AGE_RELATED_SIGNAL","REVIEW_FOR_ADULTS_EXTENSION"
"frontend\backups\fullcheck_20251210_1959\tests_e2e\mindlab-daily-ui-optional.spec.ts",".ts","691","AGE_RELATED_SIGNAL","REVIEW_FOR_ADULTS_EXTENSION"
"frontend\backups\fullcheck_20251210_1959\tests_e2e\mindlab-health-ui.spec.ts",".ts","1010","AGE_RELATED_SIGNAL","REVIEW_FOR_ADULTS_EXTENSION"
"frontend\backups\fullcheck_20251210_1959\tests_e2e\mindlab-prod.spec.ts",".ts","1169","AGE_RELATED_SIGNAL","REVIEW_FOR_ADULTS_EXTENSION"
"frontend\backups\fullcheck_20251210_1959\tests_e2e\mindlab-progress-ui.spec.ts",".ts","787","AGE_RELATED_SIGNAL","REVIEW_FOR_ADULTS_EXTENSION"
"frontend\backups\fullcheck_20251210_1959\tests_e2e\progress-api.spec.ts",".ts","1169","AGE_RELATED_SIGNAL","REVIEW_FOR_ADULTS_EXTENSION"
"frontend\backups\fullcheck_20251210_1959\tests_e2e\progress-api-prod.spec.ts",".ts","809","NO_AGE_SIGNAL","NO_ACTION_NOW"
"frontend\backups\fullcheck_20251210_1959\tests_e2e\progress-ui.spec.ts",".ts","1553","AGE_RELATED_SIGNAL","REVIEW_FOR_ADULTS_EXTENSION"
"frontend\backups\fullcheck_20251210_1959\tests_e2e\puzzles-navigation.spec.ts",".ts","1547","AGE_RELATED_SIGNAL","REVIEW_FOR_ADULTS_EXTENSION"
"frontend\backups\fullcheck_20251211_1900\tests_e2e\daily-challenge.spec.ts",".ts","1171","AGE_RELATED_SIGNAL","REVIEW_FOR_ADULTS_EXTENSION"
"frontend\backups\fullcheck_20251211_1900\tests_e2e\daily-challenge-prod.spec.ts",".ts","845","AGE_RELATED_SIGNAL","REVIEW_FOR_ADULTS_EXTENSION"
"frontend\backups\fullcheck_20251211_1900\tests_e2e\health-and-puzzles.spec.ts",".ts","1654","AGE_RELATED_SIGNAL","REVIEW_FOR_ADULTS_EXTENSION"
"frontend\backups\fullcheck_20251211_1900\tests_e2e\mindlab-basic.spec.ts",".ts","711","AGE_RELATED_SIGNAL","REVIEW_FOR_ADULTS_EXTENSION"
"frontend\backups\fullcheck_20251211_1900\tests_e2e\mindlab-daily-result.spec.ts",".ts","1877","AGE_RELATED_SIGNAL","REVIEW_FOR_ADULTS_EXTENSION"
"frontend\backups\fullcheck_20251211_1900\tests_e2e\mindlab-daily-solve.spec.ts",".ts","1639","AGE_RELATED_SIGNAL","REVIEW_FOR_ADULTS_EXTENSION"
"frontend\backups\fullcheck_20251211_1900\tests_e2e\mindlab-daily-ui.spec.ts",".ts","2182","AGE_RELATED_SIGNAL","REVIEW_FOR_ADULTS_EXTENSION"
"frontend\backups\fullcheck_20251211_1900\tests_e2e\mindlab-daily-ui-optional.spec.ts",".ts","691","AGE_RELATED_SIGNAL","REVIEW_FOR_ADULTS_EXTENSION"
"frontend\backups\fullcheck_20251211_1900\tests_e2e\mindlab-health-ui.spec.ts",".ts","1010","AGE_RELATED_SIGNAL","REVIEW_FOR_ADULTS_EXTENSION"
"frontend\backups\fullcheck_20251211_1900\tests_e2e\mindlab-prod.spec.ts",".ts","1169","AGE_RELATED_SIGNAL","REVIEW_FOR_ADULTS_EXTENSION"
"frontend\backups\fullcheck_20251211_1900\tests_e2e\mindlab-progress-ui.spec.ts",".ts","787","AGE_RELATED_SIGNAL","REVIEW_FOR_ADULTS_EXTENSION"
"frontend\backups\fullcheck_20251211_1900\tests_e2e\progress-api.spec.ts",".ts","1169","AGE_RELATED_SIGNAL","REVIEW_FOR_ADULTS_EXTENSION"
"frontend\backups\fullcheck_20251211_1900\tests_e2e\progress-api-prod.spec.ts",".ts","809","NO_AGE_SIGNAL","NO_ACTION_NOW"
"frontend\backups\fullcheck_20251211_1900\tests_e2e\progress-ui.spec.ts",".ts","1553","AGE_RELATED_SIGNAL","REVIEW_FOR_ADULTS_EXTENSION"
"frontend\backups\fullcheck_20251211_1900\tests_e2e\puzzles-navigation.spec.ts",".ts","1547","AGE_RELATED_SIGNAL","REVIEW_FOR_ADULTS_EXTENSION"
"frontend\backups\fullcheck_20251211_2031\tests_e2e\daily-challenge.spec.ts",".ts","1171","AGE_RELATED_SIGNAL","REVIEW_FOR_ADULTS_EXTENSION"
"frontend\backups\fullcheck_20251211_2031\tests_e2e\daily-challenge-prod.spec.ts",".ts","845","AGE_RELATED_SIGNAL","REVIEW_FOR_ADULTS_EXTENSION"
"frontend\backups\fullcheck_20251211_2031\tests_e2e\health-and-puzzles.spec.ts",".ts","1654","AGE_RELATED_SIGNAL","REVIEW_FOR_ADULTS_EXTENSION"
"frontend\backups\fullcheck_20251211_2031\tests_e2e\mindlab-basic.spec.ts",".ts","711","AGE_RELATED_SIGNAL","REVIEW_FOR_ADULTS_EXTENSION"
"frontend\backups\fullcheck_20251211_2031\tests_e2e\mindlab-daily-result.spec.ts",".ts","1877","AGE_RELATED_SIGNAL","REVIEW_FOR_ADULTS_EXTENSION"
"frontend\backups\fullcheck_20251211_2031\tests_e2e\mindlab-daily-solve.spec.ts",".ts","1639","AGE_RELATED_SIGNAL","REVIEW_FOR_ADULTS_EXTENSION"
"frontend\backups\fullcheck_20251211_2031\tests_e2e\mindlab-daily-ui.spec.ts",".ts","2182","AGE_RELATED_SIGNAL","REVIEW_FOR_ADULTS_EXTENSION"
"frontend\backups\fullcheck_20251211_2031\tests_e2e\mindlab-daily-ui-optional.spec.ts",".ts","691","AGE_RELATED_SIGNAL","REVIEW_FOR_ADULTS_EXTENSION"
"frontend\backups\fullcheck_20251211_2031\tests_e2e\mindlab-health-ui.spec.ts",".ts","1010","AGE_RELATED_SIGNAL","REVIEW_FOR_ADULTS_EXTENSION"
"frontend\backups\fullcheck_20251211_2031\tests_e2e\mindlab-prod.spec.ts",".ts","1169","AGE_RELATED_SIGNAL","REVIEW_FOR_ADULTS_EXTENSION"
"frontend\backups\fullcheck_20251211_2031\tests_e2e\mindlab-progress-ui.spec.ts",".ts","787","AGE_RELATED_SIGNAL","REVIEW_FOR_ADULTS_EXTENSION"
"frontend\backups\fullcheck_20251211_2031\tests_e2e\progress-api.spec.ts",".ts","1169","AGE_RELATED_SIGNAL","REVIEW_FOR_ADULTS_EXTENSION"
"frontend\backups\fullcheck_20251211_2031\tests_e2e\progress-api-prod.spec.ts",".ts","809","NO_AGE_SIGNAL","NO_ACTION_NOW"
"frontend\backups\fullcheck_20251211_2031\tests_e2e\progress-ui.spec.ts",".ts","1553","AGE_RELATED_SIGNAL","REVIEW_FOR_ADULTS_EXTENSION"
"frontend\backups\fullcheck_20251211_2031\tests_e2e\puzzles-navigation.spec.ts",".ts","1547","AGE_RELATED_SIGNAL","REVIEW_FOR_ADULTS_EXTENSION"
"frontend\backups\fullcheck_20251211_2155\tests_e2e\daily-challenge.spec.ts",".ts","1171","AGE_RELATED_SIGNAL","REVIEW_FOR_ADULTS_EXTENSION"
"frontend\backups\fullcheck_20251211_2155\tests_e2e\daily-challenge-prod.spec.ts",".ts","845","AGE_RELATED_SIGNAL","REVIEW_FOR_ADULTS_EXTENSION"
"frontend\backups\fullcheck_20251211_2155\tests_e2e\health-and-puzzles.spec.ts",".ts","1654","AGE_RELATED_SIGNAL","REVIEW_FOR_ADULTS_EXTENSION"
"frontend\backups\fullcheck_20251211_2155\tests_e2e\mindlab-basic.spec.ts",".ts","711","AGE_RELATED_SIGNAL","REVIEW_FOR_ADULTS_EXTENSION"
"frontend\backups\fullcheck_20251211_2155\tests_e2e\mindlab-daily-result.spec.ts",".ts","1877","AGE_RELATED_SIGNAL","REVIEW_FOR_ADULTS_EXTENSION"
"frontend\backups\fullcheck_20251211_2155\tests_e2e\mindlab-daily-solve.spec.ts",".ts","1639","AGE_RELATED_SIGNAL","REVIEW_FOR_ADULTS_EXTENSION"
"frontend\backups\fullcheck_20251211_2155\tests_e2e\mindlab-daily-ui.spec.ts",".ts","2182","AGE_RELATED_SIGNAL","REVIEW_FOR_ADULTS_EXTENSION"
"frontend\backups\fullcheck_20251211_2155\tests_e2e\mindlab-daily-ui-optional.spec.ts",".ts","691","AGE_RELATED_SIGNAL","REVIEW_FOR_ADULTS_EXTENSION"
"frontend\backups\fullcheck_20251211_2155\tests_e2e\mindlab-game-flow.spec.ts",".ts","1651","AGE_RELATED_SIGNAL","REVIEW_FOR_ADULTS_EXTENSION"
"frontend\backups\fullcheck_20251211_2155\tests_e2e\mindlab-health-ui.spec.ts",".ts","1010","AGE_RELATED_SIGNAL","REVIEW_FOR_ADULTS_EXTENSION"
"frontend\backups\fullcheck_20251211_2155\tests_e2e\mindlab-prod.spec.ts",".ts","1169","AGE_RELATED_SIGNAL","REVIEW_FOR_ADULTS_EXTENSION"
"frontend\backups\fullcheck_20251211_2155\tests_e2e\mindlab-progress-ui.spec.ts",".ts","787","AGE_RELATED_SIGNAL","REVIEW_FOR_ADULTS_EXTENSION"
"frontend\backups\fullcheck_20251211_2155\tests_e2e\progress-api.spec.ts",".ts","1169","AGE_RELATED_SIGNAL","REVIEW_FOR_ADULTS_EXTENSION"
"frontend\backups\fullcheck_20251211_2155\tests_e2e\progress-api-prod.spec.ts",".ts","809","NO_AGE_SIGNAL","NO_ACTION_NOW"
"frontend\backups\fullcheck_20251211_2155\tests_e2e\progress-ui.spec.ts",".ts","1553","AGE_RELATED_SIGNAL","REVIEW_FOR_ADULTS_EXTENSION"
"frontend\backups\fullcheck_20251211_2155\tests_e2e\puzzles-navigation.spec.ts",".ts","1547","AGE_RELATED_SIGNAL","REVIEW_FOR_ADULTS_EXTENSION"
"frontend\backups\fullcheck_20251212_1838\tests_e2e\daily-challenge.spec.ts",".ts","1171","AGE_RELATED_SIGNAL","REVIEW_FOR_ADULTS_EXTENSION"
"frontend\backups\fullcheck_20251212_1838\tests_e2e\daily-challenge-prod.spec.ts",".ts","845","AGE_RELATED_SIGNAL","REVIEW_FOR_ADULTS_EXTENSION"
"frontend\backups\fullcheck_20251212_1838\tests_e2e\health-and-puzzles.spec.ts",".ts","1654","AGE_RELATED_SIGNAL","REVIEW_FOR_ADULTS_EXTENSION"
"frontend\backups\fullcheck_20251212_1838\tests_e2e\mindlab-basic.spec.ts",".ts","711","AGE_RELATED_SIGNAL","REVIEW_FOR_ADULTS_EXTENSION"
"frontend\backups\fullcheck_20251212_1838\tests_e2e\mindlab-daily-result.spec.ts",".ts","1877","AGE_RELATED_SIGNAL","REVIEW_FOR_ADULTS_EXTENSION"
"frontend\backups\fullcheck_20251212_1838\tests_e2e\mindlab-daily-solve.spec.ts",".ts","1639","AGE_RELATED_SIGNAL","REVIEW_FOR_ADULTS_EXTENSION"
"frontend\backups\fullcheck_20251212_1838\tests_e2e\mindlab-daily-ui.spec.ts",".ts","2182","AGE_RELATED_SIGNAL","REVIEW_FOR_ADULTS_EXTENSION"
"frontend\backups\fullcheck_20251212_1838\tests_e2e\mindlab-daily-ui-optional.spec.ts",".ts","691","AGE_RELATED_SIGNAL","REVIEW_FOR_ADULTS_EXTENSION"
"frontend\backups\fullcheck_20251212_1838\tests_e2e\mindlab-game-flow.spec.ts",".ts","1651","AGE_RELATED_SIGNAL","REVIEW_FOR_ADULTS_EXTENSION"
"frontend\backups\fullcheck_20251212_1838\tests_e2e\mindlab-health-ui.spec.ts",".ts","1010","AGE_RELATED_SIGNAL","REVIEW_FOR_ADULTS_EXTENSION"
"frontend\backups\fullcheck_20251212_1838\tests_e2e\mindlab-prod.spec.ts",".ts","1169","AGE_RELATED_SIGNAL","REVIEW_FOR_ADULTS_EXTENSION"
"frontend\backups\fullcheck_20251212_1838\tests_e2e\mindlab-progress-ui.spec.ts",".ts","787","AGE_RELATED_SIGNAL","REVIEW_FOR_ADULTS_EXTENSION"
"frontend\backups\fullcheck_20251212_1838\tests_e2e\progress-api.spec.ts",".ts","1169","AGE_RELATED_SIGNAL","REVIEW_FOR_ADULTS_EXTENSION"
"frontend\backups\fullcheck_20251212_1838\tests_e2e\progress-api-prod.spec.ts",".ts","809","NO_AGE_SIGNAL","NO_ACTION_NOW"
"frontend\backups\fullcheck_20251212_1838\tests_e2e\progress-ui.spec.ts",".ts","1553","AGE_RELATED_SIGNAL","REVIEW_FOR_ADULTS_EXTENSION"
"frontend\backups\fullcheck_20251212_1838\tests_e2e\puzzles-navigation.spec.ts",".ts","1547","AGE_RELATED_SIGNAL","REVIEW_FOR_ADULTS_EXTENSION"
"frontend\backups\fullcheck_20251212_1928\tests_e2e\daily-challenge.spec.ts",".ts","1171","AGE_RELATED_SIGNAL","REVIEW_FOR_ADULTS_EXTENSION"
"frontend\backups\fullcheck_20251212_1928\tests_e2e\daily-challenge-prod.spec.ts",".ts","845","AGE_RELATED_SIGNAL","REVIEW_FOR_ADULTS_EXTENSION"
"frontend\backups\fullcheck_20251212_1928\tests_e2e\health-and-puzzles.spec.ts",".ts","1654","AGE_RELATED_SIGNAL","REVIEW_FOR_ADULTS_EXTENSION"
"frontend\backups\fullcheck_20251212_1928\tests_e2e\mindlab-basic.spec.ts",".ts","711","AGE_RELATED_SIGNAL","REVIEW_FOR_ADULTS_EXTENSION"
"frontend\backups\fullcheck_20251212_1928\tests_e2e\mindlab-daily-result.spec.ts",".ts","1877","AGE_RELATED_SIGNAL","REVIEW_FOR_ADULTS_EXTENSION"
"frontend\backups\fullcheck_20251212_1928\tests_e2e\mindlab-daily-solve.spec.ts",".ts","1639","AGE_RELATED_SIGNAL","REVIEW_FOR_ADULTS_EXTENSION"
"frontend\backups\fullcheck_20251212_1928\tests_e2e\mindlab-daily-ui.spec.ts",".ts","2182","AGE_RELATED_SIGNAL","REVIEW_FOR_ADULTS_EXTENSION"
"frontend\backups\fullcheck_20251212_1928\tests_e2e\mindlab-daily-ui-optional.spec.ts",".ts","691","AGE_RELATED_SIGNAL","REVIEW_FOR_ADULTS_EXTENSION"
"frontend\backups\fullcheck_20251212_1928\tests_e2e\mindlab-game-flow.spec.ts",".ts","1651","AGE_RELATED_SIGNAL","REVIEW_FOR_ADULTS_EXTENSION"
"frontend\backups\fullcheck_20251212_1928\tests_e2e\mindlab-health-ui.spec.ts",".ts","1010","AGE_RELATED_SIGNAL","REVIEW_FOR_ADULTS_EXTENSION"
"frontend\backups\fullcheck_20251212_1928\tests_e2e\mindlab-prod.spec.ts",".ts","1169","AGE_RELATED_SIGNAL","REVIEW_FOR_ADULTS_EXTENSION"
"frontend\backups\fullcheck_20251212_1928\tests_e2e\mindlab-progress-ui.spec.ts",".ts","787","AGE_RELATED_SIGNAL","REVIEW_FOR_ADULTS_EXTENSION"
"frontend\backups\fullcheck_20251212_1928\tests_e2e\progress-api.spec.ts",".ts","1169","AGE_RELATED_SIGNAL","REVIEW_FOR_ADULTS_EXTENSION"
"frontend\backups\fullcheck_20251212_1928\tests_e2e\progress-api-prod.spec.ts",".ts","809","NO_AGE_SIGNAL","NO_ACTION_NOW"
"frontend\backups\fullcheck_20251212_1928\tests_e2e\progress-ui.spec.ts",".ts","1553","AGE_RELATED_SIGNAL","REVIEW_FOR_ADULTS_EXTENSION"
"frontend\backups\fullcheck_20251212_1928\tests_e2e\puzzles-navigation.spec.ts",".ts","1547","AGE_RELATED_SIGNAL","REVIEW_FOR_ADULTS_EXTENSION"
"frontend\backups\index_2025-11-29_174415.html",".html","483","NO_AGE_SIGNAL","NO_ACTION_NOW"
"frontend\backups\manual_edits\Daily_PATCH_BACKUP_20251213_111716_Daily.tsx",".tsx","5867","AGE_RELATED_SIGNAL","REVIEW_FOR_ADULTS_EXTENSION"
"frontend\backups\manual_edits\DailyChallengeDetailPage_PATCH_BACKUP_20251213_113423.tsx",".tsx","4924","AGE_RELATED_SIGNAL","REVIEW_FOR_ADULTS_EXTENSION"
"frontend\backups\manual_edits\DailyChallengeDetailPage_SOLVEUI_BACKUP_20251213_123034.tsx",".tsx","2278","AGE_RELATED_SIGNAL","REVIEW_FOR_ADULTS_EXTENSION"
"frontend\index.html",".html","298","NO_AGE_SIGNAL","NO_ACTION_NOW"
"frontend\package.before_mindlab_daily_ui_20251206.json",".json","755","NO_AGE_SIGNAL","NO_ACTION_NOW"
"frontend\package.json",".json","523","NO_AGE_SIGNAL","NO_ACTION_NOW"
"frontend\package-lock.json",".json","109241","AGE_RELATED_SIGNAL","REVIEW_FOR_ADULTS_EXTENSION"
"frontend\playwright.config.ts",".ts","708","NO_AGE_SIGNAL","NO_ACTION_NOW"
"frontend\playwright.prod.config.ts",".ts","499","NO_AGE_SIGNAL","NO_ACTION_NOW"
"frontend\server.js",".js","382","NO_AGE_SIGNAL","NO_ACTION_NOW"
"frontend\src\_legacy_js_backup_20251208\api.js",".js","979","NO_AGE_SIGNAL","NO_ACTION_NOW"
"frontend\src\_legacy_js_backup_20251208\App.backup.js",".js","576","NO_AGE_SIGNAL","NO_ACTION_NOW"
"frontend\src\_legacy_js_backup_20251208\App.js",".js","421","NO_AGE_SIGNAL","NO_ACTION_NOW"
"frontend\src\_legacy_js_backup_20251208\auth.js",".js","174","AGE_RELATED_SIGNAL","REVIEW_FOR_ADULTS_EXTENSION"
"frontend\src\_legacy_js_backup_20251208\dailyChallengeApi.js",".js","1538","AGE_RELATED_SIGNAL","REVIEW_FOR_ADULTS_EXTENSION"
"frontend\src\_legacy_js_backup_20251208\DailyChallengeDetailPage.js",".js","8083","AGE_RELATED_SIGNAL","REVIEW_FOR_ADULTS_EXTENSION"
"frontend\src\_legacy_js_backup_20251208\DailyChallengeHomeCard.js",".js","3344","AGE_RELATED_SIGNAL","REVIEW_FOR_ADULTS_EXTENSION"
"frontend\src\_legacy_js_backup_20251208\ErrorBanner.js",".js","460","NO_AGE_SIGNAL","NO_ACTION_NOW"
"frontend\src\_legacy_js_backup_20251208\ErrorBoundary.js",".js","828","AGE_RELATED_SIGNAL","REVIEW_FOR_ADULTS_EXTENSION"
"frontend\src\_legacy_js_backup_20251208\GamePanel.js",".js","2621","NO_AGE_SIGNAL","NO_ACTION_NOW"
"frontend\src\_legacy_js_backup_20251208\HealthPanel.js",".js","1824","AGE_RELATED_SIGNAL","REVIEW_FOR_ADULTS_EXTENSION"
"frontend\src\_legacy_js_backup_20251208\main.js",".js","666","AGE_RELATED_SIGNAL","REVIEW_FOR_ADULTS_EXTENSION"
"frontend\src\_legacy_js_backup_20251208\models.js",".js","16","NO_AGE_SIGNAL","NO_ACTION_NOW"
"frontend\src\_legacy_js_backup_20251208\ProgressPanel.js",".js","1319","NO_AGE_SIGNAL","NO_ACTION_NOW"
"frontend\src\_legacy_js_backup_20251208\ResultBanner.js",".js","458","NO_AGE_SIGNAL","NO_ACTION_NOW"
"frontend\src\api.ts",".ts","2271","NO_AGE_SIGNAL","NO_ACTION_NOW"
"frontend\src\apiService.js",".js","567","NO_AGE_SIGNAL","NO_ACTION_NOW"
"frontend\src\App.backup.tsx",".tsx","469","NO_AGE_SIGNAL","NO_ACTION_NOW"
"frontend\src\App.css",".css","606","NO_AGE_SIGNAL","NO_ACTION_NOW"
"frontend\src\App.tsx",".tsx","1148","AGE_RELATED_SIGNAL","REVIEW_FOR_ADULTS_EXTENSION"
"frontend\src\app\mindlab_kids_runtime.js",".js","3401","AGE_RELATED_SIGNAL","REVIEW_FOR_ADULTS_EXTENSION"
"frontend\src\auth.ts",".ts","218","AGE_RELATED_SIGNAL","REVIEW_FOR_ADULTS_EXTENSION"
"frontend\src\components\DailyCompletionCard.tsx",".tsx","2603","AGE_RELATED_SIGNAL","REVIEW_FOR_ADULTS_EXTENSION"
"frontend\src\components\ErrorBanner.tsx",".tsx","363","NO_AGE_SIGNAL","NO_ACTION_NOW"
"frontend\src\components\ErrorBoundary.tsx",".tsx","784","AGE_RELATED_SIGNAL","REVIEW_FOR_ADULTS_EXTENSION"
"frontend\src\components\GamePanel.tsx",".tsx","1289","AGE_RELATED_SIGNAL","REVIEW_FOR_ADULTS_EXTENSION"
"frontend\src\components\HealthPanel.tsx",".tsx","2278","AGE_RELATED_SIGNAL","REVIEW_FOR_ADULTS_EXTENSION"
"frontend\src\components\ProgressPanel.tsx",".tsx","1019","AGE_RELATED_SIGNAL","REVIEW_FOR_ADULTS_EXTENSION"
"frontend\src\components\ResultBanner.tsx",".tsx","465","NO_AGE_SIGNAL","NO_ACTION_NOW"
"frontend\src\daily-challenge\dailyChallengeApi.ts",".ts","1339","NO_AGE_SIGNAL","NO_ACTION_NOW"
"frontend\src\daily-challenge\DailyChallengeDetailPage.tsx",".tsx","6609","AGE_RELATED_SIGNAL","REVIEW_FOR_ADULTS_EXTENSION"
"frontend\src\daily-challenge\DailyChallengeHomeCard.tsx",".tsx","2666","AGE_RELATED_SIGNAL","REVIEW_FOR_ADULTS_EXTENSION"
"frontend\src\daily-challenge\models.ts",".ts","2307","NO_AGE_SIGNAL","NO_ACTION_NOW"
"frontend\src\data\kids\mindlab_kids_content_selector.js",".js","232","AGE_RELATED_SIGNAL","REVIEW_FOR_ADULTS_EXTENSION"
"frontend\src\data\kids\mindlab_kids_pack_index.js",".js","433","AGE_RELATED_SIGNAL","REVIEW_FOR_ADULTS_EXTENSION"
"frontend\src\data\kids\mindlab_kids_seed_puzzles.js",".js","412","AGE_RELATED_SIGNAL","REVIEW_FOR_ADULTS_EXTENSION"
"frontend\src\data\kids\packs\mindlab_kids_pack_k1.js",".js","704","AGE_RELATED_SIGNAL","REVIEW_FOR_ADULTS_EXTENSION"
"frontend\src\data\kids\packs\mindlab_kids_pack_k2.js",".js","823","AGE_RELATED_SIGNAL","REVIEW_FOR_ADULTS_EXTENSION"
"frontend\src\data\kids\packs\mindlab_kids_pack_k3.js",".js","761","AGE_RELATED_SIGNAL","REVIEW_FOR_ADULTS_EXTENSION"
"frontend\src\data\kids\packs\mindlab_kids_pack_k4.js",".js","427","AGE_RELATED_SIGNAL","REVIEW_FOR_ADULTS_EXTENSION"
"frontend\src\data\kids\packs\mindlab_kids_pack_k5.js",".js","458","AGE_RELATED_SIGNAL","REVIEW_FOR_ADULTS_EXTENSION"
"frontend\src\engine\mindlab_adaptive_engine.js",".js","275","AGE_RELATED_SIGNAL","REVIEW_FOR_ADULTS_EXTENSION"
"frontend\src\engine\mindlab_backend_route_probe.js",".js","1146","AGE_RELATED_SIGNAL","REVIEW_FOR_ADULTS_EXTENSION"
"frontend\src\engine\mindlab_browser_app.js",".js","425","NO_AGE_SIGNAL","NO_ACTION_NOW"
"frontend\src\engine\mindlab_engine_test.js",".js","250","NO_AGE_SIGNAL","NO_ACTION_NOW"
"frontend\src\engine\mindlab_game_logic.js",".js","588","NO_AGE_SIGNAL","NO_ACTION_NOW"
"frontend\src\engine\mindlab_output_adapter.js",".js","154","NO_AGE_SIGNAL","NO_ACTION_NOW"
"frontend\src\engine\mindlab_progress_store.js",".js","258","NO_AGE_SIGNAL","NO_ACTION_NOW"
"frontend\src\engine\mindlab_safe_fetch.js",".js","508","AGE_RELATED_SIGNAL","REVIEW_FOR_ADULTS_EXTENSION"
"frontend\src\engine\mindlab_score_payload.js",".js","168","NO_AGE_SIGNAL","NO_ACTION_NOW"
"frontend\src\engine\mindlab_score_submitter.js",".js","601","NO_AGE_SIGNAL","NO_ACTION_NOW"
"frontend\src\engine\mindlab_state_sync.js",".js","509","AGE_RELATED_SIGNAL","REVIEW_FOR_ADULTS_EXTENSION"
"frontend\src\engine\mindlab_state_tracker.js",".js","362","AGE_RELATED_SIGNAL","REVIEW_FOR_ADULTS_EXTENSION"
"frontend\src\env.d.ts",".ts","42","NO_AGE_SIGNAL","NO_ACTION_NOW"
"frontend\src\env_probe.ts",".ts","270","NO_AGE_SIGNAL","NO_ACTION_NOW"
"frontend\src\features\adults\adultsGameplayContent.ts",".ts","3970","AGE_RELATED_SIGNAL","REVIEW_FOR_ADULTS_EXTENSION"
"frontend\src\features\adults\AdultsGameplayPanel.tsx",".tsx","5488","AGE_RELATED_SIGNAL","REVIEW_FOR_ADULTS_EXTENSION"
"frontend\src\features\adults\AdultsLanding.tsx",".tsx","2003","AGE_RELATED_SIGNAL","REVIEW_FOR_ADULTS_EXTENSION"
"frontend\src\features\adults\adultsPersistence.ts",".ts","3767","AGE_RELATED_SIGNAL","REVIEW_FOR_ADULTS_EXTENSION"
"frontend\src\features\adults\AdultsPostSessionInsightPanel.tsx",".tsx","2193","AGE_RELATED_SIGNAL","REVIEW_FOR_ADULTS_EXTENSION"
"frontend\src\features\adults\adultsPostSessionInsights.ts",".ts","2029","AGE_RELATED_SIGNAL","REVIEW_FOR_ADULTS_EXTENSION"
"frontend\src\features\adults\adultsRouteConfig.ts",".ts","474","AGE_RELATED_SIGNAL","REVIEW_FOR_ADULTS_EXTENSION"
"frontend\src\features\adults\adultsScoring.ts",".ts","3569","AGE_RELATED_SIGNAL","REVIEW_FOR_ADULTS_EXTENSION"
"frontend\src\features\adults\adultsSessionModes.ts",".ts","1829","AGE_RELATED_SIGNAL","REVIEW_FOR_ADULTS_EXTENSION"
"frontend\src\features\adults\AdultsSessionModeSelector.tsx",".tsx","2187","AGE_RELATED_SIGNAL","REVIEW_FOR_ADULTS_EXTENSION"
"frontend\src\features\kids\kidsGameplayContent.ts",".ts","9868","AGE_RELATED_SIGNAL","REVIEW_FOR_ADULTS_EXTENSION"
"frontend\src\features\kids\KidsGameplayPanel.tsx",".tsx","12508","AGE_RELATED_SIGNAL","REVIEW_FOR_ADULTS_EXTENSION"
"frontend\src\features\kids\KidsLanding.tsx",".tsx","7218","AGE_RELATED_SIGNAL","REVIEW_FOR_ADULTS_EXTENSION"
"frontend\src\features\kids\kidsPersistence.ts",".ts","8612","AGE_RELATED_SIGNAL","REVIEW_FOR_ADULTS_EXTENSION"
"frontend\src\features\kids\KidsPostSessionInsightPanel.tsx",".tsx","1509","AGE_RELATED_SIGNAL","REVIEW_FOR_ADULTS_EXTENSION"
"frontend\src\features\kids\kidsPostSessionInsights.ts",".ts","3372","AGE_RELATED_SIGNAL","REVIEW_FOR_ADULTS_EXTENSION"
"frontend\src\features\kids\kidsScoring.ts",".ts","5406","AGE_RELATED_SIGNAL","REVIEW_FOR_ADULTS_EXTENSION"
"frontend\src\features\kids\kidsSessionModes.ts",".ts","1585","AGE_RELATED_SIGNAL","REVIEW_FOR_ADULTS_EXTENSION"
"frontend\src\index.css",".css","1154","NO_AGE_SIGNAL","NO_ACTION_NOW"
"frontend\src\lib\api.QUARANTINED.ts",".ts","1042","NO_AGE_SIGNAL","NO_ACTION_NOW"
"frontend\src\lib\auth.ts",".ts","168","AGE_RELATED_SIGNAL","REVIEW_FOR_ADULTS_EXTENSION"
"frontend\src\main.tsx",".tsx","711","AGE_RELATED_SIGNAL","REVIEW_FOR_ADULTS_EXTENSION"
"frontend\src\pages\Daily.tsx",".tsx","2086","AGE_RELATED_SIGNAL","REVIEW_FOR_ADULTS_EXTENSION"
"frontend\src\pages\Dashboard.tsx",".tsx","0","NO_AGE_SIGNAL","NO_ACTION_NOW"
"frontend\src\pages\Progress.tsx",".tsx","1928","AGE_RELATED_SIGNAL","REVIEW_FOR_ADULTS_EXTENSION"
"frontend\src\pages\PuzzlesPlay.tsx",".tsx","4752","AGE_RELATED_SIGNAL","REVIEW_FOR_ADULTS_EXTENSION"
"frontend\src\pages\SolvePuzzle.tsx",".tsx","10093","AGE_RELATED_SIGNAL","REVIEW_FOR_ADULTS_EXTENSION"
"frontend\src\progress\ProgressPage.tsx",".tsx","1942","AGE_RELATED_SIGNAL","REVIEW_FOR_ADULTS_EXTENSION"
"frontend\src\puzzles\phase5\phase5.registry.ts",".ts","708","NO_AGE_SIGNAL","NO_ACTION_NOW"
"frontend\src\services\mindlab_v2_client_api.js",".js","820","NO_AGE_SIGNAL","NO_ACTION_NOW"
"frontend\src\services\mindlab_v2_client_api_test.js",".js","2083","AGE_RELATED_SIGNAL","REVIEW_FOR_ADULTS_EXTENSION"
"frontend\src\services\mindlab_v2_flow_orchestrator.js",".js","430","NO_AGE_SIGNAL","NO_ACTION_NOW"
"frontend\src\styles\mindlab_runtime.css",".css","837","NO_AGE_SIGNAL","NO_ACTION_NOW"
"frontend\src\test\dailyChallengeDetailPage.test.ts",".ts","1427","NO_AGE_SIGNAL","NO_ACTION_NOW"
"frontend\src\test\env.test.ts",".ts","380","NO_AGE_SIGNAL","NO_ACTION_NOW"
"frontend\src\test\setup.ts",".ts","35","NO_AGE_SIGNAL","NO_ACTION_NOW"
"frontend\src\test\smoke.test.ts",".ts","163","NO_AGE_SIGNAL","NO_ACTION_NOW"
"frontend\src\ui\mindlab_browser_app.js",".js","545","NO_AGE_SIGNAL","NO_ACTION_NOW"
"frontend\src\ui\mindlab_engine_bridge.js",".js","433","NO_AGE_SIGNAL","NO_ACTION_NOW"
"frontend\src\ui\mindlab_game_loop.js",".js","228","NO_AGE_SIGNAL","NO_ACTION_NOW"
"frontend\src\ui\mindlab_game_test.js",".js","189","NO_AGE_SIGNAL","NO_ACTION_NOW"
"frontend\src\ui\mindlab_input_handler.js",".js","140","NO_AGE_SIGNAL","NO_ACTION_NOW"
"frontend\src\ui\mindlab_interaction_controller.js",".js","1161","AGE_RELATED_SIGNAL","REVIEW_FOR_ADULTS_EXTENSION"
"frontend\src\ui\mindlab_kids_certified_puzzle_01.js",".js","972","AGE_RELATED_SIGNAL","REVIEW_FOR_ADULTS_EXTENSION"
"frontend\src\ui\mindlab_kids_certified_puzzle_02.js",".js","963","AGE_RELATED_SIGNAL","REVIEW_FOR_ADULTS_EXTENSION"
"frontend\src\ui\mindlab_kids_certified_puzzle_03.js",".js","963","AGE_RELATED_SIGNAL","REVIEW_FOR_ADULTS_EXTENSION"
"frontend\src\ui\mindlab_kids_certified_puzzle_04.js",".js","963","AGE_RELATED_SIGNAL","REVIEW_FOR_ADULTS_EXTENSION"
"frontend\src\ui\mindlab_kids_certified_puzzle_05.js",".js","963","AGE_RELATED_SIGNAL","REVIEW_FOR_ADULTS_EXTENSION"
"frontend\src\ui\mindlab_kids_certified_puzzle_06.js",".js","887","AGE_RELATED_SIGNAL","REVIEW_FOR_ADULTS_EXTENSION"
"frontend\src\ui\mindlab_kids_certified_puzzle_07.js",".js","896","AGE_RELATED_SIGNAL","REVIEW_FOR_ADULTS_EXTENSION"
"frontend\src\ui\mindlab_kids_certified_puzzle_08.js",".js","875","AGE_RELATED_SIGNAL","REVIEW_FOR_ADULTS_EXTENSION"
"frontend\src\ui\mindlab_kids_certified_puzzle_09.js",".js","882","AGE_RELATED_SIGNAL","REVIEW_FOR_ADULTS_EXTENSION"
"frontend\src\ui\mindlab_kids_certified_puzzle_10.js",".js","916","AGE_RELATED_SIGNAL","REVIEW_FOR_ADULTS_EXTENSION"
"frontend\src\ui\mindlab_kids_certified_puzzle_11.js",".js","893","AGE_RELATED_SIGNAL","REVIEW_FOR_ADULTS_EXTENSION"
"frontend\src\ui\mindlab_kids_certified_puzzle_12.js",".js","859","AGE_RELATED_SIGNAL","REVIEW_FOR_ADULTS_EXTENSION"
"frontend\src\ui\mindlab_kids_certified_puzzle_13.js",".js","877","AGE_RELATED_SIGNAL","REVIEW_FOR_ADULTS_EXTENSION"
"frontend\src\ui\mindlab_kids_certified_puzzle_14.js",".js","896","AGE_RELATED_SIGNAL","REVIEW_FOR_ADULTS_EXTENSION"
"frontend\src\ui\mindlab_kids_certified_puzzle_15.js",".js","864","AGE_RELATED_SIGNAL","REVIEW_FOR_ADULTS_EXTENSION"
"frontend\src\ui\mindlab_kids_certified_puzzle_16.js",".js","923","AGE_RELATED_SIGNAL","REVIEW_FOR_ADULTS_EXTENSION"
"frontend\src\ui\mindlab_kids_certified_puzzle_17.js",".js","896","AGE_RELATED_SIGNAL","REVIEW_FOR_ADULTS_EXTENSION"
"frontend\src\ui\mindlab_kids_certified_puzzle_18.js",".js","867","AGE_RELATED_SIGNAL","REVIEW_FOR_ADULTS_EXTENSION"
"frontend\src\ui\mindlab_kids_certified_puzzle_19.js",".js","916","AGE_RELATED_SIGNAL","REVIEW_FOR_ADULTS_EXTENSION"
"frontend\src\ui\mindlab_kids_certified_puzzle_20.js",".js","915","AGE_RELATED_SIGNAL","REVIEW_FOR_ADULTS_EXTENSION"
"frontend\src\ui\mindlab_kids_certified_puzzle_21.js",".js","943","AGE_RELATED_SIGNAL","REVIEW_FOR_ADULTS_EXTENSION"
"frontend\src\ui\mindlab_kids_certified_puzzle_22.js",".js","925","AGE_RELATED_SIGNAL","REVIEW_FOR_ADULTS_EXTENSION"
"frontend\src\ui\mindlab_kids_certified_puzzle_23.js",".js","867","AGE_RELATED_SIGNAL","REVIEW_FOR_ADULTS_EXTENSION"
"frontend\src\ui\mindlab_kids_certified_puzzle_24.js",".js","913","AGE_RELATED_SIGNAL","REVIEW_FOR_ADULTS_EXTENSION"
"frontend\src\ui\mindlab_kids_certified_puzzle_25.js",".js","927","AGE_RELATED_SIGNAL","REVIEW_FOR_ADULTS_EXTENSION"
"frontend\src\ui\mindlab_kids_first_puzzle.js",".js","1050","AGE_RELATED_SIGNAL","REVIEW_FOR_ADULTS_EXTENSION"
"frontend\src\ui\mindlab_kids_game_flow.js",".js","642","AGE_RELATED_SIGNAL","REVIEW_FOR_ADULTS_EXTENSION"
"frontend\src\ui\mindlab_kids_main.js",".js","169","AGE_RELATED_SIGNAL","REVIEW_FOR_ADULTS_EXTENSION"
"frontend\src\ui\mindlab_kids_mode_shell.js",".js","609","AGE_RELATED_SIGNAL","REVIEW_FOR_ADULTS_EXTENSION"
"frontend\src\ui\mindlab_kids_progress.js",".js","255","AGE_RELATED_SIGNAL","REVIEW_FOR_ADULTS_EXTENSION"
"frontend\src\ui\mindlab_kids_puzzle_02.js",".js","1022","AGE_RELATED_SIGNAL","REVIEW_FOR_ADULTS_EXTENSION"
"frontend\src\ui\mindlab_kids_puzzle_03.js",".js","1053","AGE_RELATED_SIGNAL","REVIEW_FOR_ADULTS_EXTENSION"
"frontend\src\ui\mindlab_kids_puzzle_04.js",".js","1041","AGE_RELATED_SIGNAL","REVIEW_FOR_ADULTS_EXTENSION"
"frontend\src\ui\mindlab_kids_puzzle_05.js",".js","1029","AGE_RELATED_SIGNAL","REVIEW_FOR_ADULTS_EXTENSION"
"frontend\src\ui\mindlab_kids_puzzle_06.js",".js","1055","AGE_RELATED_SIGNAL","REVIEW_FOR_ADULTS_EXTENSION"
"frontend\src\ui\mindlab_kids_puzzle_07.js",".js","1071","AGE_RELATED_SIGNAL","REVIEW_FOR_ADULTS_EXTENSION"
"frontend\src\ui\mindlab_kids_puzzle_08.js",".js","1054","AGE_RELATED_SIGNAL","REVIEW_FOR_ADULTS_EXTENSION"
"frontend\src\ui\mindlab_kids_puzzle_09.js",".js","1049","AGE_RELATED_SIGNAL","REVIEW_FOR_ADULTS_EXTENSION"
"frontend\src\ui\mindlab_kids_puzzle_10.js",".js","1074","AGE_RELATED_SIGNAL","REVIEW_FOR_ADULTS_EXTENSION"
"frontend\src\ui\mindlab_kids_puzzle_11.js",".js","1073","AGE_RELATED_SIGNAL","REVIEW_FOR_ADULTS_EXTENSION"
"frontend\src\ui\mindlab_kids_puzzle_12.js",".js","1073","AGE_RELATED_SIGNAL","REVIEW_FOR_ADULTS_EXTENSION"
"frontend\src\ui\mindlab_kids_puzzle_13.js",".js","1058","AGE_RELATED_SIGNAL","REVIEW_FOR_ADULTS_EXTENSION"
"frontend\src\ui\mindlab_kids_puzzle_14.js",".js","1071","AGE_RELATED_SIGNAL","REVIEW_FOR_ADULTS_EXTENSION"
"frontend\src\ui\mindlab_kids_puzzle_15.js",".js","960","AGE_RELATED_SIGNAL","REVIEW_FOR_ADULTS_EXTENSION"
"frontend\src\ui\mindlab_kids_puzzle_16.js",".js","910","AGE_RELATED_SIGNAL","REVIEW_FOR_ADULTS_EXTENSION"
"frontend\src\ui\mindlab_kids_puzzle_17.js",".js","906","AGE_RELATED_SIGNAL","REVIEW_FOR_ADULTS_EXTENSION"
"frontend\src\ui\mindlab_kids_puzzle_18.js",".js","931","AGE_RELATED_SIGNAL","REVIEW_FOR_ADULTS_EXTENSION"
"frontend\src\ui\mindlab_kids_puzzle_19.js",".js","906","AGE_RELATED_SIGNAL","REVIEW_FOR_ADULTS_EXTENSION"
"frontend\src\ui\mindlab_kids_puzzle_20.js",".js","927","AGE_RELATED_SIGNAL","REVIEW_FOR_ADULTS_EXTENSION"
"frontend\src\ui\mindlab_kids_puzzle_21.js",".js","919","AGE_RELATED_SIGNAL","REVIEW_FOR_ADULTS_EXTENSION"
"frontend\src\ui\mindlab_kids_puzzle_22.js",".js","904","AGE_RELATED_SIGNAL","REVIEW_FOR_ADULTS_EXTENSION"
"frontend\src\ui\mindlab_kids_puzzle_23.js",".js","947","AGE_RELATED_SIGNAL","REVIEW_FOR_ADULTS_EXTENSION"
"frontend\src\ui\mindlab_kids_puzzle_24.js",".js","918","AGE_RELATED_SIGNAL","REVIEW_FOR_ADULTS_EXTENSION"
"frontend\src\ui\mindlab_kids_puzzle_25.js",".js","922","AGE_RELATED_SIGNAL","REVIEW_FOR_ADULTS_EXTENSION"
"frontend\src\ui\mindlab_kids_puzzle_26.js",".js","904","AGE_RELATED_SIGNAL","REVIEW_FOR_ADULTS_EXTENSION"
"frontend\src\ui\mindlab_kids_puzzle_27.js",".js","908","AGE_RELATED_SIGNAL","REVIEW_FOR_ADULTS_EXTENSION"
"frontend\src\ui\mindlab_kids_puzzle_28.js",".js","908","AGE_RELATED_SIGNAL","REVIEW_FOR_ADULTS_EXTENSION"
"frontend\src\ui\mindlab_kids_puzzle_29.js",".js","925","AGE_RELATED_SIGNAL","REVIEW_FOR_ADULTS_EXTENSION"
"frontend\src\ui\mindlab_kids_puzzle_30.js",".js","902","AGE_RELATED_SIGNAL","REVIEW_FOR_ADULTS_EXTENSION"
"frontend\src\ui\mindlab_kids_puzzle_31.js",".js","913","AGE_RELATED_SIGNAL","REVIEW_FOR_ADULTS_EXTENSION"
"frontend\src\ui\mindlab_kids_puzzle_32.js",".js","927","AGE_RELATED_SIGNAL","REVIEW_FOR_ADULTS_EXTENSION"
"frontend\src\ui\mindlab_kids_puzzle_33.js",".js","918","AGE_RELATED_SIGNAL","REVIEW_FOR_ADULTS_EXTENSION"
"frontend\src\ui\mindlab_kids_puzzle_34.js",".js","920","AGE_RELATED_SIGNAL","REVIEW_FOR_ADULTS_EXTENSION"
"frontend\src\ui\mindlab_kids_puzzle_35.js",".js","912","AGE_RELATED_SIGNAL","REVIEW_FOR_ADULTS_EXTENSION"
"frontend\src\ui\mindlab_kids_puzzle_36.js",".js","916","AGE_RELATED_SIGNAL","REVIEW_FOR_ADULTS_EXTENSION"
"frontend\src\ui\mindlab_kids_puzzle_37.js",".js","914","AGE_RELATED_SIGNAL","REVIEW_FOR_ADULTS_EXTENSION"
"frontend\src\ui\mindlab_kids_puzzle_38.js",".js","929","AGE_RELATED_SIGNAL","REVIEW_FOR_ADULTS_EXTENSION"
"frontend\src\ui\mindlab_kids_puzzle_39.js",".js","915","AGE_RELATED_SIGNAL","REVIEW_FOR_ADULTS_EXTENSION"
"frontend\src\ui\mindlab_kids_puzzle_40.js",".js","916","AGE_RELATED_SIGNAL","REVIEW_FOR_ADULTS_EXTENSION"
"frontend\src\ui\mindlab_kids_puzzle_41.js",".js","920","AGE_RELATED_SIGNAL","REVIEW_FOR_ADULTS_EXTENSION"
"frontend\src\ui\mindlab_kids_puzzle_42.js",".js","922","AGE_RELATED_SIGNAL","REVIEW_FOR_ADULTS_EXTENSION"
"frontend\src\ui\mindlab_kids_puzzle_43.js",".js","925","AGE_RELATED_SIGNAL","REVIEW_FOR_ADULTS_EXTENSION"
"frontend\src\ui\mindlab_kids_puzzle_44.js",".js","923","AGE_RELATED_SIGNAL","REVIEW_FOR_ADULTS_EXTENSION"
"frontend\src\ui\mindlab_kids_puzzle_45.js",".js","927","AGE_RELATED_SIGNAL","REVIEW_FOR_ADULTS_EXTENSION"
"frontend\src\ui\mindlab_kids_puzzle_46.js",".js","910","AGE_RELATED_SIGNAL","REVIEW_FOR_ADULTS_EXTENSION"
"frontend\src\ui\mindlab_kids_puzzle_47.js",".js","929","AGE_RELATED_SIGNAL","REVIEW_FOR_ADULTS_EXTENSION"
"frontend\src\ui\mindlab_kids_puzzle_48.js",".js","927","AGE_RELATED_SIGNAL","REVIEW_FOR_ADULTS_EXTENSION"
"frontend\src\ui\mindlab_kids_puzzle_49.js",".js","915","AGE_RELATED_SIGNAL","REVIEW_FOR_ADULTS_EXTENSION"
"frontend\src\ui\mindlab_kids_puzzle_50.js",".js","918","AGE_RELATED_SIGNAL","REVIEW_FOR_ADULTS_EXTENSION"
"frontend\src\ui\mindlab_kids_puzzle_51.js",".js","921","AGE_RELATED_SIGNAL","REVIEW_FOR_ADULTS_EXTENSION"
"frontend\src\ui\mindlab_kids_puzzle_52.js",".js","910","AGE_RELATED_SIGNAL","REVIEW_FOR_ADULTS_EXTENSION"
"frontend\src\ui\mindlab_kids_puzzle_53.js",".js","910","AGE_RELATED_SIGNAL","REVIEW_FOR_ADULTS_EXTENSION"
"frontend\src\ui\mindlab_kids_puzzle_54.js",".js","907","AGE_RELATED_SIGNAL","REVIEW_FOR_ADULTS_EXTENSION"
"frontend\src\ui\mindlab_kids_puzzle_55.js",".js","906","AGE_RELATED_SIGNAL","REVIEW_FOR_ADULTS_EXTENSION"
"frontend\src\ui\mindlab_persistent_game_runner.js",".js","865","NO_AGE_SIGNAL","NO_ACTION_NOW"
"frontend\src\ui\mindlab_persistent_game_test.js",".js","473","NO_AGE_SIGNAL","NO_ACTION_NOW"
"frontend\src\ui\mindlab_renderer.js",".js","1084","AGE_RELATED_SIGNAL","REVIEW_FOR_ADULTS_EXTENSION"
"frontend\src\ui\mindlab_ui_controller.js",".js","233","NO_AGE_SIGNAL","NO_ACTION_NOW"
"frontend\src\ui\mindlab_ui_test.js",".js","176","NO_AGE_SIGNAL","NO_ACTION_NOW"
"frontend\src\ui\mindlab_v2_admin_dashboard.js",".js","307","NO_AGE_SIGNAL","NO_ACTION_NOW"
"frontend\src\ui\mindlab_v2_admin_educator_test.js",".js","1632","AGE_RELATED_SIGNAL","REVIEW_FOR_ADULTS_EXTENSION"
"frontend\src\ui\mindlab_v2_admin_export_test.js",".js","645","AGE_RELATED_SIGNAL","REVIEW_FOR_ADULTS_EXTENSION"
"frontend\src\ui\mindlab_v2_analytics_dashboard.js",".js","523","NO_AGE_SIGNAL","NO_ACTION_NOW"
"frontend\src\ui\mindlab_v2_analytics_deployment_test.js",".js","960","AGE_RELATED_SIGNAL","REVIEW_FOR_ADULTS_EXTENSION"
"frontend\src\ui\mindlab_v2_assignment_summary_screen.js",".js","311","NO_AGE_SIGNAL","NO_ACTION_NOW"
"frontend\src\ui\mindlab_v2_educator_review_dashboard.js",".js","401","NO_AGE_SIGNAL","NO_ACTION_NOW"
"frontend\src\ui\mindlab_v2_export_review_screen.js",".js","291","NO_AGE_SIGNAL","NO_ACTION_NOW"
"frontend\src\ui\mindlab_v2_export_screen.js",".js","244","NO_AGE_SIGNAL","NO_ACTION_NOW"
"frontend\src\ui\mindlab_v2_generation_screen.js",".js","548","NO_AGE_SIGNAL","NO_ACTION_NOW"
"frontend\src\ui\mindlab_v2_learner_analytics_trends.js",".js","418","NO_AGE_SIGNAL","NO_ACTION_NOW"
"frontend\src\ui\mindlab_v2_learner_progress_review.js",".js","392","NO_AGE_SIGNAL","NO_ACTION_NOW"
"frontend\src\ui\mindlab_v2_recommendation_screen.js",".js","430","NO_AGE_SIGNAL","NO_ACTION_NOW"
"frontend\src\ui\mindlab_v2_ux_flow_controller.js",".js","38055","AGE_RELATED_SIGNAL","REVIEW_FOR_ADULTS_EXTENSION"
"frontend\src\ui\mindlab_v2_ux_flow_controller_test.js",".js","2198","AGE_RELATED_SIGNAL","REVIEW_FOR_ADULTS_EXTENSION"
"frontend\src\vite-env.d.ts",".ts","168","NO_AGE_SIGNAL","NO_ACTION_NOW"
"frontend\tests\e2e\backups\mindlab-daily-ui.spec.ts.before_20251201_202342.ts",".ts","1595","AGE_RELATED_SIGNAL","REVIEW_FOR_ADULTS_EXTENSION"
"frontend\tests\e2e\backups\mindlab-daily-ui.spec.ts.before_20251201_204445.ts",".ts","836","AGE_RELATED_SIGNAL","REVIEW_FOR_ADULTS_EXTENSION"
"frontend\tests\e2e\backups\mindlab-daily-ui.spec.ts.before_20251205_165031.ts",".ts","1263","AGE_RELATED_SIGNAL","REVIEW_FOR_ADULTS_EXTENSION"
"frontend\tests\e2e\backups\mindlab-daily-ui.spec.ts.before_20251205_211746.ts",".ts","1161","AGE_RELATED_SIGNAL","REVIEW_FOR_ADULTS_EXTENSION"
"frontend\tests\e2e\daily-challenge.spec.ts",".ts","1171","AGE_RELATED_SIGNAL","REVIEW_FOR_ADULTS_EXTENSION"
"frontend\tests\e2e\daily-challenge-prod.spec.ts",".ts","845","AGE_RELATED_SIGNAL","REVIEW_FOR_ADULTS_EXTENSION"
"frontend\tests\e2e\health-and-puzzles.spec.ts",".ts","1654","AGE_RELATED_SIGNAL","REVIEW_FOR_ADULTS_EXTENSION"
"frontend\tests\e2e\mindlab-basic.spec.ts",".ts","711","AGE_RELATED_SIGNAL","REVIEW_FOR_ADULTS_EXTENSION"
"frontend\tests\e2e\mindlab-daily-result.spec.ts",".ts","1877","AGE_RELATED_SIGNAL","REVIEW_FOR_ADULTS_EXTENSION"
"frontend\tests\e2e\mindlab-daily-solve.spec.ts",".ts","1639","AGE_RELATED_SIGNAL","REVIEW_FOR_ADULTS_EXTENSION"
"frontend\tests\e2e\mindlab-daily-ui.spec.ts",".ts","2182","AGE_RELATED_SIGNAL","REVIEW_FOR_ADULTS_EXTENSION"
"frontend\tests\e2e\mindlab-daily-ui-optional.spec.ts",".ts","620","AGE_RELATED_SIGNAL","REVIEW_FOR_ADULTS_EXTENSION"
"frontend\tests\e2e\mindlab-game-flow.spec.ts",".ts","1651","AGE_RELATED_SIGNAL","REVIEW_FOR_ADULTS_EXTENSION"
"frontend\tests\e2e\mindlab-health-ui.spec.ts",".ts","1010","AGE_RELATED_SIGNAL","REVIEW_FOR_ADULTS_EXTENSION"
"frontend\tests\e2e\mindlab-prod.spec.ts",".ts","1169","AGE_RELATED_SIGNAL","REVIEW_FOR_ADULTS_EXTENSION"
"frontend\tests\e2e\mindlab-progress-ui.spec.ts",".ts","787","AGE_RELATED_SIGNAL","REVIEW_FOR_ADULTS_EXTENSION"
"frontend\tests\e2e\progress-api.spec.ts",".ts","1169","AGE_RELATED_SIGNAL","REVIEW_FOR_ADULTS_EXTENSION"
"frontend\tests\e2e\progress-api-prod.spec.ts",".ts","809","NO_AGE_SIGNAL","NO_ACTION_NOW"
"frontend\tests\e2e\progress-ui.spec.ts",".ts","1553","AGE_RELATED_SIGNAL","REVIEW_FOR_ADULTS_EXTENSION"
"frontend\tests\e2e\puzzles-navigation.spec.ts",".ts","1547","AGE_RELATED_SIGNAL","REVIEW_FOR_ADULTS_EXTENSION"
"frontend\tsconfig.app.json",".json","732","NO_AGE_SIGNAL","NO_ACTION_NOW"
"frontend\tsconfig.json",".json","359","NO_AGE_SIGNAL","NO_ACTION_NOW"
"frontend\tsconfig.node.json",".json","653","NO_AGE_SIGNAL","NO_ACTION_NOW"
"frontend\vite.config.js",".js","244","NO_AGE_SIGNAL","NO_ACTION_NOW"
"frontend\vitest.config.ts",".ts","470","AGE_RELATED_SIGNAL","REVIEW_FOR_ADULTS_EXTENSION"
"game\achievements.json",".json","329","NO_AGE_SIGNAL","NO_ACTION_NOW"
"game\achievements_engine.js",".js","773","NO_AGE_SIGNAL","NO_ACTION_NOW"
"game\achievements_notifications.js",".js","438","AGE_RELATED_SIGNAL","REVIEW_FOR_ADULTS_EXTENSION"
"game\achievements_status_view.js",".js","367","NO_AGE_SIGNAL","NO_ACTION_NOW"
"game\achievements_test.js",".js","1643","AGE_RELATED_SIGNAL","REVIEW_FOR_ADULTS_EXTENSION"
"game\analytics_data.json",".json","96","NO_AGE_SIGNAL","NO_ACTION_NOW"
"game\analytics_engine.js",".js","1053","NO_AGE_SIGNAL","NO_ACTION_NOW"
"game\analytics_test.js",".js","1404","AGE_RELATED_SIGNAL","REVIEW_FOR_ADULTS_EXTENSION"
"game\content_pack_engine.js",".js","780","NO_AGE_SIGNAL","NO_ACTION_NOW"
"game\content_pack_test.js",".js","1203","AGE_RELATED_SIGNAL","REVIEW_FOR_ADULTS_EXTENSION"
"game\content_packs.json",".json","37","NO_AGE_SIGNAL","NO_ACTION_NOW"
"game\live_ops_engine.js",".js","1277","NO_AGE_SIGNAL","NO_ACTION_NOW"
"game\live_ops_test.js",".js","1448","AGE_RELATED_SIGNAL","REVIEW_FOR_ADULTS_EXTENSION"
"game\puzzle_data.json",".json","24","NO_AGE_SIGNAL","NO_ACTION_NOW"
"game\puzzle_editor_engine.js",".js","957","NO_AGE_SIGNAL","NO_ACTION_NOW"
"game\puzzle_editor_test.js",".js","1136","AGE_RELATED_SIGNAL","REVIEW_FOR_ADULTS_EXTENSION"
"game\qa_automation_engine.js",".js","1223","NO_AGE_SIGNAL","NO_ACTION_NOW"
"game\qa_automation_test.js",".js","1344","AGE_RELATED_SIGNAL","REVIEW_FOR_ADULTS_EXTENSION"
"game\qa_report.json",".json","108","NO_AGE_SIGNAL","NO_ACTION_NOW"
"game\season_config.json",".json","209","NO_AGE_SIGNAL","NO_ACTION_NOW"
"game\tournament_data.json",".json","46","NO_AGE_SIGNAL","NO_ACTION_NOW"
"game\tournament_engine.js",".js","1584","NO_AGE_SIGNAL","NO_ACTION_NOW"
"game\tournament_test.js",".js","1479","AGE_RELATED_SIGNAL","REVIEW_FOR_ADULTS_EXTENSION"
"package-lock.json",".json","102","AGE_RELATED_SIGNAL","REVIEW_FOR_ADULTS_EXTENSION"
"src\features\adults\adultsGameplayContent.ts",".ts","3970","AGE_RELATED_SIGNAL","REVIEW_FOR_ADULTS_EXTENSION"
"src\features\adults\AdultsGameplayPanel.tsx",".tsx","5455","AGE_RELATED_SIGNAL","REVIEW_FOR_ADULTS_EXTENSION"
"src\features\adults\AdultsLanding.tsx",".tsx","2003","AGE_RELATED_SIGNAL","REVIEW_FOR_ADULTS_EXTENSION"
"src\features\adults\adultsPersistence.ts",".ts","3767","AGE_RELATED_SIGNAL","REVIEW_FOR_ADULTS_EXTENSION"
"src\features\adults\AdultsPostSessionInsightPanel.tsx",".tsx","2182","AGE_RELATED_SIGNAL","REVIEW_FOR_ADULTS_EXTENSION"
"src\features\adults\adultsPostSessionInsights.ts",".ts","2029","AGE_RELATED_SIGNAL","REVIEW_FOR_ADULTS_EXTENSION"
"src\features\adults\adultsRouteConfig.ts",".ts","474","AGE_RELATED_SIGNAL","REVIEW_FOR_ADULTS_EXTENSION"
"src\features\adults\adultsScoring.ts",".ts","3569","AGE_RELATED_SIGNAL","REVIEW_FOR_ADULTS_EXTENSION"
"src\features\adults\adultsSessionModes.ts",".ts","1829","AGE_RELATED_SIGNAL","REVIEW_FOR_ADULTS_EXTENSION"
"src\features\adults\AdultsSessionModeSelector.tsx",".tsx","2176","AGE_RELATED_SIGNAL","REVIEW_FOR_ADULTS_EXTENSION"
"tests\k6\script.js",".js","261","NO_AGE_SIGNAL","NO_ACTION_NOW"
"tests\openapi.json",".json","2315","NO_AGE_SIGNAL","NO_ACTION_NOW"
"tools\backups\frontend_lock\mindlab_browser_app.js",".js","442","AGE_RELATED_SIGNAL","REVIEW_FOR_ADULTS_EXTENSION"
"tools\backups\frontend_lock\mindlab_score_submitter.js",".js","513","AGE_RELATED_SIGNAL","REVIEW_FOR_ADULTS_EXTENSION"
"tools\backups\frontend_lock\vite.config.js",".js","244","NO_AGE_SIGNAL","NO_ACTION_NOW"
"tools\backups\manual_loop_failure_recovery\20260412_120604\docs\planning\kids_certified\06_ux_qa\row_lock\current_focus_unresolved_manual_batch_packet_manifest.json",".json","584","AGE_RELATED_SIGNAL","REVIEW_FOR_ADULTS_EXTENSION"
"web\package.json",".json","157","NO_AGE_SIGNAL","NO_ACTION_NOW"
"web\web.js",".js","708","NO_AGE_SIGNAL","NO_ACTION_NOW"
