"FileId","RepoRelativePath","FileName","Extension","HasKidsSignal","HasRouteSignal","HasProgressSignal","HasGameSignal","Sha256","Status"
"KID-SRC-001","__BASELINE_BACKEND_PHASE5_20260104_110518/_quarantine/server.backup.js","server.backup.js",".js","NO","NO","YES","NO","EB3ECBC444D777B3781B46C453A6008530580AE646EA997FA91ED6B34ED8C4EF","DISCOVERED"
"KID-SRC-002","__BASELINE_BACKEND_PHASE5_20260104_110518/_quarantine/server.js","server.js",".js","NO","NO","YES","YES","2BEC214A3803B2A36DD91B22115C856790637EEF51F72223689C710886710F31","DISCOVERED"
"KID-SRC-003","__BASELINE_BACKEND_PHASE5_20260104_110518/contentEngine.js","contentEngine.js",".js","NO","NO","NO","YES","9F133537B1C66C4AE4049068A053FE2EFF16722C67F56902D1AFCB8AF632C85B","DISCOVERED"
"KID-SRC-004","__BASELINE_BACKEND_PHASE5_20260104_110518/daily-challenge/dailyChallengeEngine.ts","dailyChallengeEngine.ts",".ts","NO","NO","YES","YES","EFE1EDE83076DCD0DC0FFF9B33B82E150C58CEA8C9ED1623B46BDB6ED4772089","DISCOVERED"
"KID-SRC-005","__BASELINE_BACKEND_PHASE5_20260104_110518/daily-challenge/dailyChallengeRoutes.ts","dailyChallengeRoutes.ts",".ts","NO","NO","NO","YES","33B17A0F2D675D02F7482D696A80F517EECDDAAA8AC3D2A358EC42256754F763","DISCOVERED"
"KID-SRC-006","__BASELINE_BACKEND_PHASE5_20260104_110518/data/progress.json","progress.json",".json","NO","NO","NO","YES","161C1BD6FFBFFDCE59088418B7FC6B15C304C994BBC367615A155B0CEA901FFF","DISCOVERED"
"KID-SRC-007","__BASELINE_BACKEND_PHASE5_20260104_110518/data/puzzleDifficulty.json","puzzleDifficulty.json",".json","NO","NO","NO","NO","B7DEE7A377B27897E626AD6B9B77E3DFE1CCD4FE4EEDE670518E1E2C6F349AA2","DISCOVERED"
"KID-SRC-008","__BASELINE_BACKEND_PHASE5_20260104_110518/puzzles.json","puzzles.json",".json","NO","NO","NO","NO","38E44FF03166869281A0F09C38915342D9287802506B161D3F658FFE57F585C9","DISCOVERED"
"KID-SRC-009","__BASELINE_BACKEND_PHASE5_20260104_110518/puzzles/_legacy/puzzles.json","puzzles.json",".json","NO","NO","NO","NO","38E44FF03166869281A0F09C38915342D9287802506B161D3F658FFE57F585C9","DISCOVERED"
"KID-SRC-010","__BASELINE_BACKEND_PHASE5_20260104_110518/routes/progress.ts","progress.ts",".ts","NO","NO","YES","YES","AC539F6B00F83E4519AAF9C2373D57360E7F0D842EADD7E3B43172072C6649B5","DISCOVERED"
"KID-SRC-011","__BASELINE_BACKEND_PHASE5_20260104_113049/_quarantine/server.backup.js","server.backup.js",".js","NO","NO","YES","NO","EB3ECBC444D777B3781B46C453A6008530580AE646EA997FA91ED6B34ED8C4EF","DISCOVERED"
"KID-SRC-012","__BASELINE_BACKEND_PHASE5_20260104_113049/_quarantine/server.js","server.js",".js","NO","NO","YES","YES","2BEC214A3803B2A36DD91B22115C856790637EEF51F72223689C710886710F31","DISCOVERED"
"KID-SRC-013","__BASELINE_BACKEND_PHASE5_20260104_113049/contentEngine.js","contentEngine.js",".js","NO","NO","NO","YES","9F133537B1C66C4AE4049068A053FE2EFF16722C67F56902D1AFCB8AF632C85B","DISCOVERED"
"KID-SRC-014","__BASELINE_BACKEND_PHASE5_20260104_113049/daily-challenge/dailyChallengeEngine.ts","dailyChallengeEngine.ts",".ts","NO","NO","YES","YES","EFE1EDE83076DCD0DC0FFF9B33B82E150C58CEA8C9ED1623B46BDB6ED4772089","DISCOVERED"
"KID-SRC-015","__BASELINE_BACKEND_PHASE5_20260104_113049/daily-challenge/dailyChallengeRoutes.ts","dailyChallengeRoutes.ts",".ts","NO","NO","NO","YES","33B17A0F2D675D02F7482D696A80F517EECDDAAA8AC3D2A358EC42256754F763","DISCOVERED"
"KID-SRC-016","__BASELINE_BACKEND_PHASE5_20260104_113049/data/progress.json","progress.json",".json","NO","NO","NO","YES","161C1BD6FFBFFDCE59088418B7FC6B15C304C994BBC367615A155B0CEA901FFF","DISCOVERED"
"KID-SRC-017","__BASELINE_BACKEND_PHASE5_20260104_113049/data/puzzleDifficulty.json","puzzleDifficulty.json",".json","NO","NO","NO","NO","B7DEE7A377B27897E626AD6B9B77E3DFE1CCD4FE4EEDE670518E1E2C6F349AA2","DISCOVERED"
"KID-SRC-018","__BASELINE_BACKEND_PHASE5_20260104_113049/puzzles.json","puzzles.json",".json","NO","NO","NO","NO","38E44FF03166869281A0F09C38915342D9287802506B161D3F658FFE57F585C9","DISCOVERED"
"KID-SRC-019","__BASELINE_BACKEND_PHASE5_20260104_113049/puzzles/_legacy/puzzles.json","puzzles.json",".json","NO","NO","NO","NO","38E44FF03166869281A0F09C38915342D9287802506B161D3F658FFE57F585C9","DISCOVERED"
"KID-SRC-020","__BASELINE_BACKEND_PHASE5_20260104_113049/routes/progress.ts","progress.ts",".ts","NO","NO","YES","YES","AC539F6B00F83E4519AAF9C2373D57360E7F0D842EADD7E3B43172072C6649B5","DISCOVERED"
"KID-SRC-021","__BASELINE_BACKEND_PHASE5B5C_20260104_120421/_quarantine/server.backup.js","server.backup.js",".js","NO","NO","YES","NO","EB3ECBC444D777B3781B46C453A6008530580AE646EA997FA91ED6B34ED8C4EF","DISCOVERED"
"KID-SRC-022","__BASELINE_BACKEND_PHASE5B5C_20260104_120421/_quarantine/server.js","server.js",".js","NO","NO","YES","YES","2BEC214A3803B2A36DD91B22115C856790637EEF51F72223689C710886710F31","DISCOVERED"
"KID-SRC-023","__BASELINE_BACKEND_PHASE5B5C_20260104_120421/contentEngine.js","contentEngine.js",".js","NO","NO","NO","YES","9F133537B1C66C4AE4049068A053FE2EFF16722C67F56902D1AFCB8AF632C85B","DISCOVERED"
"KID-SRC-024","__BASELINE_BACKEND_PHASE5B5C_20260104_120421/daily-challenge/dailyChallengeEngine.ts","dailyChallengeEngine.ts",".ts","NO","NO","YES","YES","EFE1EDE83076DCD0DC0FFF9B33B82E150C58CEA8C9ED1623B46BDB6ED4772089","DISCOVERED"
"KID-SRC-025","__BASELINE_BACKEND_PHASE5B5C_20260104_120421/daily-challenge/dailyChallengeRoutes.ts","dailyChallengeRoutes.ts",".ts","NO","NO","NO","YES","33B17A0F2D675D02F7482D696A80F517EECDDAAA8AC3D2A358EC42256754F763","DISCOVERED"
"KID-SRC-026","__BASELINE_BACKEND_PHASE5B5C_20260104_120421/data/progress.json","progress.json",".json","NO","NO","NO","YES","68E601E1D278E2C3692E99393BFF001D0094FF1BC89CC2532F3625C733CFE929","DISCOVERED"
"KID-SRC-027","__BASELINE_BACKEND_PHASE5B5C_20260104_120421/data/puzzleDifficulty.json","puzzleDifficulty.json",".json","NO","NO","NO","NO","B7DEE7A377B27897E626AD6B9B77E3DFE1CCD4FE4EEDE670518E1E2C6F349AA2","DISCOVERED"
"KID-SRC-028","__BASELINE_BACKEND_PHASE5B5C_20260104_120421/puzzles.json","puzzles.json",".json","NO","NO","NO","NO","38E44FF03166869281A0F09C38915342D9287802506B161D3F658FFE57F585C9","DISCOVERED"
"KID-SRC-029","__BASELINE_BACKEND_PHASE5B5C_20260104_120421/puzzles/_legacy/puzzles.json","puzzles.json",".json","NO","NO","NO","NO","38E44FF03166869281A0F09C38915342D9287802506B161D3F658FFE57F585C9","DISCOVERED"
"KID-SRC-030","__BASELINE_BACKEND_PHASE5B5C_20260104_120421/routes/progress.ts","progress.ts",".ts","NO","NO","YES","YES","AC539F6B00F83E4519AAF9C2373D57360E7F0D842EADD7E3B43172072C6649B5","DISCOVERED"
"KID-SRC-031","__BASELINE_BACKEND_PHASE5D_20260105_184300/_quarantine/server.backup.js","server.backup.js",".js","NO","NO","YES","NO","EB3ECBC444D777B3781B46C453A6008530580AE646EA997FA91ED6B34ED8C4EF","DISCOVERED"
"KID-SRC-032","__BASELINE_BACKEND_PHASE5D_20260105_184300/_quarantine/server.js","server.js",".js","NO","NO","YES","YES","2BEC214A3803B2A36DD91B22115C856790637EEF51F72223689C710886710F31","DISCOVERED"
"KID-SRC-033","__BASELINE_BACKEND_PHASE5D_20260105_184300/contentEngine.js","contentEngine.js",".js","NO","NO","NO","YES","9F133537B1C66C4AE4049068A053FE2EFF16722C67F56902D1AFCB8AF632C85B","DISCOVERED"
"KID-SRC-034","__BASELINE_BACKEND_PHASE5D_20260105_184300/daily-challenge/dailyChallengeEngine.ts","dailyChallengeEngine.ts",".ts","NO","NO","YES","YES","EFE1EDE83076DCD0DC0FFF9B33B82E150C58CEA8C9ED1623B46BDB6ED4772089","DISCOVERED"
"KID-SRC-035","__BASELINE_BACKEND_PHASE5D_20260105_184300/daily-challenge/dailyChallengeRoutes.ts","dailyChallengeRoutes.ts",".ts","NO","NO","NO","YES","33B17A0F2D675D02F7482D696A80F517EECDDAAA8AC3D2A358EC42256754F763","DISCOVERED"
"KID-SRC-036","__BASELINE_BACKEND_PHASE5D_20260105_184300/data/progress.json","progress.json",".json","NO","NO","NO","YES","68E601E1D278E2C3692E99393BFF001D0094FF1BC89CC2532F3625C733CFE929","DISCOVERED"
"KID-SRC-037","__BASELINE_BACKEND_PHASE5D_20260105_184300/data/puzzleDifficulty.json","puzzleDifficulty.json",".json","NO","NO","NO","NO","B7DEE7A377B27897E626AD6B9B77E3DFE1CCD4FE4EEDE670518E1E2C6F349AA2","DISCOVERED"
"KID-SRC-038","__BASELINE_BACKEND_PHASE5D_20260105_184300/puzzles.json","puzzles.json",".json","NO","NO","NO","NO","38E44FF03166869281A0F09C38915342D9287802506B161D3F658FFE57F585C9","DISCOVERED"
"KID-SRC-039","__BASELINE_BACKEND_PHASE5D_20260105_184300/puzzles/_legacy/puzzles.json","puzzles.json",".json","NO","NO","NO","NO","38E44FF03166869281A0F09C38915342D9287802506B161D3F658FFE57F585C9","DISCOVERED"
"KID-SRC-040","__BASELINE_BACKEND_PHASE5D_20260105_184300/routes/progress.ts","progress.ts",".ts","NO","NO","YES","YES","AC539F6B00F83E4519AAF9C2373D57360E7F0D842EADD7E3B43172072C6649B5","DISCOVERED"
"KID-SRC-041","__BASELINE_FRONTEND_PHASE5_20260104_110518/_legacy_js_backup_20251208/App.backup.js","App.backup.js",".js","YES","NO","NO","NO","56099084404ADCA4A8B3B2BF5F141462DEB01BBAC9F293B4A54124F2DBC5C593","DISCOVERED"
"KID-SRC-042","__BASELINE_FRONTEND_PHASE5_20260104_110518/_legacy_js_backup_20251208/App.js","App.js",".js","YES","NO","YES","YES","502F225BF925CEE19536803F3168E06F9EC09D39C4BBCFA07D32B21E56EB5B8D","DISCOVERED"
"KID-SRC-043","__BASELINE_FRONTEND_PHASE5_20260104_110518/_legacy_js_backup_20251208/dailyChallengeApi.js","dailyChallengeApi.js",".js","NO","NO","NO","YES","C6C697A996AA47E1818817E76ABDD923FF8EF5F85CBDA0D71D3EEA30737861EF","DISCOVERED"
"KID-SRC-044","__BASELINE_FRONTEND_PHASE5_20260104_110518/_legacy_js_backup_20251208/DailyChallengeDetailPage.js","DailyChallengeDetailPage.js",".js","YES","NO","YES","YES","8701B3DE863A51C99E58FA2FC38642A015855FF87982BE4BAEB55092271FD54C","DISCOVERED"
"KID-SRC-045","__BASELINE_FRONTEND_PHASE5_20260104_110518/_legacy_js_backup_20251208/DailyChallengeHomeCard.js","DailyChallengeHomeCard.js",".js","YES","NO","YES","YES","62C0DEF2DE3016A45AA5BA2A55A2DB16962EF8C0C634287BD4BFBC5E6B1F9AF2","DISCOVERED"
"KID-SRC-046","__BASELINE_FRONTEND_PHASE5_20260104_110518/_legacy_js_backup_20251208/ErrorBanner.js","ErrorBanner.js",".js","YES","NO","NO","NO","6B1D1CDE1C414701BA530EDFCA6721EE471C40EB7E2BE9B0CA8052D7005F56F2","DISCOVERED"
"KID-SRC-047","__BASELINE_FRONTEND_PHASE5_20260104_110518/_legacy_js_backup_20251208/ErrorBoundary.js","ErrorBoundary.js",".js","YES","NO","NO","NO","160B5A3CA454A31E51F9089EDD2236A2B0E930F0BDEF9DD4D05032F1614C9D44","DISCOVERED"
"KID-SRC-048","__BASELINE_FRONTEND_PHASE5_20260104_110518/_legacy_js_backup_20251208/GamePanel.js","GamePanel.js",".js","YES","NO","NO","YES","800184DAC5136EE0F7E145D11059FFFEA2A2CE6B18D3124EC6785A712EABE875","DISCOVERED"
"KID-SRC-049","__BASELINE_FRONTEND_PHASE5_20260104_110518/_legacy_js_backup_20251208/HealthPanel.js","HealthPanel.js",".js","YES","NO","NO","NO","800463DD52FF0338352CFD2DBE619AFE4343B8C699F2FD3AC87208332FF3D18B","DISCOVERED"
"KID-SRC-050","__BASELINE_FRONTEND_PHASE5_20260104_110518/_legacy_js_backup_20251208/main.js","main.js",".js","YES","NO","NO","NO","8CEA00D52121807F9C9F261B3857D8BFA12AB4DF371ED0E916C3BD64056113FF","DISCOVERED"
"KID-SRC-051","__BASELINE_FRONTEND_PHASE5_20260104_110518/_legacy_js_backup_20251208/models.js","models.js",".js","NO","NO","NO","NO","8E609BB71C20B858C77F0E9F90BB1319DB8477B13F9F965F1A1E18524BF50881","DISCOVERED"
"KID-SRC-052","__BASELINE_FRONTEND_PHASE5_20260104_110518/_legacy_js_backup_20251208/ProgressPanel.js","ProgressPanel.js",".js","YES","NO","YES","YES","520DD788B23AB34603C42581123BE40ECBC2E9845C60E3FC1870D441F57C6BA5","DISCOVERED"
"KID-SRC-053","__BASELINE_FRONTEND_PHASE5_20260104_110518/_legacy_js_backup_20251208/ResultBanner.js","ResultBanner.js",".js","YES","NO","NO","NO","3D68689AA55AD591C1AD6C57D2E4A37D34ADBE7EBD0D088757A742D7247AB0F4","DISCOVERED"
"KID-SRC-054","__BASELINE_FRONTEND_PHASE5_20260104_110518/api.ts","api.ts",".ts","NO","NO","YES","YES","2522406D72C5C40239005CF589C1BCAD3869769FCEDE4EAFB0CBEAEC8E9C67E9","DISCOVERED"
"KID-SRC-055","__BASELINE_FRONTEND_PHASE5_20260104_110518/App.tsx","App.tsx",".tsx","NO","NO","YES","YES","7F304ED35F481297B68FF5F0304B0BD8FB3F4346F84072E40BD28E48F8529A97","DISCOVERED"
"KID-SRC-056","__BASELINE_FRONTEND_PHASE5_20260104_110518/components/ErrorBoundary.tsx","ErrorBoundary.tsx",".tsx","YES","NO","NO","NO","1A9BFE349FB488F29E5711EA2905B850332B8D0765B07A5BFCEAD997F8B5513A","DISCOVERED"
"KID-SRC-057","__BASELINE_FRONTEND_PHASE5_20260104_110518/components/GamePanel.tsx","GamePanel.tsx",".tsx","NO","NO","NO","YES","4F415D798265C6DA6B0ABB9F1D1F24EAD529B5456009556B3DE5E577A144934F","DISCOVERED"
"KID-SRC-058","__BASELINE_FRONTEND_PHASE5_20260104_110518/components/HealthPanel.tsx","HealthPanel.tsx",".tsx","NO","NO","YES","YES","1D3445A9AD8264905297A7E81DFE0A9CA4D61CAFC1B0ED58BDF61B2F72913D98","DISCOVERED"
"KID-SRC-059","__BASELINE_FRONTEND_PHASE5_20260104_110518/components/ProgressPanel.tsx","ProgressPanel.tsx",".tsx","NO","NO","YES","NO","ED4944258AEF2CC2B0305079EA9144BC9931E163F610312F922B800B0F4B17B3","DISCOVERED"
"KID-SRC-060","__BASELINE_FRONTEND_PHASE5_20260104_110518/daily-challenge/dailyChallengeApi.ts","dailyChallengeApi.ts",".ts","NO","NO","YES","YES","1750792CB60AB3B822BAFE7B6A1E12317E9E75DA8F4234D200826DC4FB43FCFB","DISCOVERED"
"KID-SRC-061","__BASELINE_FRONTEND_PHASE5_20260104_110518/daily-challenge/DailyChallengeDetailPage.tsx","DailyChallengeDetailPage.tsx",".tsx","NO","NO","YES","YES","5912AD79550E7FF5B96FBAAB50E0A1186B06A9E02A773771956F3735F304F7AB","DISCOVERED"
"KID-SRC-062","__BASELINE_FRONTEND_PHASE5_20260104_110518/daily-challenge/DailyChallengeHomeCard.tsx","DailyChallengeHomeCard.tsx",".tsx","NO","NO","YES","YES","532AB5CF585EC0113F0BC9C253336924291662261DF39BCB0E8E145B3BBA3142","DISCOVERED"
"KID-SRC-063","__BASELINE_FRONTEND_PHASE5_20260104_110518/daily-challenge/models.ts","models.ts",".ts","NO","NO","YES","YES","FEB2B904CEC083F4A0177770634EAF284DF88ABA6D930A178430624FC10FADAC","DISCOVERED"
"KID-SRC-064","__BASELINE_FRONTEND_PHASE5_20260104_110518/pages/Daily.tsx","Daily.tsx",".tsx","NO","NO","NO","YES","974AC1D5C66B9B7CD7798F0863D4ECF51E8F3AC970A148E70819BB930481262D","DISCOVERED"
"KID-SRC-065","__BASELINE_FRONTEND_PHASE5_20260104_110518/pages/Progress.tsx","Progress.tsx",".tsx","NO","NO","YES","YES","16365C895C23BB65CCE5008EB494509B32384BE27F6A7FDF15AFA5A49E556975","DISCOVERED"
"KID-SRC-066","__BASELINE_FRONTEND_PHASE5_20260104_110518/pages/PuzzlesPlay.tsx","PuzzlesPlay.tsx",".tsx","NO","NO","YES","YES","500A7D9EB793411EFBBCB6198F73CC7C2FE6E29803A7438C1938E0F2366AD4F1","DISCOVERED"
"KID-SRC-067","__BASELINE_FRONTEND_PHASE5_20260104_110518/pages/SolvePuzzle.tsx","SolvePuzzle.tsx",".tsx","NO","NO","YES","YES","6CBDD134108B5A1567FA40406EC18A0E3A115B76671B666FD0C0C67510A5FAA6","DISCOVERED"
"KID-SRC-068","__BASELINE_FRONTEND_PHASE5_20260104_110518/progress/ProgressPage.tsx","ProgressPage.tsx",".tsx","NO","NO","YES","YES","3ABFEAFB53F6B42B796132483FEB700E95C568F097FF4FFA28DE6804890EA052","DISCOVERED"
"KID-SRC-069","__BASELINE_FRONTEND_PHASE5_20260104_110518/puzzles/phase5/phase5.registry.ts","phase5.registry.ts",".ts","NO","NO","NO","YES","9AF5677091C8A8800AB7BB3AA2D05045FAA678BB9F2969F42215DEE4C308009A","DISCOVERED"
"KID-SRC-070","__BASELINE_FRONTEND_PHASE5_20260104_113049/_legacy_js_backup_20251208/App.backup.js","App.backup.js",".js","YES","NO","NO","NO","56099084404ADCA4A8B3B2BF5F141462DEB01BBAC9F293B4A54124F2DBC5C593","DISCOVERED"
"KID-SRC-071","__BASELINE_FRONTEND_PHASE5_20260104_113049/_legacy_js_backup_20251208/App.js","App.js",".js","YES","NO","YES","YES","502F225BF925CEE19536803F3168E06F9EC09D39C4BBCFA07D32B21E56EB5B8D","DISCOVERED"
"KID-SRC-072","__BASELINE_FRONTEND_PHASE5_20260104_113049/_legacy_js_backup_20251208/dailyChallengeApi.js","dailyChallengeApi.js",".js","NO","NO","NO","YES","C6C697A996AA47E1818817E76ABDD923FF8EF5F85CBDA0D71D3EEA30737861EF","DISCOVERED"
"KID-SRC-073","__BASELINE_FRONTEND_PHASE5_20260104_113049/_legacy_js_backup_20251208/DailyChallengeDetailPage.js","DailyChallengeDetailPage.js",".js","YES","NO","YES","YES","8701B3DE863A51C99E58FA2FC38642A015855FF87982BE4BAEB55092271FD54C","DISCOVERED"
"KID-SRC-074","__BASELINE_FRONTEND_PHASE5_20260104_113049/_legacy_js_backup_20251208/DailyChallengeHomeCard.js","DailyChallengeHomeCard.js",".js","YES","NO","YES","YES","62C0DEF2DE3016A45AA5BA2A55A2DB16962EF8C0C634287BD4BFBC5E6B1F9AF2","DISCOVERED"
"KID-SRC-075","__BASELINE_FRONTEND_PHASE5_20260104_113049/_legacy_js_backup_20251208/ErrorBanner.js","ErrorBanner.js",".js","YES","NO","NO","NO","6B1D1CDE1C414701BA530EDFCA6721EE471C40EB7E2BE9B0CA8052D7005F56F2","DISCOVERED"
"KID-SRC-076","__BASELINE_FRONTEND_PHASE5_20260104_113049/_legacy_js_backup_20251208/ErrorBoundary.js","ErrorBoundary.js",".js","YES","NO","NO","NO","160B5A3CA454A31E51F9089EDD2236A2B0E930F0BDEF9DD4D05032F1614C9D44","DISCOVERED"
"KID-SRC-077","__BASELINE_FRONTEND_PHASE5_20260104_113049/_legacy_js_backup_20251208/GamePanel.js","GamePanel.js",".js","YES","NO","NO","YES","800184DAC5136EE0F7E145D11059FFFEA2A2CE6B18D3124EC6785A712EABE875","DISCOVERED"
"KID-SRC-078","__BASELINE_FRONTEND_PHASE5_20260104_113049/_legacy_js_backup_20251208/HealthPanel.js","HealthPanel.js",".js","YES","NO","NO","NO","800463DD52FF0338352CFD2DBE619AFE4343B8C699F2FD3AC87208332FF3D18B","DISCOVERED"
"KID-SRC-079","__BASELINE_FRONTEND_PHASE5_20260104_113049/_legacy_js_backup_20251208/main.js","main.js",".js","YES","NO","NO","NO","8CEA00D52121807F9C9F261B3857D8BFA12AB4DF371ED0E916C3BD64056113FF","DISCOVERED"
"KID-SRC-080","__BASELINE_FRONTEND_PHASE5_20260104_113049/_legacy_js_backup_20251208/models.js","models.js",".js","NO","NO","NO","NO","8E609BB71C20B858C77F0E9F90BB1319DB8477B13F9F965F1A1E18524BF50881","DISCOVERED"
"KID-SRC-081","__BASELINE_FRONTEND_PHASE5_20260104_113049/_legacy_js_backup_20251208/ProgressPanel.js","ProgressPanel.js",".js","YES","NO","YES","YES","520DD788B23AB34603C42581123BE40ECBC2E9845C60E3FC1870D441F57C6BA5","DISCOVERED"
"KID-SRC-082","__BASELINE_FRONTEND_PHASE5_20260104_113049/_legacy_js_backup_20251208/ResultBanner.js","ResultBanner.js",".js","YES","NO","NO","NO","3D68689AA55AD591C1AD6C57D2E4A37D34ADBE7EBD0D088757A742D7247AB0F4","DISCOVERED"
"KID-SRC-083","__BASELINE_FRONTEND_PHASE5_20260104_113049/api.ts","api.ts",".ts","NO","NO","YES","YES","2522406D72C5C40239005CF589C1BCAD3869769FCEDE4EAFB0CBEAEC8E9C67E9","DISCOVERED"
"KID-SRC-084","__BASELINE_FRONTEND_PHASE5_20260104_113049/App.tsx","App.tsx",".tsx","NO","NO","YES","YES","7F304ED35F481297B68FF5F0304B0BD8FB3F4346F84072E40BD28E48F8529A97","DISCOVERED"
"KID-SRC-085","__BASELINE_FRONTEND_PHASE5_20260104_113049/components/ErrorBoundary.tsx","ErrorBoundary.tsx",".tsx","YES","NO","NO","NO","1A9BFE349FB488F29E5711EA2905B850332B8D0765B07A5BFCEAD997F8B5513A","DISCOVERED"
"KID-SRC-086","__BASELINE_FRONTEND_PHASE5_20260104_113049/components/GamePanel.tsx","GamePanel.tsx",".tsx","NO","NO","NO","YES","4F415D798265C6DA6B0ABB9F1D1F24EAD529B5456009556B3DE5E577A144934F","DISCOVERED"
"KID-SRC-087","__BASELINE_FRONTEND_PHASE5_20260104_113049/components/HealthPanel.tsx","HealthPanel.tsx",".tsx","NO","NO","YES","YES","1D3445A9AD8264905297A7E81DFE0A9CA4D61CAFC1B0ED58BDF61B2F72913D98","DISCOVERED"
"KID-SRC-088","__BASELINE_FRONTEND_PHASE5_20260104_113049/components/ProgressPanel.tsx","ProgressPanel.tsx",".tsx","NO","NO","YES","NO","ED4944258AEF2CC2B0305079EA9144BC9931E163F610312F922B800B0F4B17B3","DISCOVERED"
"KID-SRC-089","__BASELINE_FRONTEND_PHASE5_20260104_113049/daily-challenge/dailyChallengeApi.ts","dailyChallengeApi.ts",".ts","NO","NO","YES","YES","1750792CB60AB3B822BAFE7B6A1E12317E9E75DA8F4234D200826DC4FB43FCFB","DISCOVERED"
"KID-SRC-090","__BASELINE_FRONTEND_PHASE5_20260104_113049/daily-challenge/DailyChallengeDetailPage.tsx","DailyChallengeDetailPage.tsx",".tsx","NO","NO","YES","YES","5912AD79550E7FF5B96FBAAB50E0A1186B06A9E02A773771956F3735F304F7AB","DISCOVERED"
"KID-SRC-091","__BASELINE_FRONTEND_PHASE5_20260104_113049/daily-challenge/DailyChallengeHomeCard.tsx","DailyChallengeHomeCard.tsx",".tsx","NO","NO","YES","YES","532AB5CF585EC0113F0BC9C253336924291662261DF39BCB0E8E145B3BBA3142","DISCOVERED"
"KID-SRC-092","__BASELINE_FRONTEND_PHASE5_20260104_113049/daily-challenge/models.ts","models.ts",".ts","NO","NO","YES","YES","FEB2B904CEC083F4A0177770634EAF284DF88ABA6D930A178430624FC10FADAC","DISCOVERED"
"KID-SRC-093","__BASELINE_FRONTEND_PHASE5_20260104_113049/pages/Daily.tsx","Daily.tsx",".tsx","NO","NO","NO","YES","974AC1D5C66B9B7CD7798F0863D4ECF51E8F3AC970A148E70819BB930481262D","DISCOVERED"
"KID-SRC-094","__BASELINE_FRONTEND_PHASE5_20260104_113049/pages/Progress.tsx","Progress.tsx",".tsx","NO","NO","YES","YES","16365C895C23BB65CCE5008EB494509B32384BE27F6A7FDF15AFA5A49E556975","DISCOVERED"
"KID-SRC-095","__BASELINE_FRONTEND_PHASE5_20260104_113049/pages/PuzzlesPlay.tsx","PuzzlesPlay.tsx",".tsx","NO","NO","YES","YES","500A7D9EB793411EFBBCB6198F73CC7C2FE6E29803A7438C1938E0F2366AD4F1","DISCOVERED"
"KID-SRC-096","__BASELINE_FRONTEND_PHASE5_20260104_113049/pages/SolvePuzzle.tsx","SolvePuzzle.tsx",".tsx","NO","NO","YES","YES","6CBDD134108B5A1567FA40406EC18A0E3A115B76671B666FD0C0C67510A5FAA6","DISCOVERED"
"KID-SRC-097","__BASELINE_FRONTEND_PHASE5_20260104_113049/progress/ProgressPage.tsx","ProgressPage.tsx",".tsx","NO","NO","YES","YES","3ABFEAFB53F6B42B796132483FEB700E95C568F097FF4FFA28DE6804890EA052","DISCOVERED"
"KID-SRC-098","__BASELINE_FRONTEND_PHASE5_20260104_113049/puzzles/phase5/phase5.registry.ts","phase5.registry.ts",".ts","NO","NO","NO","YES","9AF5677091C8A8800AB7BB3AA2D05045FAA678BB9F2969F42215DEE4C308009A","DISCOVERED"
"KID-SRC-099","__BASELINE_FRONTEND_PHASE5B5C_20260104_120421/_legacy_js_backup_20251208/App.backup.js","App.backup.js",".js","YES","NO","NO","NO","56099084404ADCA4A8B3B2BF5F141462DEB01BBAC9F293B4A54124F2DBC5C593","DISCOVERED"
"KID-SRC-100","__BASELINE_FRONTEND_PHASE5B5C_20260104_120421/_legacy_js_backup_20251208/App.js","App.js",".js","YES","NO","YES","YES","502F225BF925CEE19536803F3168E06F9EC09D39C4BBCFA07D32B21E56EB5B8D","DISCOVERED"
"KID-SRC-101","__BASELINE_FRONTEND_PHASE5B5C_20260104_120421/_legacy_js_backup_20251208/dailyChallengeApi.js","dailyChallengeApi.js",".js","NO","NO","NO","YES","C6C697A996AA47E1818817E76ABDD923FF8EF5F85CBDA0D71D3EEA30737861EF","DISCOVERED"
"KID-SRC-102","__BASELINE_FRONTEND_PHASE5B5C_20260104_120421/_legacy_js_backup_20251208/DailyChallengeDetailPage.js","DailyChallengeDetailPage.js",".js","YES","NO","YES","YES","8701B3DE863A51C99E58FA2FC38642A015855FF87982BE4BAEB55092271FD54C","DISCOVERED"
"KID-SRC-103","__BASELINE_FRONTEND_PHASE5B5C_20260104_120421/_legacy_js_backup_20251208/DailyChallengeHomeCard.js","DailyChallengeHomeCard.js",".js","YES","NO","YES","YES","62C0DEF2DE3016A45AA5BA2A55A2DB16962EF8C0C634287BD4BFBC5E6B1F9AF2","DISCOVERED"
"KID-SRC-104","__BASELINE_FRONTEND_PHASE5B5C_20260104_120421/_legacy_js_backup_20251208/ErrorBanner.js","ErrorBanner.js",".js","YES","NO","NO","NO","6B1D1CDE1C414701BA530EDFCA6721EE471C40EB7E2BE9B0CA8052D7005F56F2","DISCOVERED"
"KID-SRC-105","__BASELINE_FRONTEND_PHASE5B5C_20260104_120421/_legacy_js_backup_20251208/ErrorBoundary.js","ErrorBoundary.js",".js","YES","NO","NO","NO","160B5A3CA454A31E51F9089EDD2236A2B0E930F0BDEF9DD4D05032F1614C9D44","DISCOVERED"
"KID-SRC-106","__BASELINE_FRONTEND_PHASE5B5C_20260104_120421/_legacy_js_backup_20251208/GamePanel.js","GamePanel.js",".js","YES","NO","NO","YES","800184DAC5136EE0F7E145D11059FFFEA2A2CE6B18D3124EC6785A712EABE875","DISCOVERED"
"KID-SRC-107","__BASELINE_FRONTEND_PHASE5B5C_20260104_120421/_legacy_js_backup_20251208/HealthPanel.js","HealthPanel.js",".js","YES","NO","NO","NO","800463DD52FF0338352CFD2DBE619AFE4343B8C699F2FD3AC87208332FF3D18B","DISCOVERED"
"KID-SRC-108","__BASELINE_FRONTEND_PHASE5B5C_20260104_120421/_legacy_js_backup_20251208/main.js","main.js",".js","YES","NO","NO","NO","8CEA00D52121807F9C9F261B3857D8BFA12AB4DF371ED0E916C3BD64056113FF","DISCOVERED"
"KID-SRC-109","__BASELINE_FRONTEND_PHASE5B5C_20260104_120421/_legacy_js_backup_20251208/models.js","models.js",".js","NO","NO","NO","NO","8E609BB71C20B858C77F0E9F90BB1319DB8477B13F9F965F1A1E18524BF50881","DISCOVERED"
"KID-SRC-110","__BASELINE_FRONTEND_PHASE5B5C_20260104_120421/_legacy_js_backup_20251208/ProgressPanel.js","ProgressPanel.js",".js","YES","NO","YES","YES","520DD788B23AB34603C42581123BE40ECBC2E9845C60E3FC1870D441F57C6BA5","DISCOVERED"
"KID-SRC-111","__BASELINE_FRONTEND_PHASE5B5C_20260104_120421/_legacy_js_backup_20251208/ResultBanner.js","ResultBanner.js",".js","YES","NO","NO","NO","3D68689AA55AD591C1AD6C57D2E4A37D34ADBE7EBD0D088757A742D7247AB0F4","DISCOVERED"
"KID-SRC-112","__BASELINE_FRONTEND_PHASE5B5C_20260104_120421/api.ts","api.ts",".ts","NO","NO","YES","YES","2522406D72C5C40239005CF589C1BCAD3869769FCEDE4EAFB0CBEAEC8E9C67E9","DISCOVERED"
"KID-SRC-113","__BASELINE_FRONTEND_PHASE5B5C_20260104_120421/App.tsx","App.tsx",".tsx","NO","NO","YES","YES","7F304ED35F481297B68FF5F0304B0BD8FB3F4346F84072E40BD28E48F8529A97","DISCOVERED"
"KID-SRC-114","__BASELINE_FRONTEND_PHASE5B5C_20260104_120421/components/ErrorBoundary.tsx","ErrorBoundary.tsx",".tsx","YES","NO","NO","NO","1A9BFE349FB488F29E5711EA2905B850332B8D0765B07A5BFCEAD997F8B5513A","DISCOVERED"
"KID-SRC-115","__BASELINE_FRONTEND_PHASE5B5C_20260104_120421/components/GamePanel.tsx","GamePanel.tsx",".tsx","NO","NO","NO","YES","4F415D798265C6DA6B0ABB9F1D1F24EAD529B5456009556B3DE5E577A144934F","DISCOVERED"
"KID-SRC-116","__BASELINE_FRONTEND_PHASE5B5C_20260104_120421/components/HealthPanel.tsx","HealthPanel.tsx",".tsx","NO","NO","YES","YES","1D3445A9AD8264905297A7E81DFE0A9CA4D61CAFC1B0ED58BDF61B2F72913D98","DISCOVERED"
"KID-SRC-117","__BASELINE_FRONTEND_PHASE5B5C_20260104_120421/components/ProgressPanel.tsx","ProgressPanel.tsx",".tsx","NO","NO","YES","NO","ED4944258AEF2CC2B0305079EA9144BC9931E163F610312F922B800B0F4B17B3","DISCOVERED"
"KID-SRC-118","__BASELINE_FRONTEND_PHASE5B5C_20260104_120421/daily-challenge/dailyChallengeApi.ts","dailyChallengeApi.ts",".ts","NO","NO","YES","YES","1750792CB60AB3B822BAFE7B6A1E12317E9E75DA8F4234D200826DC4FB43FCFB","DISCOVERED"
"KID-SRC-119","__BASELINE_FRONTEND_PHASE5B5C_20260104_120421/daily-challenge/DailyChallengeDetailPage.tsx","DailyChallengeDetailPage.tsx",".tsx","NO","NO","YES","YES","5912AD79550E7FF5B96FBAAB50E0A1186B06A9E02A773771956F3735F304F7AB","DISCOVERED"
"KID-SRC-120","__BASELINE_FRONTEND_PHASE5B5C_20260104_120421/daily-challenge/DailyChallengeHomeCard.tsx","DailyChallengeHomeCard.tsx",".tsx","NO","NO","YES","YES","532AB5CF585EC0113F0BC9C253336924291662261DF39BCB0E8E145B3BBA3142","DISCOVERED"
"KID-SRC-121","__BASELINE_FRONTEND_PHASE5B5C_20260104_120421/daily-challenge/models.ts","models.ts",".ts","NO","NO","YES","YES","FEB2B904CEC083F4A0177770634EAF284DF88ABA6D930A178430624FC10FADAC","DISCOVERED"
"KID-SRC-122","__BASELINE_FRONTEND_PHASE5B5C_20260104_120421/pages/Daily.tsx","Daily.tsx",".tsx","NO","NO","NO","YES","974AC1D5C66B9B7CD7798F0863D4ECF51E8F3AC970A148E70819BB930481262D","DISCOVERED"
"KID-SRC-123","__BASELINE_FRONTEND_PHASE5B5C_20260104_120421/pages/Progress.tsx","Progress.tsx",".tsx","NO","NO","YES","YES","16365C895C23BB65CCE5008EB494509B32384BE27F6A7FDF15AFA5A49E556975","DISCOVERED"
"KID-SRC-124","__BASELINE_FRONTEND_PHASE5B5C_20260104_120421/pages/PuzzlesPlay.tsx","PuzzlesPlay.tsx",".tsx","NO","NO","YES","YES","500A7D9EB793411EFBBCB6198F73CC7C2FE6E29803A7438C1938E0F2366AD4F1","DISCOVERED"
"KID-SRC-125","__BASELINE_FRONTEND_PHASE5B5C_20260104_120421/pages/SolvePuzzle.tsx","SolvePuzzle.tsx",".tsx","NO","NO","YES","YES","6CBDD134108B5A1567FA40406EC18A0E3A115B76671B666FD0C0C67510A5FAA6","DISCOVERED"
"KID-SRC-126","__BASELINE_FRONTEND_PHASE5B5C_20260104_120421/progress/ProgressPage.tsx","ProgressPage.tsx",".tsx","NO","NO","YES","YES","3ABFEAFB53F6B42B796132483FEB700E95C568F097FF4FFA28DE6804890EA052","DISCOVERED"
"KID-SRC-127","__BASELINE_FRONTEND_PHASE5B5C_20260104_120421/puzzles/phase5/phase5.registry.ts","phase5.registry.ts",".ts","NO","NO","NO","YES","9AF5677091C8A8800AB7BB3AA2D05045FAA678BB9F2969F42215DEE4C308009A","DISCOVERED"
"KID-SRC-128","__BASELINE_FRONTEND_PHASE5D_20260105_184300/_legacy_js_backup_20251208/App.backup.js","App.backup.js",".js","YES","NO","NO","NO","56099084404ADCA4A8B3B2BF5F141462DEB01BBAC9F293B4A54124F2DBC5C593","DISCOVERED"
"KID-SRC-129","__BASELINE_FRONTEND_PHASE5D_20260105_184300/_legacy_js_backup_20251208/App.js","App.js",".js","YES","NO","YES","YES","502F225BF925CEE19536803F3168E06F9EC09D39C4BBCFA07D32B21E56EB5B8D","DISCOVERED"
"KID-SRC-130","__BASELINE_FRONTEND_PHASE5D_20260105_184300/_legacy_js_backup_20251208/dailyChallengeApi.js","dailyChallengeApi.js",".js","NO","NO","NO","YES","C6C697A996AA47E1818817E76ABDD923FF8EF5F85CBDA0D71D3EEA30737861EF","DISCOVERED"
"KID-SRC-131","__BASELINE_FRONTEND_PHASE5D_20260105_184300/_legacy_js_backup_20251208/DailyChallengeDetailPage.js","DailyChallengeDetailPage.js",".js","YES","NO","YES","YES","8701B3DE863A51C99E58FA2FC38642A015855FF87982BE4BAEB55092271FD54C","DISCOVERED"
"KID-SRC-132","__BASELINE_FRONTEND_PHASE5D_20260105_184300/_legacy_js_backup_20251208/DailyChallengeHomeCard.js","DailyChallengeHomeCard.js",".js","YES","NO","YES","YES","62C0DEF2DE3016A45AA5BA2A55A2DB16962EF8C0C634287BD4BFBC5E6B1F9AF2","DISCOVERED"
"KID-SRC-133","__BASELINE_FRONTEND_PHASE5D_20260105_184300/_legacy_js_backup_20251208/ErrorBanner.js","ErrorBanner.js",".js","YES","NO","NO","NO","6B1D1CDE1C414701BA530EDFCA6721EE471C40EB7E2BE9B0CA8052D7005F56F2","DISCOVERED"
"KID-SRC-134","__BASELINE_FRONTEND_PHASE5D_20260105_184300/_legacy_js_backup_20251208/ErrorBoundary.js","ErrorBoundary.js",".js","YES","NO","NO","NO","160B5A3CA454A31E51F9089EDD2236A2B0E930F0BDEF9DD4D05032F1614C9D44","DISCOVERED"
"KID-SRC-135","__BASELINE_FRONTEND_PHASE5D_20260105_184300/_legacy_js_backup_20251208/GamePanel.js","GamePanel.js",".js","YES","NO","NO","YES","800184DAC5136EE0F7E145D11059FFFEA2A2CE6B18D3124EC6785A712EABE875","DISCOVERED"
"KID-SRC-136","__BASELINE_FRONTEND_PHASE5D_20260105_184300/_legacy_js_backup_20251208/HealthPanel.js","HealthPanel.js",".js","YES","NO","NO","NO","800463DD52FF0338352CFD2DBE619AFE4343B8C699F2FD3AC87208332FF3D18B","DISCOVERED"
"KID-SRC-137","__BASELINE_FRONTEND_PHASE5D_20260105_184300/_legacy_js_backup_20251208/main.js","main.js",".js","YES","NO","NO","NO","8CEA00D52121807F9C9F261B3857D8BFA12AB4DF371ED0E916C3BD64056113FF","DISCOVERED"
"KID-SRC-138","__BASELINE_FRONTEND_PHASE5D_20260105_184300/_legacy_js_backup_20251208/models.js","models.js",".js","NO","NO","NO","NO","8E609BB71C20B858C77F0E9F90BB1319DB8477B13F9F965F1A1E18524BF50881","DISCOVERED"
"KID-SRC-139","__BASELINE_FRONTEND_PHASE5D_20260105_184300/_legacy_js_backup_20251208/ProgressPanel.js","ProgressPanel.js",".js","YES","NO","YES","YES","520DD788B23AB34603C42581123BE40ECBC2E9845C60E3FC1870D441F57C6BA5","DISCOVERED"
"KID-SRC-140","__BASELINE_FRONTEND_PHASE5D_20260105_184300/_legacy_js_backup_20251208/ResultBanner.js","ResultBanner.js",".js","YES","NO","NO","NO","3D68689AA55AD591C1AD6C57D2E4A37D34ADBE7EBD0D088757A742D7247AB0F4","DISCOVERED"
"KID-SRC-141","__BASELINE_FRONTEND_PHASE5D_20260105_184300/api.ts","api.ts",".ts","NO","NO","YES","YES","2522406D72C5C40239005CF589C1BCAD3869769FCEDE4EAFB0CBEAEC8E9C67E9","DISCOVERED"
"KID-SRC-142","__BASELINE_FRONTEND_PHASE5D_20260105_184300/App.tsx","App.tsx",".tsx","NO","NO","YES","YES","7F304ED35F481297B68FF5F0304B0BD8FB3F4346F84072E40BD28E48F8529A97","DISCOVERED"
"KID-SRC-143","__BASELINE_FRONTEND_PHASE5D_20260105_184300/components/ErrorBoundary.tsx","ErrorBoundary.tsx",".tsx","YES","NO","NO","NO","1A9BFE349FB488F29E5711EA2905B850332B8D0765B07A5BFCEAD997F8B5513A","DISCOVERED"
"KID-SRC-144","__BASELINE_FRONTEND_PHASE5D_20260105_184300/components/GamePanel.tsx","GamePanel.tsx",".tsx","NO","NO","NO","YES","4F415D798265C6DA6B0ABB9F1D1F24EAD529B5456009556B3DE5E577A144934F","DISCOVERED"
"KID-SRC-145","__BASELINE_FRONTEND_PHASE5D_20260105_184300/components/HealthPanel.tsx","HealthPanel.tsx",".tsx","NO","NO","YES","YES","1D3445A9AD8264905297A7E81DFE0A9CA4D61CAFC1B0ED58BDF61B2F72913D98","DISCOVERED"
"KID-SRC-146","__BASELINE_FRONTEND_PHASE5D_20260105_184300/components/ProgressPanel.tsx","ProgressPanel.tsx",".tsx","NO","NO","YES","NO","ED4944258AEF2CC2B0305079EA9144BC9931E163F610312F922B800B0F4B17B3","DISCOVERED"
"KID-SRC-147","__BASELINE_FRONTEND_PHASE5D_20260105_184300/daily-challenge/dailyChallengeApi.ts","dailyChallengeApi.ts",".ts","NO","NO","YES","YES","1750792CB60AB3B822BAFE7B6A1E12317E9E75DA8F4234D200826DC4FB43FCFB","DISCOVERED"
"KID-SRC-148","__BASELINE_FRONTEND_PHASE5D_20260105_184300/daily-challenge/DailyChallengeDetailPage.tsx","DailyChallengeDetailPage.tsx",".tsx","NO","NO","YES","YES","5912AD79550E7FF5B96FBAAB50E0A1186B06A9E02A773771956F3735F304F7AB","DISCOVERED"
"KID-SRC-149","__BASELINE_FRONTEND_PHASE5D_20260105_184300/daily-challenge/DailyChallengeHomeCard.tsx","DailyChallengeHomeCard.tsx",".tsx","NO","NO","YES","YES","532AB5CF585EC0113F0BC9C253336924291662261DF39BCB0E8E145B3BBA3142","DISCOVERED"
"KID-SRC-150","__BASELINE_FRONTEND_PHASE5D_20260105_184300/daily-challenge/models.ts","models.ts",".ts","NO","NO","YES","YES","FEB2B904CEC083F4A0177770634EAF284DF88ABA6D930A178430624FC10FADAC","DISCOVERED"
"KID-SRC-151","__BASELINE_FRONTEND_PHASE5D_20260105_184300/pages/Daily.tsx","Daily.tsx",".tsx","NO","NO","NO","YES","974AC1D5C66B9B7CD7798F0863D4ECF51E8F3AC970A148E70819BB930481262D","DISCOVERED"
"KID-SRC-152","__BASELINE_FRONTEND_PHASE5D_20260105_184300/pages/Progress.tsx","Progress.tsx",".tsx","NO","NO","YES","YES","16365C895C23BB65CCE5008EB494509B32384BE27F6A7FDF15AFA5A49E556975","DISCOVERED"
"KID-SRC-153","__BASELINE_FRONTEND_PHASE5D_20260105_184300/pages/PuzzlesPlay.tsx","PuzzlesPlay.tsx",".tsx","NO","NO","YES","YES","500A7D9EB793411EFBBCB6198F73CC7C2FE6E29803A7438C1938E0F2366AD4F1","DISCOVERED"
"KID-SRC-154","__BASELINE_FRONTEND_PHASE5D_20260105_184300/pages/SolvePuzzle.tsx","SolvePuzzle.tsx",".tsx","NO","NO","YES","YES","F660BAFAC6C67474D06B19462D3EC0706A473EA6585BB45B434793C78649849F","DISCOVERED"
"KID-SRC-155","__BASELINE_FRONTEND_PHASE5D_20260105_184300/progress/ProgressPage.tsx","ProgressPage.tsx",".tsx","NO","NO","YES","YES","3ABFEAFB53F6B42B796132483FEB700E95C568F097FF4FFA28DE6804890EA052","DISCOVERED"
"KID-SRC-156","__BASELINE_FRONTEND_PHASE5D_20260105_184300/puzzles/phase5/phase5.registry.ts","phase5.registry.ts",".ts","NO","NO","NO","YES","9AF5677091C8A8800AB7BB3AA2D05045FAA678BB9F2969F42215DEE4C308009A","DISCOVERED"
"KID-SRC-157","__FREEZE_BACKEND_PHASE5D_20260106_184626/_quarantine/server.backup.js","server.backup.js",".js","NO","NO","YES","NO","EB3ECBC444D777B3781B46C453A6008530580AE646EA997FA91ED6B34ED8C4EF","DISCOVERED"
"KID-SRC-158","__FREEZE_BACKEND_PHASE5D_20260106_184626/_quarantine/server.js","server.js",".js","NO","NO","YES","YES","2BEC214A3803B2A36DD91B22115C856790637EEF51F72223689C710886710F31","DISCOVERED"
"KID-SRC-159","__FREEZE_BACKEND_PHASE5D_20260106_184626/contentEngine.js","contentEngine.js",".js","NO","NO","NO","YES","9F133537B1C66C4AE4049068A053FE2EFF16722C67F56902D1AFCB8AF632C85B","DISCOVERED"
"KID-SRC-160","__FREEZE_BACKEND_PHASE5D_20260106_184626/daily-challenge/dailyChallengeEngine.ts","dailyChallengeEngine.ts",".ts","NO","NO","YES","YES","EFE1EDE83076DCD0DC0FFF9B33B82E150C58CEA8C9ED1623B46BDB6ED4772089","DISCOVERED"
"KID-SRC-161","__FREEZE_BACKEND_PHASE5D_20260106_184626/daily-challenge/dailyChallengeRoutes.ts","dailyChallengeRoutes.ts",".ts","NO","NO","NO","YES","33B17A0F2D675D02F7482D696A80F517EECDDAAA8AC3D2A358EC42256754F763","DISCOVERED"
"KID-SRC-162","__FREEZE_BACKEND_PHASE5D_20260106_184626/data/progress.json","progress.json",".json","NO","NO","NO","YES","68E601E1D278E2C3692E99393BFF001D0094FF1BC89CC2532F3625C733CFE929","DISCOVERED"
"KID-SRC-163","__FREEZE_BACKEND_PHASE5D_20260106_184626/data/puzzleDifficulty.json","puzzleDifficulty.json",".json","NO","NO","NO","NO","B7DEE7A377B27897E626AD6B9B77E3DFE1CCD4FE4EEDE670518E1E2C6F349AA2","DISCOVERED"
"KID-SRC-164","__FREEZE_BACKEND_PHASE5D_20260106_184626/puzzles.json","puzzles.json",".json","NO","NO","NO","NO","38E44FF03166869281A0F09C38915342D9287802506B161D3F658FFE57F585C9","DISCOVERED"
"KID-SRC-165","__FREEZE_BACKEND_PHASE5D_20260106_184626/puzzles/_legacy/puzzles.json","puzzles.json",".json","NO","NO","NO","NO","38E44FF03166869281A0F09C38915342D9287802506B161D3F658FFE57F585C9","DISCOVERED"
"KID-SRC-166","__FREEZE_BACKEND_PHASE5D_20260106_184626/routes/progress.ts","progress.ts",".ts","NO","NO","YES","YES","AC539F6B00F83E4519AAF9C2373D57360E7F0D842EADD7E3B43172072C6649B5","DISCOVERED"
"KID-SRC-167","__FREEZE_FRONTEND_PHASE5D_20260106_184626/_legacy_js_backup_20251208/App.backup.js","App.backup.js",".js","YES","NO","NO","NO","56099084404ADCA4A8B3B2BF5F141462DEB01BBAC9F293B4A54124F2DBC5C593","DISCOVERED"
"KID-SRC-168","__FREEZE_FRONTEND_PHASE5D_20260106_184626/_legacy_js_backup_20251208/App.js","App.js",".js","YES","NO","YES","YES","502F225BF925CEE19536803F3168E06F9EC09D39C4BBCFA07D32B21E56EB5B8D","DISCOVERED"
"KID-SRC-169","__FREEZE_FRONTEND_PHASE5D_20260106_184626/_legacy_js_backup_20251208/dailyChallengeApi.js","dailyChallengeApi.js",".js","NO","NO","NO","YES","C6C697A996AA47E1818817E76ABDD923FF8EF5F85CBDA0D71D3EEA30737861EF","DISCOVERED"
"KID-SRC-170","__FREEZE_FRONTEND_PHASE5D_20260106_184626/_legacy_js_backup_20251208/DailyChallengeDetailPage.js","DailyChallengeDetailPage.js",".js","YES","NO","YES","YES","8701B3DE863A51C99E58FA2FC38642A015855FF87982BE4BAEB55092271FD54C","DISCOVERED"
"KID-SRC-171","__FREEZE_FRONTEND_PHASE5D_20260106_184626/_legacy_js_backup_20251208/DailyChallengeHomeCard.js","DailyChallengeHomeCard.js",".js","YES","NO","YES","YES","62C0DEF2DE3016A45AA5BA2A55A2DB16962EF8C0C634287BD4BFBC5E6B1F9AF2","DISCOVERED"
"KID-SRC-172","__FREEZE_FRONTEND_PHASE5D_20260106_184626/_legacy_js_backup_20251208/ErrorBanner.js","ErrorBanner.js",".js","YES","NO","NO","NO","6B1D1CDE1C414701BA530EDFCA6721EE471C40EB7E2BE9B0CA8052D7005F56F2","DISCOVERED"
"KID-SRC-173","__FREEZE_FRONTEND_PHASE5D_20260106_184626/_legacy_js_backup_20251208/ErrorBoundary.js","ErrorBoundary.js",".js","YES","NO","NO","NO","160B5A3CA454A31E51F9089EDD2236A2B0E930F0BDEF9DD4D05032F1614C9D44","DISCOVERED"
"KID-SRC-174","__FREEZE_FRONTEND_PHASE5D_20260106_184626/_legacy_js_backup_20251208/GamePanel.js","GamePanel.js",".js","YES","NO","NO","YES","800184DAC5136EE0F7E145D11059FFFEA2A2CE6B18D3124EC6785A712EABE875","DISCOVERED"
"KID-SRC-175","__FREEZE_FRONTEND_PHASE5D_20260106_184626/_legacy_js_backup_20251208/HealthPanel.js","HealthPanel.js",".js","YES","NO","NO","NO","800463DD52FF0338352CFD2DBE619AFE4343B8C699F2FD3AC87208332FF3D18B","DISCOVERED"
"KID-SRC-176","__FREEZE_FRONTEND_PHASE5D_20260106_184626/_legacy_js_backup_20251208/main.js","main.js",".js","YES","NO","NO","NO","8CEA00D52121807F9C9F261B3857D8BFA12AB4DF371ED0E916C3BD64056113FF","DISCOVERED"
"KID-SRC-177","__FREEZE_FRONTEND_PHASE5D_20260106_184626/_legacy_js_backup_20251208/models.js","models.js",".js","NO","NO","NO","NO","8E609BB71C20B858C77F0E9F90BB1319DB8477B13F9F965F1A1E18524BF50881","DISCOVERED"
"KID-SRC-178","__FREEZE_FRONTEND_PHASE5D_20260106_184626/_legacy_js_backup_20251208/ProgressPanel.js","ProgressPanel.js",".js","YES","NO","YES","YES","520DD788B23AB34603C42581123BE40ECBC2E9845C60E3FC1870D441F57C6BA5","DISCOVERED"
"KID-SRC-179","__FREEZE_FRONTEND_PHASE5D_20260106_184626/_legacy_js_backup_20251208/ResultBanner.js","ResultBanner.js",".js","YES","NO","NO","NO","3D68689AA55AD591C1AD6C57D2E4A37D34ADBE7EBD0D088757A742D7247AB0F4","DISCOVERED"
"KID-SRC-180","__FREEZE_FRONTEND_PHASE5D_20260106_184626/api.ts","api.ts",".ts","NO","NO","YES","YES","2522406D72C5C40239005CF589C1BCAD3869769FCEDE4EAFB0CBEAEC8E9C67E9","DISCOVERED"
"KID-SRC-181","__FREEZE_FRONTEND_PHASE5D_20260106_184626/App.tsx","App.tsx",".tsx","NO","NO","YES","YES","7F304ED35F481297B68FF5F0304B0BD8FB3F4346F84072E40BD28E48F8529A97","DISCOVERED"
"KID-SRC-182","__FREEZE_FRONTEND_PHASE5D_20260106_184626/components/ErrorBoundary.tsx","ErrorBoundary.tsx",".tsx","YES","NO","NO","NO","1A9BFE349FB488F29E5711EA2905B850332B8D0765B07A5BFCEAD997F8B5513A","DISCOVERED"
"KID-SRC-183","__FREEZE_FRONTEND_PHASE5D_20260106_184626/components/GamePanel.tsx","GamePanel.tsx",".tsx","NO","NO","NO","YES","4F415D798265C6DA6B0ABB9F1D1F24EAD529B5456009556B3DE5E577A144934F","DISCOVERED"
"KID-SRC-184","__FREEZE_FRONTEND_PHASE5D_20260106_184626/components/HealthPanel.tsx","HealthPanel.tsx",".tsx","NO","NO","YES","YES","1D3445A9AD8264905297A7E81DFE0A9CA4D61CAFC1B0ED58BDF61B2F72913D98","DISCOVERED"
"KID-SRC-185","__FREEZE_FRONTEND_PHASE5D_20260106_184626/components/ProgressPanel.tsx","ProgressPanel.tsx",".tsx","NO","NO","YES","NO","ED4944258AEF2CC2B0305079EA9144BC9931E163F610312F922B800B0F4B17B3","DISCOVERED"
"KID-SRC-186","__FREEZE_FRONTEND_PHASE5D_20260106_184626/daily-challenge/dailyChallengeApi.ts","dailyChallengeApi.ts",".ts","NO","NO","YES","YES","1750792CB60AB3B822BAFE7B6A1E12317E9E75DA8F4234D200826DC4FB43FCFB","DISCOVERED"
"KID-SRC-187","__FREEZE_FRONTEND_PHASE5D_20260106_184626/daily-challenge/DailyChallengeDetailPage.tsx","DailyChallengeDetailPage.tsx",".tsx","NO","NO","YES","YES","5912AD79550E7FF5B96FBAAB50E0A1186B06A9E02A773771956F3735F304F7AB","DISCOVERED"
"KID-SRC-188","__FREEZE_FRONTEND_PHASE5D_20260106_184626/daily-challenge/DailyChallengeHomeCard.tsx","DailyChallengeHomeCard.tsx",".tsx","NO","NO","YES","YES","532AB5CF585EC0113F0BC9C253336924291662261DF39BCB0E8E145B3BBA3142","DISCOVERED"
"KID-SRC-189","__FREEZE_FRONTEND_PHASE5D_20260106_184626/daily-challenge/models.ts","models.ts",".ts","NO","NO","YES","YES","FEB2B904CEC083F4A0177770634EAF284DF88ABA6D930A178430624FC10FADAC","DISCOVERED"
"KID-SRC-190","__FREEZE_FRONTEND_PHASE5D_20260106_184626/pages/Daily.tsx","Daily.tsx",".tsx","NO","NO","NO","YES","974AC1D5C66B9B7CD7798F0863D4ECF51E8F3AC970A148E70819BB930481262D","DISCOVERED"
"KID-SRC-191","__FREEZE_FRONTEND_PHASE5D_20260106_184626/pages/Progress.tsx","Progress.tsx",".tsx","NO","NO","YES","YES","16365C895C23BB65CCE5008EB494509B32384BE27F6A7FDF15AFA5A49E556975","DISCOVERED"
"KID-SRC-192","__FREEZE_FRONTEND_PHASE5D_20260106_184626/pages/PuzzlesPlay.tsx","PuzzlesPlay.tsx",".tsx","NO","NO","YES","YES","500A7D9EB793411EFBBCB6198F73CC7C2FE6E29803A7438C1938E0F2366AD4F1","DISCOVERED"
"KID-SRC-193","__FREEZE_FRONTEND_PHASE5D_20260106_184626/pages/SolvePuzzle.tsx","SolvePuzzle.tsx",".tsx","NO","NO","YES","YES","F660BAFAC6C67474D06B19462D3EC0706A473EA6585BB45B434793C78649849F","DISCOVERED"
"KID-SRC-194","__FREEZE_FRONTEND_PHASE5D_20260106_184626/progress/ProgressPage.tsx","ProgressPage.tsx",".tsx","NO","NO","YES","YES","3ABFEAFB53F6B42B796132483FEB700E95C568F097FF4FFA28DE6804890EA052","DISCOVERED"
"KID-SRC-195","__FREEZE_FRONTEND_PHASE5D_20260106_184626/puzzles/phase5/phase5.registry.ts","phase5.registry.ts",".ts","NO","NO","NO","YES","9AF5677091C8A8800AB7BB3AA2D05045FAA678BB9F2969F42215DEE4C308009A","DISCOVERED"
"KID-SRC-196","_BASELINE_BACKEND_20260103_102610/_quarantine/server.backup.js","server.backup.js",".js","NO","NO","YES","NO","EB3ECBC444D777B3781B46C453A6008530580AE646EA997FA91ED6B34ED8C4EF","DISCOVERED"
"KID-SRC-197","_BASELINE_BACKEND_20260103_102610/_quarantine/server.js","server.js",".js","NO","NO","YES","YES","2BEC214A3803B2A36DD91B22115C856790637EEF51F72223689C710886710F31","DISCOVERED"
"KID-SRC-198","_BASELINE_BACKEND_20260103_102610/contentEngine.js","contentEngine.js",".js","NO","NO","NO","YES","9F133537B1C66C4AE4049068A053FE2EFF16722C67F56902D1AFCB8AF632C85B","DISCOVERED"
"KID-SRC-199","_BASELINE_BACKEND_20260103_102610/daily-challenge/dailyChallengeEngine.ts","dailyChallengeEngine.ts",".ts","NO","NO","YES","YES","EFE1EDE83076DCD0DC0FFF9B33B82E150C58CEA8C9ED1623B46BDB6ED4772089","DISCOVERED"
"KID-SRC-200","_BASELINE_BACKEND_20260103_102610/daily-challenge/dailyChallengeRoutes.ts","dailyChallengeRoutes.ts",".ts","NO","NO","NO","YES","33B17A0F2D675D02F7482D696A80F517EECDDAAA8AC3D2A358EC42256754F763","DISCOVERED"
"KID-SRC-201","_BASELINE_BACKEND_20260103_102610/data/progress.json","progress.json",".json","NO","NO","NO","YES","161C1BD6FFBFFDCE59088418B7FC6B15C304C994BBC367615A155B0CEA901FFF","DISCOVERED"
"KID-SRC-202","_BASELINE_BACKEND_20260103_102610/puzzles.json","puzzles.json",".json","NO","NO","NO","NO","38E44FF03166869281A0F09C38915342D9287802506B161D3F658FFE57F585C9","DISCOVERED"
"KID-SRC-203","_BASELINE_BACKEND_20260103_102610/puzzles/_legacy/puzzles.json","puzzles.json",".json","NO","NO","NO","NO","38E44FF03166869281A0F09C38915342D9287802506B161D3F658FFE57F585C9","DISCOVERED"
"KID-SRC-204","_BASELINE_BACKEND_20260103_102610/routes/progress.ts","progress.ts",".ts","NO","NO","YES","YES","AC539F6B00F83E4519AAF9C2373D57360E7F0D842EADD7E3B43172072C6649B5","DISCOVERED"
"KID-SRC-205","_BASELINE_BACKEND_PHASE2_20260103_131246/_quarantine/server.backup.js","server.backup.js",".js","NO","NO","YES","NO","EB3ECBC444D777B3781B46C453A6008530580AE646EA997FA91ED6B34ED8C4EF","DISCOVERED"
"KID-SRC-206","_BASELINE_BACKEND_PHASE2_20260103_131246/_quarantine/server.js","server.js",".js","NO","NO","YES","YES","2BEC214A3803B2A36DD91B22115C856790637EEF51F72223689C710886710F31","DISCOVERED"
"KID-SRC-207","_BASELINE_BACKEND_PHASE2_20260103_131246/contentEngine.js","contentEngine.js",".js","NO","NO","NO","YES","9F133537B1C66C4AE4049068A053FE2EFF16722C67F56902D1AFCB8AF632C85B","DISCOVERED"
"KID-SRC-208","_BASELINE_BACKEND_PHASE2_20260103_131246/daily-challenge/dailyChallengeEngine.ts","dailyChallengeEngine.ts",".ts","NO","NO","YES","YES","EFE1EDE83076DCD0DC0FFF9B33B82E150C58CEA8C9ED1623B46BDB6ED4772089","DISCOVERED"
"KID-SRC-209","_BASELINE_BACKEND_PHASE2_20260103_131246/daily-challenge/dailyChallengeRoutes.ts","dailyChallengeRoutes.ts",".ts","NO","NO","NO","YES","33B17A0F2D675D02F7482D696A80F517EECDDAAA8AC3D2A358EC42256754F763","DISCOVERED"
"KID-SRC-210","_BASELINE_BACKEND_PHASE2_20260103_131246/data/progress.json","progress.json",".json","NO","NO","NO","YES","161C1BD6FFBFFDCE59088418B7FC6B15C304C994BBC367615A155B0CEA901FFF","DISCOVERED"
"KID-SRC-211","_BASELINE_BACKEND_PHASE2_20260103_131246/data/puzzleDifficulty.json","puzzleDifficulty.json",".json","NO","NO","NO","NO","B7DEE7A377B27897E626AD6B9B77E3DFE1CCD4FE4EEDE670518E1E2C6F349AA2","DISCOVERED"
"KID-SRC-212","_BASELINE_BACKEND_PHASE2_20260103_131246/puzzles.json","puzzles.json",".json","NO","NO","NO","NO","38E44FF03166869281A0F09C38915342D9287802506B161D3F658FFE57F585C9","DISCOVERED"
"KID-SRC-213","_BASELINE_BACKEND_PHASE2_20260103_131246/puzzles/_legacy/puzzles.json","puzzles.json",".json","NO","NO","NO","NO","38E44FF03166869281A0F09C38915342D9287802506B161D3F658FFE57F585C9","DISCOVERED"
"KID-SRC-214","_BASELINE_BACKEND_PHASE2_20260103_131246/routes/progress.ts","progress.ts",".ts","NO","NO","YES","YES","AC539F6B00F83E4519AAF9C2373D57360E7F0D842EADD7E3B43172072C6649B5","DISCOVERED"
"KID-SRC-215","_BASELINE_BACKEND_PHASE3_20260103_133742/_quarantine/server.backup.js","server.backup.js",".js","NO","NO","YES","NO","EB3ECBC444D777B3781B46C453A6008530580AE646EA997FA91ED6B34ED8C4EF","DISCOVERED"
"KID-SRC-216","_BASELINE_BACKEND_PHASE3_20260103_133742/_quarantine/server.js","server.js",".js","NO","NO","YES","YES","2BEC214A3803B2A36DD91B22115C856790637EEF51F72223689C710886710F31","DISCOVERED"
"KID-SRC-217","_BASELINE_BACKEND_PHASE3_20260103_133742/contentEngine.js","contentEngine.js",".js","NO","NO","NO","YES","9F133537B1C66C4AE4049068A053FE2EFF16722C67F56902D1AFCB8AF632C85B","DISCOVERED"
"KID-SRC-218","_BASELINE_BACKEND_PHASE3_20260103_133742/daily-challenge/dailyChallengeEngine.ts","dailyChallengeEngine.ts",".ts","NO","NO","YES","YES","EFE1EDE83076DCD0DC0FFF9B33B82E150C58CEA8C9ED1623B46BDB6ED4772089","DISCOVERED"
"KID-SRC-219","_BASELINE_BACKEND_PHASE3_20260103_133742/daily-challenge/dailyChallengeRoutes.ts","dailyChallengeRoutes.ts",".ts","NO","NO","NO","YES","33B17A0F2D675D02F7482D696A80F517EECDDAAA8AC3D2A358EC42256754F763","DISCOVERED"
"KID-SRC-220","_BASELINE_BACKEND_PHASE3_20260103_133742/data/progress.json","progress.json",".json","NO","NO","NO","YES","161C1BD6FFBFFDCE59088418B7FC6B15C304C994BBC367615A155B0CEA901FFF","DISCOVERED"
"KID-SRC-221","_BASELINE_BACKEND_PHASE3_20260103_133742/data/puzzleDifficulty.json","puzzleDifficulty.json",".json","NO","NO","NO","NO","B7DEE7A377B27897E626AD6B9B77E3DFE1CCD4FE4EEDE670518E1E2C6F349AA2","DISCOVERED"
"KID-SRC-222","_BASELINE_BACKEND_PHASE3_20260103_133742/puzzles.json","puzzles.json",".json","NO","NO","NO","NO","38E44FF03166869281A0F09C38915342D9287802506B161D3F658FFE57F585C9","DISCOVERED"
"KID-SRC-223","_BASELINE_BACKEND_PHASE3_20260103_133742/puzzles/_legacy/puzzles.json","puzzles.json",".json","NO","NO","NO","NO","38E44FF03166869281A0F09C38915342D9287802506B161D3F658FFE57F585C9","DISCOVERED"
"KID-SRC-224","_BASELINE_BACKEND_PHASE3_20260103_133742/routes/progress.ts","progress.ts",".ts","NO","NO","YES","YES","AC539F6B00F83E4519AAF9C2373D57360E7F0D842EADD7E3B43172072C6649B5","DISCOVERED"
"KID-SRC-225","_BASELINE_BACKEND_PHASE4_20260103_135829/_quarantine/server.backup.js","server.backup.js",".js","NO","NO","YES","NO","EB3ECBC444D777B3781B46C453A6008530580AE646EA997FA91ED6B34ED8C4EF","DISCOVERED"
"KID-SRC-226","_BASELINE_BACKEND_PHASE4_20260103_135829/_quarantine/server.js","server.js",".js","NO","NO","YES","YES","2BEC214A3803B2A36DD91B22115C856790637EEF51F72223689C710886710F31","DISCOVERED"
"KID-SRC-227","_BASELINE_BACKEND_PHASE4_20260103_135829/contentEngine.js","contentEngine.js",".js","NO","NO","NO","YES","9F133537B1C66C4AE4049068A053FE2EFF16722C67F56902D1AFCB8AF632C85B","DISCOVERED"
"KID-SRC-228","_BASELINE_BACKEND_PHASE4_20260103_135829/daily-challenge/dailyChallengeEngine.ts","dailyChallengeEngine.ts",".ts","NO","NO","YES","YES","EFE1EDE83076DCD0DC0FFF9B33B82E150C58CEA8C9ED1623B46BDB6ED4772089","DISCOVERED"
"KID-SRC-229","_BASELINE_BACKEND_PHASE4_20260103_135829/daily-challenge/dailyChallengeRoutes.ts","dailyChallengeRoutes.ts",".ts","NO","NO","NO","YES","33B17A0F2D675D02F7482D696A80F517EECDDAAA8AC3D2A358EC42256754F763","DISCOVERED"
"KID-SRC-230","_BASELINE_BACKEND_PHASE4_20260103_135829/data/progress.json","progress.json",".json","NO","NO","NO","YES","161C1BD6FFBFFDCE59088418B7FC6B15C304C994BBC367615A155B0CEA901FFF","DISCOVERED"
"KID-SRC-231","_BASELINE_BACKEND_PHASE4_20260103_135829/data/puzzleDifficulty.json","puzzleDifficulty.json",".json","NO","NO","NO","NO","B7DEE7A377B27897E626AD6B9B77E3DFE1CCD4FE4EEDE670518E1E2C6F349AA2","DISCOVERED"
"KID-SRC-232","_BASELINE_BACKEND_PHASE4_20260103_135829/puzzles.json","puzzles.json",".json","NO","NO","NO","NO","38E44FF03166869281A0F09C38915342D9287802506B161D3F658FFE57F585C9","DISCOVERED"
"KID-SRC-233","_BASELINE_BACKEND_PHASE4_20260103_135829/puzzles/_legacy/puzzles.json","puzzles.json",".json","NO","NO","NO","NO","38E44FF03166869281A0F09C38915342D9287802506B161D3F658FFE57F585C9","DISCOVERED"
"KID-SRC-234","_BASELINE_BACKEND_PHASE4_20260103_135829/routes/progress.ts","progress.ts",".ts","NO","NO","YES","YES","AC539F6B00F83E4519AAF9C2373D57360E7F0D842EADD7E3B43172072C6649B5","DISCOVERED"
"KID-SRC-235","_BASELINE_FRONTEND_20260103_102610/_legacy_js_backup_20251208/App.backup.js","App.backup.js",".js","YES","NO","NO","NO","56099084404ADCA4A8B3B2BF5F141462DEB01BBAC9F293B4A54124F2DBC5C593","DISCOVERED"
"KID-SRC-236","_BASELINE_FRONTEND_20260103_102610/_legacy_js_backup_20251208/App.js","App.js",".js","YES","NO","YES","YES","502F225BF925CEE19536803F3168E06F9EC09D39C4BBCFA07D32B21E56EB5B8D","DISCOVERED"
"KID-SRC-237","_BASELINE_FRONTEND_20260103_102610/_legacy_js_backup_20251208/dailyChallengeApi.js","dailyChallengeApi.js",".js","NO","NO","NO","YES","C6C697A996AA47E1818817E76ABDD923FF8EF5F85CBDA0D71D3EEA30737861EF","DISCOVERED"
"KID-SRC-238","_BASELINE_FRONTEND_20260103_102610/_legacy_js_backup_20251208/DailyChallengeDetailPage.js","DailyChallengeDetailPage.js",".js","YES","NO","YES","YES","8701B3DE863A51C99E58FA2FC38642A015855FF87982BE4BAEB55092271FD54C","DISCOVERED"
"KID-SRC-239","_BASELINE_FRONTEND_20260103_102610/_legacy_js_backup_20251208/DailyChallengeHomeCard.js","DailyChallengeHomeCard.js",".js","YES","NO","YES","YES","62C0DEF2DE3016A45AA5BA2A55A2DB16962EF8C0C634287BD4BFBC5E6B1F9AF2","DISCOVERED"
"KID-SRC-240","_BASELINE_FRONTEND_20260103_102610/_legacy_js_backup_20251208/ErrorBanner.js","ErrorBanner.js",".js","YES","NO","NO","NO","6B1D1CDE1C414701BA530EDFCA6721EE471C40EB7E2BE9B0CA8052D7005F56F2","DISCOVERED"
"KID-SRC-241","_BASELINE_FRONTEND_20260103_102610/_legacy_js_backup_20251208/ErrorBoundary.js","ErrorBoundary.js",".js","YES","NO","NO","NO","160B5A3CA454A31E51F9089EDD2236A2B0E930F0BDEF9DD4D05032F1614C9D44","DISCOVERED"
"KID-SRC-242","_BASELINE_FRONTEND_20260103_102610/_legacy_js_backup_20251208/GamePanel.js","GamePanel.js",".js","YES","NO","NO","YES","800184DAC5136EE0F7E145D11059FFFEA2A2CE6B18D3124EC6785A712EABE875","DISCOVERED"
"KID-SRC-243","_BASELINE_FRONTEND_20260103_102610/_legacy_js_backup_20251208/HealthPanel.js","HealthPanel.js",".js","YES","NO","NO","NO","800463DD52FF0338352CFD2DBE619AFE4343B8C699F2FD3AC87208332FF3D18B","DISCOVERED"
"KID-SRC-244","_BASELINE_FRONTEND_20260103_102610/_legacy_js_backup_20251208/main.js","main.js",".js","YES","NO","NO","NO","8CEA00D52121807F9C9F261B3857D8BFA12AB4DF371ED0E916C3BD64056113FF","DISCOVERED"
"KID-SRC-245","_BASELINE_FRONTEND_20260103_102610/_legacy_js_backup_20251208/models.js","models.js",".js","NO","NO","NO","NO","8E609BB71C20B858C77F0E9F90BB1319DB8477B13F9F965F1A1E18524BF50881","DISCOVERED"
"KID-SRC-246","_BASELINE_FRONTEND_20260103_102610/_legacy_js_backup_20251208/ProgressPanel.js","ProgressPanel.js",".js","YES","NO","YES","YES","520DD788B23AB34603C42581123BE40ECBC2E9845C60E3FC1870D441F57C6BA5","DISCOVERED"
"KID-SRC-247","_BASELINE_FRONTEND_20260103_102610/_legacy_js_backup_20251208/ResultBanner.js","ResultBanner.js",".js","YES","NO","NO","NO","3D68689AA55AD591C1AD6C57D2E4A37D34ADBE7EBD0D088757A742D7247AB0F4","DISCOVERED"
"KID-SRC-248","_BASELINE_FRONTEND_20260103_102610/api.ts","api.ts",".ts","NO","NO","YES","YES","2522406D72C5C40239005CF589C1BCAD3869769FCEDE4EAFB0CBEAEC8E9C67E9","DISCOVERED"
"KID-SRC-249","_BASELINE_FRONTEND_20260103_102610/App.tsx","App.tsx",".tsx","NO","NO","YES","YES","7F304ED35F481297B68FF5F0304B0BD8FB3F4346F84072E40BD28E48F8529A97","DISCOVERED"
"KID-SRC-250","_BASELINE_FRONTEND_20260103_102610/components/ErrorBoundary.tsx","ErrorBoundary.tsx",".tsx","YES","NO","NO","NO","1A9BFE349FB488F29E5711EA2905B850332B8D0765B07A5BFCEAD997F8B5513A","DISCOVERED"
"KID-SRC-251","_BASELINE_FRONTEND_20260103_102610/components/GamePanel.tsx","GamePanel.tsx",".tsx","NO","NO","NO","YES","4F415D798265C6DA6B0ABB9F1D1F24EAD529B5456009556B3DE5E577A144934F","DISCOVERED"
"KID-SRC-252","_BASELINE_FRONTEND_20260103_102610/components/HealthPanel.tsx","HealthPanel.tsx",".tsx","NO","NO","YES","YES","1D3445A9AD8264905297A7E81DFE0A9CA4D61CAFC1B0ED58BDF61B2F72913D98","DISCOVERED"
"KID-SRC-253","_BASELINE_FRONTEND_20260103_102610/components/ProgressPanel.tsx","ProgressPanel.tsx",".tsx","NO","NO","YES","NO","ED4944258AEF2CC2B0305079EA9144BC9931E163F610312F922B800B0F4B17B3","DISCOVERED"
"KID-SRC-254","_BASELINE_FRONTEND_20260103_102610/daily-challenge/dailyChallengeApi.ts","dailyChallengeApi.ts",".ts","NO","NO","YES","YES","1750792CB60AB3B822BAFE7B6A1E12317E9E75DA8F4234D200826DC4FB43FCFB","DISCOVERED"
"KID-SRC-255","_BASELINE_FRONTEND_20260103_102610/daily-challenge/DailyChallengeDetailPage.tsx","DailyChallengeDetailPage.tsx",".tsx","NO","NO","YES","YES","11FDEB85EF6FC72338BA8AC0132DCD2B9B2ADC4A7A8C416B284D6B3F2B6370AF","DISCOVERED"
"KID-SRC-256","_BASELINE_FRONTEND_20260103_102610/daily-challenge/DailyChallengeHomeCard.tsx","DailyChallengeHomeCard.tsx",".tsx","NO","NO","YES","YES","532AB5CF585EC0113F0BC9C253336924291662261DF39BCB0E8E145B3BBA3142","DISCOVERED"
"KID-SRC-257","_BASELINE_FRONTEND_20260103_102610/daily-challenge/models.ts","models.ts",".ts","NO","NO","YES","YES","FEB2B904CEC083F4A0177770634EAF284DF88ABA6D930A178430624FC10FADAC","DISCOVERED"
"KID-SRC-258","_BASELINE_FRONTEND_20260103_102610/pages/Daily.tsx","Daily.tsx",".tsx","NO","NO","NO","YES","974AC1D5C66B9B7CD7798F0863D4ECF51E8F3AC970A148E70819BB930481262D","DISCOVERED"
"KID-SRC-259","_BASELINE_FRONTEND_20260103_102610/pages/Progress.tsx","Progress.tsx",".tsx","NO","NO","YES","YES","16365C895C23BB65CCE5008EB494509B32384BE27F6A7FDF15AFA5A49E556975","DISCOVERED"
"KID-SRC-260","_BASELINE_FRONTEND_20260103_102610/pages/PuzzlesPlay.tsx","PuzzlesPlay.tsx",".tsx","NO","NO","YES","YES","500A7D9EB793411EFBBCB6198F73CC7C2FE6E29803A7438C1938E0F2366AD4F1","DISCOVERED"
"KID-SRC-261","_BASELINE_FRONTEND_20260103_102610/pages/SolvePuzzle.tsx","SolvePuzzle.tsx",".tsx","NO","NO","YES","YES","1359E63E3DA7480BE7F5D8637E694E47058EB499461A68F4D0FE00A4A56F2B68","DISCOVERED"
"KID-SRC-262","_BASELINE_FRONTEND_20260103_102610/progress/ProgressPage.tsx","ProgressPage.tsx",".tsx","NO","NO","YES","YES","3ABFEAFB53F6B42B796132483FEB700E95C568F097FF4FFA28DE6804890EA052","DISCOVERED"
"KID-SRC-263","_BASELINE_FRONTEND_20260103_102610/puzzles/phase5/phase5.registry.ts","phase5.registry.ts",".ts","NO","NO","NO","YES","9AF5677091C8A8800AB7BB3AA2D05045FAA678BB9F2969F42215DEE4C308009A","DISCOVERED"
"KID-SRC-264","_BASELINE_FRONTEND_PHASE2_20260103_131246/_legacy_js_backup_20251208/App.backup.js","App.backup.js",".js","YES","NO","NO","NO","56099084404ADCA4A8B3B2BF5F141462DEB01BBAC9F293B4A54124F2DBC5C593","DISCOVERED"
"KID-SRC-265","_BASELINE_FRONTEND_PHASE2_20260103_131246/_legacy_js_backup_20251208/App.js","App.js",".js","YES","NO","YES","YES","502F225BF925CEE19536803F3168E06F9EC09D39C4BBCFA07D32B21E56EB5B8D","DISCOVERED"
"KID-SRC-266","_BASELINE_FRONTEND_PHASE2_20260103_131246/_legacy_js_backup_20251208/dailyChallengeApi.js","dailyChallengeApi.js",".js","NO","NO","NO","YES","C6C697A996AA47E1818817E76ABDD923FF8EF5F85CBDA0D71D3EEA30737861EF","DISCOVERED"
"KID-SRC-267","_BASELINE_FRONTEND_PHASE2_20260103_131246/_legacy_js_backup_20251208/DailyChallengeDetailPage.js","DailyChallengeDetailPage.js",".js","YES","NO","YES","YES","8701B3DE863A51C99E58FA2FC38642A015855FF87982BE4BAEB55092271FD54C","DISCOVERED"
"KID-SRC-268","_BASELINE_FRONTEND_PHASE2_20260103_131246/_legacy_js_backup_20251208/DailyChallengeHomeCard.js","DailyChallengeHomeCard.js",".js","YES","NO","YES","YES","62C0DEF2DE3016A45AA5BA2A55A2DB16962EF8C0C634287BD4BFBC5E6B1F9AF2","DISCOVERED"
"KID-SRC-269","_BASELINE_FRONTEND_PHASE2_20260103_131246/_legacy_js_backup_20251208/ErrorBanner.js","ErrorBanner.js",".js","YES","NO","NO","NO","6B1D1CDE1C414701BA530EDFCA6721EE471C40EB7E2BE9B0CA8052D7005F56F2","DISCOVERED"
"KID-SRC-270","_BASELINE_FRONTEND_PHASE2_20260103_131246/_legacy_js_backup_20251208/ErrorBoundary.js","ErrorBoundary.js",".js","YES","NO","NO","NO","160B5A3CA454A31E51F9089EDD2236A2B0E930F0BDEF9DD4D05032F1614C9D44","DISCOVERED"
"KID-SRC-271","_BASELINE_FRONTEND_PHASE2_20260103_131246/_legacy_js_backup_20251208/GamePanel.js","GamePanel.js",".js","YES","NO","NO","YES","800184DAC5136EE0F7E145D11059FFFEA2A2CE6B18D3124EC6785A712EABE875","DISCOVERED"
"KID-SRC-272","_BASELINE_FRONTEND_PHASE2_20260103_131246/_legacy_js_backup_20251208/HealthPanel.js","HealthPanel.js",".js","YES","NO","NO","NO","800463DD52FF0338352CFD2DBE619AFE4343B8C699F2FD3AC87208332FF3D18B","DISCOVERED"
"KID-SRC-273","_BASELINE_FRONTEND_PHASE2_20260103_131246/_legacy_js_backup_20251208/main.js","main.js",".js","YES","NO","NO","NO","8CEA00D52121807F9C9F261B3857D8BFA12AB4DF371ED0E916C3BD64056113FF","DISCOVERED"
"KID-SRC-274","_BASELINE_FRONTEND_PHASE2_20260103_131246/_legacy_js_backup_20251208/models.js","models.js",".js","NO","NO","NO","NO","8E609BB71C20B858C77F0E9F90BB1319DB8477B13F9F965F1A1E18524BF50881","DISCOVERED"
"KID-SRC-275","_BASELINE_FRONTEND_PHASE2_20260103_131246/_legacy_js_backup_20251208/ProgressPanel.js","ProgressPanel.js",".js","YES","NO","YES","YES","520DD788B23AB34603C42581123BE40ECBC2E9845C60E3FC1870D441F57C6BA5","DISCOVERED"
"KID-SRC-276","_BASELINE_FRONTEND_PHASE2_20260103_131246/_legacy_js_backup_20251208/ResultBanner.js","ResultBanner.js",".js","YES","NO","NO","NO","3D68689AA55AD591C1AD6C57D2E4A37D34ADBE7EBD0D088757A742D7247AB0F4","DISCOVERED"
"KID-SRC-277","_BASELINE_FRONTEND_PHASE2_20260103_131246/api.ts","api.ts",".ts","NO","NO","YES","YES","2522406D72C5C40239005CF589C1BCAD3869769FCEDE4EAFB0CBEAEC8E9C67E9","DISCOVERED"
"KID-SRC-278","_BASELINE_FRONTEND_PHASE2_20260103_131246/App.tsx","App.tsx",".tsx","NO","NO","YES","YES","7F304ED35F481297B68FF5F0304B0BD8FB3F4346F84072E40BD28E48F8529A97","DISCOVERED"
"KID-SRC-279","_BASELINE_FRONTEND_PHASE2_20260103_131246/components/ErrorBoundary.tsx","ErrorBoundary.tsx",".tsx","YES","NO","NO","NO","1A9BFE349FB488F29E5711EA2905B850332B8D0765B07A5BFCEAD997F8B5513A","DISCOVERED"
"KID-SRC-280","_BASELINE_FRONTEND_PHASE2_20260103_131246/components/GamePanel.tsx","GamePanel.tsx",".tsx","NO","NO","NO","YES","4F415D798265C6DA6B0ABB9F1D1F24EAD529B5456009556B3DE5E577A144934F","DISCOVERED"
"KID-SRC-281","_BASELINE_FRONTEND_PHASE2_20260103_131246/components/HealthPanel.tsx","HealthPanel.tsx",".tsx","NO","NO","YES","YES","1D3445A9AD8264905297A7E81DFE0A9CA4D61CAFC1B0ED58BDF61B2F72913D98","DISCOVERED"
"KID-SRC-282","_BASELINE_FRONTEND_PHASE2_20260103_131246/components/ProgressPanel.tsx","ProgressPanel.tsx",".tsx","NO","NO","YES","NO","ED4944258AEF2CC2B0305079EA9144BC9931E163F610312F922B800B0F4B17B3","DISCOVERED"
"KID-SRC-283","_BASELINE_FRONTEND_PHASE2_20260103_131246/daily-challenge/dailyChallengeApi.ts","dailyChallengeApi.ts",".ts","NO","NO","YES","YES","1750792CB60AB3B822BAFE7B6A1E12317E9E75DA8F4234D200826DC4FB43FCFB","DISCOVERED"
"KID-SRC-284","_BASELINE_FRONTEND_PHASE2_20260103_131246/daily-challenge/DailyChallengeDetailPage.tsx","DailyChallengeDetailPage.tsx",".tsx","NO","NO","YES","YES","11FDEB85EF6FC72338BA8AC0132DCD2B9B2ADC4A7A8C416B284D6B3F2B6370AF","DISCOVERED"
"KID-SRC-285","_BASELINE_FRONTEND_PHASE2_20260103_131246/daily-challenge/DailyChallengeHomeCard.tsx","DailyChallengeHomeCard.tsx",".tsx","NO","NO","YES","YES","532AB5CF585EC0113F0BC9C253336924291662261DF39BCB0E8E145B3BBA3142","DISCOVERED"
"KID-SRC-286","_BASELINE_FRONTEND_PHASE2_20260103_131246/daily-challenge/models.ts","models.ts",".ts","NO","NO","YES","YES","FEB2B904CEC083F4A0177770634EAF284DF88ABA6D930A178430624FC10FADAC","DISCOVERED"
"KID-SRC-287","_BASELINE_FRONTEND_PHASE2_20260103_131246/pages/Daily.tsx","Daily.tsx",".tsx","NO","NO","NO","YES","974AC1D5C66B9B7CD7798F0863D4ECF51E8F3AC970A148E70819BB930481262D","DISCOVERED"
"KID-SRC-288","_BASELINE_FRONTEND_PHASE2_20260103_131246/pages/Progress.tsx","Progress.tsx",".tsx","NO","NO","YES","YES","16365C895C23BB65CCE5008EB494509B32384BE27F6A7FDF15AFA5A49E556975","DISCOVERED"
"KID-SRC-289","_BASELINE_FRONTEND_PHASE2_20260103_131246/pages/PuzzlesPlay.tsx","PuzzlesPlay.tsx",".tsx","NO","NO","YES","YES","500A7D9EB793411EFBBCB6198F73CC7C2FE6E29803A7438C1938E0F2366AD4F1","DISCOVERED"
"KID-SRC-290","_BASELINE_FRONTEND_PHASE2_20260103_131246/pages/SolvePuzzle.tsx","SolvePuzzle.tsx",".tsx","NO","NO","YES","YES","EF7C17C5B1A493A82F16CC2776B3A81D7466789491FB888ED74C4051BCF950D3","DISCOVERED"
"KID-SRC-291","_BASELINE_FRONTEND_PHASE2_20260103_131246/progress/ProgressPage.tsx","ProgressPage.tsx",".tsx","NO","NO","YES","YES","3ABFEAFB53F6B42B796132483FEB700E95C568F097FF4FFA28DE6804890EA052","DISCOVERED"
"KID-SRC-292","_BASELINE_FRONTEND_PHASE2_20260103_131246/puzzles/phase5/phase5.registry.ts","phase5.registry.ts",".ts","NO","NO","NO","YES","9AF5677091C8A8800AB7BB3AA2D05045FAA678BB9F2969F42215DEE4C308009A","DISCOVERED"
"KID-SRC-293","_BASELINE_FRONTEND_PHASE3_20260103_133742/_legacy_js_backup_20251208/App.backup.js","App.backup.js",".js","YES","NO","NO","NO","56099084404ADCA4A8B3B2BF5F141462DEB01BBAC9F293B4A54124F2DBC5C593","DISCOVERED"
"KID-SRC-294","_BASELINE_FRONTEND_PHASE3_20260103_133742/_legacy_js_backup_20251208/App.js","App.js",".js","YES","NO","YES","YES","502F225BF925CEE19536803F3168E06F9EC09D39C4BBCFA07D32B21E56EB5B8D","DISCOVERED"
"KID-SRC-295","_BASELINE_FRONTEND_PHASE3_20260103_133742/_legacy_js_backup_20251208/dailyChallengeApi.js","dailyChallengeApi.js",".js","NO","NO","NO","YES","C6C697A996AA47E1818817E76ABDD923FF8EF5F85CBDA0D71D3EEA30737861EF","DISCOVERED"
"KID-SRC-296","_BASELINE_FRONTEND_PHASE3_20260103_133742/_legacy_js_backup_20251208/DailyChallengeDetailPage.js","DailyChallengeDetailPage.js",".js","YES","NO","YES","YES","8701B3DE863A51C99E58FA2FC38642A015855FF87982BE4BAEB55092271FD54C","DISCOVERED"
"KID-SRC-297","_BASELINE_FRONTEND_PHASE3_20260103_133742/_legacy_js_backup_20251208/DailyChallengeHomeCard.js","DailyChallengeHomeCard.js",".js","YES","NO","YES","YES","62C0DEF2DE3016A45AA5BA2A55A2DB16962EF8C0C634287BD4BFBC5E6B1F9AF2","DISCOVERED"
"KID-SRC-298","_BASELINE_FRONTEND_PHASE3_20260103_133742/_legacy_js_backup_20251208/ErrorBanner.js","ErrorBanner.js",".js","YES","NO","NO","NO","6B1D1CDE1C414701BA530EDFCA6721EE471C40EB7E2BE9B0CA8052D7005F56F2","DISCOVERED"
"KID-SRC-299","_BASELINE_FRONTEND_PHASE3_20260103_133742/_legacy_js_backup_20251208/ErrorBoundary.js","ErrorBoundary.js",".js","YES","NO","NO","NO","160B5A3CA454A31E51F9089EDD2236A2B0E930F0BDEF9DD4D05032F1614C9D44","DISCOVERED"
"KID-SRC-300","_BASELINE_FRONTEND_PHASE3_20260103_133742/_legacy_js_backup_20251208/GamePanel.js","GamePanel.js",".js","YES","NO","NO","YES","800184DAC5136EE0F7E145D11059FFFEA2A2CE6B18D3124EC6785A712EABE875","DISCOVERED"
"KID-SRC-301","_BASELINE_FRONTEND_PHASE3_20260103_133742/_legacy_js_backup_20251208/HealthPanel.js","HealthPanel.js",".js","YES","NO","NO","NO","800463DD52FF0338352CFD2DBE619AFE4343B8C699F2FD3AC87208332FF3D18B","DISCOVERED"
"KID-SRC-302","_BASELINE_FRONTEND_PHASE3_20260103_133742/_legacy_js_backup_20251208/main.js","main.js",".js","YES","NO","NO","NO","8CEA00D52121807F9C9F261B3857D8BFA12AB4DF371ED0E916C3BD64056113FF","DISCOVERED"
"KID-SRC-303","_BASELINE_FRONTEND_PHASE3_20260103_133742/_legacy_js_backup_20251208/models.js","models.js",".js","NO","NO","NO","NO","8E609BB71C20B858C77F0E9F90BB1319DB8477B13F9F965F1A1E18524BF50881","DISCOVERED"
"KID-SRC-304","_BASELINE_FRONTEND_PHASE3_20260103_133742/_legacy_js_backup_20251208/ProgressPanel.js","ProgressPanel.js",".js","YES","NO","YES","YES","520DD788B23AB34603C42581123BE40ECBC2E9845C60E3FC1870D441F57C6BA5","DISCOVERED"
"KID-SRC-305","_BASELINE_FRONTEND_PHASE3_20260103_133742/_legacy_js_backup_20251208/ResultBanner.js","ResultBanner.js",".js","YES","NO","NO","NO","3D68689AA55AD591C1AD6C57D2E4A37D34ADBE7EBD0D088757A742D7247AB0F4","DISCOVERED"
"KID-SRC-306","_BASELINE_FRONTEND_PHASE3_20260103_133742/api.ts","api.ts",".ts","NO","NO","YES","YES","2522406D72C5C40239005CF589C1BCAD3869769FCEDE4EAFB0CBEAEC8E9C67E9","DISCOVERED"
"KID-SRC-307","_BASELINE_FRONTEND_PHASE3_20260103_133742/App.tsx","App.tsx",".tsx","NO","NO","YES","YES","7F304ED35F481297B68FF5F0304B0BD8FB3F4346F84072E40BD28E48F8529A97","DISCOVERED"
"KID-SRC-308","_BASELINE_FRONTEND_PHASE3_20260103_133742/components/ErrorBoundary.tsx","ErrorBoundary.tsx",".tsx","YES","NO","NO","NO","1A9BFE349FB488F29E5711EA2905B850332B8D0765B07A5BFCEAD997F8B5513A","DISCOVERED"
"KID-SRC-309","_BASELINE_FRONTEND_PHASE3_20260103_133742/components/GamePanel.tsx","GamePanel.tsx",".tsx","NO","NO","NO","YES","4F415D798265C6DA6B0ABB9F1D1F24EAD529B5456009556B3DE5E577A144934F","DISCOVERED"
"KID-SRC-310","_BASELINE_FRONTEND_PHASE3_20260103_133742/components/HealthPanel.tsx","HealthPanel.tsx",".tsx","NO","NO","YES","YES","1D3445A9AD8264905297A7E81DFE0A9CA4D61CAFC1B0ED58BDF61B2F72913D98","DISCOVERED"
"KID-SRC-311","_BASELINE_FRONTEND_PHASE3_20260103_133742/components/ProgressPanel.tsx","ProgressPanel.tsx",".tsx","NO","NO","YES","NO","ED4944258AEF2CC2B0305079EA9144BC9931E163F610312F922B800B0F4B17B3","DISCOVERED"
"KID-SRC-312","_BASELINE_FRONTEND_PHASE3_20260103_133742/daily-challenge/dailyChallengeApi.ts","dailyChallengeApi.ts",".ts","NO","NO","YES","YES","1750792CB60AB3B822BAFE7B6A1E12317E9E75DA8F4234D200826DC4FB43FCFB","DISCOVERED"
"KID-SRC-313","_BASELINE_FRONTEND_PHASE3_20260103_133742/daily-challenge/DailyChallengeDetailPage.tsx","DailyChallengeDetailPage.tsx",".tsx","NO","NO","YES","YES","8237D0525F3049D18C2228A99F6865FB5F23200289969CDFEAD05144489D6D88","DISCOVERED"
"KID-SRC-314","_BASELINE_FRONTEND_PHASE3_20260103_133742/daily-challenge/DailyChallengeHomeCard.tsx","DailyChallengeHomeCard.tsx",".tsx","NO","NO","YES","YES","532AB5CF585EC0113F0BC9C253336924291662261DF39BCB0E8E145B3BBA3142","DISCOVERED"
"KID-SRC-315","_BASELINE_FRONTEND_PHASE3_20260103_133742/daily-challenge/models.ts","models.ts",".ts","NO","NO","YES","YES","FEB2B904CEC083F4A0177770634EAF284DF88ABA6D930A178430624FC10FADAC","DISCOVERED"
"KID-SRC-316","_BASELINE_FRONTEND_PHASE3_20260103_133742/pages/Daily.tsx","Daily.tsx",".tsx","NO","NO","NO","YES","974AC1D5C66B9B7CD7798F0863D4ECF51E8F3AC970A148E70819BB930481262D","DISCOVERED"
"KID-SRC-317","_BASELINE_FRONTEND_PHASE3_20260103_133742/pages/Progress.tsx","Progress.tsx",".tsx","NO","NO","YES","YES","16365C895C23BB65CCE5008EB494509B32384BE27F6A7FDF15AFA5A49E556975","DISCOVERED"
"KID-SRC-318","_BASELINE_FRONTEND_PHASE3_20260103_133742/pages/PuzzlesPlay.tsx","PuzzlesPlay.tsx",".tsx","NO","NO","YES","YES","500A7D9EB793411EFBBCB6198F73CC7C2FE6E29803A7438C1938E0F2366AD4F1","DISCOVERED"
"KID-SRC-319","_BASELINE_FRONTEND_PHASE3_20260103_133742/pages/SolvePuzzle.tsx","SolvePuzzle.tsx",".tsx","NO","NO","YES","YES","EF7C17C5B1A493A82F16CC2776B3A81D7466789491FB888ED74C4051BCF950D3","DISCOVERED"
"KID-SRC-320","_BASELINE_FRONTEND_PHASE3_20260103_133742/progress/ProgressPage.tsx","ProgressPage.tsx",".tsx","NO","NO","YES","YES","3ABFEAFB53F6B42B796132483FEB700E95C568F097FF4FFA28DE6804890EA052","DISCOVERED"
"KID-SRC-321","_BASELINE_FRONTEND_PHASE3_20260103_133742/puzzles/phase5/phase5.registry.ts","phase5.registry.ts",".ts","NO","NO","NO","YES","9AF5677091C8A8800AB7BB3AA2D05045FAA678BB9F2969F42215DEE4C308009A","DISCOVERED"
"KID-SRC-322","_BASELINE_FRONTEND_PHASE4_20260103_135829/_legacy_js_backup_20251208/App.backup.js","App.backup.js",".js","YES","NO","NO","NO","56099084404ADCA4A8B3B2BF5F141462DEB01BBAC9F293B4A54124F2DBC5C593","DISCOVERED"
"KID-SRC-323","_BASELINE_FRONTEND_PHASE4_20260103_135829/_legacy_js_backup_20251208/App.js","App.js",".js","YES","NO","YES","YES","502F225BF925CEE19536803F3168E06F9EC09D39C4BBCFA07D32B21E56EB5B8D","DISCOVERED"
"KID-SRC-324","_BASELINE_FRONTEND_PHASE4_20260103_135829/_legacy_js_backup_20251208/dailyChallengeApi.js","dailyChallengeApi.js",".js","NO","NO","NO","YES","C6C697A996AA47E1818817E76ABDD923FF8EF5F85CBDA0D71D3EEA30737861EF","DISCOVERED"
"KID-SRC-325","_BASELINE_FRONTEND_PHASE4_20260103_135829/_legacy_js_backup_20251208/DailyChallengeDetailPage.js","DailyChallengeDetailPage.js",".js","YES","NO","YES","YES","8701B3DE863A51C99E58FA2FC38642A015855FF87982BE4BAEB55092271FD54C","DISCOVERED"
"KID-SRC-326","_BASELINE_FRONTEND_PHASE4_20260103_135829/_legacy_js_backup_20251208/DailyChallengeHomeCard.js","DailyChallengeHomeCard.js",".js","YES","NO","YES","YES","62C0DEF2DE3016A45AA5BA2A55A2DB16962EF8C0C634287BD4BFBC5E6B1F9AF2","DISCOVERED"
"KID-SRC-327","_BASELINE_FRONTEND_PHASE4_20260103_135829/_legacy_js_backup_20251208/ErrorBanner.js","ErrorBanner.js",".js","YES","NO","NO","NO","6B1D1CDE1C414701BA530EDFCA6721EE471C40EB7E2BE9B0CA8052D7005F56F2","DISCOVERED"
"KID-SRC-328","_BASELINE_FRONTEND_PHASE4_20260103_135829/_legacy_js_backup_20251208/ErrorBoundary.js","ErrorBoundary.js",".js","YES","NO","NO","NO","160B5A3CA454A31E51F9089EDD2236A2B0E930F0BDEF9DD4D05032F1614C9D44","DISCOVERED"
"KID-SRC-329","_BASELINE_FRONTEND_PHASE4_20260103_135829/_legacy_js_backup_20251208/GamePanel.js","GamePanel.js",".js","YES","NO","NO","YES","800184DAC5136EE0F7E145D11059FFFEA2A2CE6B18D3124EC6785A712EABE875","DISCOVERED"
"KID-SRC-330","_BASELINE_FRONTEND_PHASE4_20260103_135829/_legacy_js_backup_20251208/HealthPanel.js","HealthPanel.js",".js","YES","NO","NO","NO","800463DD52FF0338352CFD2DBE619AFE4343B8C699F2FD3AC87208332FF3D18B","DISCOVERED"
"KID-SRC-331","_BASELINE_FRONTEND_PHASE4_20260103_135829/_legacy_js_backup_20251208/main.js","main.js",".js","YES","NO","NO","NO","8CEA00D52121807F9C9F261B3857D8BFA12AB4DF371ED0E916C3BD64056113FF","DISCOVERED"
"KID-SRC-332","_BASELINE_FRONTEND_PHASE4_20260103_135829/_legacy_js_backup_20251208/models.js","models.js",".js","NO","NO","NO","NO","8E609BB71C20B858C77F0E9F90BB1319DB8477B13F9F965F1A1E18524BF50881","DISCOVERED"
"KID-SRC-333","_BASELINE_FRONTEND_PHASE4_20260103_135829/_legacy_js_backup_20251208/ProgressPanel.js","ProgressPanel.js",".js","YES","NO","YES","YES","520DD788B23AB34603C42581123BE40ECBC2E9845C60E3FC1870D441F57C6BA5","DISCOVERED"
"KID-SRC-334","_BASELINE_FRONTEND_PHASE4_20260103_135829/_legacy_js_backup_20251208/ResultBanner.js","ResultBanner.js",".js","YES","NO","NO","NO","3D68689AA55AD591C1AD6C57D2E4A37D34ADBE7EBD0D088757A742D7247AB0F4","DISCOVERED"
"KID-SRC-335","_BASELINE_FRONTEND_PHASE4_20260103_135829/api.ts","api.ts",".ts","NO","NO","YES","YES","2522406D72C5C40239005CF589C1BCAD3869769FCEDE4EAFB0CBEAEC8E9C67E9","DISCOVERED"
"KID-SRC-336","_BASELINE_FRONTEND_PHASE4_20260103_135829/App.tsx","App.tsx",".tsx","NO","NO","YES","YES","7F304ED35F481297B68FF5F0304B0BD8FB3F4346F84072E40BD28E48F8529A97","DISCOVERED"
"KID-SRC-337","_BASELINE_FRONTEND_PHASE4_20260103_135829/components/ErrorBoundary.tsx","ErrorBoundary.tsx",".tsx","YES","NO","NO","NO","1A9BFE349FB488F29E5711EA2905B850332B8D0765B07A5BFCEAD997F8B5513A","DISCOVERED"
"KID-SRC-338","_BASELINE_FRONTEND_PHASE4_20260103_135829/components/GamePanel.tsx","GamePanel.tsx",".tsx","NO","NO","NO","YES","4F415D798265C6DA6B0ABB9F1D1F24EAD529B5456009556B3DE5E577A144934F","DISCOVERED"
"KID-SRC-339","_BASELINE_FRONTEND_PHASE4_20260103_135829/components/HealthPanel.tsx","HealthPanel.tsx",".tsx","NO","NO","YES","YES","1D3445A9AD8264905297A7E81DFE0A9CA4D61CAFC1B0ED58BDF61B2F72913D98","DISCOVERED"
"KID-SRC-340","_BASELINE_FRONTEND_PHASE4_20260103_135829/components/ProgressPanel.tsx","ProgressPanel.tsx",".tsx","NO","NO","YES","NO","ED4944258AEF2CC2B0305079EA9144BC9931E163F610312F922B800B0F4B17B3","DISCOVERED"
"KID-SRC-341","_BASELINE_FRONTEND_PHASE4_20260103_135829/daily-challenge/dailyChallengeApi.ts","dailyChallengeApi.ts",".ts","NO","NO","YES","YES","1750792CB60AB3B822BAFE7B6A1E12317E9E75DA8F4234D200826DC4FB43FCFB","DISCOVERED"
"KID-SRC-342","_BASELINE_FRONTEND_PHASE4_20260103_135829/daily-challenge/DailyChallengeDetailPage.tsx","DailyChallengeDetailPage.tsx",".tsx","NO","NO","YES","YES","5912AD79550E7FF5B96FBAAB50E0A1186B06A9E02A773771956F3735F304F7AB","DISCOVERED"
"KID-SRC-343","_BASELINE_FRONTEND_PHASE4_20260103_135829/daily-challenge/DailyChallengeHomeCard.tsx","DailyChallengeHomeCard.tsx",".tsx","NO","NO","YES","YES","532AB5CF585EC0113F0BC9C253336924291662261DF39BCB0E8E145B3BBA3142","DISCOVERED"
"KID-SRC-344","_BASELINE_FRONTEND_PHASE4_20260103_135829/daily-challenge/models.ts","models.ts",".ts","NO","NO","YES","YES","FEB2B904CEC083F4A0177770634EAF284DF88ABA6D930A178430624FC10FADAC","DISCOVERED"
"KID-SRC-345","_BASELINE_FRONTEND_PHASE4_20260103_135829/pages/Daily.tsx","Daily.tsx",".tsx","NO","NO","NO","YES","974AC1D5C66B9B7CD7798F0863D4ECF51E8F3AC970A148E70819BB930481262D","DISCOVERED"
"KID-SRC-346","_BASELINE_FRONTEND_PHASE4_20260103_135829/pages/Progress.tsx","Progress.tsx",".tsx","NO","NO","YES","YES","16365C895C23BB65CCE5008EB494509B32384BE27F6A7FDF15AFA5A49E556975","DISCOVERED"
"KID-SRC-347","_BASELINE_FRONTEND_PHASE4_20260103_135829/pages/PuzzlesPlay.tsx","PuzzlesPlay.tsx",".tsx","NO","NO","YES","YES","500A7D9EB793411EFBBCB6198F73CC7C2FE6E29803A7438C1938E0F2366AD4F1","DISCOVERED"
"KID-SRC-348","_BASELINE_FRONTEND_PHASE4_20260103_135829/pages/SolvePuzzle.tsx","SolvePuzzle.tsx",".tsx","NO","NO","YES","YES","EF7C17C5B1A493A82F16CC2776B3A81D7466789491FB888ED74C4051BCF950D3","DISCOVERED"
"KID-SRC-349","_BASELINE_FRONTEND_PHASE4_20260103_135829/progress/ProgressPage.tsx","ProgressPage.tsx",".tsx","NO","NO","YES","YES","3ABFEAFB53F6B42B796132483FEB700E95C568F097FF4FFA28DE6804890EA052","DISCOVERED"
"KID-SRC-350","_BASELINE_FRONTEND_PHASE4_20260103_135829/puzzles/phase5/phase5.registry.ts","phase5.registry.ts",".ts","NO","NO","NO","YES","9AF5677091C8A8800AB7BB3AA2D05045FAA678BB9F2969F42215DEE4C308009A","DISCOVERED"
"KID-SRC-351","_daily_closeout/snapshot_20251231_151341/App.tsx","App.tsx",".tsx","NO","NO","YES","YES","7F304ED35F481297B68FF5F0304B0BD8FB3F4346F84072E40BD28E48F8529A97","DISCOVERED"
"KID-SRC-352","_daily_closeout/snapshot_20251231_151341/DailyChallengeDetailPage.tsx","DailyChallengeDetailPage.tsx",".tsx","NO","NO","YES","YES","054F210913F09635BF983886EA2602055EB173A7813AAA852C6759DC0262B230","DISCOVERED"
"KID-SRC-353","_daily_closeout/snapshot_20251231_151341/HealthPanel.tsx","HealthPanel.tsx",".tsx","NO","NO","YES","YES","1D3445A9AD8264905297A7E81DFE0A9CA4D61CAFC1B0ED58BDF61B2F72913D98","DISCOVERED"
"KID-SRC-354","_daily_closeout/snapshot_20251231_151341/SolvePuzzle.tsx","SolvePuzzle.tsx",".tsx","NO","NO","YES","YES","3FF8E9B759E8F56FB7C92EE61B8A7E64BA65D46B98367D4D613491E0A4B3228B","DISCOVERED"
"KID-SRC-355","_snapshots/phase2_complete_20251224_144242/backend_src/_quarantine/server.backup.js","server.backup.js",".js","NO","NO","YES","NO","EB3ECBC444D777B3781B46C453A6008530580AE646EA997FA91ED6B34ED8C4EF","DISCOVERED"
"KID-SRC-356","_snapshots/phase2_complete_20251224_144242/backend_src/_quarantine/server.js","server.js",".js","NO","NO","YES","YES","2BEC214A3803B2A36DD91B22115C856790637EEF51F72223689C710886710F31","DISCOVERED"
"KID-SRC-357","_snapshots/phase2_complete_20251224_144242/backend_src/contentEngine.js","contentEngine.js",".js","NO","NO","NO","YES","9F133537B1C66C4AE4049068A053FE2EFF16722C67F56902D1AFCB8AF632C85B","DISCOVERED"
"KID-SRC-358","_snapshots/phase2_complete_20251224_144242/backend_src/daily-challenge/dailyChallengeEngine.ts","dailyChallengeEngine.ts",".ts","NO","NO","YES","YES","EFE1EDE83076DCD0DC0FFF9B33B82E150C58CEA8C9ED1623B46BDB6ED4772089","DISCOVERED"
"KID-SRC-359","_snapshots/phase2_complete_20251224_144242/backend_src/daily-challenge/dailyChallengeRoutes.ts","dailyChallengeRoutes.ts",".ts","NO","NO","NO","YES","33B17A0F2D675D02F7482D696A80F517EECDDAAA8AC3D2A358EC42256754F763","DISCOVERED"
"KID-SRC-360","_snapshots/phase2_complete_20251224_144242/backend_src/puzzles.json","puzzles.json",".json","NO","NO","NO","NO","38E44FF03166869281A0F09C38915342D9287802506B161D3F658FFE57F585C9","DISCOVERED"
"KID-SRC-361","_snapshots/phase2_complete_20251224_144242/backend_src/puzzles/_legacy/puzzles.json","puzzles.json",".json","NO","NO","NO","NO","38E44FF03166869281A0F09C38915342D9287802506B161D3F658FFE57F585C9","DISCOVERED"
"KID-SRC-362","_snapshots/phase2_complete_20251224_144242/backend_src/routes/progress.ts","progress.ts",".ts","NO","NO","YES","YES","AC539F6B00F83E4519AAF9C2373D57360E7F0D842EADD7E3B43172072C6649B5","DISCOVERED"
"KID-SRC-363","_snapshots/phase2_complete_20251224_144242/frontend_src/_legacy_js_backup_20251208/App.backup.js","App.backup.js",".js","YES","NO","NO","NO","56099084404ADCA4A8B3B2BF5F141462DEB01BBAC9F293B4A54124F2DBC5C593","DISCOVERED"
"KID-SRC-364","_snapshots/phase2_complete_20251224_144242/frontend_src/_legacy_js_backup_20251208/App.js","App.js",".js","YES","NO","YES","YES","502F225BF925CEE19536803F3168E06F9EC09D39C4BBCFA07D32B21E56EB5B8D","DISCOVERED"
"KID-SRC-365","_snapshots/phase2_complete_20251224_144242/frontend_src/_legacy_js_backup_20251208/dailyChallengeApi.js","dailyChallengeApi.js",".js","NO","NO","NO","YES","C6C697A996AA47E1818817E76ABDD923FF8EF5F85CBDA0D71D3EEA30737861EF","DISCOVERED"
"KID-SRC-366","_snapshots/phase2_complete_20251224_144242/frontend_src/_legacy_js_backup_20251208/DailyChallengeDetailPage.js","DailyChallengeDetailPage.js",".js","YES","NO","YES","YES","8701B3DE863A51C99E58FA2FC38642A015855FF87982BE4BAEB55092271FD54C","DISCOVERED"
"KID-SRC-367","_snapshots/phase2_complete_20251224_144242/frontend_src/_legacy_js_backup_20251208/DailyChallengeHomeCard.js","DailyChallengeHomeCard.js",".js","YES","NO","YES","YES","62C0DEF2DE3016A45AA5BA2A55A2DB16962EF8C0C634287BD4BFBC5E6B1F9AF2","DISCOVERED"
"KID-SRC-368","_snapshots/phase2_complete_20251224_144242/frontend_src/_legacy_js_backup_20251208/ErrorBanner.js","ErrorBanner.js",".js","YES","NO","NO","NO","6B1D1CDE1C414701BA530EDFCA6721EE471C40EB7E2BE9B0CA8052D7005F56F2","DISCOVERED"
"KID-SRC-369","_snapshots/phase2_complete_20251224_144242/frontend_src/_legacy_js_backup_20251208/ErrorBoundary.js","ErrorBoundary.js",".js","YES","NO","NO","NO","160B5A3CA454A31E51F9089EDD2236A2B0E930F0BDEF9DD4D05032F1614C9D44","DISCOVERED"
"KID-SRC-370","_snapshots/phase2_complete_20251224_144242/frontend_src/_legacy_js_backup_20251208/GamePanel.js","GamePanel.js",".js","YES","NO","NO","YES","800184DAC5136EE0F7E145D11059FFFEA2A2CE6B18D3124EC6785A712EABE875","DISCOVERED"
"KID-SRC-371","_snapshots/phase2_complete_20251224_144242/frontend_src/_legacy_js_backup_20251208/HealthPanel.js","HealthPanel.js",".js","YES","NO","NO","NO","800463DD52FF0338352CFD2DBE619AFE4343B8C699F2FD3AC87208332FF3D18B","DISCOVERED"
"KID-SRC-372","_snapshots/phase2_complete_20251224_144242/frontend_src/_legacy_js_backup_20251208/main.js","main.js",".js","YES","NO","NO","NO","8CEA00D52121807F9C9F261B3857D8BFA12AB4DF371ED0E916C3BD64056113FF","DISCOVERED"
"KID-SRC-373","_snapshots/phase2_complete_20251224_144242/frontend_src/_legacy_js_backup_20251208/models.js","models.js",".js","NO","NO","NO","NO","8E609BB71C20B858C77F0E9F90BB1319DB8477B13F9F965F1A1E18524BF50881","DISCOVERED"
"KID-SRC-374","_snapshots/phase2_complete_20251224_144242/frontend_src/_legacy_js_backup_20251208/ProgressPanel.js","ProgressPanel.js",".js","YES","NO","YES","YES","520DD788B23AB34603C42581123BE40ECBC2E9845C60E3FC1870D441F57C6BA5","DISCOVERED"
"KID-SRC-375","_snapshots/phase2_complete_20251224_144242/frontend_src/_legacy_js_backup_20251208/ResultBanner.js","ResultBanner.js",".js","YES","NO","NO","NO","3D68689AA55AD591C1AD6C57D2E4A37D34ADBE7EBD0D088757A742D7247AB0F4","DISCOVERED"
"KID-SRC-376","_snapshots/phase2_complete_20251224_144242/frontend_src/api.ts","api.ts",".ts","NO","NO","YES","YES","79D914CF7A43DB6E5BFA4DC7D6E1457E3793289927B0091A0DF24C1DA18D1BA8","DISCOVERED"
"KID-SRC-377","_snapshots/phase2_complete_20251224_144242/frontend_src/App.tsx","App.tsx",".tsx","NO","NO","YES","YES","C448EB8118943C99AA8F6962F2A04DD14CEE7265FA2F2B5153F4BEC01CF79C35","DISCOVERED"
"KID-SRC-378","_snapshots/phase2_complete_20251224_144242/frontend_src/components/ErrorBoundary.tsx","ErrorBoundary.tsx",".tsx","YES","NO","NO","NO","1A9BFE349FB488F29E5711EA2905B850332B8D0765B07A5BFCEAD997F8B5513A","DISCOVERED"
"KID-SRC-379","_snapshots/phase2_complete_20251224_144242/frontend_src/components/GamePanel.tsx","GamePanel.tsx",".tsx","NO","NO","NO","YES","4F415D798265C6DA6B0ABB9F1D1F24EAD529B5456009556B3DE5E577A144934F","DISCOVERED"
"KID-SRC-380","_snapshots/phase2_complete_20251224_144242/frontend_src/components/HealthPanel.tsx","HealthPanel.tsx",".tsx","NO","NO","YES","YES","02C63C6D6D9A61552D745082901196DED8813C512C9BE328CE57F57AE25A467F","DISCOVERED"
"KID-SRC-381","_snapshots/phase2_complete_20251224_144242/frontend_src/components/ProgressPanel.tsx","ProgressPanel.tsx",".tsx","NO","NO","YES","NO","ED4944258AEF2CC2B0305079EA9144BC9931E163F610312F922B800B0F4B17B3","DISCOVERED"
"KID-SRC-382","_snapshots/phase2_complete_20251224_144242/frontend_src/daily-challenge/dailyChallengeApi.ts","dailyChallengeApi.ts",".ts","NO","NO","YES","YES","1750792CB60AB3B822BAFE7B6A1E12317E9E75DA8F4234D200826DC4FB43FCFB","DISCOVERED"
"KID-SRC-383","_snapshots/phase2_complete_20251224_144242/frontend_src/daily-challenge/DailyChallengeDetailPage.tsx","DailyChallengeDetailPage.tsx",".tsx","NO","NO","YES","YES","7E1347B8102C04F6BDF37E3EA66DA76E1E7C2175B376033984BAE4F89388B164","DISCOVERED"
"KID-SRC-384","_snapshots/phase2_complete_20251224_144242/frontend_src/daily-challenge/DailyChallengeHomeCard.tsx","DailyChallengeHomeCard.tsx",".tsx","NO","NO","YES","YES","532AB5CF585EC0113F0BC9C253336924291662261DF39BCB0E8E145B3BBA3142","DISCOVERED"
"KID-SRC-385","_snapshots/phase2_complete_20251224_144242/frontend_src/daily-challenge/models.ts","models.ts",".ts","NO","NO","YES","YES","FEB2B904CEC083F4A0177770634EAF284DF88ABA6D930A178430624FC10FADAC","DISCOVERED"
"KID-SRC-386","_snapshots/phase2_complete_20251224_144242/frontend_src/GamePanel.tsx","GamePanel.tsx",".tsx","NO","NO","YES","YES","8AE0E734AF277AFB2642CBC5467A0AF13009CAA4C2DE411A8EE9F41A7AC56C80","DISCOVERED"
"KID-SRC-387","_snapshots/phase2_complete_20251224_144242/frontend_src/pages/Daily.tsx","Daily.tsx",".tsx","NO","NO","NO","YES","974AC1D5C66B9B7CD7798F0863D4ECF51E8F3AC970A148E70819BB930481262D","DISCOVERED"
"KID-SRC-388","_snapshots/phase2_complete_20251224_144242/frontend_src/pages/Progress.tsx","Progress.tsx",".tsx","NO","NO","YES","YES","187FDCE4CE15B4D865B9F1FD5289D9712A815C076B6387A926FA24D6D207F4B6","DISCOVERED"
"KID-SRC-389","_snapshots/phase2_complete_20251224_144242/frontend_src/progress/ProgressPage.tsx","ProgressPage.tsx",".tsx","NO","NO","YES","YES","3ABFEAFB53F6B42B796132483FEB700E95C568F097FF4FFA28DE6804890EA052","DISCOVERED"
"KID-SRC-390","_snapshots/phase2_complete_20251224_144242/frontend_src/ProgressPanel.tsx","ProgressPanel.tsx",".tsx","NO","NO","YES","YES","8C4E564D7B3F0A3EC99F292E2A9B9854F84B66C6BF7DF509EF104A776D2F2660","DISCOVERED"
"KID-SRC-391","api/package.json","package.json",".json","NO","NO","NO","NO","0FB133F3E783CCECEF5E69E6E8AE3C9E4811766B3FDCBCE2222FDCA634D66495","DISCOVERED"
"KID-SRC-392","api/server.js","server.js",".js","NO","NO","NO","YES","3551388DDE132A65CCB9EF46AF05AEAE32A72C2B813DE296CED9377A95D3C7B0","DISCOVERED"
"KID-SRC-393","ARCHIVE_DUPLICATES_2025-12-27/backend/data/puzzles.json","puzzles.json",".json","NO","NO","NO","YES","E8A07307D757D03ABFF9A8022002F24316FD772185EB4A8ABB27B34FC8C25E04","DISCOVERED"
"KID-SRC-394","ARCHIVE_DUPLICATES_2025-12-27/backend/src/data/progress.json","progress.json",".json","NO","NO","NO","YES","888018A4703125D1E78B49DC085237F30510E7CF148689380D56FF5D38734AF2","DISCOVERED"
"KID-SRC-395","ARCHIVE_DUPLICATES_2025-12-27/backend_backup_phase12_20251126_202223/contentEngine.js","contentEngine.js",".js","NO","NO","NO","YES","9F133537B1C66C4AE4049068A053FE2EFF16722C67F56902D1AFCB8AF632C85B","DISCOVERED"
"KID-SRC-396","ARCHIVE_DUPLICATES_2025-12-27/backend_backup_phase12_20251126_202223/daily-challenge/dailyChallengeEngine.ts","dailyChallengeEngine.ts",".ts","NO","NO","YES","YES","EFE1EDE83076DCD0DC0FFF9B33B82E150C58CEA8C9ED1623B46BDB6ED4772089","DISCOVERED"
"KID-SRC-397","ARCHIVE_DUPLICATES_2025-12-27/backend_backup_phase12_20251126_202223/daily-challenge/dailyChallengeRoutes.ts","dailyChallengeRoutes.ts",".ts","NO","NO","NO","YES","33B17A0F2D675D02F7482D696A80F517EECDDAAA8AC3D2A358EC42256754F763","DISCOVERED"
"KID-SRC-398","ARCHIVE_DUPLICATES_2025-12-27/backend_backup_phase12_20251126_202223/puzzles.json","puzzles.json",".json","NO","NO","NO","YES","7828A1EB333DB0E9F15CE240C3DE5C2F9CB452CCEA51586DBD2BB24F63CA9375","DISCOVERED"
"KID-SRC-399","ARCHIVE_DUPLICATES_2025-12-27/backend_backup_phase12_20251126_202223/server.backup.js","server.backup.js",".js","NO","NO","YES","NO","EB3ECBC444D777B3781B46C453A6008530580AE646EA997FA91ED6B34ED8C4EF","DISCOVERED"
"KID-SRC-400","ARCHIVE_DUPLICATES_2025-12-27/backend_backup_phase12_20251126_202223/server.js","server.js",".js","NO","NO","NO","YES","A34B6CEEBDD25B676F9E84CFFA66282CA232F13ADA4F7ABA6B68E3529AE5D175","DISCOVERED"
"KID-SRC-401","ARCHIVE_DUPLICATES_2025-12-27/DailyChallengeDetailPage.tsx","DailyChallengeDetailPage.tsx",".tsx","NO","NO","YES","YES","6163505AA7ADEA5E31098B43F2844257C969E2896FED8A95795BB735F2CBEE04","DISCOVERED"
"KID-SRC-402","ARCHIVE_DUPLICATES_2025-12-27/frontend/src/GamePanel.tsx","GamePanel.tsx",".tsx","NO","NO","YES","YES","8AE0E734AF277AFB2642CBC5467A0AF13009CAA4C2DE411A8EE9F41A7AC56C80","DISCOVERED"
"KID-SRC-403","ARCHIVE_DUPLICATES_2025-12-27/frontend/src/ProgressPanel.tsx","ProgressPanel.tsx",".tsx","NO","NO","YES","YES","8C4E564D7B3F0A3EC99F292E2A9B9854F84B66C6BF7DF509EF104A776D2F2660","DISCOVERED"
"KID-SRC-404","ARCHIVE_DUPLICATES_2025-12-27/frontend_20251029_090727/package.json","package.json",".json","NO","NO","NO","NO","968727159CDEA996F2A92FC55A8390814C204AA69055C5BCB0951C7ED0E415A8","DISCOVERED"
"KID-SRC-405","ARCHIVE_DUPLICATES_2025-12-27/frontend_20251029_090727/package-lock.json","package-lock.json",".json","NO","NO","NO","NO","67D95E7C03E0365A219C3645326C5BFEC1F5AEAEB7A17097A6E7523421936F52","DISCOVERED"
"KID-SRC-406","ARCHIVE_DUPLICATES_2025-12-27/frontend_20251029_090727/src/api.ts","api.ts",".ts","NO","NO","NO","YES","53A7D080EAB5B98684821C05E5E5029A48989F51A81B06D4FE1034331ED061BD","DISCOVERED"
"KID-SRC-407","ARCHIVE_DUPLICATES_2025-12-27/frontend_20251029_090727/src/App.tsx","App.tsx",".tsx","NO","NO","NO","YES","02092D78D929314021694B69E4BB5035304C83A436DBD68CF95B38641F30961B","DISCOVERED"
"KID-SRC-408","backend/backups/manual_edits/PHASE_2_1D_CLEAN_v2_20251214_161048/proof_parse_puzzles.js","proof_parse_puzzles.js",".js","NO","NO","NO","YES","2366BDC536805282ED9F37116D69896FB3AEA743A93E61314687A4B4E5A58AF1","DISCOVERED"
"KID-SRC-409","backend/data/progress.json","progress.json",".json","NO","NO","NO","YES","E67E9272C3E2CB7D731B93696278795053F6F10F311F20FF8DE7680592768B76","DISCOVERED"
"KID-SRC-410","backend/data/scores.json","scores.json",".json","YES","YES","NO","NO","6355FD168D412BA837EA3A74BF5CDBEF312BFBE9E4EB37C952608BB24E8419BA","DISCOVERED"
"KID-SRC-411","backend/nodemon.json","nodemon.json",".json","NO","NO","YES","NO","9A5D2F67F89CF6CA23C5A81A47D0B41AD4EC824CF979315BAFAE0B6B9FD561BE","DISCOVERED"
"KID-SRC-412","backend/package.json","package.json",".json","NO","NO","NO","NO","DD56527B6195183F587CEC64AB8C9CF276789CA4DDD3E9F76B45069920B5FF78","DISCOVERED"
"KID-SRC-413","backend/package-lock.json","package-lock.json",".json","NO","NO","NO","NO","FCB5AF49AE904BD384B9E266D55874ECBE101C5188DF038C25ED3856AB16EDB2","DISCOVERED"
"KID-SRC-414","backend/src/_quarantine/server.backup.js","server.backup.js",".js","NO","NO","YES","NO","EB3ECBC444D777B3781B46C453A6008530580AE646EA997FA91ED6B34ED8C4EF","DISCOVERED"
"KID-SRC-415","backend/src/_quarantine/server.js","server.js",".js","NO","NO","YES","YES","2BEC214A3803B2A36DD91B22115C856790637EEF51F72223689C710886710F31","DISCOVERED"
"KID-SRC-416","backend/src/contentEngine.js","contentEngine.js",".js","NO","NO","NO","YES","9F133537B1C66C4AE4049068A053FE2EFF16722C67F56902D1AFCB8AF632C85B","DISCOVERED"
"KID-SRC-417","backend/src/daily-challenge/dailyChallengeEngine.ts","dailyChallengeEngine.ts",".ts","NO","NO","YES","YES","EFE1EDE83076DCD0DC0FFF9B33B82E150C58CEA8C9ED1623B46BDB6ED4772089","DISCOVERED"
"KID-SRC-418","backend/src/daily-challenge/dailyChallengeRoutes.ts","dailyChallengeRoutes.ts",".ts","NO","NO","NO","YES","6C125A3D242D4E2D727E8D34DBCEC4F9EF04912333408EC6F8278FA76C17A70F","DISCOVERED"
"KID-SRC-419","backend/src/data/progress.json","progress.json",".json","NO","NO","YES","YES","BFB2064EA52BBFAB294145C9D44B4C1C01628097C1D716A77E4D099D408D5A6D","DISCOVERED"
"KID-SRC-420","backend/src/data/puzzleDifficulty.json","puzzleDifficulty.json",".json","NO","NO","NO","NO","B7DEE7A377B27897E626AD6B9B77E3DFE1CCD4FE4EEDE670518E1E2C6F349AA2","DISCOVERED"
"KID-SRC-421","backend/src/game/adaptive_recommendation_v2.js","adaptive_recommendation_v2.js",".js","NO","NO","YES","YES","C3ED70C23F5B17F6DE354ACFDEDA353E8BB464D30AA68F80822C1618D001CEE8","DISCOVERED"
"KID-SRC-422","backend/src/game/adaptive_recommendation_v2_test.js","adaptive_recommendation_v2_test.js",".js","NO","NO","NO","YES","6226D8F726F91298DB4E1CD4E33B0B7B4E4DF6C11F4D55E96A7B0CE0BC92E565","DISCOVERED"
"KID-SRC-423","backend/src/game/ai_dataset_export_orchestrator_v2_test.js","ai_dataset_export_orchestrator_v2_test.js",".js","NO","NO","NO","YES","D4FEC797C9E2D47215C29101DCFC8E968C716E2AB2A0AD0D3E38F8F169D399BF","DISCOVERED"
"KID-SRC-424","backend/src/game/ai_dataset_export_v2.js","ai_dataset_export_v2.js",".js","NO","NO","NO","YES","5D8E83F86DA602E8F9F5B9A51DA1170DDE0FA47EAC215487BE523310A579925E","DISCOVERED"
"KID-SRC-425","backend/src/game/ai_dataset_export_v2_schema.json","ai_dataset_export_v2_schema.json",".json","NO","NO","NO","YES","64454F586F47E778D29136C26A1E2E69D831C54A1A34CC005657E85D307871DA","DISCOVERED"
"KID-SRC-426","backend/src/game/ai_dataset_export_v2_test.js","ai_dataset_export_v2_test.js",".js","NO","NO","NO","YES","497BDEEE2BB12FCD8A9B31463F70A7522EDC3466E0B6A4B760E3582A6AE1FB60","DISCOVERED"
"KID-SRC-427","backend/src/game/mindlab_v2_route_registry.js","mindlab_v2_route_registry.js",".js","NO","NO","NO","YES","D27D7F65A18E0BEE24EB15909B490D40A69D328F70C610F1AF3D2DD08C210B33","DISCOVERED"
"KID-SRC-428","backend/src/game/mindlab_v2_route_registry_test.js","mindlab_v2_route_registry_test.js",".js","NO","NO","NO","YES","5CE7D6D7258CA801C0AE179CDA08D053E4A63FCE0EB73CB919231A24F7BCB0A8","DISCOVERED"
"KID-SRC-429","backend/src/game/puzzle_dna_v2_schema.json","puzzle_dna_v2_schema.json",".json","YES","YES","NO","NO","1C232FBC34424F107C5B7AC979D892313340CF0353E5066B15DA88C490C346DC","DISCOVERED"
"KID-SRC-430","backend/src/game/puzzle_generation_api_controller_v2.js","puzzle_generation_api_controller_v2.js",".js","NO","NO","NO","YES","D4E10D23CACAAC808F0AEC45500F5FEF5E6CA5685F683057DA2F0352286925A5","DISCOVERED"
"KID-SRC-431","backend/src/game/puzzle_generation_api_controller_v2_test.js","puzzle_generation_api_controller_v2_test.js",".js","NO","NO","NO","YES","554280C9682B007867A3E16ACF300C22C0CD2DEF954F2F5C0B184B2E67405B81","DISCOVERED"
"KID-SRC-432","backend/src/game/puzzle_generation_orchestrator_v2.js","puzzle_generation_orchestrator_v2.js",".js","NO","NO","NO","YES","443C50E3006B1BAD3C2ACF9144EB9E919D6F9D7402C36770756F147982156F5E","DISCOVERED"
"KID-SRC-433","backend/src/game/puzzle_generation_request_v2_schema.json","puzzle_generation_request_v2_schema.json",".json","NO","NO","NO","NO","97A51EE32BACFABEB4D7FDC8E22596BFDB38E42AAD2A87F51644CEA41A7AAAEF","DISCOVERED"
"KID-SRC-434","backend/src/game/puzzle_generation_response_v2_schema.json","puzzle_generation_response_v2_schema.json",".json","NO","NO","NO","YES","A3F2B78AB274675E1BE760F0021BF2E9A412E5ACA1D8612E6D86093B87E773AB","DISCOVERED"
"KID-SRC-435","backend/src/game/puzzle_generation_service_v2.js","puzzle_generation_service_v2.js",".js","NO","NO","NO","YES","663F3D0331C6BBFA06A45D3B4530B0B682C77554429D18549DD18DBB8AC3241F","DISCOVERED"
"KID-SRC-436","backend/src/game/recommendation_api_controller_v2.js","recommendation_api_controller_v2.js",".js","NO","NO","NO","YES","0B5897299CD210B2DF7EEC4F318E4DC45A5C30AC6B05114B7FA4758EC4EAF574","DISCOVERED"
"KID-SRC-437","backend/src/game/recommendation_service_v2.js","recommendation_service_v2.js",".js","NO","NO","YES","YES","0D253BCC5869A0B39B9DD3F8882FA7ADD6708D129F56F10A10D34B1557691867","DISCOVERED"
"KID-SRC-438","backend/src/game/user_skill_profile_v2_schema.json","user_skill_profile_v2_schema.json",".json","NO","NO","NO","NO","19A6908824C8EC16A1B0F6E7184D48574629E231E6AF5F93CF11275F099D670C","DISCOVERED"
"KID-SRC-439","backend/src/game/user_skill_progression_v2.js","user_skill_progression_v2.js",".js","NO","NO","NO","NO","33206BD28C5F9F6CF617FB885BF2377B19A7BC71CC6A914C4FAF00E3A5300E79","DISCOVERED"
"KID-SRC-440","backend/src/game/user_skill_progression_v2_test.js","user_skill_progression_v2_test.js",".js","NO","NO","YES","NO","A537C0831F00120AF4C83FDEE624C8ED691F5527B866E95AF0B6BC51528DFBD9","DISCOVERED"
"KID-SRC-441","backend/src/puzzles.json","puzzles.json",".json","NO","NO","NO","NO","38E44FF03166869281A0F09C38915342D9287802506B161D3F658FFE57F585C9","DISCOVERED"
"KID-SRC-442","backend/src/puzzles/_legacy/puzzles.json","puzzles.json",".json","NO","NO","NO","NO","38E44FF03166869281A0F09C38915342D9287802506B161D3F658FFE57F585C9","DISCOVERED"
"KID-SRC-443","backend/src/routes/progress.ts","progress.ts",".ts","NO","NO","YES","YES","AC539F6B00F83E4519AAF9C2373D57360E7F0D842EADD7E3B43172072C6649B5","DISCOVERED"
"KID-SRC-444","backend/tests/contract/daily_answer_validation.contract.test.js","daily_answer_validation.contract.test.js",".js","NO","NO","NO","YES","66E006027C07FB2FBC054DE3D7FE2D11FE4302088DB08F6BCE5F6666E70EA7C6","DISCOVERED"
"KID-SRC-445","backend/tests/contract/daily_challenge_api.contract.test.js","daily_challenge_api.contract.test.js",".js","NO","NO","YES","YES","2223F0F0FD58E3CBC5B9390546FDCFCFCF2F0C9BAB65E7F919317C4423393D88","DISCOVERED"
"KID-SRC-446","backend/tests/contract/progress_api.contract.test.js","progress_api.contract.test.js",".js","YES","NO","YES","NO","6552643602E93970D3EA157D143D1AF93ABB71DFD58CB123A8256B5079A78CE1","DISCOVERED"
"KID-SRC-447","backend/tests/policy_puzzles_source.test.js","policy_puzzles_source.test.js",".js","NO","NO","NO","YES","7B6107C2ACF70C097717C1C04473DD1B99841BFAF17C7D3F449E17E55A984814","DISCOVERED"
"KID-SRC-448","backend/tests/progressRoutes_shape.test.js","progressRoutes_shape.test.js",".js","NO","NO","YES","NO","C1C15C64F608BDC4BCA10CE3B0D611D5972B4FED0FBC476DCC6672ABB126B448","DISCOVERED"
"KID-SRC-449","backend/tests/puzzles_json.test.js","puzzles_json.test.js",".js","NO","NO","NO","YES","F2D097DD86CE7775EE4E03AA4FEABEB65C04ECB463893E32355F02B74B1A5371","DISCOVERED"
"KID-SRC-450","backups/app_router_debug_2025-11-29_1643/App.tsx","App.tsx",".tsx","NO","NO","NO","YES","6539EFBEEB5CA1F74E8730B188562A184A000F5A87A2480789DA6686F145A9E0","DISCOVERED"
"KID-SRC-451","backups/app_simple_debug_2025-11-29_1701/App.tsx","App.tsx",".tsx","YES","NO","NO","YES","4309E927E3E0471C6DB7622BCAD32D3FE4DFAA4FDB7E676CDA81C20E59B44FBC","DISCOVERED"
"KID-SRC-452","backups/baseline_snapshots/baseline_20251214_115859/backend/package.json","package.json",".json","NO","NO","NO","NO","251A4102092C0421CDBDD4249F6335BB254CA914312C4A692A53F9DD4116BAF4","DISCOVERED"
"KID-SRC-453","backups/baseline_snapshots/baseline_20251214_115859/backend/package-lock.json","package-lock.json",".json","YES","NO","NO","NO","8364826C2AC6AF7131A9880CFEE4C29C0CA5A3B6CE4B6E09DE4E4009A7DACB1B","DISCOVERED"
"KID-SRC-454","backups/baseline_snapshots/baseline_20251214_115859/backend/src/_quarantine/server.backup.js","server.backup.js",".js","NO","NO","YES","NO","EB3ECBC444D777B3781B46C453A6008530580AE646EA997FA91ED6B34ED8C4EF","DISCOVERED"
"KID-SRC-455","backups/baseline_snapshots/baseline_20251214_115859/backend/src/_quarantine/server.js","server.js",".js","NO","NO","YES","YES","2BEC214A3803B2A36DD91B22115C856790637EEF51F72223689C710886710F31","DISCOVERED"
"KID-SRC-456","backups/baseline_snapshots/baseline_20251214_115859/backend/src/contentEngine.js","contentEngine.js",".js","NO","NO","NO","YES","9F133537B1C66C4AE4049068A053FE2EFF16722C67F56902D1AFCB8AF632C85B","DISCOVERED"
"KID-SRC-457","backups/baseline_snapshots/baseline_20251214_115859/backend/src/daily-challenge/dailyChallengeEngine.ts","dailyChallengeEngine.ts",".ts","NO","NO","YES","YES","EFE1EDE83076DCD0DC0FFF9B33B82E150C58CEA8C9ED1623B46BDB6ED4772089","DISCOVERED"
"KID-SRC-458","backups/baseline_snapshots/baseline_20251214_115859/backend/src/daily-challenge/dailyChallengeRoutes.ts","dailyChallengeRoutes.ts",".ts","NO","NO","NO","YES","33B17A0F2D675D02F7482D696A80F517EECDDAAA8AC3D2A358EC42256754F763","DISCOVERED"
"KID-SRC-459","backups/baseline_snapshots/baseline_20251214_115859/backend/src/puzzles.json","puzzles.json",".json","NO","NO","NO","YES","7828A1EB333DB0E9F15CE240C3DE5C2F9CB452CCEA51586DBD2BB24F63CA9375","DISCOVERED"
"KID-SRC-460","backups/baseline_snapshots/baseline_20251214_115859/frontend/package.json","package.json",".json","NO","NO","YES","NO","21BA6959E95231AD4E098AE705C27D2F1A43657A462DBFB702CE225CEB29494F","DISCOVERED"
"KID-SRC-461","backups/baseline_snapshots/baseline_20251214_115859/frontend/package-lock.json","package-lock.json",".json","YES","NO","NO","NO","9D101E1BABE4478BB74720DC714C5B61AEF904014ADA91E0A013A6946ACF4577","DISCOVERED"
"KID-SRC-462","backups/baseline_snapshots/baseline_20251214_115859/frontend/src/_legacy_js_backup_20251208/App.backup.js","App.backup.js",".js","YES","NO","NO","NO","56099084404ADCA4A8B3B2BF5F141462DEB01BBAC9F293B4A54124F2DBC5C593","DISCOVERED"
"KID-SRC-463","backups/baseline_snapshots/baseline_20251214_115859/frontend/src/_legacy_js_backup_20251208/App.js","App.js",".js","YES","NO","YES","YES","502F225BF925CEE19536803F3168E06F9EC09D39C4BBCFA07D32B21E56EB5B8D","DISCOVERED"
"KID-SRC-464","backups/baseline_snapshots/baseline_20251214_115859/frontend/src/_legacy_js_backup_20251208/dailyChallengeApi.js","dailyChallengeApi.js",".js","NO","NO","NO","YES","C6C697A996AA47E1818817E76ABDD923FF8EF5F85CBDA0D71D3EEA30737861EF","DISCOVERED"
"KID-SRC-465","backups/baseline_snapshots/baseline_20251214_115859/frontend/src/_legacy_js_backup_20251208/DailyChallengeDetailPage.js","DailyChallengeDetailPage.js",".js","YES","NO","YES","YES","8701B3DE863A51C99E58FA2FC38642A015855FF87982BE4BAEB55092271FD54C","DISCOVERED"
"KID-SRC-466","backups/baseline_snapshots/baseline_20251214_115859/frontend/src/_legacy_js_backup_20251208/DailyChallengeHomeCard.js","DailyChallengeHomeCard.js",".js","YES","NO","YES","YES","62C0DEF2DE3016A45AA5BA2A55A2DB16962EF8C0C634287BD4BFBC5E6B1F9AF2","DISCOVERED"
"KID-SRC-467","backups/baseline_snapshots/baseline_20251214_115859/frontend/src/_legacy_js_backup_20251208/ErrorBanner.js","ErrorBanner.js",".js","YES","NO","NO","NO","6B1D1CDE1C414701BA530EDFCA6721EE471C40EB7E2BE9B0CA8052D7005F56F2","DISCOVERED"
"KID-SRC-468","backups/baseline_snapshots/baseline_20251214_115859/frontend/src/_legacy_js_backup_20251208/ErrorBoundary.js","ErrorBoundary.js",".js","YES","NO","NO","NO","160B5A3CA454A31E51F9089EDD2236A2B0E930F0BDEF9DD4D05032F1614C9D44","DISCOVERED"
"KID-SRC-469","backups/baseline_snapshots/baseline_20251214_115859/frontend/src/_legacy_js_backup_20251208/GamePanel.js","GamePanel.js",".js","YES","NO","NO","YES","800184DAC5136EE0F7E145D11059FFFEA2A2CE6B18D3124EC6785A712EABE875","DISCOVERED"
"KID-SRC-470","backups/baseline_snapshots/baseline_20251214_115859/frontend/src/_legacy_js_backup_20251208/HealthPanel.js","HealthPanel.js",".js","YES","NO","NO","NO","800463DD52FF0338352CFD2DBE619AFE4343B8C699F2FD3AC87208332FF3D18B","DISCOVERED"
"KID-SRC-471","backups/baseline_snapshots/baseline_20251214_115859/frontend/src/_legacy_js_backup_20251208/main.js","main.js",".js","YES","NO","NO","NO","8CEA00D52121807F9C9F261B3857D8BFA12AB4DF371ED0E916C3BD64056113FF","DISCOVERED"
"KID-SRC-472","backups/baseline_snapshots/baseline_20251214_115859/frontend/src/_legacy_js_backup_20251208/models.js","models.js",".js","NO","NO","NO","NO","8E609BB71C20B858C77F0E9F90BB1319DB8477B13F9F965F1A1E18524BF50881","DISCOVERED"
"KID-SRC-473","backups/baseline_snapshots/baseline_20251214_115859/frontend/src/_legacy_js_backup_20251208/ProgressPanel.js","ProgressPanel.js",".js","YES","NO","YES","YES","520DD788B23AB34603C42581123BE40ECBC2E9845C60E3FC1870D441F57C6BA5","DISCOVERED"
"KID-SRC-474","backups/baseline_snapshots/baseline_20251214_115859/frontend/src/_legacy_js_backup_20251208/ResultBanner.js","ResultBanner.js",".js","YES","NO","NO","NO","3D68689AA55AD591C1AD6C57D2E4A37D34ADBE7EBD0D088757A742D7247AB0F4","DISCOVERED"
"KID-SRC-475","backups/baseline_snapshots/baseline_20251214_115859/frontend/src/api.ts","api.ts",".ts","NO","NO","YES","YES","B77EEC17863FA255002C143B1306A2FB413666C18921E471DCD8B8DF291A863D","DISCOVERED"
"KID-SRC-476","backups/baseline_snapshots/baseline_20251214_115859/frontend/src/App.tsx","App.tsx",".tsx","NO","NO","YES","YES","C448EB8118943C99AA8F6962F2A04DD14CEE7265FA2F2B5153F4BEC01CF79C35","DISCOVERED"
"KID-SRC-477","backups/baseline_snapshots/baseline_20251214_115859/frontend/src/components/ErrorBoundary.tsx","ErrorBoundary.tsx",".tsx","YES","NO","NO","NO","1A9BFE349FB488F29E5711EA2905B850332B8D0765B07A5BFCEAD997F8B5513A","DISCOVERED"
"KID-SRC-478","backups/baseline_snapshots/baseline_20251214_115859/frontend/src/components/GamePanel.tsx","GamePanel.tsx",".tsx","NO","NO","NO","YES","FEE11816E4607C994C677CC7130AD67565E18EA9F951F5DB625A9B5DF2E1424C","DISCOVERED"
"KID-SRC-479","backups/baseline_snapshots/baseline_20251214_115859/frontend/src/components/HealthPanel.tsx","HealthPanel.tsx",".tsx","NO","NO","YES","YES","5E6C39A3951BC10E7ADAA4937D39652D38612C06B437DF333F3028001830A998","DISCOVERED"
"KID-SRC-480","backups/baseline_snapshots/baseline_20251214_115859/frontend/src/components/ProgressPanel.tsx","ProgressPanel.tsx",".tsx","NO","NO","YES","NO","ED4944258AEF2CC2B0305079EA9144BC9931E163F610312F922B800B0F4B17B3","DISCOVERED"
"KID-SRC-481","backups/baseline_snapshots/baseline_20251214_115859/frontend/src/daily-challenge/dailyChallengeApi.ts","dailyChallengeApi.ts",".ts","NO","NO","YES","YES","ED72E0109530BCD79F42D0FA4A62A63D36ADC00996FF7C71293D82DB2A251187","DISCOVERED"
"KID-SRC-482","backups/baseline_snapshots/baseline_20251214_115859/frontend/src/daily-challenge/DailyChallengeDetailPage.tsx","DailyChallengeDetailPage.tsx",".tsx","NO","NO","YES","YES","31705093D992D37A8F44C9CA471F7E7200CBB03016F6CFDFCFEDFA391315E224","DISCOVERED"
"KID-SRC-483","backups/baseline_snapshots/baseline_20251214_115859/frontend/src/daily-challenge/DailyChallengeHomeCard.tsx","DailyChallengeHomeCard.tsx",".tsx","NO","NO","YES","YES","BD79D104EDC431DD0BD821BCAA1BDD8EF140059480BFA648648B00D0668BE85F","DISCOVERED"
"KID-SRC-484","backups/baseline_snapshots/baseline_20251214_115859/frontend/src/daily-challenge/models.ts","models.ts",".ts","NO","NO","YES","YES","FEB2B904CEC083F4A0177770634EAF284DF88ABA6D930A178430624FC10FADAC","DISCOVERED"
"KID-SRC-485","backups/baseline_snapshots/baseline_20251214_115859/frontend/src/GamePanel.tsx","GamePanel.tsx",".tsx","NO","NO","NO","YES","06C10C104A53E3EB8CF65837F11CFB6D5F861A37CDC024EA0304CB55DD02E8B0","DISCOVERED"
"KID-SRC-486","backups/baseline_snapshots/baseline_20251214_115859/frontend/src/pages/Daily.tsx","Daily.tsx",".tsx","NO","NO","NO","YES","A434497347338ED7B4680734B93B7B9311D5FD15B2ADFB783CC6020566B20BBC","DISCOVERED"
"KID-SRC-487","backups/baseline_snapshots/baseline_20251214_115859/frontend/src/pages/Progress.tsx","Progress.tsx",".tsx","NO","NO","YES","YES","37F5F3DA3B649A77E29F2119E621071212D403AC4DD8B5D504BEE98B10477B46","DISCOVERED"
"KID-SRC-488","backups/baseline_snapshots/baseline_20251214_115859/frontend/src/progress/ProgressPage.tsx","ProgressPage.tsx",".tsx","NO","NO","YES","YES","DBBE9CC8F7325729F03B4CB0069B6E55AB3EC4A6F85659497F75BF353ED5AF72","DISCOVERED"
"KID-SRC-489","backups/baseline_snapshots/baseline_20251214_115859/frontend/src/ProgressPanel.tsx","ProgressPanel.tsx",".tsx","NO","NO","YES","YES","8C4E564D7B3F0A3EC99F292E2A9B9854F84B66C6BF7DF509EF104A776D2F2660","DISCOVERED"
"KID-SRC-490","backups/daily_feature_2025-11-29_1408/DailyChallengeDetailPage.tsx","DailyChallengeDetailPage.tsx",".tsx","NO","NO","YES","YES","6163505AA7ADEA5E31098B43F2844257C969E2896FED8A95795BB735F2CBEE04","DISCOVERED"
"KID-SRC-491","backups/daily_ui_phase1_2025-11-30_0933/DailyChallengeDetailPage.tsx","DailyChallengeDetailPage.tsx",".tsx","NO","NO","YES","YES","6163505AA7ADEA5E31098B43F2844257C969E2896FED8A95795BB735F2CBEE04","DISCOVERED"
"KID-SRC-492","backups/fullcheck_20251209_2024/health-and-puzzles.spec.ts","health-and-puzzles.spec.ts",".ts","YES","NO","NO","YES","5354087EC82E8F720979415E028C3C173716CD75DF8B8E377E08D1D26BB03A75","DISCOVERED"
"KID-SRC-493","backups/fullcheck_20251209_2024/mindlab-basic.spec.ts","mindlab-basic.spec.ts",".ts","YES","NO","NO","NO","6B2E0D77BC9570C7FC75F715E276EB91109552A77D48F8BD81D73CD587CF0FF7","DISCOVERED"
"KID-SRC-494","backups/fullcheck_20251209_2024/mindlab-daily-ui.spec.ts","mindlab-daily-ui.spec.ts",".ts","YES","NO","NO","YES","F2553955219CB12E555B92476534510FB7A8D05FBBA5A8045F73739F53532296","DISCOVERED"
"KID-SRC-495","backups/fullcheck_20251209_2024/mindlab-daily-ui-optional.spec.ts","mindlab-daily-ui-optional.spec.ts",".ts","YES","NO","NO","YES","7405DED3BD9903477A18D7BF226C7272FA258FA8709E74B0FAF2908D03602FD7","DISCOVERED"
"KID-SRC-496","backups/fullcheck_20251209_2024/puzzles-navigation.spec.ts","puzzles-navigation.spec.ts",".ts","YES","NO","NO","YES","513CFC5865D2F3A12584310871817A4CAE64021B41B41B19816E28F6BB96A34A","DISCOVERED"
"KID-SRC-497","backups/MindLab_Snapshot_2025-11-29_1306/src/api.js","api.js",".js","NO","NO","YES","YES","6D174DA421B951A97FCA998EEAA7ABA212AD6564D6DF1D30534AE50985ADD4E7","DISCOVERED"
"KID-SRC-498","backups/MindLab_Snapshot_2025-11-29_1306/src/api.ts","api.ts",".ts","NO","NO","YES","YES","B77EEC17863FA255002C143B1306A2FB413666C18921E471DCD8B8DF291A863D","DISCOVERED"
"KID-SRC-499","backups/MindLab_Snapshot_2025-11-29_1306/src/App.backup.js","App.backup.js",".js","YES","NO","NO","NO","56099084404ADCA4A8B3B2BF5F141462DEB01BBAC9F293B4A54124F2DBC5C593","DISCOVERED"
"KID-SRC-500","backups/MindLab_Snapshot_2025-11-29_1306/src/App.js","App.js",".js","YES","NO","YES","YES","502F225BF925CEE19536803F3168E06F9EC09D39C4BBCFA07D32B21E56EB5B8D","DISCOVERED"
"KID-SRC-501","backups/MindLab_Snapshot_2025-11-29_1306/src/App.tsx","App.tsx",".tsx","NO","NO","YES","YES","0D16E43D6019E63276B5B1617467A463B5264942B1AE3092B3F47BE25E18540E","DISCOVERED"
"KID-SRC-502","backups/MindLab_Snapshot_2025-11-29_1306/src/components/ErrorBanner.js","ErrorBanner.js",".js","YES","NO","NO","NO","6B1D1CDE1C414701BA530EDFCA6721EE471C40EB7E2BE9B0CA8052D7005F56F2","DISCOVERED"
"KID-SRC-503","backups/MindLab_Snapshot_2025-11-29_1306/src/components/ErrorBoundary.js","ErrorBoundary.js",".js","YES","NO","NO","NO","160B5A3CA454A31E51F9089EDD2236A2B0E930F0BDEF9DD4D05032F1614C9D44","DISCOVERED"
"KID-SRC-504","backups/MindLab_Snapshot_2025-11-29_1306/src/components/ErrorBoundary.tsx","ErrorBoundary.tsx",".tsx","YES","NO","NO","NO","1A9BFE349FB488F29E5711EA2905B850332B8D0765B07A5BFCEAD997F8B5513A","DISCOVERED"
"KID-SRC-505","backups/MindLab_Snapshot_2025-11-29_1306/src/components/GamePanel.js","GamePanel.js",".js","YES","NO","NO","YES","43C98C4C3A1FD9A840747CFE7291F0911DC8048826AB0CD991030D7A03E48383","DISCOVERED"
"KID-SRC-506","backups/MindLab_Snapshot_2025-11-29_1306/src/components/GamePanel.tsx","GamePanel.tsx",".tsx","NO","NO","NO","YES","FEE11816E4607C994C677CC7130AD67565E18EA9F951F5DB625A9B5DF2E1424C","DISCOVERED"
"KID-SRC-507","backups/MindLab_Snapshot_2025-11-29_1306/src/components/HealthPanel.js","HealthPanel.js",".js","YES","NO","NO","NO","800463DD52FF0338352CFD2DBE619AFE4343B8C699F2FD3AC87208332FF3D18B","DISCOVERED"
"KID-SRC-508","backups/MindLab_Snapshot_2025-11-29_1306/src/components/ProgressPanel.js","ProgressPanel.js",".js","YES","NO","YES","NO","A7639DBCF7DB69E69934EEDF4F877F3DFC02DE1FF9BC8CD7DB0F02C3F2AF4AE7","DISCOVERED"
"KID-SRC-509","backups/MindLab_Snapshot_2025-11-29_1306/src/components/ProgressPanel.tsx","ProgressPanel.tsx",".tsx","NO","NO","YES","NO","ED4944258AEF2CC2B0305079EA9144BC9931E163F610312F922B800B0F4B17B3","DISCOVERED"
"KID-SRC-510","backups/MindLab_Snapshot_2025-11-29_1306/src/components/ResultBanner.js","ResultBanner.js",".js","YES","NO","NO","NO","3D68689AA55AD591C1AD6C57D2E4A37D34ADBE7EBD0D088757A742D7247AB0F4","DISCOVERED"
"KID-SRC-511","backups/MindLab_Snapshot_2025-11-29_1306/src/contentEngine.js","contentEngine.js",".js","NO","NO","NO","YES","9F133537B1C66C4AE4049068A053FE2EFF16722C67F56902D1AFCB8AF632C85B","DISCOVERED"
"KID-SRC-512","backups/MindLab_Snapshot_2025-11-29_1306/src/daily-challenge/dailyChallengeApi.js","dailyChallengeApi.js",".js","NO","NO","NO","YES","C6C697A996AA47E1818817E76ABDD923FF8EF5F85CBDA0D71D3EEA30737861EF","DISCOVERED"
"KID-SRC-513","backups/MindLab_Snapshot_2025-11-29_1306/src/daily-challenge/dailyChallengeApi.ts","dailyChallengeApi.ts",".ts","NO","NO","YES","YES","ED72E0109530BCD79F42D0FA4A62A63D36ADC00996FF7C71293D82DB2A251187","DISCOVERED"
"KID-SRC-514","backups/MindLab_Snapshot_2025-11-29_1306/src/daily-challenge/DailyChallengeDetailPage.js","DailyChallengeDetailPage.js",".js","YES","NO","YES","YES","8701B3DE863A51C99E58FA2FC38642A015855FF87982BE4BAEB55092271FD54C","DISCOVERED"
"KID-SRC-515","backups/MindLab_Snapshot_2025-11-29_1306/src/daily-challenge/DailyChallengeDetailPage.tsx","DailyChallengeDetailPage.tsx",".tsx","NO","NO","YES","YES","6163505AA7ADEA5E31098B43F2844257C969E2896FED8A95795BB735F2CBEE04","DISCOVERED"
"KID-SRC-516","backups/MindLab_Snapshot_2025-11-29_1306/src/daily-challenge/dailyChallengeEngine.ts","dailyChallengeEngine.ts",".ts","NO","NO","YES","YES","EFE1EDE83076DCD0DC0FFF9B33B82E150C58CEA8C9ED1623B46BDB6ED4772089","DISCOVERED"
"KID-SRC-517","backups/MindLab_Snapshot_2025-11-29_1306/src/daily-challenge/DailyChallengeHomeCard.js","DailyChallengeHomeCard.js",".js","YES","NO","YES","YES","62C0DEF2DE3016A45AA5BA2A55A2DB16962EF8C0C634287BD4BFBC5E6B1F9AF2","DISCOVERED"
"KID-SRC-518","backups/MindLab_Snapshot_2025-11-29_1306/src/daily-challenge/DailyChallengeHomeCard.tsx","DailyChallengeHomeCard.tsx",".tsx","NO","NO","YES","YES","BD79D104EDC431DD0BD821BCAA1BDD8EF140059480BFA648648B00D0668BE85F","DISCOVERED"
"KID-SRC-519","backups/MindLab_Snapshot_2025-11-29_1306/src/daily-challenge/dailyChallengeRoutes.ts","dailyChallengeRoutes.ts",".ts","NO","NO","NO","YES","33B17A0F2D675D02F7482D696A80F517EECDDAAA8AC3D2A358EC42256754F763","DISCOVERED"
"KID-SRC-520","backups/MindLab_Snapshot_2025-11-29_1306/src/daily-challenge/models.js","models.js",".js","NO","NO","NO","NO","8E609BB71C20B858C77F0E9F90BB1319DB8477B13F9F965F1A1E18524BF50881","DISCOVERED"
"KID-SRC-521","backups/MindLab_Snapshot_2025-11-29_1306/src/daily-challenge/models.ts","models.ts",".ts","NO","NO","YES","YES","FEB2B904CEC083F4A0177770634EAF284DF88ABA6D930A178430624FC10FADAC","DISCOVERED"
"KID-SRC-522","backups/MindLab_Snapshot_2025-11-29_1306/src/GamePanel.js","GamePanel.js",".js","YES","NO","NO","YES","800184DAC5136EE0F7E145D11059FFFEA2A2CE6B18D3124EC6785A712EABE875","DISCOVERED"
"KID-SRC-523","backups/MindLab_Snapshot_2025-11-29_1306/src/GamePanel.tsx","GamePanel.tsx",".tsx","NO","NO","NO","YES","06C10C104A53E3EB8CF65837F11CFB6D5F861A37CDC024EA0304CB55DD02E8B0","DISCOVERED"
"KID-SRC-524","backups/MindLab_Snapshot_2025-11-29_1306/src/main.js","main.js",".js","YES","NO","NO","NO","8CEA00D52121807F9C9F261B3857D8BFA12AB4DF371ED0E916C3BD64056113FF","DISCOVERED"
"KID-SRC-525","backups/MindLab_Snapshot_2025-11-29_1306/src/ProgressPanel.js","ProgressPanel.js",".js","YES","NO","YES","YES","520DD788B23AB34603C42581123BE40ECBC2E9845C60E3FC1870D441F57C6BA5","DISCOVERED"
"KID-SRC-526","backups/MindLab_Snapshot_2025-11-29_1306/src/ProgressPanel.tsx","ProgressPanel.tsx",".tsx","NO","NO","YES","YES","8C4E564D7B3F0A3EC99F292E2A9B9854F84B66C6BF7DF509EF104A776D2F2660","DISCOVERED"
"KID-SRC-527","backups/MindLab_Snapshot_2025-11-29_1306/src/puzzles.json","puzzles.json",".json","NO","NO","NO","YES","7828A1EB333DB0E9F15CE240C3DE5C2F9CB452CCEA51586DBD2BB24F63CA9375","DISCOVERED"
"KID-SRC-528","backups/MindLab_Snapshot_2025-11-29_1306/src/server.backup.js","server.backup.js",".js","NO","NO","YES","NO","EB3ECBC444D777B3781B46C453A6008530580AE646EA997FA91ED6B34ED8C4EF","DISCOVERED"
"KID-SRC-529","backups/MindLab_Snapshot_2025-11-29_1306/src/server.js","server.js",".js","NO","NO","NO","YES","A34B6CEEBDD25B676F9E84CFFA66282CA232F13ADA4F7ABA6B68E3529AE5D175","DISCOVERED"
"KID-SRC-530","backups/PHASE2_STEP2_manual_20251221_100326/backend_src/_quarantine/server.backup.js","server.backup.js",".js","NO","NO","YES","NO","EB3ECBC444D777B3781B46C453A6008530580AE646EA997FA91ED6B34ED8C4EF","DISCOVERED"
"KID-SRC-531","backups/PHASE2_STEP2_manual_20251221_100326/backend_src/_quarantine/server.js","server.js",".js","NO","NO","YES","YES","2BEC214A3803B2A36DD91B22115C856790637EEF51F72223689C710886710F31","DISCOVERED"
"KID-SRC-532","backups/PHASE2_STEP2_manual_20251221_100326/backend_src/contentEngine.js","contentEngine.js",".js","NO","NO","NO","YES","9F133537B1C66C4AE4049068A053FE2EFF16722C67F56902D1AFCB8AF632C85B","DISCOVERED"
"KID-SRC-533","backups/PHASE2_STEP2_manual_20251221_100326/backend_src/daily-challenge/dailyChallengeEngine.ts","dailyChallengeEngine.ts",".ts","NO","NO","YES","YES","EFE1EDE83076DCD0DC0FFF9B33B82E150C58CEA8C9ED1623B46BDB6ED4772089","DISCOVERED"
"KID-SRC-534","backups/PHASE2_STEP2_manual_20251221_100326/backend_src/daily-challenge/dailyChallengeRoutes.ts","dailyChallengeRoutes.ts",".ts","NO","NO","NO","YES","33B17A0F2D675D02F7482D696A80F517EECDDAAA8AC3D2A358EC42256754F763","DISCOVERED"
"KID-SRC-535","backups/PHASE2_STEP2_manual_20251221_100326/backend_src/puzzles.json","puzzles.json",".json","NO","NO","NO","NO","38E44FF03166869281A0F09C38915342D9287802506B161D3F658FFE57F585C9","DISCOVERED"
"KID-SRC-536","backups/PHASE2_STEP2_manual_20251221_100326/backend_src/puzzles/_legacy/puzzles.json","puzzles.json",".json","NO","NO","NO","NO","38E44FF03166869281A0F09C38915342D9287802506B161D3F658FFE57F585C9","DISCOVERED"
"KID-SRC-537","backups/PHASE2_STEP2_manual_20251221_100326/frontend_src/_legacy_js_backup_20251208/App.backup.js","App.backup.js",".js","YES","NO","NO","NO","56099084404ADCA4A8B3B2BF5F141462DEB01BBAC9F293B4A54124F2DBC5C593","DISCOVERED"
"KID-SRC-538","backups/PHASE2_STEP2_manual_20251221_100326/frontend_src/_legacy_js_backup_20251208/App.js","App.js",".js","YES","NO","YES","YES","502F225BF925CEE19536803F3168E06F9EC09D39C4BBCFA07D32B21E56EB5B8D","DISCOVERED"
"KID-SRC-539","backups/PHASE2_STEP2_manual_20251221_100326/frontend_src/_legacy_js_backup_20251208/dailyChallengeApi.js","dailyChallengeApi.js",".js","NO","NO","NO","YES","C6C697A996AA47E1818817E76ABDD923FF8EF5F85CBDA0D71D3EEA30737861EF","DISCOVERED"
"KID-SRC-540","backups/PHASE2_STEP2_manual_20251221_100326/frontend_src/_legacy_js_backup_20251208/DailyChallengeDetailPage.js","DailyChallengeDetailPage.js",".js","YES","NO","YES","YES","8701B3DE863A51C99E58FA2FC38642A015855FF87982BE4BAEB55092271FD54C","DISCOVERED"
"KID-SRC-541","backups/PHASE2_STEP2_manual_20251221_100326/frontend_src/_legacy_js_backup_20251208/DailyChallengeHomeCard.js","DailyChallengeHomeCard.js",".js","YES","NO","YES","YES","62C0DEF2DE3016A45AA5BA2A55A2DB16962EF8C0C634287BD4BFBC5E6B1F9AF2","DISCOVERED"
"KID-SRC-542","backups/PHASE2_STEP2_manual_20251221_100326/frontend_src/_legacy_js_backup_20251208/ErrorBanner.js","ErrorBanner.js",".js","YES","NO","NO","NO","6B1D1CDE1C414701BA530EDFCA6721EE471C40EB7E2BE9B0CA8052D7005F56F2","DISCOVERED"
"KID-SRC-543","backups/PHASE2_STEP2_manual_20251221_100326/frontend_src/_legacy_js_backup_20251208/ErrorBoundary.js","ErrorBoundary.js",".js","YES","NO","NO","NO","160B5A3CA454A31E51F9089EDD2236A2B0E930F0BDEF9DD4D05032F1614C9D44","DISCOVERED"
"KID-SRC-544","backups/PHASE2_STEP2_manual_20251221_100326/frontend_src/_legacy_js_backup_20251208/GamePanel.js","GamePanel.js",".js","YES","NO","NO","YES","800184DAC5136EE0F7E145D11059FFFEA2A2CE6B18D3124EC6785A712EABE875","DISCOVERED"
"KID-SRC-545","backups/PHASE2_STEP2_manual_20251221_100326/frontend_src/_legacy_js_backup_20251208/HealthPanel.js","HealthPanel.js",".js","YES","NO","NO","NO","800463DD52FF0338352CFD2DBE619AFE4343B8C699F2FD3AC87208332FF3D18B","DISCOVERED"
"KID-SRC-546","backups/PHASE2_STEP2_manual_20251221_100326/frontend_src/_legacy_js_backup_20251208/main.js","main.js",".js","YES","NO","NO","NO","8CEA00D52121807F9C9F261B3857D8BFA12AB4DF371ED0E916C3BD64056113FF","DISCOVERED"
"KID-SRC-547","backups/PHASE2_STEP2_manual_20251221_100326/frontend_src/_legacy_js_backup_20251208/models.js","models.js",".js","NO","NO","NO","NO","8E609BB71C20B858C77F0E9F90BB1319DB8477B13F9F965F1A1E18524BF50881","DISCOVERED"
"KID-SRC-548","backups/PHASE2_STEP2_manual_20251221_100326/frontend_src/_legacy_js_backup_20251208/ProgressPanel.js","ProgressPanel.js",".js","YES","NO","YES","YES","520DD788B23AB34603C42581123BE40ECBC2E9845C60E3FC1870D441F57C6BA5","DISCOVERED"
"KID-SRC-549","backups/PHASE2_STEP2_manual_20251221_100326/frontend_src/_legacy_js_backup_20251208/ResultBanner.js","ResultBanner.js",".js","YES","NO","NO","NO","3D68689AA55AD591C1AD6C57D2E4A37D34ADBE7EBD0D088757A742D7247AB0F4","DISCOVERED"
"KID-SRC-550","backups/PHASE2_STEP2_manual_20251221_100326/frontend_src/api.ts","api.ts",".ts","NO","NO","YES","YES","A27BD2C98FE744F42E6D72D741AFB0D8A399BFCEA458818348ED1B73543282F5","DISCOVERED"
"KID-SRC-551","backups/PHASE2_STEP2_manual_20251221_100326/frontend_src/App.tsx","App.tsx",".tsx","NO","NO","YES","YES","C448EB8118943C99AA8F6962F2A04DD14CEE7265FA2F2B5153F4BEC01CF79C35","DISCOVERED"
"KID-SRC-552","backups/PHASE2_STEP2_manual_20251221_100326/frontend_src/components/ErrorBoundary.tsx","ErrorBoundary.tsx",".tsx","YES","NO","NO","NO","1A9BFE349FB488F29E5711EA2905B850332B8D0765B07A5BFCEAD997F8B5513A","DISCOVERED"
"KID-SRC-553","backups/PHASE2_STEP2_manual_20251221_100326/frontend_src/components/GamePanel.tsx","GamePanel.tsx",".tsx","NO","NO","NO","YES","4F415D798265C6DA6B0ABB9F1D1F24EAD529B5456009556B3DE5E577A144934F","DISCOVERED"
"KID-SRC-554","backups/PHASE2_STEP2_manual_20251221_100326/frontend_src/components/HealthPanel.tsx","HealthPanel.tsx",".tsx","NO","NO","YES","YES","5E6C39A3951BC10E7ADAA4937D39652D38612C06B437DF333F3028001830A998","DISCOVERED"
"KID-SRC-555","backups/PHASE2_STEP2_manual_20251221_100326/frontend_src/components/ProgressPanel.tsx","ProgressPanel.tsx",".tsx","NO","NO","YES","NO","ED4944258AEF2CC2B0305079EA9144BC9931E163F610312F922B800B0F4B17B3","DISCOVERED"
"KID-SRC-556","backups/PHASE2_STEP2_manual_20251221_100326/frontend_src/daily-challenge/dailyChallengeApi.ts","dailyChallengeApi.ts",".ts","NO","NO","YES","YES","ED72E0109530BCD79F42D0FA4A62A63D36ADC00996FF7C71293D82DB2A251187","DISCOVERED"
"KID-SRC-557","backups/PHASE2_STEP2_manual_20251221_100326/frontend_src/daily-challenge/DailyChallengeDetailPage.tsx","DailyChallengeDetailPage.tsx",".tsx","NO","NO","YES","YES","31705093D992D37A8F44C9CA471F7E7200CBB03016F6CFDFCFEDFA391315E224","DISCOVERED"
"KID-SRC-558","backups/PHASE2_STEP2_manual_20251221_100326/frontend_src/daily-challenge/DailyChallengeHomeCard.tsx","DailyChallengeHomeCard.tsx",".tsx","NO","NO","YES","YES","BD79D104EDC431DD0BD821BCAA1BDD8EF140059480BFA648648B00D0668BE85F","DISCOVERED"
"KID-SRC-559","backups/PHASE2_STEP2_manual_20251221_100326/frontend_src/daily-challenge/models.ts","models.ts",".ts","NO","NO","YES","YES","FEB2B904CEC083F4A0177770634EAF284DF88ABA6D930A178430624FC10FADAC","DISCOVERED"
"KID-SRC-560","backups/PHASE2_STEP2_manual_20251221_100326/frontend_src/GamePanel.tsx","GamePanel.tsx",".tsx","NO","NO","YES","YES","8AE0E734AF277AFB2642CBC5467A0AF13009CAA4C2DE411A8EE9F41A7AC56C80","DISCOVERED"
"KID-SRC-561","backups/PHASE2_STEP2_manual_20251221_100326/frontend_src/pages/Daily.tsx","Daily.tsx",".tsx","NO","NO","NO","YES","A434497347338ED7B4680734B93B7B9311D5FD15B2ADFB783CC6020566B20BBC","DISCOVERED"
"KID-SRC-562","backups/PHASE2_STEP2_manual_20251221_100326/frontend_src/pages/Progress.tsx","Progress.tsx",".tsx","NO","NO","YES","YES","37F5F3DA3B649A77E29F2119E621071212D403AC4DD8B5D504BEE98B10477B46","DISCOVERED"
"KID-SRC-563","backups/PHASE2_STEP2_manual_20251221_100326/frontend_src/progress/ProgressPage.tsx","ProgressPage.tsx",".tsx","NO","NO","YES","YES","DBBE9CC8F7325729F03B4CB0069B6E55AB3EC4A6F85659497F75BF353ED5AF72","DISCOVERED"
"KID-SRC-564","backups/PHASE2_STEP2_manual_20251221_100326/frontend_src/ProgressPanel.tsx","ProgressPanel.tsx",".tsx","NO","NO","YES","YES","8C4E564D7B3F0A3EC99F292E2A9B9854F84B66C6BF7DF509EF104A776D2F2660","DISCOVERED"
"KID-SRC-565","backups/routes_daily_2025-11-29_1612/App.tsx","App.tsx",".tsx","NO","NO","YES","YES","0D16E43D6019E63276B5B1617467A463B5264942B1AE3092B3F47BE25E18540E","DISCOVERED"
"KID-SRC-566","backups/routes_daily_2025-11-29_1612/DailyChallengeDetailPage.tsx","DailyChallengeDetailPage.tsx",".tsx","NO","NO","YES","YES","6163505AA7ADEA5E31098B43F2844257C969E2896FED8A95795BB735F2CBEE04","DISCOVERED"
"KID-SRC-567","daily_closeout_docs/baseline_20251230_185107/package.json","package.json",".json","NO","NO","YES","NO","3064FE6688BFA3CD99C121EB775FE2FC4A3E2D597A0907DE9D7D31D3C663F03C","DISCOVERED"
"KID-SRC-568","daily_closeout_docs/baseline_20251230_185107/progress.json","progress.json",".json","NO","NO","NO","YES","06921BDCF1FF8A4A51E963803D6BBF9DEB2F8E17724B6058319913054B8E468B","DISCOVERED"
"KID-SRC-569","deploy/backend/package.json","package.json",".json","NO","NO","NO","NO","ABCFF8AF4D3FEA863AFB0C1F29B37D8930B03A9D3BC8EE89DCFAB5C90B700D4A","DISCOVERED"
"KID-SRC-570","deploy/backend/server.js","server.js",".js","NO","NO","NO","YES","4842E86FD28FD769C1C4D8437BD21AD09073A74F00F675AE4BD093C43B3B9D40","DISCOVERED"
"KID-SRC-571","docs/e2e_manifest.json","e2e_manifest.json",".json","NO","NO","YES","NO","F0C3CA6027B41359E0425A5D810D7D7ADC7A72D51A32602939D9A9830F1E1114","DISCOVERED"
"KID-SRC-572","docs/planning/kids_certified/06_ux_qa/kids_pilot_evidence_input_change_guard.json","kids_pilot_evidence_input_change_guard.json",".json","YES","YES","YES","NO","B65F736D5289B326177ED9E0E9B3440986660FE3E5B40698ACED71685C5308DE","DISCOVERED"
"KID-SRC-573","docs/planning/kids_certified/06_ux_qa/kids_pilot_evidence_invalid_value_rules.json","kids_pilot_evidence_invalid_value_rules.json",".json","NO","NO","YES","NO","97D0E3F4BCBBEF154A00D8782517D649A7A2E6649C8B6EF3DEDF78F299479952","DISCOVERED"
"KID-SRC-574","docs/planning/kids_certified/06_ux_qa/row_lock/current_focus.json","current_focus.json",".json","YES","YES","NO","NO","EFD25A13B4B82B01B904651FE009B0FE840BAAB3478403F153856F1D126D80B0","DISCOVERED"
"KID-SRC-575","docs/planning/kids_certified/06_ux_qa/row_lock/current_focus_apply_manifest.json","current_focus_apply_manifest.json",".json","YES","YES","YES","NO","C081D94ADB354AED14EEFE4119D3E1B88F26C8E2814D24F7327A2839ACF0AD55","DISCOVERED"
"KID-SRC-576","docs/planning/kids_certified/06_ux_qa/row_lock/current_focus_blocker_rows_manifest.json","current_focus_blocker_rows_manifest.json",".json","YES","YES","NO","NO","E419A51A38104D179C79800E86152B5539EDE0127BAFB1C72A99A1B1EF5B7138","DISCOVERED"
"KID-SRC-577","docs/planning/kids_certified/06_ux_qa/row_lock/current_focus_forced_override_manifest.json","current_focus_forced_override_manifest.json",".json","YES","YES","YES","NO","349811D862BB999C67DAB8BD88CFE01DA9063CCBE7B559A9FECDCE3F2A0CE225","DISCOVERED"
"KID-SRC-578","docs/planning/kids_certified/06_ux_qa/row_lock/current_focus_known_value_map.json","current_focus_known_value_map.json",".json","YES","YES","YES","NO","C01B707DCD26FC74C8E3DCCDBC30AD5A3A340DDA07A9F5C681FEE051F79D8546","DISCOVERED"
"KID-SRC-579","docs/planning/kids_certified/06_ux_qa/row_lock/current_focus_manual_entry_manifest.json","current_focus_manual_entry_manifest.json",".json","YES","YES","NO","NO","F9F1888F53FAC231FAEA99CD06A02D1C6BE70DCDCEE608E6D5CDDA8CEA689785","DISCOVERED"
"KID-SRC-580","docs/planning/kids_certified/06_ux_qa/row_lock/current_focus_single_submission_row_manifest.json","current_focus_single_submission_row_manifest.json",".json","YES","YES","YES","NO","5CA531E0474500F69C8AC1C184BDB0767C83096EE4C1139F24DC36795E5CCFD5","DISCOVERED"
"KID-SRC-581","docs/planning/kids_certified/06_ux_qa/row_lock/current_focus_submission_pack_manifest.json","current_focus_submission_pack_manifest.json",".json","YES","YES","NO","NO","33D13A9C22DF70718F025F493B000BC54FA30D4C530334B93FF5EFBB53ECA4BD","DISCOVERED"
"KID-SRC-582","docs/planning/kids_certified/06_ux_qa/row_lock/current_focus_unresolved_manual_batch_packet_manifest.json","current_focus_unresolved_manual_batch_packet_manifest.json",".json","YES","YES","NO","NO","6A1B41C320509EEE244AFC34FBFFA4502F3B604314A0D9F282C81F3223F1568F","DISCOVERED"
"KID-SRC-583","frontend/assets/index-kZBGcqck.js","index-kZBGcqck.js",".js","YES","NO","YES","YES","45682BFA0F423F15F37CFF8A8735DD7420DB073A579C27A76C2205783EDE8095","DISCOVERED"
"KID-SRC-584","frontend/backups/frontend_daily_ui_20251209/App.tsx","App.tsx",".tsx","NO","NO","YES","YES","C448EB8118943C99AA8F6962F2A04DD14CEE7265FA2F2B5153F4BEC01CF79C35","DISCOVERED"
"KID-SRC-585","frontend/backups/frontend_daily_ui_20251209/DailyChallengeDetailPage.tsx","DailyChallengeDetailPage.tsx",".tsx","NO","NO","NO","YES","C31A19646B928E0A1A31E676CF39A575F970379392668CB579C48629B52A650F","DISCOVERED"
"KID-SRC-586","frontend/backups/frontend_daily_ui_20251209/HealthPanel.tsx","HealthPanel.tsx",".tsx","NO","NO","YES","YES","5E6C39A3951BC10E7ADAA4937D39652D38612C06B437DF333F3028001830A998","DISCOVERED"
"KID-SRC-587","frontend/backups/frontend_daily_ui_20251209/mindlab-daily-ui.spec.ts","mindlab-daily-ui.spec.ts",".ts","YES","NO","NO","YES","F2553955219CB12E555B92476534510FB7A8D05FBBA5A8045F73739F53532296","DISCOVERED"
"KID-SRC-588","frontend/backups/frontend_daily_ui_20251209/mindlab-daily-ui-optional.spec.ts","mindlab-daily-ui-optional.spec.ts",".ts","YES","NO","NO","YES","7405DED3BD9903477A18D7BF226C7272FA258FA8709E74B0FAF2908D03602FD7","DISCOVERED"
"KID-SRC-589","frontend/backups/frontend_daily_ui_20251209/ProgressPage.tsx","ProgressPage.tsx",".tsx","NO","NO","YES","YES","6135BF6B28F0082F4B56515BE704264AA3D987FD26EE6D730F7C5CC38AA44A2A","DISCOVERED"
"KID-SRC-590","frontend/backups/fullcheck_20251209_2017/health-and-puzzles.spec.ts","health-and-puzzles.spec.ts",".ts","YES","NO","NO","YES","5354087EC82E8F720979415E028C3C173716CD75DF8B8E377E08D1D26BB03A75","DISCOVERED"
"KID-SRC-591","frontend/backups/fullcheck_20251209_2017/mindlab-basic.spec.ts","mindlab-basic.spec.ts",".ts","YES","NO","NO","NO","6B2E0D77BC9570C7FC75F715E276EB91109552A77D48F8BD81D73CD587CF0FF7","DISCOVERED"
"KID-SRC-592","frontend/backups/fullcheck_20251209_2017/mindlab-daily-ui.spec.ts","mindlab-daily-ui.spec.ts",".ts","YES","NO","NO","YES","F2553955219CB12E555B92476534510FB7A8D05FBBA5A8045F73739F53532296","DISCOVERED"
"KID-SRC-593","frontend/backups/fullcheck_20251209_2017/mindlab-daily-ui-optional.spec.ts","mindlab-daily-ui-optional.spec.ts",".ts","YES","NO","NO","YES","7405DED3BD9903477A18D7BF226C7272FA258FA8709E74B0FAF2908D03602FD7","DISCOVERED"
"KID-SRC-594","frontend/backups/fullcheck_20251209_2017/puzzles-navigation.spec.ts","puzzles-navigation.spec.ts",".ts","YES","NO","NO","YES","513CFC5865D2F3A12584310871817A4CAE64021B41B41B19816E28F6BB96A34A","DISCOVERED"
"KID-SRC-595","frontend/backups/fullcheck_20251210_1949/tests_e2e/daily-challenge.spec.ts","daily-challenge.spec.ts",".ts","YES","NO","NO","YES","A70ED215C1DC5B6059C0B509DC1F59D00A2D41885B5CB9C143CFDC748D50B8FB","DISCOVERED"
"KID-SRC-596","frontend/backups/fullcheck_20251210_1949/tests_e2e/daily-challenge-prod.spec.ts","daily-challenge-prod.spec.ts",".ts","YES","NO","NO","YES","D460A4097AB3B55204A273D016A4F7E877425282FD65075D73DFAADA9344A169","DISCOVERED"
"KID-SRC-597","frontend/backups/fullcheck_20251210_1949/tests_e2e/health-and-puzzles.spec.ts","health-and-puzzles.spec.ts",".ts","YES","NO","NO","YES","5354087EC82E8F720979415E028C3C173716CD75DF8B8E377E08D1D26BB03A75","DISCOVERED"
"KID-SRC-598","frontend/backups/fullcheck_20251210_1949/tests_e2e/mindlab-basic.spec.ts","mindlab-basic.spec.ts",".ts","YES","NO","NO","NO","6B2E0D77BC9570C7FC75F715E276EB91109552A77D48F8BD81D73CD587CF0FF7","DISCOVERED"
"KID-SRC-599","frontend/backups/fullcheck_20251210_1949/tests_e2e/mindlab-daily-result.spec.ts","mindlab-daily-result.spec.ts",".ts","YES","NO","NO","YES","60F8A5BD23113E2859B36B59FAEFA13AA59BD3D87382AF2F9D0F657BDAD97C5E","DISCOVERED"
"KID-SRC-600","frontend/backups/fullcheck_20251210_1949/tests_e2e/mindlab-daily-solve.spec.ts","mindlab-daily-solve.spec.ts",".ts","YES","NO","NO","YES","80A457D7673E6C6E91F36C1F9DB4B29BE0C3C239AC3A1B40F31C6420BA6C7A7F","DISCOVERED"
"KID-SRC-601","frontend/backups/fullcheck_20251210_1949/tests_e2e/mindlab-daily-ui.spec.ts","mindlab-daily-ui.spec.ts",".ts","YES","NO","NO","YES","F2553955219CB12E555B92476534510FB7A8D05FBBA5A8045F73739F53532296","DISCOVERED"
"KID-SRC-602","frontend/backups/fullcheck_20251210_1949/tests_e2e/mindlab-daily-ui-optional.spec.ts","mindlab-daily-ui-optional.spec.ts",".ts","YES","NO","NO","YES","7405DED3BD9903477A18D7BF226C7272FA258FA8709E74B0FAF2908D03602FD7","DISCOVERED"
"KID-SRC-603","frontend/backups/fullcheck_20251210_1949/tests_e2e/mindlab-health-ui.spec.ts","mindlab-health-ui.spec.ts",".ts","NO","NO","YES","YES","C9914E75100C4C4B125AE29431B172136AC191446523A6B91C02878271323C07","DISCOVERED"
"KID-SRC-604","frontend/backups/fullcheck_20251210_1949/tests_e2e/mindlab-prod.spec.ts","mindlab-prod.spec.ts",".ts","YES","NO","YES","YES","BABE672C5A5D6258D130322A41B8EAC12FDEFD43BB5F071B45D2142BCD4A6A42","DISCOVERED"
"KID-SRC-605","frontend/backups/fullcheck_20251210_1949/tests_e2e/mindlab-progress-ui.spec.ts","mindlab-progress-ui.spec.ts",".ts","NO","NO","YES","YES","2027C349E9D9E83561F087B30096CB02E9E350D8ED2766F9D9FA2C9B97B9DAEF","DISCOVERED"
"KID-SRC-606","frontend/backups/fullcheck_20251210_1949/tests_e2e/progress-api.spec.ts","progress-api.spec.ts",".ts","NO","NO","YES","YES","EE5C20398D5AF5823FD9CEB2C884EB477377C6246269964601FA08E4CEFD8E83","DISCOVERED"
"KID-SRC-607","frontend/backups/fullcheck_20251210_1949/tests_e2e/progress-api-prod.spec.ts","progress-api-prod.spec.ts",".ts","NO","NO","YES","NO","7301FAA7683521531438821B59786CE88B203E31E8A81068B6FE163844617464","DISCOVERED"
"KID-SRC-608","frontend/backups/fullcheck_20251210_1949/tests_e2e/progress-ui.spec.ts","progress-ui.spec.ts",".ts","YES","NO","YES","YES","FCE3A6A1285D8F8F6BB4C8E0CEC2B716668853167D75ABF75A17E17F3B1A26C3","DISCOVERED"
"KID-SRC-609","frontend/backups/fullcheck_20251210_1949/tests_e2e/puzzles-navigation.spec.ts","puzzles-navigation.spec.ts",".ts","YES","NO","NO","YES","513CFC5865D2F3A12584310871817A4CAE64021B41B41B19816E28F6BB96A34A","DISCOVERED"
"KID-SRC-610","frontend/backups/fullcheck_20251210_1959/tests_e2e/daily-challenge.spec.ts","daily-challenge.spec.ts",".ts","YES","NO","NO","YES","A70ED215C1DC5B6059C0B509DC1F59D00A2D41885B5CB9C143CFDC748D50B8FB","DISCOVERED"
"KID-SRC-611","frontend/backups/fullcheck_20251210_1959/tests_e2e/daily-challenge-prod.spec.ts","daily-challenge-prod.spec.ts",".ts","YES","NO","NO","YES","D460A4097AB3B55204A273D016A4F7E877425282FD65075D73DFAADA9344A169","DISCOVERED"
"KID-SRC-612","frontend/backups/fullcheck_20251210_1959/tests_e2e/health-and-puzzles.spec.ts","health-and-puzzles.spec.ts",".ts","YES","NO","NO","YES","5354087EC82E8F720979415E028C3C173716CD75DF8B8E377E08D1D26BB03A75","DISCOVERED"
"KID-SRC-613","frontend/backups/fullcheck_20251210_1959/tests_e2e/mindlab-basic.spec.ts","mindlab-basic.spec.ts",".ts","YES","NO","NO","NO","6B2E0D77BC9570C7FC75F715E276EB91109552A77D48F8BD81D73CD587CF0FF7","DISCOVERED"
"KID-SRC-614","frontend/backups/fullcheck_20251210_1959/tests_e2e/mindlab-daily-result.spec.ts","mindlab-daily-result.spec.ts",".ts","YES","NO","NO","YES","60F8A5BD23113E2859B36B59FAEFA13AA59BD3D87382AF2F9D0F657BDAD97C5E","DISCOVERED"
"KID-SRC-615","frontend/backups/fullcheck_20251210_1959/tests_e2e/mindlab-daily-solve.spec.ts","mindlab-daily-solve.spec.ts",".ts","YES","NO","NO","YES","80A457D7673E6C6E91F36C1F9DB4B29BE0C3C239AC3A1B40F31C6420BA6C7A7F","DISCOVERED"
"KID-SRC-616","frontend/backups/fullcheck_20251210_1959/tests_e2e/mindlab-daily-ui.spec.ts","mindlab-daily-ui.spec.ts",".ts","YES","NO","NO","YES","F2553955219CB12E555B92476534510FB7A8D05FBBA5A8045F73739F53532296","DISCOVERED"
"KID-SRC-617","frontend/backups/fullcheck_20251210_1959/tests_e2e/mindlab-daily-ui-optional.spec.ts","mindlab-daily-ui-optional.spec.ts",".ts","YES","NO","NO","YES","7405DED3BD9903477A18D7BF226C7272FA258FA8709E74B0FAF2908D03602FD7","DISCOVERED"
"KID-SRC-618","frontend/backups/fullcheck_20251210_1959/tests_e2e/mindlab-health-ui.spec.ts","mindlab-health-ui.spec.ts",".ts","NO","NO","YES","YES","C9914E75100C4C4B125AE29431B172136AC191446523A6B91C02878271323C07","DISCOVERED"
"KID-SRC-619","frontend/backups/fullcheck_20251210_1959/tests_e2e/mindlab-prod.spec.ts","mindlab-prod.spec.ts",".ts","YES","NO","YES","YES","BABE672C5A5D6258D130322A41B8EAC12FDEFD43BB5F071B45D2142BCD4A6A42","DISCOVERED"
"KID-SRC-620","frontend/backups/fullcheck_20251210_1959/tests_e2e/mindlab-progress-ui.spec.ts","mindlab-progress-ui.spec.ts",".ts","NO","NO","YES","YES","2027C349E9D9E83561F087B30096CB02E9E350D8ED2766F9D9FA2C9B97B9DAEF","DISCOVERED"
"KID-SRC-621","frontend/backups/fullcheck_20251210_1959/tests_e2e/progress-api.spec.ts","progress-api.spec.ts",".ts","NO","NO","YES","YES","EE5C20398D5AF5823FD9CEB2C884EB477377C6246269964601FA08E4CEFD8E83","DISCOVERED"
"KID-SRC-622","frontend/backups/fullcheck_20251210_1959/tests_e2e/progress-api-prod.spec.ts","progress-api-prod.spec.ts",".ts","NO","NO","YES","NO","7301FAA7683521531438821B59786CE88B203E31E8A81068B6FE163844617464","DISCOVERED"
"KID-SRC-623","frontend/backups/fullcheck_20251210_1959/tests_e2e/progress-ui.spec.ts","progress-ui.spec.ts",".ts","YES","NO","YES","YES","FCE3A6A1285D8F8F6BB4C8E0CEC2B716668853167D75ABF75A17E17F3B1A26C3","DISCOVERED"
"KID-SRC-624","frontend/backups/fullcheck_20251210_1959/tests_e2e/puzzles-navigation.spec.ts","puzzles-navigation.spec.ts",".ts","YES","NO","NO","YES","513CFC5865D2F3A12584310871817A4CAE64021B41B41B19816E28F6BB96A34A","DISCOVERED"
"KID-SRC-625","frontend/backups/fullcheck_20251211_1900/tests_e2e/daily-challenge.spec.ts","daily-challenge.spec.ts",".ts","YES","NO","NO","YES","A70ED215C1DC5B6059C0B509DC1F59D00A2D41885B5CB9C143CFDC748D50B8FB","DISCOVERED"
"KID-SRC-626","frontend/backups/fullcheck_20251211_1900/tests_e2e/daily-challenge-prod.spec.ts","daily-challenge-prod.spec.ts",".ts","YES","NO","NO","YES","D460A4097AB3B55204A273D016A4F7E877425282FD65075D73DFAADA9344A169","DISCOVERED"
"KID-SRC-627","frontend/backups/fullcheck_20251211_1900/tests_e2e/health-and-puzzles.spec.ts","health-and-puzzles.spec.ts",".ts","YES","NO","NO","YES","5354087EC82E8F720979415E028C3C173716CD75DF8B8E377E08D1D26BB03A75","DISCOVERED"
"KID-SRC-628","frontend/backups/fullcheck_20251211_1900/tests_e2e/mindlab-basic.spec.ts","mindlab-basic.spec.ts",".ts","YES","NO","NO","NO","6B2E0D77BC9570C7FC75F715E276EB91109552A77D48F8BD81D73CD587CF0FF7","DISCOVERED"
"KID-SRC-629","frontend/backups/fullcheck_20251211_1900/tests_e2e/mindlab-daily-result.spec.ts","mindlab-daily-result.spec.ts",".ts","YES","NO","NO","YES","60F8A5BD23113E2859B36B59FAEFA13AA59BD3D87382AF2F9D0F657BDAD97C5E","DISCOVERED"
"KID-SRC-630","frontend/backups/fullcheck_20251211_1900/tests_e2e/mindlab-daily-solve.spec.ts","mindlab-daily-solve.spec.ts",".ts","YES","NO","NO","YES","80A457D7673E6C6E91F36C1F9DB4B29BE0C3C239AC3A1B40F31C6420BA6C7A7F","DISCOVERED"
"KID-SRC-631","frontend/backups/fullcheck_20251211_1900/tests_e2e/mindlab-daily-ui.spec.ts","mindlab-daily-ui.spec.ts",".ts","YES","NO","NO","YES","F2553955219CB12E555B92476534510FB7A8D05FBBA5A8045F73739F53532296","DISCOVERED"
"KID-SRC-632","frontend/backups/fullcheck_20251211_1900/tests_e2e/mindlab-daily-ui-optional.spec.ts","mindlab-daily-ui-optional.spec.ts",".ts","YES","NO","NO","YES","7405DED3BD9903477A18D7BF226C7272FA258FA8709E74B0FAF2908D03602FD7","DISCOVERED"
"KID-SRC-633","frontend/backups/fullcheck_20251211_1900/tests_e2e/mindlab-health-ui.spec.ts","mindlab-health-ui.spec.ts",".ts","NO","NO","YES","YES","C9914E75100C4C4B125AE29431B172136AC191446523A6B91C02878271323C07","DISCOVERED"
"KID-SRC-634","frontend/backups/fullcheck_20251211_1900/tests_e2e/mindlab-prod.spec.ts","mindlab-prod.spec.ts",".ts","YES","NO","YES","YES","BABE672C5A5D6258D130322A41B8EAC12FDEFD43BB5F071B45D2142BCD4A6A42","DISCOVERED"
"KID-SRC-635","frontend/backups/fullcheck_20251211_1900/tests_e2e/mindlab-progress-ui.spec.ts","mindlab-progress-ui.spec.ts",".ts","NO","NO","YES","YES","2027C349E9D9E83561F087B30096CB02E9E350D8ED2766F9D9FA2C9B97B9DAEF","DISCOVERED"
"KID-SRC-636","frontend/backups/fullcheck_20251211_1900/tests_e2e/progress-api.spec.ts","progress-api.spec.ts",".ts","NO","NO","YES","YES","EE5C20398D5AF5823FD9CEB2C884EB477377C6246269964601FA08E4CEFD8E83","DISCOVERED"
"KID-SRC-637","frontend/backups/fullcheck_20251211_1900/tests_e2e/progress-api-prod.spec.ts","progress-api-prod.spec.ts",".ts","NO","NO","YES","NO","7301FAA7683521531438821B59786CE88B203E31E8A81068B6FE163844617464","DISCOVERED"
"KID-SRC-638","frontend/backups/fullcheck_20251211_1900/tests_e2e/progress-ui.spec.ts","progress-ui.spec.ts",".ts","YES","NO","YES","YES","FCE3A6A1285D8F8F6BB4C8E0CEC2B716668853167D75ABF75A17E17F3B1A26C3","DISCOVERED"
"KID-SRC-639","frontend/backups/fullcheck_20251211_1900/tests_e2e/puzzles-navigation.spec.ts","puzzles-navigation.spec.ts",".ts","YES","NO","NO","YES","513CFC5865D2F3A12584310871817A4CAE64021B41B41B19816E28F6BB96A34A","DISCOVERED"
"KID-SRC-640","frontend/backups/fullcheck_20251211_2031/tests_e2e/daily-challenge.spec.ts","daily-challenge.spec.ts",".ts","YES","NO","NO","YES","A70ED215C1DC5B6059C0B509DC1F59D00A2D41885B5CB9C143CFDC748D50B8FB","DISCOVERED"
"KID-SRC-641","frontend/backups/fullcheck_20251211_2031/tests_e2e/daily-challenge-prod.spec.ts","daily-challenge-prod.spec.ts",".ts","YES","NO","NO","YES","D460A4097AB3B55204A273D016A4F7E877425282FD65075D73DFAADA9344A169","DISCOVERED"
"KID-SRC-642","frontend/backups/fullcheck_20251211_2031/tests_e2e/health-and-puzzles.spec.ts","health-and-puzzles.spec.ts",".ts","YES","NO","NO","YES","5354087EC82E8F720979415E028C3C173716CD75DF8B8E377E08D1D26BB03A75","DISCOVERED"
"KID-SRC-643","frontend/backups/fullcheck_20251211_2031/tests_e2e/mindlab-basic.spec.ts","mindlab-basic.spec.ts",".ts","YES","NO","NO","NO","6B2E0D77BC9570C7FC75F715E276EB91109552A77D48F8BD81D73CD587CF0FF7","DISCOVERED"
"KID-SRC-644","frontend/backups/fullcheck_20251211_2031/tests_e2e/mindlab-daily-result.spec.ts","mindlab-daily-result.spec.ts",".ts","YES","NO","NO","YES","60F8A5BD23113E2859B36B59FAEFA13AA59BD3D87382AF2F9D0F657BDAD97C5E","DISCOVERED"
"KID-SRC-645","frontend/backups/fullcheck_20251211_2031/tests_e2e/mindlab-daily-solve.spec.ts","mindlab-daily-solve.spec.ts",".ts","YES","NO","NO","YES","80A457D7673E6C6E91F36C1F9DB4B29BE0C3C239AC3A1B40F31C6420BA6C7A7F","DISCOVERED"
"KID-SRC-646","frontend/backups/fullcheck_20251211_2031/tests_e2e/mindlab-daily-ui.spec.ts","mindlab-daily-ui.spec.ts",".ts","YES","NO","NO","YES","F2553955219CB12E555B92476534510FB7A8D05FBBA5A8045F73739F53532296","DISCOVERED"
"KID-SRC-647","frontend/backups/fullcheck_20251211_2031/tests_e2e/mindlab-daily-ui-optional.spec.ts","mindlab-daily-ui-optional.spec.ts",".ts","YES","NO","NO","YES","7405DED3BD9903477A18D7BF226C7272FA258FA8709E74B0FAF2908D03602FD7","DISCOVERED"
"KID-SRC-648","frontend/backups/fullcheck_20251211_2031/tests_e2e/mindlab-health-ui.spec.ts","mindlab-health-ui.spec.ts",".ts","NO","NO","YES","YES","C9914E75100C4C4B125AE29431B172136AC191446523A6B91C02878271323C07","DISCOVERED"
"KID-SRC-649","frontend/backups/fullcheck_20251211_2031/tests_e2e/mindlab-prod.spec.ts","mindlab-prod.spec.ts",".ts","YES","NO","YES","YES","BABE672C5A5D6258D130322A41B8EAC12FDEFD43BB5F071B45D2142BCD4A6A42","DISCOVERED"
"KID-SRC-650","frontend/backups/fullcheck_20251211_2031/tests_e2e/mindlab-progress-ui.spec.ts","mindlab-progress-ui.spec.ts",".ts","NO","NO","YES","YES","2027C349E9D9E83561F087B30096CB02E9E350D8ED2766F9D9FA2C9B97B9DAEF","DISCOVERED"
"KID-SRC-651","frontend/backups/fullcheck_20251211_2031/tests_e2e/progress-api.spec.ts","progress-api.spec.ts",".ts","NO","NO","YES","YES","EE5C20398D5AF5823FD9CEB2C884EB477377C6246269964601FA08E4CEFD8E83","DISCOVERED"
"KID-SRC-652","frontend/backups/fullcheck_20251211_2031/tests_e2e/progress-api-prod.spec.ts","progress-api-prod.spec.ts",".ts","NO","NO","YES","NO","7301FAA7683521531438821B59786CE88B203E31E8A81068B6FE163844617464","DISCOVERED"
"KID-SRC-653","frontend/backups/fullcheck_20251211_2031/tests_e2e/progress-ui.spec.ts","progress-ui.spec.ts",".ts","YES","NO","YES","YES","FCE3A6A1285D8F8F6BB4C8E0CEC2B716668853167D75ABF75A17E17F3B1A26C3","DISCOVERED"
"KID-SRC-654","frontend/backups/fullcheck_20251211_2031/tests_e2e/puzzles-navigation.spec.ts","puzzles-navigation.spec.ts",".ts","YES","NO","NO","YES","513CFC5865D2F3A12584310871817A4CAE64021B41B41B19816E28F6BB96A34A","DISCOVERED"
"KID-SRC-655","frontend/backups/fullcheck_20251211_2155/tests_e2e/daily-challenge.spec.ts","daily-challenge.spec.ts",".ts","YES","NO","NO","YES","A70ED215C1DC5B6059C0B509DC1F59D00A2D41885B5CB9C143CFDC748D50B8FB","DISCOVERED"
"KID-SRC-656","frontend/backups/fullcheck_20251211_2155/tests_e2e/daily-challenge-prod.spec.ts","daily-challenge-prod.spec.ts",".ts","YES","NO","NO","YES","D460A4097AB3B55204A273D016A4F7E877425282FD65075D73DFAADA9344A169","DISCOVERED"
"KID-SRC-657","frontend/backups/fullcheck_20251211_2155/tests_e2e/health-and-puzzles.spec.ts","health-and-puzzles.spec.ts",".ts","YES","NO","NO","YES","5354087EC82E8F720979415E028C3C173716CD75DF8B8E377E08D1D26BB03A75","DISCOVERED"
"KID-SRC-658","frontend/backups/fullcheck_20251211_2155/tests_e2e/mindlab-basic.spec.ts","mindlab-basic.spec.ts",".ts","YES","NO","NO","NO","6B2E0D77BC9570C7FC75F715E276EB91109552A77D48F8BD81D73CD587CF0FF7","DISCOVERED"
"KID-SRC-659","frontend/backups/fullcheck_20251211_2155/tests_e2e/mindlab-daily-result.spec.ts","mindlab-daily-result.spec.ts",".ts","YES","NO","NO","YES","60F8A5BD23113E2859B36B59FAEFA13AA59BD3D87382AF2F9D0F657BDAD97C5E","DISCOVERED"
"KID-SRC-660","frontend/backups/fullcheck_20251211_2155/tests_e2e/mindlab-daily-solve.spec.ts","mindlab-daily-solve.spec.ts",".ts","YES","NO","NO","YES","80A457D7673E6C6E91F36C1F9DB4B29BE0C3C239AC3A1B40F31C6420BA6C7A7F","DISCOVERED"
"KID-SRC-661","frontend/backups/fullcheck_20251211_2155/tests_e2e/mindlab-daily-ui.spec.ts","mindlab-daily-ui.spec.ts",".ts","YES","NO","NO","YES","F2553955219CB12E555B92476534510FB7A8D05FBBA5A8045F73739F53532296","DISCOVERED"
"KID-SRC-662","frontend/backups/fullcheck_20251211_2155/tests_e2e/mindlab-daily-ui-optional.spec.ts","mindlab-daily-ui-optional.spec.ts",".ts","YES","NO","NO","YES","7405DED3BD9903477A18D7BF226C7272FA258FA8709E74B0FAF2908D03602FD7","DISCOVERED"
"KID-SRC-663","frontend/backups/fullcheck_20251211_2155/tests_e2e/mindlab-game-flow.spec.ts","mindlab-game-flow.spec.ts",".ts","NO","NO","YES","YES","9C11801A8FA03E62804E31BE317A6F7FA74AE52B6CAA278CC4DCA21D16B207FA","DISCOVERED"
"KID-SRC-664","frontend/backups/fullcheck_20251211_2155/tests_e2e/mindlab-health-ui.spec.ts","mindlab-health-ui.spec.ts",".ts","NO","NO","YES","YES","C9914E75100C4C4B125AE29431B172136AC191446523A6B91C02878271323C07","DISCOVERED"
"KID-SRC-665","frontend/backups/fullcheck_20251211_2155/tests_e2e/mindlab-prod.spec.ts","mindlab-prod.spec.ts",".ts","YES","NO","YES","YES","BABE672C5A5D6258D130322A41B8EAC12FDEFD43BB5F071B45D2142BCD4A6A42","DISCOVERED"
"KID-SRC-666","frontend/backups/fullcheck_20251211_2155/tests_e2e/mindlab-progress-ui.spec.ts","mindlab-progress-ui.spec.ts",".ts","NO","NO","YES","YES","2027C349E9D9E83561F087B30096CB02E9E350D8ED2766F9D9FA2C9B97B9DAEF","DISCOVERED"
"KID-SRC-667","frontend/backups/fullcheck_20251211_2155/tests_e2e/progress-api.spec.ts","progress-api.spec.ts",".ts","NO","NO","YES","YES","EE5C20398D5AF5823FD9CEB2C884EB477377C6246269964601FA08E4CEFD8E83","DISCOVERED"
"KID-SRC-668","frontend/backups/fullcheck_20251211_2155/tests_e2e/progress-api-prod.spec.ts","progress-api-prod.spec.ts",".ts","NO","NO","YES","NO","7301FAA7683521531438821B59786CE88B203E31E8A81068B6FE163844617464","DISCOVERED"
"KID-SRC-669","frontend/backups/fullcheck_20251211_2155/tests_e2e/progress-ui.spec.ts","progress-ui.spec.ts",".ts","YES","NO","YES","YES","FCE3A6A1285D8F8F6BB4C8E0CEC2B716668853167D75ABF75A17E17F3B1A26C3","DISCOVERED"
"KID-SRC-670","frontend/backups/fullcheck_20251211_2155/tests_e2e/puzzles-navigation.spec.ts","puzzles-navigation.spec.ts",".ts","YES","NO","NO","YES","513CFC5865D2F3A12584310871817A4CAE64021B41B41B19816E28F6BB96A34A","DISCOVERED"
"KID-SRC-671","frontend/backups/fullcheck_20251212_1838/tests_e2e/daily-challenge.spec.ts","daily-challenge.spec.ts",".ts","YES","NO","NO","YES","A70ED215C1DC5B6059C0B509DC1F59D00A2D41885B5CB9C143CFDC748D50B8FB","DISCOVERED"
"KID-SRC-672","frontend/backups/fullcheck_20251212_1838/tests_e2e/daily-challenge-prod.spec.ts","daily-challenge-prod.spec.ts",".ts","YES","NO","NO","YES","D460A4097AB3B55204A273D016A4F7E877425282FD65075D73DFAADA9344A169","DISCOVERED"
"KID-SRC-673","frontend/backups/fullcheck_20251212_1838/tests_e2e/health-and-puzzles.spec.ts","health-and-puzzles.spec.ts",".ts","YES","NO","NO","YES","5354087EC82E8F720979415E028C3C173716CD75DF8B8E377E08D1D26BB03A75","DISCOVERED"
"KID-SRC-674","frontend/backups/fullcheck_20251212_1838/tests_e2e/mindlab-basic.spec.ts","mindlab-basic.spec.ts",".ts","YES","NO","NO","NO","6B2E0D77BC9570C7FC75F715E276EB91109552A77D48F8BD81D73CD587CF0FF7","DISCOVERED"
"KID-SRC-675","frontend/backups/fullcheck_20251212_1838/tests_e2e/mindlab-daily-result.spec.ts","mindlab-daily-result.spec.ts",".ts","YES","NO","NO","YES","60F8A5BD23113E2859B36B59FAEFA13AA59BD3D87382AF2F9D0F657BDAD97C5E","DISCOVERED"
"KID-SRC-676","frontend/backups/fullcheck_20251212_1838/tests_e2e/mindlab-daily-solve.spec.ts","mindlab-daily-solve.spec.ts",".ts","YES","NO","NO","YES","80A457D7673E6C6E91F36C1F9DB4B29BE0C3C239AC3A1B40F31C6420BA6C7A7F","DISCOVERED"
"KID-SRC-677","frontend/backups/fullcheck_20251212_1838/tests_e2e/mindlab-daily-ui.spec.ts","mindlab-daily-ui.spec.ts",".ts","YES","NO","NO","YES","F2553955219CB12E555B92476534510FB7A8D05FBBA5A8045F73739F53532296","DISCOVERED"
"KID-SRC-678","frontend/backups/fullcheck_20251212_1838/tests_e2e/mindlab-daily-ui-optional.spec.ts","mindlab-daily-ui-optional.spec.ts",".ts","YES","NO","NO","YES","7405DED3BD9903477A18D7BF226C7272FA258FA8709E74B0FAF2908D03602FD7","DISCOVERED"
"KID-SRC-679","frontend/backups/fullcheck_20251212_1838/tests_e2e/mindlab-game-flow.spec.ts","mindlab-game-flow.spec.ts",".ts","NO","NO","YES","YES","9C11801A8FA03E62804E31BE317A6F7FA74AE52B6CAA278CC4DCA21D16B207FA","DISCOVERED"
"KID-SRC-680","frontend/backups/fullcheck_20251212_1838/tests_e2e/mindlab-health-ui.spec.ts","mindlab-health-ui.spec.ts",".ts","NO","NO","YES","YES","C9914E75100C4C4B125AE29431B172136AC191446523A6B91C02878271323C07","DISCOVERED"
"KID-SRC-681","frontend/backups/fullcheck_20251212_1838/tests_e2e/mindlab-prod.spec.ts","mindlab-prod.spec.ts",".ts","YES","NO","YES","YES","BABE672C5A5D6258D130322A41B8EAC12FDEFD43BB5F071B45D2142BCD4A6A42","DISCOVERED"
"KID-SRC-682","frontend/backups/fullcheck_20251212_1838/tests_e2e/mindlab-progress-ui.spec.ts","mindlab-progress-ui.spec.ts",".ts","NO","NO","YES","YES","2027C349E9D9E83561F087B30096CB02E9E350D8ED2766F9D9FA2C9B97B9DAEF","DISCOVERED"
"KID-SRC-683","frontend/backups/fullcheck_20251212_1838/tests_e2e/progress-api.spec.ts","progress-api.spec.ts",".ts","NO","NO","YES","YES","EE5C20398D5AF5823FD9CEB2C884EB477377C6246269964601FA08E4CEFD8E83","DISCOVERED"
"KID-SRC-684","frontend/backups/fullcheck_20251212_1838/tests_e2e/progress-api-prod.spec.ts","progress-api-prod.spec.ts",".ts","NO","NO","YES","NO","7301FAA7683521531438821B59786CE88B203E31E8A81068B6FE163844617464","DISCOVERED"
"KID-SRC-685","frontend/backups/fullcheck_20251212_1838/tests_e2e/progress-ui.spec.ts","progress-ui.spec.ts",".ts","YES","NO","YES","YES","FCE3A6A1285D8F8F6BB4C8E0CEC2B716668853167D75ABF75A17E17F3B1A26C3","DISCOVERED"
"KID-SRC-686","frontend/backups/fullcheck_20251212_1838/tests_e2e/puzzles-navigation.spec.ts","puzzles-navigation.spec.ts",".ts","YES","NO","NO","YES","513CFC5865D2F3A12584310871817A4CAE64021B41B41B19816E28F6BB96A34A","DISCOVERED"
"KID-SRC-687","frontend/backups/fullcheck_20251212_1928/tests_e2e/daily-challenge.spec.ts","daily-challenge.spec.ts",".ts","YES","NO","NO","YES","A70ED215C1DC5B6059C0B509DC1F59D00A2D41885B5CB9C143CFDC748D50B8FB","DISCOVERED"
"KID-SRC-688","frontend/backups/fullcheck_20251212_1928/tests_e2e/daily-challenge-prod.spec.ts","daily-challenge-prod.spec.ts",".ts","YES","NO","NO","YES","D460A4097AB3B55204A273D016A4F7E877425282FD65075D73DFAADA9344A169","DISCOVERED"
"KID-SRC-689","frontend/backups/fullcheck_20251212_1928/tests_e2e/health-and-puzzles.spec.ts","health-and-puzzles.spec.ts",".ts","YES","NO","NO","YES","5354087EC82E8F720979415E028C3C173716CD75DF8B8E377E08D1D26BB03A75","DISCOVERED"
"KID-SRC-690","frontend/backups/fullcheck_20251212_1928/tests_e2e/mindlab-basic.spec.ts","mindlab-basic.spec.ts",".ts","YES","NO","NO","NO","6B2E0D77BC9570C7FC75F715E276EB91109552A77D48F8BD81D73CD587CF0FF7","DISCOVERED"
"KID-SRC-691","frontend/backups/fullcheck_20251212_1928/tests_e2e/mindlab-daily-result.spec.ts","mindlab-daily-result.spec.ts",".ts","YES","NO","NO","YES","60F8A5BD23113E2859B36B59FAEFA13AA59BD3D87382AF2F9D0F657BDAD97C5E","DISCOVERED"
"KID-SRC-692","frontend/backups/fullcheck_20251212_1928/tests_e2e/mindlab-daily-solve.spec.ts","mindlab-daily-solve.spec.ts",".ts","YES","NO","NO","YES","80A457D7673E6C6E91F36C1F9DB4B29BE0C3C239AC3A1B40F31C6420BA6C7A7F","DISCOVERED"
"KID-SRC-693","frontend/backups/fullcheck_20251212_1928/tests_e2e/mindlab-daily-ui.spec.ts","mindlab-daily-ui.spec.ts",".ts","YES","NO","NO","YES","F2553955219CB12E555B92476534510FB7A8D05FBBA5A8045F73739F53532296","DISCOVERED"
"KID-SRC-694","frontend/backups/fullcheck_20251212_1928/tests_e2e/mindlab-daily-ui-optional.spec.ts","mindlab-daily-ui-optional.spec.ts",".ts","YES","NO","NO","YES","7405DED3BD9903477A18D7BF226C7272FA258FA8709E74B0FAF2908D03602FD7","DISCOVERED"
"KID-SRC-695","frontend/backups/fullcheck_20251212_1928/tests_e2e/mindlab-game-flow.spec.ts","mindlab-game-flow.spec.ts",".ts","NO","NO","YES","YES","9C11801A8FA03E62804E31BE317A6F7FA74AE52B6CAA278CC4DCA21D16B207FA","DISCOVERED"
"KID-SRC-696","frontend/backups/fullcheck_20251212_1928/tests_e2e/mindlab-health-ui.spec.ts","mindlab-health-ui.spec.ts",".ts","NO","NO","YES","YES","C9914E75100C4C4B125AE29431B172136AC191446523A6B91C02878271323C07","DISCOVERED"
"KID-SRC-697","frontend/backups/fullcheck_20251212_1928/tests_e2e/mindlab-prod.spec.ts","mindlab-prod.spec.ts",".ts","YES","NO","YES","YES","BABE672C5A5D6258D130322A41B8EAC12FDEFD43BB5F071B45D2142BCD4A6A42","DISCOVERED"
"KID-SRC-698","frontend/backups/fullcheck_20251212_1928/tests_e2e/mindlab-progress-ui.spec.ts","mindlab-progress-ui.spec.ts",".ts","NO","NO","YES","YES","2027C349E9D9E83561F087B30096CB02E9E350D8ED2766F9D9FA2C9B97B9DAEF","DISCOVERED"
"KID-SRC-699","frontend/backups/fullcheck_20251212_1928/tests_e2e/progress-api.spec.ts","progress-api.spec.ts",".ts","NO","NO","YES","YES","EE5C20398D5AF5823FD9CEB2C884EB477377C6246269964601FA08E4CEFD8E83","DISCOVERED"
"KID-SRC-700","frontend/backups/fullcheck_20251212_1928/tests_e2e/progress-api-prod.spec.ts","progress-api-prod.spec.ts",".ts","NO","NO","YES","NO","7301FAA7683521531438821B59786CE88B203E31E8A81068B6FE163844617464","DISCOVERED"
"KID-SRC-701","frontend/backups/fullcheck_20251212_1928/tests_e2e/progress-ui.spec.ts","progress-ui.spec.ts",".ts","YES","NO","YES","YES","FCE3A6A1285D8F8F6BB4C8E0CEC2B716668853167D75ABF75A17E17F3B1A26C3","DISCOVERED"
"KID-SRC-702","frontend/backups/fullcheck_20251212_1928/tests_e2e/puzzles-navigation.spec.ts","puzzles-navigation.spec.ts",".ts","YES","NO","NO","YES","513CFC5865D2F3A12584310871817A4CAE64021B41B41B19816E28F6BB96A34A","DISCOVERED"
"KID-SRC-703","frontend/backups/manual_edits/Daily_PATCH_BACKUP_20251213_111716_Daily.tsx","Daily_PATCH_BACKUP_20251213_111716_Daily.tsx",".tsx","NO","NO","NO","YES","FA4FE85BBB58DD663872A3407FB48E86C2756A5CC4C668EB541E8C0AE33FB2D3","DISCOVERED"
"KID-SRC-704","frontend/backups/manual_edits/DailyChallengeDetailPage_PATCH_BACKUP_20251213_113423.tsx","DailyChallengeDetailPage_PATCH_BACKUP_20251213_113423.tsx",".tsx","NO","NO","YES","YES","EB4AF94D16ABAA958018403C5416529572092A1DDA28BDDD6814AFF6B14D7F09","DISCOVERED"
"KID-SRC-705","frontend/backups/manual_edits/DailyChallengeDetailPage_SOLVEUI_BACKUP_20251213_123034.tsx","DailyChallengeDetailPage_SOLVEUI_BACKUP_20251213_123034.tsx",".tsx","NO","NO","NO","YES","0D25EC26C052AB0E3CEF08ED5585B7D48FD4571C319990BEE64EDFBB4BBEBE99","DISCOVERED"
"KID-SRC-706","frontend/package.before_mindlab_daily_ui_20251206.json","package.before_mindlab_daily_ui_20251206.json",".json","NO","NO","NO","NO","8D1836C880E4389191B7B8295AE27F5F6E93C8F7D69CB75555C8E77CB165BE52","DISCOVERED"
"KID-SRC-707","frontend/package.json","package.json",".json","NO","NO","NO","NO","6E8461D5E1A9862E92C7CCACD55D568D1EB7D271A1B7E37AF68D56C084763E10","DISCOVERED"
"KID-SRC-708","frontend/package-lock.json","package-lock.json",".json","NO","NO","NO","NO","84C59A2310991DB35D92D5860DD7DB7D47FEA1A9DED1FAFB815B6D3144414FB1","DISCOVERED"
"KID-SRC-709","frontend/src/_legacy_js_backup_20251208/App.backup.js","App.backup.js",".js","YES","NO","NO","NO","DF6A53AE933D2E1B24557084357E927D3C1A4FDD217AF932144652808AF40866","DISCOVERED"
"KID-SRC-710","frontend/src/_legacy_js_backup_20251208/App.js","App.js",".js","YES","NO","YES","YES","7B31A6A5CF05D38EFADB50FA19F2C6ECF803BEA530AA752663AD8D9A6A0F07BE","DISCOVERED"
"KID-SRC-711","frontend/src/_legacy_js_backup_20251208/dailyChallengeApi.js","dailyChallengeApi.js",".js","NO","NO","YES","YES","CD40587651FD6B910EDF9F8DD009D6F4301DAD1F9F471816C1FDE447A2F92271","DISCOVERED"
"KID-SRC-712","frontend/src/_legacy_js_backup_20251208/DailyChallengeDetailPage.js","DailyChallengeDetailPage.js",".js","YES","NO","YES","YES","9477F548E2F46B503F4939C7363C308BF122E9FFDC175E2ED2C701FFF2B71668","DISCOVERED"
"KID-SRC-713","frontend/src/_legacy_js_backup_20251208/DailyChallengeHomeCard.js","DailyChallengeHomeCard.js",".js","YES","NO","YES","YES","2488B0BFA3641BF312AF4D12023288CFEE4036EF13033F817E065DAFD9286474","DISCOVERED"
"KID-SRC-714","frontend/src/_legacy_js_backup_20251208/ErrorBanner.js","ErrorBanner.js",".js","YES","NO","NO","NO","5D93F9828FA97474AE3EACA7616E368827A7838B27B65463CBD0A9B74F683618","DISCOVERED"
"KID-SRC-715","frontend/src/_legacy_js_backup_20251208/ErrorBoundary.js","ErrorBoundary.js",".js","YES","NO","NO","NO","52FF4DF4CBA84E961AABA6A43D2C2EE40B81251AC7FE4545A98F61700ECF9D4D","DISCOVERED"
"KID-SRC-716","frontend/src/_legacy_js_backup_20251208/GamePanel.js","GamePanel.js",".js","YES","NO","NO","YES","D630C662B18CB0D7EFEA81A4EAA8172CB3BDA5A0BA7F45EDE8E4C82B083C9B09","DISCOVERED"
"KID-SRC-717","frontend/src/_legacy_js_backup_20251208/HealthPanel.js","HealthPanel.js",".js","YES","NO","NO","NO","1664E0B67CC4264D05CEF34814F57BD5A32152B1235DBC74B61F011FE6EBE21D","DISCOVERED"
"KID-SRC-718","frontend/src/_legacy_js_backup_20251208/main.js","main.js",".js","YES","NO","NO","NO","17C22C813A9DD84205344995B43006F7B297556CCAD1B4609350F1120232F4F0","DISCOVERED"
"KID-SRC-719","frontend/src/_legacy_js_backup_20251208/models.js","models.js",".js","NO","NO","NO","NO","DA704D8291BB0AF88AD6CAACC99A7111CC409E284D4F17042F1D024F6A88B324","DISCOVERED"
"KID-SRC-720","frontend/src/_legacy_js_backup_20251208/ProgressPanel.js","ProgressPanel.js",".js","YES","NO","YES","YES","D5847561599108E81989717588C9FBE3AB717E016BF94B681C0ED02C78294C2D","DISCOVERED"
"KID-SRC-721","frontend/src/_legacy_js_backup_20251208/ResultBanner.js","ResultBanner.js",".js","YES","NO","NO","NO","481220CCDD8263C7F5F27B717E79B901572D72E13DD74B7E93C3AB8855324DD6","DISCOVERED"
"KID-SRC-722","frontend/src/api.ts","api.ts",".ts","NO","NO","YES","YES","2522406D72C5C40239005CF589C1BCAD3869769FCEDE4EAFB0CBEAEC8E9C67E9","DISCOVERED"
"KID-SRC-723","frontend/src/App.tsx","App.tsx",".tsx","NO","NO","YES","YES","7F304ED35F481297B68FF5F0304B0BD8FB3F4346F84072E40BD28E48F8529A97","DISCOVERED"
"KID-SRC-724","frontend/src/app/mindlab_kids_runtime.js","mindlab_kids_runtime.js",".js","YES","YES","YES","YES","DD1B41B479E04AEBB5297D8A96097453A861D8F24B32F35434C255AB4D111127","DISCOVERED"
"KID-SRC-725","frontend/src/components/ErrorBoundary.tsx","ErrorBoundary.tsx",".tsx","YES","NO","NO","NO","1A9BFE349FB488F29E5711EA2905B850332B8D0765B07A5BFCEAD997F8B5513A","DISCOVERED"
"KID-SRC-726","frontend/src/components/GamePanel.tsx","GamePanel.tsx",".tsx","NO","NO","NO","YES","4F415D798265C6DA6B0ABB9F1D1F24EAD529B5456009556B3DE5E577A144934F","DISCOVERED"
"KID-SRC-727","frontend/src/components/HealthPanel.tsx","HealthPanel.tsx",".tsx","NO","NO","YES","YES","1D3445A9AD8264905297A7E81DFE0A9CA4D61CAFC1B0ED58BDF61B2F72913D98","DISCOVERED"
"KID-SRC-728","frontend/src/components/ProgressPanel.tsx","ProgressPanel.tsx",".tsx","NO","NO","YES","NO","ED4944258AEF2CC2B0305079EA9144BC9931E163F610312F922B800B0F4B17B3","DISCOVERED"
"KID-SRC-729","frontend/src/daily-challenge/dailyChallengeApi.ts","dailyChallengeApi.ts",".ts","NO","NO","YES","YES","916183E488EB08131DD596224DAD2B0822CD8B3311946337008DF8AA0C784E5D","DISCOVERED"
"KID-SRC-730","frontend/src/daily-challenge/DailyChallengeDetailPage.tsx","DailyChallengeDetailPage.tsx",".tsx","NO","NO","NO","YES","34A0C9B38C1C5C27E4D6F68E69206F1D0BD4D8B80163C16358F995A5C5DBCCF1","DISCOVERED"
"KID-SRC-731","frontend/src/daily-challenge/DailyChallengeHomeCard.tsx","DailyChallengeHomeCard.tsx",".tsx","NO","NO","YES","YES","532AB5CF585EC0113F0BC9C253336924291662261DF39BCB0E8E145B3BBA3142","DISCOVERED"
"KID-SRC-732","frontend/src/daily-challenge/models.ts","models.ts",".ts","NO","NO","YES","YES","FEB2B904CEC083F4A0177770634EAF284DF88ABA6D930A178430624FC10FADAC","DISCOVERED"
"KID-SRC-733","frontend/src/data/kids/mindlab_kids_content_selector.js","mindlab_kids_content_selector.js",".js","YES","YES","NO","YES","6F5593B45E2744F84FA483AAED885F41C899351B4EECCF411D90F55FADD8E1F1","DISCOVERED"
"KID-SRC-734","frontend/src/data/kids/mindlab_kids_pack_index.js","mindlab_kids_pack_index.js",".js","YES","YES","NO","NO","781FB96782642C4691EF0E29279218D4E6BA8183981224072FB0945C7B96B9CC","DISCOVERED"
"KID-SRC-735","frontend/src/data/kids/mindlab_kids_seed_puzzles.js","mindlab_kids_seed_puzzles.js",".js","YES","YES","NO","YES","7C09C822D2351D9E317219D82D73B3DAED3E9E852DA00D291FD4C62A4E00F51B","DISCOVERED"
"KID-SRC-736","frontend/src/data/kids/packs/mindlab_kids_pack_k1.js","mindlab_kids_pack_k1.js",".js","YES","YES","NO","YES","700B6BD6DA28FDD6B3DAC32A6CBDE3B96D0FFB8A9AE1224CEE21E00457484817","DISCOVERED"
"KID-SRC-737","frontend/src/data/kids/packs/mindlab_kids_pack_k2.js","mindlab_kids_pack_k2.js",".js","YES","YES","NO","YES","B3AF635B19A48D1F7D85BAED4EA7FB9B99519279BED1D5CB856AE75553CA4991","DISCOVERED"
"KID-SRC-738","frontend/src/data/kids/packs/mindlab_kids_pack_k3.js","mindlab_kids_pack_k3.js",".js","YES","YES","NO","YES","0CFBED4B85578072B4BFF6EA64C4BB5E4B4A3BD5A36B7AB635D97E35476CD4CB","DISCOVERED"
"KID-SRC-739","frontend/src/data/kids/packs/mindlab_kids_pack_k4.js","mindlab_kids_pack_k4.js",".js","YES","YES","NO","YES","207A3B9A9C37F8A4B6EE1F82ACE1081FA19C92F71B7906CD9C43A393046F13BA","DISCOVERED"
"KID-SRC-740","frontend/src/data/kids/packs/mindlab_kids_pack_k5.js","mindlab_kids_pack_k5.js",".js","YES","YES","NO","YES","43AEF1BEDC79A15D75EF7948D2C1EB6C7D8B3836714FD78F6E4DFCDE32F98D94","DISCOVERED"
"KID-SRC-741","frontend/src/engine/mindlab_adaptive_engine.js","mindlab_adaptive_engine.js",".js","NO","NO","NO","YES","967563F85A013B290172DE89AA6E5C7D9D9C8E3A70127F2B1256C416CF2F4FED","DISCOVERED"
"KID-SRC-742","frontend/src/engine/mindlab_game_logic.js","mindlab_game_logic.js",".js","NO","NO","YES","YES","0B00E833436F41A21F61539A405D099C46F44E94605A3DF6936768F739DD0592","DISCOVERED"
"KID-SRC-743","frontend/src/engine/mindlab_output_adapter.js","mindlab_output_adapter.js",".js","NO","NO","NO","YES","58E00835EF167FD2E4CD0A11990F9E5676FC897691EE103C696F8FC320A5C874","DISCOVERED"
"KID-SRC-744","frontend/src/engine/mindlab_progress_store.js","mindlab_progress_store.js",".js","NO","NO","YES","YES","195D83D9406DA4AA16AD985DDD325D15E995C853F5C195E81EEFD413FC311C78","DISCOVERED"
"KID-SRC-745","frontend/src/engine/mindlab_score_payload.js","mindlab_score_payload.js",".js","NO","NO","YES","YES","A202F48E52E62E4466420EDB6F87A5C64474F52A7568053169EF21648FEB7EC8","DISCOVERED"
"KID-SRC-746","frontend/src/engine/mindlab_score_submitter.js","mindlab_score_submitter.js",".js","NO","NO","YES","YES","8CEADEB68812B5E10962C2C50BBC0097C104CCE607A367099F184BF621857D7F","DISCOVERED"
"KID-SRC-747","frontend/src/engine/mindlab_state_sync.js","mindlab_state_sync.js",".js","NO","NO","YES","YES","EF556C9A35ED076E0B145EA091023E9F8022F2E352C2649A4A04A9FD634E9DDB","DISCOVERED"
"KID-SRC-748","frontend/src/features/adults/adultsGameplayContent.ts","adultsGameplayContent.ts",".ts","NO","NO","NO","YES","980B5E7596457D33B34F3546ED482987A362BC3FDC624D1781EF358D07BB835E","DISCOVERED"
"KID-SRC-749","frontend/src/features/adults/AdultsGameplayPanel.tsx","AdultsGameplayPanel.tsx",".tsx","NO","NO","YES","YES","A5743CB4D2D898CBAE6B43DCC19C0423CEAEC33FD89D88B2067F1553A085DB40","DISCOVERED"
"KID-SRC-750","frontend/src/features/adults/adultsPersistence.ts","adultsPersistence.ts",".ts","NO","NO","YES","YES","F2F2CB9CE90E02273600C8954B099D771AC79878D9C1206F6AB4D15C796DE513","DISCOVERED"
"KID-SRC-751","frontend/src/features/adults/adultsSessionModes.ts","adultsSessionModes.ts",".ts","NO","NO","YES","NO","A7EA3F362BA202A43234D802517EFBC5F1F59C6392172B4379839691FF66EB71","DISCOVERED"
"KID-SRC-752","frontend/src/features/adults/AdultsSessionModeSelector.tsx","AdultsSessionModeSelector.tsx",".tsx","NO","NO","NO","NO","91413C441AF384C20F837C7CF9421A2489B6B9614A949A2D5A4ABA042692F5AB","DISCOVERED"
"KID-SRC-753","frontend/src/main.tsx","main.tsx",".tsx","YES","YES","NO","NO","B2DAA06EA19A4C3EC40C8D9FF7CDFC016C01FD95A05348A6C91B09F5597A38EF","DISCOVERED"
"KID-SRC-754","frontend/src/pages/Daily.tsx","Daily.tsx",".tsx","NO","NO","NO","YES","974AC1D5C66B9B7CD7798F0863D4ECF51E8F3AC970A148E70819BB930481262D","DISCOVERED"
"KID-SRC-755","frontend/src/pages/Progress.tsx","Progress.tsx",".tsx","NO","NO","YES","YES","16365C895C23BB65CCE5008EB494509B32384BE27F6A7FDF15AFA5A49E556975","DISCOVERED"
"KID-SRC-756","frontend/src/pages/PuzzlesPlay.tsx","PuzzlesPlay.tsx",".tsx","NO","NO","YES","YES","500A7D9EB793411EFBBCB6198F73CC7C2FE6E29803A7438C1938E0F2366AD4F1","DISCOVERED"
"KID-SRC-757","frontend/src/pages/SolvePuzzle.tsx","SolvePuzzle.tsx",".tsx","NO","NO","YES","YES","C93F0785FF0620E2AE4142732C6E6A34A49A7F1B87992DE32C5D3294A3E247B5","DISCOVERED"
"KID-SRC-758","frontend/src/progress/ProgressPage.tsx","ProgressPage.tsx",".tsx","NO","NO","YES","YES","3ABFEAFB53F6B42B796132483FEB700E95C568F097FF4FFA28DE6804890EA052","DISCOVERED"
"KID-SRC-759","frontend/src/puzzles/phase5/phase5.registry.ts","phase5.registry.ts",".ts","NO","NO","NO","YES","9AF5677091C8A8800AB7BB3AA2D05045FAA678BB9F2969F42215DEE4C308009A","DISCOVERED"
"KID-SRC-760","frontend/src/services/mindlab_v2_client_api.js","mindlab_v2_client_api.js",".js","NO","NO","YES","YES","B70BDC960E03D1F2420DD89FFDA1CF64C2F79D73F7A0BFBBF46CDE96908EE3A1","DISCOVERED"
"KID-SRC-761","frontend/src/services/mindlab_v2_client_api_test.js","mindlab_v2_client_api_test.js",".js","NO","NO","YES","YES","3E265A22720EDD670F185F0B248AA40BF61692F59CE94BBC571EAE4D7471940D","DISCOVERED"
"KID-SRC-762","frontend/src/services/mindlab_v2_flow_orchestrator.js","mindlab_v2_flow_orchestrator.js",".js","NO","NO","NO","YES","D35E256066BC41EE424335D7D2534D75B3CD0E6AC4ABEB5F9759FD71C46A4BD4","DISCOVERED"
"KID-SRC-763","frontend/src/test/dailyChallengeDetailPage.test.ts","dailyChallengeDetailPage.test.ts",".ts","NO","NO","NO","YES","B5B972FC5DBEE8900A78A01174602F0C32FD727CE59507FCE049C22BC6D25442","DISCOVERED"
"KID-SRC-764","frontend/src/ui/mindlab_browser_app.js","mindlab_browser_app.js",".js","NO","NO","NO","YES","47D380CF83413FA7608F54A27D1B6929FEDE6D886723D71BA276EACE86E3B43B","DISCOVERED"
"KID-SRC-765","frontend/src/ui/mindlab_engine_bridge.js","mindlab_engine_bridge.js",".js","NO","NO","NO","YES","DA9DE821E74999E6A9E84BF773DDD649E995C66DB07D4F24646FD29F3D36A16C","DISCOVERED"
"KID-SRC-766","frontend/src/ui/mindlab_game_loop.js","mindlab_game_loop.js",".js","NO","NO","NO","YES","E5C61037CFF68BDAA412B43C4F0910724A3F37374E268E79146EC22BA15D0C07","DISCOVERED"
"KID-SRC-767","frontend/src/ui/mindlab_game_test.js","mindlab_game_test.js",".js","NO","NO","NO","YES","AD89E04CDBC7AA17E0BC91616139ADC07627A9B0E0D4D6312716864CF65F2441","DISCOVERED"
"KID-SRC-768","frontend/src/ui/mindlab_interaction_controller.js","mindlab_interaction_controller.js",".js","NO","NO","YES","YES","022A0D3A2C65A38175C9909C1C9570572A7E5F8F0F53FA72BEDB5AB13F336EAF","DISCOVERED"
"KID-SRC-769","frontend/src/ui/mindlab_kids_certified_puzzle_01.js","mindlab_kids_certified_puzzle_01.js",".js","YES","YES","NO","YES","3D59535ACBF4D19FD271E1AA12A8EFB654239091DA4B18183BA084822A28AEF5","DISCOVERED"
"KID-SRC-770","frontend/src/ui/mindlab_kids_certified_puzzle_02.js","mindlab_kids_certified_puzzle_02.js",".js","YES","YES","NO","YES","09C72A52838D23305C2796CC537ABBE5DC3943EF4D1B1BB72C9A91D58C5BD9DA","DISCOVERED"
"KID-SRC-771","frontend/src/ui/mindlab_kids_certified_puzzle_03.js","mindlab_kids_certified_puzzle_03.js",".js","YES","YES","NO","YES","CB06DCCF98808495E34C86530204413C2A41413EB42604218BCEA162B38B460B","DISCOVERED"
"KID-SRC-772","frontend/src/ui/mindlab_kids_certified_puzzle_04.js","mindlab_kids_certified_puzzle_04.js",".js","YES","YES","NO","YES","B87B212E098BA2F159C18716CFB73C20714643CCCAAF3DE67ACCA3FD26F7F5C8","DISCOVERED"
"KID-SRC-773","frontend/src/ui/mindlab_kids_certified_puzzle_05.js","mindlab_kids_certified_puzzle_05.js",".js","YES","YES","NO","YES","A34DEB0ABC76E4B8D80BC045650EBEEBED93394CC4BE6E4D13F857FA93EA640A","DISCOVERED"
"KID-SRC-774","frontend/src/ui/mindlab_kids_certified_puzzle_06.js","mindlab_kids_certified_puzzle_06.js",".js","YES","YES","NO","YES","4526808E9E6B48A4A4F0B160F4B933E76CDCF98912BDDBC3CE0F48D1BED5655B","DISCOVERED"
"KID-SRC-775","frontend/src/ui/mindlab_kids_certified_puzzle_07.js","mindlab_kids_certified_puzzle_07.js",".js","YES","YES","NO","YES","7F192C81B17CCFCD971D3E027B1B4C02C3569C895FAFD9419115BF1E134EE660","DISCOVERED"
"KID-SRC-776","frontend/src/ui/mindlab_kids_certified_puzzle_08.js","mindlab_kids_certified_puzzle_08.js",".js","YES","YES","NO","YES","9EB794F2C595ECE5611606DD96ED1AAC1118E8F8B86A5559998C0BFAF6E81515","DISCOVERED"
"KID-SRC-777","frontend/src/ui/mindlab_kids_certified_puzzle_09.js","mindlab_kids_certified_puzzle_09.js",".js","YES","YES","NO","YES","5DC9246D9982C627E323C44EF4D31C87D229058CBD75C06B3F88F8A6DFE44EBF","DISCOVERED"
"KID-SRC-778","frontend/src/ui/mindlab_kids_certified_puzzle_10.js","mindlab_kids_certified_puzzle_10.js",".js","YES","YES","NO","YES","5E1828A9F74FDABF2038B40C05E9F68EA23FA54A19079EA7B1698EF87E057198","DISCOVERED"
"KID-SRC-779","frontend/src/ui/mindlab_kids_certified_puzzle_11.js","mindlab_kids_certified_puzzle_11.js",".js","YES","YES","NO","YES","4EA249ED6E3BD8A15FCF89EE0175B2B0A7DD4BE77EDE48D01A8122419C7D3291","DISCOVERED"
"KID-SRC-780","frontend/src/ui/mindlab_kids_certified_puzzle_12.js","mindlab_kids_certified_puzzle_12.js",".js","YES","YES","NO","YES","D81EA9369F12E09459D379D2BA47FCE83EC33470284217B119C0488F8761AAC8","DISCOVERED"
"KID-SRC-781","frontend/src/ui/mindlab_kids_certified_puzzle_13.js","mindlab_kids_certified_puzzle_13.js",".js","YES","YES","NO","YES","D831B6FD6C909E9EFD6755E6E4CF0ECEE3F816DFADDAADA7BDC87CC87F0AB6C3","DISCOVERED"
"KID-SRC-782","frontend/src/ui/mindlab_kids_certified_puzzle_14.js","mindlab_kids_certified_puzzle_14.js",".js","YES","YES","NO","YES","1404B4C8BD8CDF8D962A13EF811E4C79FEDAA91DD8ED75361E85442C3706CB68","DISCOVERED"
"KID-SRC-783","frontend/src/ui/mindlab_kids_certified_puzzle_15.js","mindlab_kids_certified_puzzle_15.js",".js","YES","YES","NO","YES","C23DFD1076B826EF81C0C9F1610DD3DC796D3AA830FDCA4761CC9E8404389E69","DISCOVERED"
"KID-SRC-784","frontend/src/ui/mindlab_kids_certified_puzzle_16.js","mindlab_kids_certified_puzzle_16.js",".js","YES","YES","NO","YES","750108BE1DE32E11FCD540B935F264FCCE3B9925FF0246C5B9EF6C930987EC5E","DISCOVERED"
"KID-SRC-785","frontend/src/ui/mindlab_kids_certified_puzzle_17.js","mindlab_kids_certified_puzzle_17.js",".js","YES","YES","NO","YES","F179D8EA9439FEE85A5E3E2493D43B09EEF6D375A6BA34F2BA5E432B621D17F4","DISCOVERED"
"KID-SRC-786","frontend/src/ui/mindlab_kids_certified_puzzle_18.js","mindlab_kids_certified_puzzle_18.js",".js","YES","YES","NO","YES","6B0F4EC92264DD36044CF3FAA4BAE26485D057D18CFAE45DB3F42686CC1BFF49","DISCOVERED"
"KID-SRC-787","frontend/src/ui/mindlab_kids_certified_puzzle_19.js","mindlab_kids_certified_puzzle_19.js",".js","YES","YES","NO","YES","D9921CF54BA49DCBBA8935CA9E9B53E6857C513D63070AB5530F450D3FBBB69D","DISCOVERED"
"KID-SRC-788","frontend/src/ui/mindlab_kids_certified_puzzle_20.js","mindlab_kids_certified_puzzle_20.js",".js","YES","YES","NO","YES","0E70155BE924148FA71589E0C39832DAB558E57BBE6D708A533A945F8FD90FD4","DISCOVERED"
"KID-SRC-789","frontend/src/ui/mindlab_kids_certified_puzzle_21.js","mindlab_kids_certified_puzzle_21.js",".js","YES","YES","NO","YES","9470E404B5A8CCD803F95DA901F1EEF1AC9397D9466C65B2943DA2843708C702","DISCOVERED"
"KID-SRC-790","frontend/src/ui/mindlab_kids_certified_puzzle_22.js","mindlab_kids_certified_puzzle_22.js",".js","YES","YES","NO","YES","C802FF6F1617CD40ABC9CB93F3F44270366E0FC952BD5CF7E882355618E944B3","DISCOVERED"
"KID-SRC-791","frontend/src/ui/mindlab_kids_certified_puzzle_23.js","mindlab_kids_certified_puzzle_23.js",".js","YES","YES","NO","YES","8DB33F86EFF8B9343F324FA740CD6F0FCEF36C56B9B970B396198E890CB28274","DISCOVERED"
"KID-SRC-792","frontend/src/ui/mindlab_kids_certified_puzzle_24.js","mindlab_kids_certified_puzzle_24.js",".js","YES","YES","NO","YES","F51A938DEC1A8F309926CA699D48E7A48BFE421A67BE25BE592FDAD6CF8025D1","DISCOVERED"
"KID-SRC-793","frontend/src/ui/mindlab_kids_certified_puzzle_25.js","mindlab_kids_certified_puzzle_25.js",".js","YES","YES","NO","YES","62364D484AB269E2FCCA635F17EBEEC0605644B6D56ACA10C9E96AAE51C3B0A4","DISCOVERED"
"KID-SRC-794","frontend/src/ui/mindlab_kids_first_puzzle.js","mindlab_kids_first_puzzle.js",".js","YES","YES","NO","YES","124B15079652B922CE9B9583DC3DF8B2363B7F37084C7C8B3B91E72F45CF0257","DISCOVERED"
"KID-SRC-795","frontend/src/ui/mindlab_kids_game_flow.js","mindlab_kids_game_flow.js",".js","YES","YES","YES","YES","F20D57769607A1748A0360D16A67EFFFE673576F45AAC867C8434C9E16096E44","DISCOVERED"
"KID-SRC-796","frontend/src/ui/mindlab_kids_main.js","mindlab_kids_main.js",".js","YES","YES","NO","YES","5903BCD55BF050DC43BF7051E666BD7FF1F57586F4D61C7C3EADA608F1B62D04","DISCOVERED"
"KID-SRC-797","frontend/src/ui/mindlab_kids_mode_shell.js","mindlab_kids_mode_shell.js",".js","YES","YES","NO","YES","BB1C119ED62F79ABF585E6C0BDCF57D59075E9397E5BE6FF255E3DCED19C9712","DISCOVERED"
"KID-SRC-798","frontend/src/ui/mindlab_kids_progress.js","mindlab_kids_progress.js",".js","YES","YES","YES","YES","FE3DC5E0272F8907F6B3BEF7853808B4D598EE8BDEE2DCC9804E1F2A79BCE0E1","DISCOVERED"
"KID-SRC-799","frontend/src/ui/mindlab_kids_puzzle_02.js","mindlab_kids_puzzle_02.js",".js","YES","YES","NO","YES","6FC4DF010672325008C6451E0FBE8B0F091468A5229CD15B33275CD8AF186DDD","DISCOVERED"
"KID-SRC-800","frontend/src/ui/mindlab_kids_puzzle_03.js","mindlab_kids_puzzle_03.js",".js","YES","YES","NO","YES","6764E1E943CC789CCB4475E7E32CF469CF42A6650DE2934E77892AB576B90B79","DISCOVERED"
"KID-SRC-801","frontend/src/ui/mindlab_kids_puzzle_04.js","mindlab_kids_puzzle_04.js",".js","YES","YES","NO","YES","9C8BAA1441412BAF056F6660BFBD4EC5FD38858DE2B290421EDF58B13B2E0A3A","DISCOVERED"
"KID-SRC-802","frontend/src/ui/mindlab_kids_puzzle_05.js","mindlab_kids_puzzle_05.js",".js","YES","YES","NO","YES","C71A47C10A64D364E34D7B62C450AC75F68CA04DBCA884732EF7898945BD5787","DISCOVERED"
"KID-SRC-803","frontend/src/ui/mindlab_kids_puzzle_06.js","mindlab_kids_puzzle_06.js",".js","YES","YES","NO","YES","E85C7C54B6243EDFF32439440D8F13A073251588FCA6BFF7F7DAACC93C63C30A","DISCOVERED"
"KID-SRC-804","frontend/src/ui/mindlab_kids_puzzle_07.js","mindlab_kids_puzzle_07.js",".js","YES","YES","NO","YES","0FFF51B7B2B697B23BCE994BDA421C40A1B9FB479DF48FEC8CFC3F9719A45A23","DISCOVERED"
"KID-SRC-805","frontend/src/ui/mindlab_kids_puzzle_08.js","mindlab_kids_puzzle_08.js",".js","YES","YES","NO","YES","39D7E13F45E65956EE57733D9B9F18E592FC497CD52C1AC627D5015EE6DBCE7D","DISCOVERED"
"KID-SRC-806","frontend/src/ui/mindlab_kids_puzzle_09.js","mindlab_kids_puzzle_09.js",".js","YES","YES","NO","YES","C4114D47FA5CEBD765B87B93CB1C30FB0F1BAF7B2135699CB7DC612DA82918A0","DISCOVERED"
"KID-SRC-807","frontend/src/ui/mindlab_kids_puzzle_10.js","mindlab_kids_puzzle_10.js",".js","YES","YES","NO","YES","F922B3919E10FCDE388B3434E0D3033A0FA922309CDB74913BC4158C5A69E527","DISCOVERED"
"KID-SRC-808","frontend/src/ui/mindlab_kids_puzzle_11.js","mindlab_kids_puzzle_11.js",".js","YES","YES","NO","YES","D5914F9BB692ED98CB7F10FFDCAE21752351CCCA6B7D286FDB34570A1F00A23A","DISCOVERED"
"KID-SRC-809","frontend/src/ui/mindlab_kids_puzzle_12.js","mindlab_kids_puzzle_12.js",".js","YES","YES","NO","YES","ED3BE5780D484DE06DEAE56CBC92494B945EEE9EE136765001B3B59D3BF17439","DISCOVERED"
"KID-SRC-810","frontend/src/ui/mindlab_kids_puzzle_13.js","mindlab_kids_puzzle_13.js",".js","YES","YES","NO","YES","1D5605361BAB2784455B28F5D485ECDF26872AEC34C7319F3FBAC5337FF78E55","DISCOVERED"
"KID-SRC-811","frontend/src/ui/mindlab_kids_puzzle_14.js","mindlab_kids_puzzle_14.js",".js","YES","YES","NO","YES","AC31DD3B8D96F8CBD8F0EDDBDE0079D679AFD881060A73B79258048CEBB22AE0","DISCOVERED"
"KID-SRC-812","frontend/src/ui/mindlab_kids_puzzle_15.js","mindlab_kids_puzzle_15.js",".js","YES","YES","NO","YES","A4243F8322BCC6FA737EBE1B37FB8305D11ED7D1BCB9410DFFC0C84BA82B5955","DISCOVERED"
"KID-SRC-813","frontend/src/ui/mindlab_kids_puzzle_16.js","mindlab_kids_puzzle_16.js",".js","YES","YES","NO","YES","52DC0FCFD4CC3DAB4D9D42CDF14E0A965D3903AB69D28CCB24F3B0C3FE52FE09","DISCOVERED"
"KID-SRC-814","frontend/src/ui/mindlab_kids_puzzle_17.js","mindlab_kids_puzzle_17.js",".js","YES","YES","NO","YES","584652AFC7D4875F65BEA062111047FEF871BB3A9336C44598BB316FD15BB89E","DISCOVERED"
"KID-SRC-815","frontend/src/ui/mindlab_kids_puzzle_18.js","mindlab_kids_puzzle_18.js",".js","YES","YES","NO","YES","804C02874890F316B42AFA26B256D72D82FE4C36E6B1634DA5DE4E14CF7FBDB2","DISCOVERED"
"KID-SRC-816","frontend/src/ui/mindlab_kids_puzzle_19.js","mindlab_kids_puzzle_19.js",".js","YES","YES","NO","YES","2F2E61F507454712C111C30C0880C92E735569DE4AFE961BEE823F8AA037494A","DISCOVERED"
"KID-SRC-817","frontend/src/ui/mindlab_kids_puzzle_20.js","mindlab_kids_puzzle_20.js",".js","YES","YES","NO","YES","7ACB2A5FA420A255E57BA2016A9489C5591F82C3BDD495B74871B0D579D0C839","DISCOVERED"
"KID-SRC-818","frontend/src/ui/mindlab_kids_puzzle_21.js","mindlab_kids_puzzle_21.js",".js","YES","YES","NO","YES","A1200A247C9D9BAD81FB3607E430B4FB60D7C322A884F4638776BB9F9E927F32","DISCOVERED"
"KID-SRC-819","frontend/src/ui/mindlab_kids_puzzle_22.js","mindlab_kids_puzzle_22.js",".js","YES","YES","NO","YES","4E7D910856E0E29B96894ED84AEB3DD3CFBFF2EA2B623D043C19FC9BA40C85C6","DISCOVERED"
"KID-SRC-820","frontend/src/ui/mindlab_kids_puzzle_23.js","mindlab_kids_puzzle_23.js",".js","YES","YES","NO","YES","46F0E6240EB7B710466808CC248F890D7D3B6ED8A0050A3E4EC7994D517139EE","DISCOVERED"
"KID-SRC-821","frontend/src/ui/mindlab_kids_puzzle_24.js","mindlab_kids_puzzle_24.js",".js","YES","YES","NO","YES","1E360FCF7B308FBEF89DCF4B5E0E3BFEC1D1C47058743BB590425B9AD2E88AC5","DISCOVERED"
"KID-SRC-822","frontend/src/ui/mindlab_kids_puzzle_25.js","mindlab_kids_puzzle_25.js",".js","YES","YES","NO","YES","030A5054CA1420D7839B5A7C6EA8503F1B0BC0CC5E76B288C4237D336B3663C2","DISCOVERED"
"KID-SRC-823","frontend/src/ui/mindlab_kids_puzzle_26.js","mindlab_kids_puzzle_26.js",".js","YES","YES","NO","YES","81B4690F4F4486264580AF1C178F1A61B2E0F3BC30865812717554AF2C0D146F","DISCOVERED"
"KID-SRC-824","frontend/src/ui/mindlab_kids_puzzle_27.js","mindlab_kids_puzzle_27.js",".js","YES","YES","NO","YES","01384E8289F3B621207D680183B1ECDEDFA461F36874EF6123DF5F9112FB7A34","DISCOVERED"
"KID-SRC-825","frontend/src/ui/mindlab_kids_puzzle_28.js","mindlab_kids_puzzle_28.js",".js","YES","YES","NO","YES","AFE5DFC2E045F207637C282AF14A72AF784533998649D75766725AF8B33524D9","DISCOVERED"
"KID-SRC-826","frontend/src/ui/mindlab_kids_puzzle_29.js","mindlab_kids_puzzle_29.js",".js","YES","YES","NO","YES","EEDB0DC57F9901AFE3F47CBD73B80DE105D828B3B2C1C0B4D0268F9B5BECF753","DISCOVERED"
"KID-SRC-827","frontend/src/ui/mindlab_kids_puzzle_30.js","mindlab_kids_puzzle_30.js",".js","YES","YES","NO","YES","5AFE3425A1EDE6DD0EC1787EA2DCEC7BA56E85E47F96BDCE0246F058B88DE1DA","DISCOVERED"
"KID-SRC-828","frontend/src/ui/mindlab_kids_puzzle_31.js","mindlab_kids_puzzle_31.js",".js","YES","YES","NO","YES","D99EC0DD8FF10F07415DA0753F0ED49BBA387D2ED595F999D917C90E79EAABB0","DISCOVERED"
"KID-SRC-829","frontend/src/ui/mindlab_kids_puzzle_32.js","mindlab_kids_puzzle_32.js",".js","YES","YES","NO","YES","9706FA06D79F3CB41A70E85F364CC3420076FCE5128DD7F4699E1C1F34C62296","DISCOVERED"
"KID-SRC-830","frontend/src/ui/mindlab_kids_puzzle_33.js","mindlab_kids_puzzle_33.js",".js","YES","YES","NO","YES","165FC4972C7FE2673ABC3026C585D826D4B59424058E4D26CDB320DE25F766A9","DISCOVERED"
"KID-SRC-831","frontend/src/ui/mindlab_kids_puzzle_34.js","mindlab_kids_puzzle_34.js",".js","YES","YES","NO","YES","E844906E8E7074E5F967186A4BCAC3129C782A164A9EBA395A3E2F0E4AF255CD","DISCOVERED"
"KID-SRC-832","frontend/src/ui/mindlab_kids_puzzle_35.js","mindlab_kids_puzzle_35.js",".js","YES","YES","NO","YES","3F1C9616AE6C86FFD378172DCA70ADC32FAD89FDF518583336551B6A076B8005","DISCOVERED"
"KID-SRC-833","frontend/src/ui/mindlab_kids_puzzle_36.js","mindlab_kids_puzzle_36.js",".js","YES","YES","NO","YES","7B23283317ADF58A9A2195320BE9B43DFF249C97D1AF4ADD6DCD85B9F72BCF6D","DISCOVERED"
"KID-SRC-834","frontend/src/ui/mindlab_kids_puzzle_37.js","mindlab_kids_puzzle_37.js",".js","YES","YES","NO","YES","2467742EBD4CC8A185FE5984FDCC6969B0AFA048432FCDB862A3D488574FDF77","DISCOVERED"
"KID-SRC-835","frontend/src/ui/mindlab_kids_puzzle_38.js","mindlab_kids_puzzle_38.js",".js","YES","YES","NO","YES","C79822B00C4F70AA1E111603C42040FF4F17B386FC8D069195EFA0B8754EF4D7","DISCOVERED"
"KID-SRC-836","frontend/src/ui/mindlab_kids_puzzle_39.js","mindlab_kids_puzzle_39.js",".js","YES","YES","NO","YES","1C52BD93F1330B505C579B92BCC818F3B3F40451DA36642E2B2268FE83826FE8","DISCOVERED"
"KID-SRC-837","frontend/src/ui/mindlab_kids_puzzle_40.js","mindlab_kids_puzzle_40.js",".js","YES","YES","NO","YES","71618849810ED6DCE19494BBDC5BF8A8CBBBFAEB8E477D8F20EF2434118FBF87","DISCOVERED"
"KID-SRC-838","frontend/src/ui/mindlab_kids_puzzle_41.js","mindlab_kids_puzzle_41.js",".js","YES","YES","NO","YES","419A01A97488781C55DF6900457787EFC2C967ADC3020AE70C47D0AEFE15681D","DISCOVERED"
"KID-SRC-839","frontend/src/ui/mindlab_kids_puzzle_42.js","mindlab_kids_puzzle_42.js",".js","YES","YES","NO","YES","007ED6306C799B9592FB4B39AB697BD1247F9E5DAFB802DF6B9C68F78D12127E","DISCOVERED"
"KID-SRC-840","frontend/src/ui/mindlab_kids_puzzle_43.js","mindlab_kids_puzzle_43.js",".js","YES","YES","NO","YES","B333322C6511D496C83318D9E9B656BE9C192A980D70B4D6A3DDA6C3E767FB54","DISCOVERED"
"KID-SRC-841","frontend/src/ui/mindlab_kids_puzzle_44.js","mindlab_kids_puzzle_44.js",".js","YES","YES","NO","YES","5661F80FA841FA526B7FEFEE9BE1A764CCC94E36F20066C0D7612F12BB8652B2","DISCOVERED"
"KID-SRC-842","frontend/src/ui/mindlab_kids_puzzle_45.js","mindlab_kids_puzzle_45.js",".js","YES","YES","NO","YES","3BE7A1120B6B066B204BB81BE2931ECD9CD6EA279017725311DB7A7656ADCDBF","DISCOVERED"
"KID-SRC-843","frontend/src/ui/mindlab_kids_puzzle_46.js","mindlab_kids_puzzle_46.js",".js","YES","YES","NO","YES","2E5F6E866BB2291C4CBF1C9CD219EFCE6FC517DE687122C42C7AB4D96E7A3745","DISCOVERED"
"KID-SRC-844","frontend/src/ui/mindlab_kids_puzzle_47.js","mindlab_kids_puzzle_47.js",".js","YES","YES","NO","YES","B0CD75FDDAC6F2129995934B4180A86A0FF1838C60B21B97778840A74E6D525F","DISCOVERED"
"KID-SRC-845","frontend/src/ui/mindlab_kids_puzzle_48.js","mindlab_kids_puzzle_48.js",".js","YES","YES","NO","YES","B81E4C03D445C249DAAEB23FA49AB58BA784CB492D689124B05FB156620E9E4A","DISCOVERED"
"KID-SRC-846","frontend/src/ui/mindlab_kids_puzzle_49.js","mindlab_kids_puzzle_49.js",".js","YES","YES","NO","YES","DB001605E489BE858F8A3ED7966F9FDA829E1EDB5074322577FA82F2E5E7B34E","DISCOVERED"
"KID-SRC-847","frontend/src/ui/mindlab_kids_puzzle_50.js","mindlab_kids_puzzle_50.js",".js","YES","YES","NO","YES","799D7812E1BC6AB7868123C7A2DE82336D6F20B85A9F52FAA202BF2901A271EC","DISCOVERED"
"KID-SRC-848","frontend/src/ui/mindlab_kids_puzzle_51.js","mindlab_kids_puzzle_51.js",".js","YES","YES","NO","YES","35E856C3A2E423D7D54FCD93849EA8309D10BAF2A04A8EA4A1242D6382A97365","DISCOVERED"
"KID-SRC-849","frontend/src/ui/mindlab_kids_puzzle_52.js","mindlab_kids_puzzle_52.js",".js","YES","YES","NO","YES","8DCDB942C8992C3CFF5552F78C735159CDCE5A4BE218D471D3294E01EEAD0A52","DISCOVERED"
"KID-SRC-850","frontend/src/ui/mindlab_kids_puzzle_53.js","mindlab_kids_puzzle_53.js",".js","YES","YES","NO","YES","0AD3214764E7BE1019932A8E3CCCAC8A37BC9DC821300807D8605B465600F078","DISCOVERED"
"KID-SRC-851","frontend/src/ui/mindlab_kids_puzzle_54.js","mindlab_kids_puzzle_54.js",".js","YES","YES","NO","YES","AB72F1EB90601DDDDCC1DED22DC7EE90209A1479FFC5009159F3A07094356AB8","DISCOVERED"
"KID-SRC-852","frontend/src/ui/mindlab_kids_puzzle_55.js","mindlab_kids_puzzle_55.js",".js","YES","YES","NO","YES","687EBCA64D2B29C6089128D439D2EC599670029F64FABD09AC0FF638B43551C8","DISCOVERED"
"KID-SRC-853","frontend/src/ui/mindlab_persistent_game_runner.js","mindlab_persistent_game_runner.js",".js","NO","NO","YES","YES","9C938E66AA077895AA53D8CDB0E18B707F3863F47D442C722783CF262C8A9899","DISCOVERED"
"KID-SRC-854","frontend/src/ui/mindlab_persistent_game_test.js","mindlab_persistent_game_test.js",".js","NO","NO","YES","YES","853B3044703F306BED314E38A714AFEA19D0AD700F0801A21DA4D16E84D5A2DB","DISCOVERED"
"KID-SRC-855","frontend/src/ui/mindlab_renderer.js","mindlab_renderer.js",".js","NO","NO","NO","YES","A8E733F386F9B88DC32C08682580D3D9C8DF4446B4AD869FF4ECA7533B632AD6","DISCOVERED"
"KID-SRC-856","frontend/src/ui/mindlab_ui_controller.js","mindlab_ui_controller.js",".js","NO","NO","NO","YES","8A121E43577EA87C977A0C3B5C15411AFD3FC18FB3C15D5B41FC50046A82A4D4","DISCOVERED"
"KID-SRC-857","frontend/src/ui/mindlab_v2_admin_educator_test.js","mindlab_v2_admin_educator_test.js",".js","NO","NO","YES","NO","835C9C40DEA8FAA13E28679A5B2B16C6719D3B3A1F8DA7653C851E9A6AC64E9D","DISCOVERED"
"KID-SRC-858","frontend/src/ui/mindlab_v2_generation_screen.js","mindlab_v2_generation_screen.js",".js","NO","NO","NO","YES","9C033F88E7061AFC71139065678E409388B088701EF49EC7C068F8E43D586556","DISCOVERED"
"KID-SRC-859","frontend/src/ui/mindlab_v2_learner_progress_review.js","mindlab_v2_learner_progress_review.js",".js","NO","NO","YES","NO","BD2343F9C78DCA36A63CE9F56E3EF2ED3DFD6910AB351FC1D5CF89D692957E2A","DISCOVERED"
"KID-SRC-860","frontend/src/ui/mindlab_v2_recommendation_screen.js","mindlab_v2_recommendation_screen.js",".js","NO","NO","NO","YES","7A6563584B7BB6E7D214D90BCF00204DC36881C227ECB30F3014513E588C4685","DISCOVERED"
"KID-SRC-861","frontend/src/ui/mindlab_v2_ux_flow_controller.js","mindlab_v2_ux_flow_controller.js",".js","YES","YES","NO","YES","4F05B10FDD54EF99DC3F5E3D1902A52CECCCE6386200A3CFDC3DCAF845B1C06D","DISCOVERED"
"KID-SRC-862","frontend/src/ui/mindlab_v2_ux_flow_controller_test.js","mindlab_v2_ux_flow_controller_test.js",".js","NO","NO","YES","YES","D4169E76E77DA763E3EDD3DAAA49759F4C177600ADEABDDAFFFFBC7437767944","DISCOVERED"
"KID-SRC-863","frontend/tests/e2e/backups/mindlab-daily-ui.spec.ts.before_20251201_202342.ts","mindlab-daily-ui.spec.ts.before_20251201_202342.ts",".ts","YES","NO","NO","YES","D659DBF8FEDC89CB5DA47A54A5F6D3C0ABE1B125C581B60EB9982D0E219B4271","DISCOVERED"
"KID-SRC-864","frontend/tests/e2e/backups/mindlab-daily-ui.spec.ts.before_20251201_204445.ts","mindlab-daily-ui.spec.ts.before_20251201_204445.ts",".ts","YES","NO","NO","NO","945C33EF39BC9F666A5E8B67AB3344CCDE33CC19411564CFA7B6D3C5ACB2F8F4","DISCOVERED"
"KID-SRC-865","frontend/tests/e2e/backups/mindlab-daily-ui.spec.ts.before_20251205_165031.ts","mindlab-daily-ui.spec.ts.before_20251205_165031.ts",".ts","YES","NO","NO","YES","0FAEFFE7353FD75CCE36DEC23FF4CE1AAFAF995C37F8467317363B4590197315","DISCOVERED"
"KID-SRC-866","frontend/tests/e2e/backups/mindlab-daily-ui.spec.ts.before_20251205_211746.ts","mindlab-daily-ui.spec.ts.before_20251205_211746.ts",".ts","YES","NO","NO","YES","39F73335EC26AE76395DF4107DE851F87ECCD71848D44DB6B215722EC87C4BCF","DISCOVERED"
"KID-SRC-867","frontend/tests/e2e/daily-challenge.spec.ts","daily-challenge.spec.ts",".ts","YES","NO","NO","YES","A70ED215C1DC5B6059C0B509DC1F59D00A2D41885B5CB9C143CFDC748D50B8FB","DISCOVERED"
"KID-SRC-868","frontend/tests/e2e/daily-challenge-prod.spec.ts","daily-challenge-prod.spec.ts",".ts","YES","NO","NO","YES","D460A4097AB3B55204A273D016A4F7E877425282FD65075D73DFAADA9344A169","DISCOVERED"
"KID-SRC-869","frontend/tests/e2e/health-and-puzzles.spec.ts","health-and-puzzles.spec.ts",".ts","YES","NO","NO","YES","5354087EC82E8F720979415E028C3C173716CD75DF8B8E377E08D1D26BB03A75","DISCOVERED"
"KID-SRC-870","frontend/tests/e2e/mindlab-basic.spec.ts","mindlab-basic.spec.ts",".ts","YES","NO","NO","NO","6B2E0D77BC9570C7FC75F715E276EB91109552A77D48F8BD81D73CD587CF0FF7","DISCOVERED"
"KID-SRC-871","frontend/tests/e2e/mindlab-daily-result.spec.ts","mindlab-daily-result.spec.ts",".ts","YES","NO","NO","YES","60F8A5BD23113E2859B36B59FAEFA13AA59BD3D87382AF2F9D0F657BDAD97C5E","DISCOVERED"
"KID-SRC-872","frontend/tests/e2e/mindlab-daily-solve.spec.ts","mindlab-daily-solve.spec.ts",".ts","YES","NO","NO","YES","80A457D7673E6C6E91F36C1F9DB4B29BE0C3C239AC3A1B40F31C6420BA6C7A7F","DISCOVERED"
"KID-SRC-873","frontend/tests/e2e/mindlab-daily-ui.spec.ts","mindlab-daily-ui.spec.ts",".ts","YES","NO","NO","YES","F2553955219CB12E555B92476534510FB7A8D05FBBA5A8045F73739F53532296","DISCOVERED"
"KID-SRC-874","frontend/tests/e2e/mindlab-daily-ui-optional.spec.ts","mindlab-daily-ui-optional.spec.ts",".ts","NO","NO","NO","YES","23DBA068A9DA1A3819A199D88E34E0AA1D01380B2702C98F935A7149BA4A0028","DISCOVERED"
"KID-SRC-875","frontend/tests/e2e/mindlab-game-flow.spec.ts","mindlab-game-flow.spec.ts",".ts","NO","NO","YES","YES","9C11801A8FA03E62804E31BE317A6F7FA74AE52B6CAA278CC4DCA21D16B207FA","DISCOVERED"
"KID-SRC-876","frontend/tests/e2e/mindlab-health-ui.spec.ts","mindlab-health-ui.spec.ts",".ts","NO","NO","YES","YES","C9914E75100C4C4B125AE29431B172136AC191446523A6B91C02878271323C07","DISCOVERED"
"KID-SRC-877","frontend/tests/e2e/mindlab-prod.spec.ts","mindlab-prod.spec.ts",".ts","YES","NO","YES","YES","BABE672C5A5D6258D130322A41B8EAC12FDEFD43BB5F071B45D2142BCD4A6A42","DISCOVERED"
"KID-SRC-878","frontend/tests/e2e/mindlab-progress-ui.spec.ts","mindlab-progress-ui.spec.ts",".ts","NO","NO","YES","YES","2027C349E9D9E83561F087B30096CB02E9E350D8ED2766F9D9FA2C9B97B9DAEF","DISCOVERED"
"KID-SRC-879","frontend/tests/e2e/progress-api.spec.ts","progress-api.spec.ts",".ts","NO","NO","YES","YES","EE5C20398D5AF5823FD9CEB2C884EB477377C6246269964601FA08E4CEFD8E83","DISCOVERED"
"KID-SRC-880","frontend/tests/e2e/progress-api-prod.spec.ts","progress-api-prod.spec.ts",".ts","NO","NO","YES","NO","7301FAA7683521531438821B59786CE88B203E31E8A81068B6FE163844617464","DISCOVERED"
"KID-SRC-881","frontend/tests/e2e/progress-ui.spec.ts","progress-ui.spec.ts",".ts","YES","NO","YES","YES","FCE3A6A1285D8F8F6BB4C8E0CEC2B716668853167D75ABF75A17E17F3B1A26C3","DISCOVERED"
"KID-SRC-882","frontend/tests/e2e/puzzles-navigation.spec.ts","puzzles-navigation.spec.ts",".ts","YES","NO","NO","YES","513CFC5865D2F3A12584310871817A4CAE64021B41B41B19816E28F6BB96A34A","DISCOVERED"
"KID-SRC-883","game/puzzle_data.json","puzzle_data.json",".json","NO","NO","NO","YES","464E35B29042FB0E799B855510B590E33CE20CC4C611F81EBDB00CFB190AB571","DISCOVERED"
"KID-SRC-884","game/puzzle_editor_engine.js","puzzle_editor_engine.js",".js","NO","NO","NO","YES","291E9888E8CC8CE27C4D5FAE22B71F824064692E746D447B54DBD3188F170711","DISCOVERED"
"KID-SRC-885","game/puzzle_editor_test.js","puzzle_editor_test.js",".js","NO","NO","NO","YES","5C37160687CA479D826F2336753C6B2B83D8B1714F612CA79146F8DACDBED406","DISCOVERED"
"KID-SRC-886","package-lock.json","package-lock.json",".json","NO","NO","NO","NO","C478CC84B0FDF792FEA633B8CEF1DECE2935ED96FAA4633952CE1E45515D8BA3","DISCOVERED"
"KID-SRC-887","src/features/adults/adultsGameplayContent.ts","adultsGameplayContent.ts",".ts","NO","NO","NO","YES","980B5E7596457D33B34F3546ED482987A362BC3FDC624D1781EF358D07BB835E","DISCOVERED"
"KID-SRC-888","src/features/adults/AdultsGameplayPanel.tsx","AdultsGameplayPanel.tsx",".tsx","NO","NO","YES","YES","CF8386120BA6E2D22EA87C94B2F66E38FBAA6A554531B6A23180A1FC5E726D0A","DISCOVERED"
"KID-SRC-889","src/features/adults/adultsPersistence.ts","adultsPersistence.ts",".ts","NO","NO","YES","YES","F2F2CB9CE90E02273600C8954B099D771AC79878D9C1206F6AB4D15C796DE513","DISCOVERED"
"KID-SRC-890","src/features/adults/adultsSessionModes.ts","adultsSessionModes.ts",".ts","NO","NO","YES","NO","A7EA3F362BA202A43234D802517EFBC5F1F59C6392172B4379839691FF66EB71","DISCOVERED"
"KID-SRC-891","src/features/adults/AdultsSessionModeSelector.tsx","AdultsSessionModeSelector.tsx",".tsx","NO","NO","NO","NO","2075A1A55ED51BD15E0F736B71637366A83EBE07B62E4E2FA7B7AD4CBE14F1FB","DISCOVERED"
"KID-SRC-892","tests/openapi.json","openapi.json",".json","NO","NO","NO","YES","7E40B98D9A5364BB60813B113786A2B31BDAA171568B2245F9044B115F136F58","DISCOVERED"
"KID-SRC-893","tools/backups/frontend_lock/mindlab_browser_app.js","mindlab_browser_app.js",".js","YES","YES","YES","NO","0753E012F8027942DD5BA00D49F07C91609A92EF8F5220958ED95483A32A8D6B","DISCOVERED"
"KID-SRC-894","tools/backups/manual_loop_failure_recovery/20260412_120604/docs/planning/kids_certified/06_ux_qa/row_lock/current_focus_unresolved_manual_batch_packet_manifest.json","current_focus_unresolved_manual_batch_packet_manifest.json",".json","YES","YES","NO","NO","6A1B41C320509EEE244AFC34FBFFA4502F3B604314A0D9F282C81F3223F1568F","DISCOVERED"
"KID-SRC-895","web/package.json","package.json",".json","NO","NO","NO","NO","C356EBF22ACEA1D27CDC7457DE0C041861A5A7E101C59A31F8A9B3BB59EEEC43","DISCOVERED"
