"FilePath","LineNumber","Keyword","Snippet","RecommendedAction"
"backend/src/daily-challenge/dailyChallengeEngine.ts","143","AGE_MODE_REFERENCE","} // We will insert full TS engine next (see next message)","Review before Adults route placement design."
"backend/src/daily-challenge/dailyChallengeRoutes.ts","15","AGE_MODE_REFERENCE","* For real production use, replace this with persistent storage.","Review before Adults route placement design."
"backend/src/daily-challenge/dailyChallengeRoutes.ts","38","AGE_MODE_REFERENCE","* Later you can use a profile setting, age, or difficulty preference.","Review before Adults route placement design."
"backend/src/daily-challenge/dailyChallengeRoutes.ts","153","AGE_MODE_REFERENCE","message: ""challenge already completed"",","Review before Adults route placement design."
"backend/src/daily-challenge/dailyChallengeRoutes.ts","161","AGE_MODE_REFERENCE","message: ""puzzleId not found in today's puzzles"",","Review before Adults route placement design."
"backend/src/daily-challenge/dailyChallengeRoutes.ts","168","AGE_MODE_REFERENCE","message: ""puzzle already answered"",","Review before Adults route placement design."
"backend/src/daily-challenge/dailyChallengeRoutes.ts","182","AGE_MODE_REFERENCE","return res.status(400).json({ error: ""PuzzleIdMissing"", message: ""puzzleId is required"" });","Review before Adults route placement design."
"backend/src/daily-challenge/dailyChallengeRoutes.ts","194","AGE_MODE_REFERENCE","message: ""dailyChallengeId does not match today's challenge"",","Review before Adults route placement design."
"backend/src/daily-challenge/dailyChallengeRoutes.ts","203","AGE_MODE_REFERENCE","message: ""daily challenge already completed"",","Review before Adults route placement design."
"backend/src/daily-challenge/dailyChallengeRoutes.ts","213","AGE_MODE_REFERENCE","message: ""puzzleId not found in today's puzzles"",","Review before Adults route placement design."
"backend/src/daily-challenge/dailyChallengeRoutes.ts","227","AGE_MODE_REFERENCE","message: ""puzzle already answered"",","Review before Adults route placement design."
"backend/src/daily-challenge/dailyChallengeRoutes.ts","258","AGE_MODE_REFERENCE","message: ""dailyChallengeId does not match today's challenge"",","Review before Adults route placement design."
"backend/src/game/adaptive_recommendation_v2_test.js","12","ADULTS_REFERENCE","ageMode: ""adults"",","Review before Adults route placement design."
"backend/src/game/adaptive_recommendation_v2_test.js","58","AGE_MODE_REFERENCE","console.error(err.message || err);","Review before Adults route placement design."
"backend/src/game/ai_dataset_export_orchestrator_v2_test.js","7","ADULTS_REFERENCE","ageMode: ""adults"",","Review before Adults route placement design."
"backend/src/game/ai_dataset_export_orchestrator_v2_test.js","34","AGE_MODE_REFERENCE","console.error(err.message || err);","Review before Adults route placement design."
"backend/src/game/ai_dataset_export_v2.js","13","AGE_MODE_REFERENCE","ageMode: input.ageMode || """",","Review before Adults route placement design."
"backend/src/game/ai_dataset_export_v2_schema.json","7","AGE_MODE_REFERENCE","""ageMode"": """",","Review before Adults route placement design."
"backend/src/game/ai_dataset_export_v2_test.js","11","ADULTS_REFERENCE","ageMode: ""adults"",","Review before Adults route placement design."
"backend/src/game/ai_dataset_export_v2_test.js","37","AGE_MODE_REFERENCE","console.error(err.message || err);","Review before Adults route placement design."
"backend/src/game/cognitive_monthly_report_generator_v2_test.js","24","AGE_MODE_REFERENCE","console.error(err.message || err);","Review before Adults route placement design."
"backend/src/game/cognitive_report_generator_v2_test.js","23","AGE_MODE_REFERENCE","console.error(err.message || err);","Review before Adults route placement design."
"backend/src/game/mindlab_v2_route_registry_test.js","21","ADULTS_REFERENCE","ageMode: ""adults"",","Review before Adults route placement design."
"backend/src/game/mindlab_v2_route_registry_test.js","57","ADULTS_REFERENCE","ageMode: ""adults"",","Review before Adults route placement design."
"backend/src/game/mindlab_v2_route_registry_test.js","95","AGE_MODE_REFERENCE","console.error(err.message || err);","Review before Adults route placement design."
"backend/src/game/puzzle_dna_v2_schema.json","25","ADULTS_REFERENCE","""ageModeCompatibility"": [""kids"", ""adults"", ""seniors""]","Review before Adults route placement design."
"backend/src/game/puzzle_generation_api_controller_v2_test.js","6","ADULTS_REFERENCE","ageMode: ""adults"",","Review before Adults route placement design."
"backend/src/game/puzzle_generation_api_controller_v2_test.js","34","AGE_MODE_REFERENCE","console.error(err.message || err);","Review before Adults route placement design."
"backend/src/game/puzzle_generation_request_v2_schema.json","4","AGE_MODE_REFERENCE","""ageMode"": """",","Review before Adults route placement design."
"backend/src/game/user_skill_profile_v2_schema.json","4","AGE_MODE_REFERENCE","""ageMode"": """",","Review before Adults route placement design."
"backend/src/game/user_skill_progression_v2_test.js","12","ADULTS_REFERENCE","ageMode: ""adults"",","Review before Adults route placement design."
"backend/src/game/user_skill_progression_v2_test.js","53","AGE_MODE_REFERENCE","console.error(err.message || err);","Review before Adults route placement design."
"backend/src/uxhelpers.js","9","AGE_MODE_REFERENCE","detail: process.env.NODE_ENV === 'production' ? undefined : String(err.message || err)","Review before Adults route placement design."
"frontend/src/_legacy_js_backup_20251208/App.backup.js","6","KIDS_REFERENCE","return (_jsxs(""main"", { className: ""p-8"", children: [_jsx(""h1"", { className: ""text-4xl font-bold mb-4"", children: ""MindLab Frontend"" }), _jsxs(""p"", { className: ""mb-4 text-sm"", children: [""API base: "", apiBase] }), _jsx(HealthPanel, {}), _jsx(DailyChallengeHomeCard, {})] }));","Review before Adults route placement design."
"frontend/src/_legacy_js_backup_20251208/App.js","6","KIDS_REFERENCE","return (_jsxs(""main"", { children: [_jsx(""h1"", { children: ""MindLab Frontend"" }), _jsx(HealthPanel, {}), _jsx(GamePanel, {}), _jsx(ProgressPanel, {})] }));","Review before Adults route placement design."
"frontend/src/_legacy_js_backup_20251208/auth.js","1","AGE_MODE_REFERENCE","export function getToken() { return localStorage.getItem(""token""); }","Review before Adults route placement design."
"frontend/src/_legacy_js_backup_20251208/auth.js","2","AGE_MODE_REFERENCE","export function clearAuth() { localStorage.removeItem(""token""); window.location.href = ""/login""; }","Review before Adults route placement design."
"frontend/src/_legacy_js_backup_20251208/dailyChallengeApi.js","17","AGE_MODE_REFERENCE","let message = `HTTP ${response.status}`;","Review before Adults route placement design."
"frontend/src/_legacy_js_backup_20251208/dailyChallengeApi.js","21","AGE_MODE_REFERENCE","message += ` - ${text}`;","Review before Adults route placement design."
"frontend/src/_legacy_js_backup_20251208/dailyChallengeApi.js","27","AGE_MODE_REFERENCE","throw new Error(message);","Review before Adults route placement design."
"frontend/src/_legacy_js_backup_20251208/DailyChallengeDetailPage.js","6","AGE_MODE_REFERENCE","* Full Daily Challenge detail page.","Review before Adults route placement design."
"frontend/src/_legacy_js_backup_20251208/DailyChallengeDetailPage.js","12","AGE_MODE_REFERENCE","export const DailyChallengeDetailPage = () => {","Review before Adults route placement design."
"frontend/src/_legacy_js_backup_20251208/DailyChallengeDetailPage.js","42","AGE_MODE_REFERENCE","setLoadError(err?.message ?? ""Failed to load daily challenge."");","Review before Adults route placement design."
"frontend/src/_legacy_js_backup_20251208/DailyChallengeDetailPage.js","79","AGE_MODE_REFERENCE","setAnswerError(err?.message ?? ""Failed to submit answer."");","Review before Adults route placement design."
"frontend/src/_legacy_js_backup_20251208/DailyChallengeDetailPage.js","85","KIDS_REFERENCE","return (_jsxs(""div"", { style: { maxWidth: 900, margin: ""0 auto"", padding: ""1.5rem"" }, children: [_jsx(""h1"", { children: ""Daily Challenge"" }), _jsx(""p"", { style: { color: ""#555"" }, children: headline }), loadState === ""loading"" && _jsx(""p"", { children: ""Loading daily challenge\u2026"" }), loadState === ""error"" && (_jsxs(""p"", { style: { color: ""red"" }, children: [""Error loading daily challenge: "", loadError] })), instance && (_jsxs(_Fragment, { children: [_jsxs(""section"", { style: { marginTop: ""1rem"", marginBottom: ""1.5rem"" }, children: [_jsx(""strong"", { children: ""Status:"" }), "" "", instance.status, "" \u00B7"", "" "", _jsx(""strong"", { children: ""Progress:"" }), "" "", instance.completedCount, "" /"", "" "", instance.totalPuzzles] }), _jsxs(""div"", { style: { display: ""flex"", gap: ""1.5rem"", alignItems: ""flex-start"" }, children: [_jsxs(""section"", { style: { flex: 1 }, children: [_jsx(""h2"", { children: ""Puzzles"" }), instance.puzzles.length === 0 && _jsx(""p"", { children: ""No puzzles for today."" }), _jsx(""ul"", { style: { listStyle: ""none"", padding: 0 }, children: instance.puzzles.map((puzzle) => (_jsxs(""li"", { style: {","Review before Adults route placement design."
"frontend/src/_legacy_js_backup_20251208/DailyChallengeDetailPage.js","94","KIDS_REFERENCE","}, onClick: () => setSelectedPuzzleId(puzzle.id), children: [_jsx(""div"", { style: { fontWeight: 600 }, children: puzzle.title }), _jsxs(""div"", { style: { fontSize: ""0.85rem"", color: ""#666"" }, children: [""Difficulty: "", puzzle.difficulty] })] }, puzzle.id))) })] }), _jsxs(""section"", { style: { flex: 1 }, children: [_jsx(""h2"", { children: ""Answer"" }), !selectedPuzzle && _jsx(""p"", { children: ""Select a puzzle to answer."" }), selectedPuzzle && (_jsxs(""form"", { onSubmit: handleSubmit, children: [_jsxs(""p"", { children: [""Answering: "", _jsx(""strong"", { children: selectedPuzzle.title })] }), _jsxs(""label"", { style: { display: ""block"", marginBottom: ""0.5rem"" }, children: [""Your answer"", _jsx(""input"", { type: ""text"", value: answerText, onChange: (e) => setAnswerText(e.target.value), style: {","Review before Adults route placement design."
"frontend/src/_legacy_js_backup_20251208/DailyChallengeDetailPage.js","100","KIDS_REFERENCE","} })] }), _jsxs(""p"", { style: { fontSize: ""0.8rem"", color: ""#888"" }, children: [""Hint for the demo backend: try "", _jsx(""code"", { children: demoAnswerHint }), "".""] }), answerError && (_jsx(""p"", { style: { color: ""red"", marginTop: ""0.5rem"" }, children: answerError })), answerResult && (_jsx(""p"", { style: {","Review before Adults route placement design."
"frontend/src/_legacy_js_backup_20251208/DailyChallengeDetailPage.js","103","KIDS_REFERENCE","}, children: answerResult.correct","Review before Adults route placement design."
"frontend/src/_legacy_js_backup_20251208/DailyChallengeDetailPage.js","114","KIDS_REFERENCE","}, children: answerState === ""submitting""","Review before Adults route placement design."
"frontend/src/_legacy_js_backup_20251208/DailyChallengeDetailPage.js","118","AGE_MODE_REFERENCE","export default DailyChallengeDetailPage;","Review before Adults route placement design."
"frontend/src/_legacy_js_backup_20251208/DailyChallengeHomeCard.js","5","AGE_MODE_REFERENCE","* Small card to show Daily Challenge status on the home page.","Review before Adults route placement design."
"frontend/src/_legacy_js_backup_20251208/DailyChallengeHomeCard.js","26","AGE_MODE_REFERENCE","setError(err?.message ?? ""Unable to load Daily Challenge status."");","Review before Adults route placement design."
"frontend/src/_legacy_js_backup_20251208/DailyChallengeHomeCard.js","42","KIDS_REFERENCE","body = _jsx(""p"", { className: ""text-sm text-gray-500"", children: ""Loading Daily Challenge\u2026"" });","Review before Adults route placement design."
"frontend/src/_legacy_js_backup_20251208/DailyChallengeHomeCard.js","45","KIDS_REFERENCE","body = (_jsxs(""p"", { className: ""text-sm text-red-600"", children: [""Daily Challenge status unavailable: "", error] }));","Review before Adults route placement design."
"frontend/src/_legacy_js_backup_20251208/DailyChallengeHomeCard.js","53","KIDS_REFERENCE","body = (_jsxs(_Fragment, { children: [_jsxs(""p"", { className: ""text-sm text-gray-600"", children: [""Today: "", _jsx(""strong"", { children: status.challengeDate }), "" \u00B7 Band"", "" "", _jsx(""strong"", { children: status.band })] }), _jsxs(""p"", { className: ""text-sm text-gray-600 mt-1"", children: [""Progress:"", "" "", _jsxs(""strong"", { children: [status.puzzlesCompletedToday, "" / "", status.totalPuzzlesForToday] }), "" "", ""puzzles""] }), _jsxs(""p"", { className: ""text-sm text-gray-600 mt-1"", children: [""Streak: "", _jsx(""strong"", { children: status.streakCount }), "" day"", status.streakCount === 1 ? """" : ""s""] }), _jsxs(""p"", { className: ""text-sm font-semibold mt-2"", children: [""Status: "", _jsx(""span"", { className: ""text-blue-700"", children: friendlyStatus })] })] }));","Review before Adults route placement design."
"frontend/src/_legacy_js_backup_20251208/DailyChallengeHomeCard.js","56","KIDS_REFERENCE","body = (_jsx(""p"", { className: ""text-sm text-gray-500"", children: ""No Daily Challenge information available."" }));","Review before Adults route placement design."
"frontend/src/_legacy_js_backup_20251208/DailyChallengeHomeCard.js","58","KIDS_REFERENCE","return (_jsxs(""section"", { className: ""daily-challenge-card border rounded-lg p-4 shadow-sm bg-white"", children: [_jsx(""h2"", { className: ""text-lg font-bold mb-2"", children: ""Daily Challenge"" }), body, _jsx(""button"", { type: ""button"", onClick: handleOpenClick, className: ""mt-4 inline-flex items-center px-3 py-2 text-sm font-semibold rounded-md border border-blue-600 text-blue-600 hover:bg-blue-50"", children: ""Open Daily Challenge"" })] }));","Review before Adults route placement design."
"frontend/src/_legacy_js_backup_20251208/ErrorBanner.js","10","KIDS_REFERENCE","}, children: [_jsx(""strong"", { children: ""Frontend Error:"" }), "" "", error] }));","Review before Adults route placement design."
"frontend/src/_legacy_js_backup_20251208/ErrorBoundary.js","9","AGE_MODE_REFERENCE","return { hasError: true, msg: String(err?.message || err) };","Review before Adults route placement design."
"frontend/src/_legacy_js_backup_20251208/ErrorBoundary.js","13","KIDS_REFERENCE","return (_jsxs(""div"", { role: ""alert"", ""aria-live"": ""assertive"", style: { background: '#fee', padding: 12, border: '1px solid #f88' }, children: [_jsx(""strong"", { children: ""Something went wrong."" }), _jsx(""div"", { children: this.state.msg }), _jsx(""button"", { onClick: () => location.reload(), children: ""Reload"" })] }));","Review before Adults route placement design."
"frontend/src/_legacy_js_backup_20251208/ErrorBoundary.js","15","KIDS_REFERENCE","return this.props.children;","Review before Adults route placement design."
"frontend/src/_legacy_js_backup_20251208/GamePanel.js","53","KIDS_REFERENCE","return (_jsxs(""section"", { ""aria-label"": ""Puzzles section"", children: [_jsx(""h2"", { children: ""Puzzles"" }), loading && _jsx(""div"", { ""aria-live"": ""polite"", children: ""Loading puzzles\u2026"" }), !loading && !currentPuzzle && (_jsxs(""div"", { ""aria-live"": ""polite"", children: [_jsx(""p"", { children: ""No puzzle loaded."" }), _jsx(""button"", { type: ""button"", onClick: loadPuzzles, children: ""Reload puzzles"" })] })), currentPuzzle && (_jsxs(_Fragment, { children: [_jsx(""p"", { children: currentPuzzle.question }), _jsx(""ul"", { children: currentPuzzle.options.map((opt, idx) => (_jsx(""li"", { children: _jsx(""button"", { type: ""button"", onClick: () => handleOptionClick(idx), children: opt }) }, idx))) }), _jsx(""button"", { type: ""button"", onClick: nextPuzzle, children: ""Next puzzle"" })] })), status && (_jsx(""div"", { role: ""status"", ""aria-live"": ""polite"", children: status }))] }));","Review before Adults route placement design."
"frontend/src/_legacy_js_backup_20251208/HealthPanel.js","14","AGE_MODE_REFERENCE","let message = ""failed"";","Review before Adults route placement design."
"frontend/src/_legacy_js_backup_20251208/HealthPanel.js","17","AGE_MODE_REFERENCE","""message"" in e &&","Review before Adults route placement design."
"frontend/src/_legacy_js_backup_20251208/HealthPanel.js","18","AGE_MODE_REFERENCE","typeof e.message === ""string"") {","Review before Adults route placement design."
"frontend/src/_legacy_js_backup_20251208/HealthPanel.js","19","AGE_MODE_REFERENCE","message = e.message;","Review before Adults route placement design."
"frontend/src/_legacy_js_backup_20251208/HealthPanel.js","21","AGE_MODE_REFERENCE","setState({ k: ""err"", message });","Review before Adults route placement design."
"frontend/src/_legacy_js_backup_20251208/HealthPanel.js","28","KIDS_REFERENCE","return (_jsxs(""section"", { ""aria-label"": ""Backend health"", children: [_jsx(""h2"", { children: ""Health"" }), _jsx(""p"", { children: ""Checking backend\u2026"" })] }));","Review before Adults route placement design."
"frontend/src/_legacy_js_backup_20251208/HealthPanel.js","31","KIDS_REFERENCE","return (_jsxs(""section"", { ""aria-label"": ""Backend health"", children: [_jsx(""h2"", { children: ""Health"" }), _jsx(""p"", { children: ""Status: error"" }), _jsxs(""div"", { role: ""alert"", children: [""Failed to reach backend: "", state.message, "" "", _jsx(""button"", { type: ""button"", onClick: load, children: ""Retry"" })] })] }));","Review before Adults route placement design."
"frontend/src/_legacy_js_backup_20251208/HealthPanel.js","34","KIDS_REFERENCE","return (_jsxs(""section"", { ""aria-label"": ""Backend health"", children: [_jsx(""h2"", { children: ""Health"" }), _jsx(""p"", { children: ""Status: ok"" }), _jsx(""p"", { children: ""Backend is healthy (ok: true)."" }), _jsx(""pre"", { ""aria-live"": ""polite"", children: JSON.stringify(state.data, null, 2) })] }));","Review before Adults route placement design."
"frontend/src/_legacy_js_backup_20251208/main.js","5","AGE_MODE_REFERENCE","import DailyChallengeDetailPage from ""./daily-challenge/DailyChallengeDetailPage"";","Review before Adults route placement design."
"frontend/src/_legacy_js_backup_20251208/main.js","13","KIDS_REFERENCE","ReactDOM.createRoot(document.getElementById(""root"")).render(_jsx(React.StrictMode, { children: isDailyRoute ? _jsx(DailyChallengeDetailPage, {}) : _jsx(App, {}) }));","Review before Adults route placement design."
"frontend/src/_legacy_js_backup_20251208/ProgressPanel.js","26","KIDS_REFERENCE","return (_jsxs(""section"", { ""aria-label"": ""Progress"", children: [_jsx(""h2"", { children: ""Progress"" }), loading && _jsx(""div"", { ""aria-live"": ""polite"", children: ""Loading progress\u2026"" }), error && (_jsxs(""div"", { role: ""alert"", children: [error, "" "", _jsx(""button"", { type: ""button"", onClick: load, children: ""Retry"" })] })), !loading && !error && progress && (_jsx(""div"", { ""aria-live"": ""polite"", children: _jsxs(""p"", { children: [""Solved "", progress.solvedPuzzles, "" of "", progress.totalPuzzles, "" puzzles.""] }) }))] }));","Review before Adults route placement design."
"frontend/src/_legacy_js_backup_20251208/ResultBanner.js","10","KIDS_REFERENCE","}, children: text }));","Review before Adults route placement design."
"frontend/src/App.tsx","3","AGE_MODE_REFERENCE","import DailyChallengeDetailPage from ""./daily-challenge/DailyChallengeDetailPage"";","Review before Adults route placement design."
"frontend/src/App.tsx","4","AGE_MODE_REFERENCE","import ProgressPage from ""./progress/ProgressPage"";","Review before Adults route placement design."
"frontend/src/App.tsx","5","AGE_MODE_REFERENCE","import SolvePuzzle from ""./pages/SolvePuzzle"";","Review before Adults route placement design."
"frontend/src/App.tsx","29","AGE_MODE_REFERENCE","<Route path=""/app/daily"" element={<DailyChallengeDetailPage />} />","Review before Adults route placement design."
"frontend/src/App.tsx","30","AGE_MODE_REFERENCE","<Route path=""/app/progress"" element={<ProgressPage />} />","Review before Adults route placement design."
"frontend/src/app/mindlab_kids_runtime.js","5","KIDS_REFERENCE","import { getKidsPuzzleByStage } from ""../data/kids/mindlab_kids_content_selector.js"";","Review before Adults route placement design."
"frontend/src/app/mindlab_kids_runtime.js","21","KIDS_REFERENCE","export async function startMindLabKidsRuntime(containerSelector = ""#app"") {","Review before Adults route placement design."
"frontend/src/app/mindlab_kids_runtime.js","66","AGE_MODE_REFERENCE","const activeStage = state.stage || ""K1"";","Review before Adults route placement design."
"frontend/src/app/mindlab_kids_runtime.js","67","KIDS_REFERENCE","const puzzle = getKidsPuzzleByStage(activeStage, 0);","Review before Adults route placement design."
"frontend/src/app/mindlab_kids_runtime.js","70","AGE_MODE_REFERENCE","throw new Error(""No puzzle available for current stage"");","Review before Adults route placement design."
"frontend/src/app/mindlab_kids_runtime.js","98","KIDS_REFERENCE","userId: ""kids-runtime-user"",","Review before Adults route placement design."
"frontend/src/app/mindlab_kids_runtime.js","114","AGE_MODE_REFERENCE","stage: activeStage,","Review before Adults route placement design."
"frontend/src/auth.ts","2","AGE_MODE_REFERENCE","export const saveToken = (t:string)=> localStorage.setItem(KEY, t);","Review before Adults route placement design."
"frontend/src/auth.ts","3","AGE_MODE_REFERENCE","export const getToken = ()=> localStorage.getItem(KEY);","Review before Adults route placement design."
"frontend/src/auth.ts","4","AGE_MODE_REFERENCE","export const clearToken= ()=> localStorage.removeItem(KEY);","Review before Adults route placement design."
"frontend/src/components/DailyCompletionCard.tsx","29","AGE_MODE_REFERENCE","// Friendly messages (safe, no backend impact)","Review before Adults route placement design."
"frontend/src/components/DailyCompletionCard.tsx","30","AGE_MODE_REFERENCE","const messages = {","Review before Adults route placement design."
"frontend/src/components/DailyCompletionCard.tsx","43","AGE_MODE_REFERENCE","const selectedMessages = isCorrect ? messages.correct : messages.incorrect;","Review before Adults route placement design."
"frontend/src/components/DailyCompletionCard.tsx","83","AGE_MODE_REFERENCE","{selectedMessages.map((msg, i) => (","Review before Adults route placement design."
"frontend/src/components/ErrorBoundary.tsx","3","KIDS_REFERENCE","type P = { children: ReactNode };","Review before Adults route placement design."
"frontend/src/components/ErrorBoundary.tsx","9","AGE_MODE_REFERENCE","return { hasError: true, msg: String((err as any)?.message || err) };","Review before Adults route placement design."
"frontend/src/components/ErrorBoundary.tsx","21","KIDS_REFERENCE","return this.props.children;","Review before Adults route placement design."
"frontend/src/components/GamePanel.tsx","15","AGE_MODE_REFERENCE","} catch (e: any) { setErr(e?.message ?? 'network'); }","Review before Adults route placement design."
"frontend/src/components/HealthPanel.tsx","29","AGE_MODE_REFERENCE","setError(e?.message || ""Failed to reach backend"");","Review before Adults route placement design."
"frontend/src/components/ProgressPanel.tsx","11","AGE_MODE_REFERENCE","catch (e: any) { setErr(e?.message ?? 'network'); }","Review before Adults route placement design."
"frontend/src/daily-challenge/DailyChallengeDetailPage.tsx","11","AGE_MODE_REFERENCE","export default function DailyChallengeDetailPage() {","Review before Adults route placement design."
"frontend/src/daily-challenge/DailyChallengeDetailPage.tsx","49","AGE_MODE_REFERENCE","if (!cancelled) setLoadError(e?.message ?? ""Failed to load daily challenge."");","Review before Adults route placement design."
"frontend/src/daily-challenge/DailyChallengeDetailPage.tsx","98","AGE_MODE_REFERENCE","setSubmitError(err?.message ?? ""POST /daily/answer failed."");","Review before Adults route placement design."
"frontend/src/daily-challenge/DailyChallengeHomeCard.tsx","5","AGE_MODE_REFERENCE","* Small card to show Daily Challenge status on the home page.","Review before Adults route placement design."
"frontend/src/daily-challenge/DailyChallengeHomeCard.tsx","25","AGE_MODE_REFERENCE","setError(err?.message ?? ""Unable to load Daily Challenge status."");","Review before Adults route placement design."
"frontend/src/data/kids/mindlab_kids_content_selector.js","1","KIDS_REFERENCE","import { kidsPackIndex } from ""./mindlab_kids_pack_index.js"";","Review before Adults route placement design."
"frontend/src/data/kids/mindlab_kids_content_selector.js","3","KIDS_REFERENCE","export function getKidsPuzzleByStage(stage = ""K1"", index = 0) {","Review before Adults route placement design."
"frontend/src/data/kids/mindlab_kids_content_selector.js","4","KIDS_REFERENCE","const pack = kidsPackIndex[stage] || kidsPackIndex.K1 || [];","Review before Adults route placement design."
"frontend/src/data/kids/mindlab_kids_pack_index.js","1","KIDS_REFERENCE","import { kidsPackK1 } from ""./packs/mindlab_kids_pack_k1.js"";","Review before Adults route placement design."
"frontend/src/data/kids/mindlab_kids_pack_index.js","2","KIDS_REFERENCE","import { kidsPackK2 } from ""./packs/mindlab_kids_pack_k2.js"";","Review before Adults route placement design."
"frontend/src/data/kids/mindlab_kids_pack_index.js","3","KIDS_REFERENCE","import { kidsPackK3 } from ""./packs/mindlab_kids_pack_k3.js"";","Review before Adults route placement design."
"frontend/src/data/kids/mindlab_kids_pack_index.js","4","KIDS_REFERENCE","import { kidsPackK4 } from ""./packs/mindlab_kids_pack_k4.js"";","Review before Adults route placement design."
"frontend/src/data/kids/mindlab_kids_pack_index.js","5","KIDS_REFERENCE","import { kidsPackK5 } from ""./packs/mindlab_kids_pack_k5.js"";","Review before Adults route placement design."
"frontend/src/data/kids/mindlab_kids_pack_index.js","7","KIDS_REFERENCE","export const kidsPackIndex = {","Review before Adults route placement design."
"frontend/src/data/kids/mindlab_kids_pack_index.js","8","KIDS_REFERENCE","K1: kidsPackK1,","Review before Adults route placement design."
"frontend/src/data/kids/mindlab_kids_pack_index.js","9","KIDS_REFERENCE","K2: kidsPackK2,","Review before Adults route placement design."
"frontend/src/data/kids/mindlab_kids_pack_index.js","10","KIDS_REFERENCE","K3: kidsPackK3,","Review before Adults route placement design."
"frontend/src/data/kids/mindlab_kids_pack_index.js","11","KIDS_REFERENCE","K4: kidsPackK4,","Review before Adults route placement design."
"frontend/src/data/kids/mindlab_kids_pack_index.js","12","KIDS_REFERENCE","K5: kidsPackK5","Review before Adults route placement design."
"frontend/src/data/kids/mindlab_kids_seed_puzzles.js","1","KIDS_REFERENCE","export const kidsSeedPuzzles = [","Review before Adults route placement design."
"frontend/src/data/kids/mindlab_kids_seed_puzzles.js","3","KIDS_REFERENCE","id: ""KIDS-0001"",","Review before Adults route placement design."
"frontend/src/data/kids/mindlab_kids_seed_puzzles.js","4","KIDS_REFERENCE","title: ""Kids Runtime Seed Puzzle"",","Review before Adults route placement design."
"frontend/src/data/kids/mindlab_kids_seed_puzzles.js","5","AGE_MODE_REFERENCE","stage: ""K1"",","Review before Adults route placement design."
"frontend/src/data/kids/mindlab_kids_seed_puzzles.js","6","AGE_MODE_REFERENCE","category: ""Color Recognition"",","Review before Adults route placement design."
"frontend/src/data/kids/packs/mindlab_kids_pack_k1.js","1","KIDS_REFERENCE","export const kidsPackK1 = [","Review before Adults route placement design."
"frontend/src/data/kids/packs/mindlab_kids_pack_k1.js","4","AGE_MODE_REFERENCE","stage: ""K1"",","Review before Adults route placement design."
"frontend/src/data/kids/packs/mindlab_kids_pack_k1.js","5","AGE_MODE_REFERENCE","category: ""Color Recognition"",","Review before Adults route placement design."
"frontend/src/data/kids/packs/mindlab_kids_pack_k1.js","18","AGE_MODE_REFERENCE","stage: ""K1"",","Review before Adults route placement design."
"frontend/src/data/kids/packs/mindlab_kids_pack_k1.js","19","AGE_MODE_REFERENCE","category: ""Shape Recognition"",","Review before Adults route placement design."
"frontend/src/data/kids/packs/mindlab_kids_pack_k2.js","1","KIDS_REFERENCE","export const kidsPackK2 = [","Review before Adults route placement design."
"frontend/src/data/kids/packs/mindlab_kids_pack_k2.js","4","AGE_MODE_REFERENCE","stage: ""K2"",","Review before Adults route placement design."
"frontend/src/data/kids/packs/mindlab_kids_pack_k2.js","5","AGE_MODE_REFERENCE","category: ""Object Usage"",","Review before Adults route placement design."
"frontend/src/data/kids/packs/mindlab_kids_pack_k2.js","19","AGE_MODE_REFERENCE","stage: ""K2"",","Review before Adults route placement design."
"frontend/src/data/kids/packs/mindlab_kids_pack_k2.js","20","AGE_MODE_REFERENCE","category: ""Food and Daily Living"",","Review before Adults route placement design."
"frontend/src/data/kids/packs/mindlab_kids_pack_k3.js","1","KIDS_REFERENCE","export const kidsPackK3 = [","Review before Adults route placement design."
"frontend/src/data/kids/packs/mindlab_kids_pack_k3.js","4","AGE_MODE_REFERENCE","stage: ""K3"",","Review before Adults route placement design."
"frontend/src/data/kids/packs/mindlab_kids_pack_k3.js","5","AGE_MODE_REFERENCE","category: ""Compare and Choose"",","Review before Adults route placement design."
"frontend/src/data/kids/packs/mindlab_kids_pack_k3.js","19","AGE_MODE_REFERENCE","stage: ""K3"",","Review before Adults route placement design."
"frontend/src/data/kids/packs/mindlab_kids_pack_k3.js","20","AGE_MODE_REFERENCE","category: ""Sequence and Order"",","Review before Adults route placement design."
"frontend/src/data/kids/packs/mindlab_kids_pack_k4.js","1","KIDS_REFERENCE","export const kidsPackK4 = [","Review before Adults route placement design."
"frontend/src/data/kids/packs/mindlab_kids_pack_k4.js","4","AGE_MODE_REFERENCE","stage: ""K4"",","Review before Adults route placement design."
"frontend/src/data/kids/packs/mindlab_kids_pack_k4.js","5","AGE_MODE_REFERENCE","category: ""Multi-step Thinking"",","Review before Adults route placement design."
"frontend/src/data/kids/packs/mindlab_kids_pack_k5.js","1","KIDS_REFERENCE","export const kidsPackK5 = [","Review before Adults route placement design."
"frontend/src/data/kids/packs/mindlab_kids_pack_k5.js","4","AGE_MODE_REFERENCE","stage: ""K5"",","Review before Adults route placement design."
"frontend/src/data/kids/packs/mindlab_kids_pack_k5.js","5","AGE_MODE_REFERENCE","category: ""Multi-step Thinking"",","Review before Adults route placement design."
"frontend/src/engine/mindlab_adaptive_engine.js","2","AGE_MODE_REFERENCE","const { stage, performance } = state","Review before Adults route placement design."
"frontend/src/engine/mindlab_adaptive_engine.js","4","AGE_MODE_REFERENCE","if (!stage) return null","Review before Adults route placement design."
"frontend/src/engine/mindlab_adaptive_engine.js","6","AGE_MODE_REFERENCE","if (performance === ""high"") return stage + ""_advance""","Review before Adults route placement design."
"frontend/src/engine/mindlab_adaptive_engine.js","7","AGE_MODE_REFERENCE","if (performance === ""low"") return stage + ""_repeat""","Review before Adults route placement design."
"frontend/src/engine/mindlab_adaptive_engine.js","9","AGE_MODE_REFERENCE","return stage + ""_standard""","Review before Adults route placement design."
"frontend/src/engine/mindlab_backend_route_probe.js","31","AGE_MODE_REFERENCE","console.log(""BODY:"", error.message)","Review before Adults route placement design."
"frontend/src/engine/mindlab_safe_fetch.js","15","AGE_MODE_REFERENCE","const message = json && json.error ? json.error : `HTTP ${response.status}`;","Review before Adults route placement design."
"frontend/src/engine/mindlab_safe_fetch.js","16","AGE_MODE_REFERENCE","throw new Error(message);","Review before Adults route placement design."
"frontend/src/engine/mindlab_state_sync.js","1","AGE_MODE_REFERENCE","export function loadMindLabState(storageKey = ""mindlab-progress"") {","Review before Adults route placement design."
"frontend/src/engine/mindlab_state_sync.js","2","AGE_MODE_REFERENCE","const raw = window.localStorage.getItem(storageKey);","Review before Adults route placement design."
"frontend/src/engine/mindlab_state_sync.js","15","AGE_MODE_REFERENCE","export function saveMindLabState(state, storageKey = ""mindlab-progress"") {","Review before Adults route placement design."
"frontend/src/engine/mindlab_state_sync.js","16","AGE_MODE_REFERENCE","window.localStorage.setItem(storageKey, JSON.stringify(state));","Review before Adults route placement design."
"frontend/src/engine/mindlab_state_tracker.js","3","AGE_MODE_REFERENCE","stage: ""K1"",","Review before Adults route placement design."
"frontend/src/lib/auth.ts","1","AGE_MODE_REFERENCE","export function getToken(){ return localStorage.getItem(""token""); }","Review before Adults route placement design."
"frontend/src/lib/auth.ts","2","AGE_MODE_REFERENCE","export function clearAuth(){ localStorage.removeItem(""token""); window.location.href=""/login""; }","Review before Adults route placement design."
"frontend/src/main.tsx","7","KIDS_REFERENCE","import { startMindLabKidsRuntime } from ""./app/mindlab_kids_runtime.js"";","Review before Adults route placement design."
"frontend/src/main.tsx","23","AGE_MODE_REFERENCE","<React.StrictMode>","Review before Adults route placement design."
"frontend/src/main.tsx","27","AGE_MODE_REFERENCE","</React.StrictMode>","Review before Adults route placement design."
"frontend/src/main.tsx","30","KIDS_REFERENCE","async function bootMindLabKidsRuntime() {","Review before Adults route placement design."
"frontend/src/main.tsx","32","KIDS_REFERENCE","await startMindLabKidsRuntime(""#app"");","Review before Adults route placement design."
"frontend/src/main.tsx","34","AGE_MODE_REFERENCE","const message = error instanceof Error ? error.message : ""Unknown runtime error"";","Review before Adults route placement design."
"frontend/src/main.tsx","38","AGE_MODE_REFERENCE","<p id=""mindlab-feedback"">${message}</p>","Review before Adults route placement design."
"frontend/src/main.tsx","47","KIDS_REFERENCE","void bootMindLabKidsRuntime();","Review before Adults route placement design."
"frontend/src/pages/Daily.tsx","27","AGE_MODE_REFERENCE","if (!cancelled) setError(e?.message ?? ""Failed to load puzzles."");","Review before Adults route placement design."
"frontend/src/pages/Progress.tsx","10","AGE_MODE_REFERENCE","export default function ProgressPage() {","Review before Adults route placement design."
"frontend/src/pages/Progress.tsx","21","AGE_MODE_REFERENCE","setError(e?.message ?? ""Failed to load progress."");","Review before Adults route placement design."
"frontend/src/pages/Progress.tsx","32","AGE_MODE_REFERENCE","setError(e?.message ?? ""Failed to reset progress."");","Review before Adults route placement design."
"frontend/src/pages/PuzzlesPlay.tsx","53","AGE_MODE_REFERENCE","refreshAll().catch((e) => setMsg(String(e?.message || e)));","Review before Adults route placement design."
"frontend/src/pages/PuzzlesPlay.tsx","69","AGE_MODE_REFERENCE","setMsg(String(e?.message || e));","Review before Adults route placement design."
"frontend/src/pages/PuzzlesPlay.tsx","83","AGE_MODE_REFERENCE","setMsg(String(e?.message || e));","Review before Adults route placement design."
"frontend/src/pages/SolvePuzzle.tsx","157","AGE_MODE_REFERENCE","setErr(e?.message || ""Failed to load"");","Review before Adults route placement design."
"frontend/src/pages/SolvePuzzle.tsx","196","AGE_MODE_REFERENCE","setErr(e?.message || ""Solve failed"");","Review before Adults route placement design."
"frontend/src/progress/ProgressPage.tsx","42","AGE_MODE_REFERENCE","<div data-testid=""progress-page"" style={{ padding: ""1.5rem"" }}>","Review before Adults route placement design."
"frontend/src/puzzles/phase5/phase5.registry.ts","9","AGE_MODE_REFERENCE","category?: string;","Review before Adults route placement design."
"frontend/src/puzzles/phase5/phase5.registry.ts","17","AGE_MODE_REFERENCE","category: ""Logic"",","Review before Adults route placement design."
"frontend/src/puzzles/phase5/phase5.registry.ts","23","AGE_MODE_REFERENCE","category: ""Geography"",","Review before Adults route placement design."
"frontend/src/puzzles/phase5/phase5.registry.ts","29","AGE_MODE_REFERENCE","category: ""Word"",","Review before Adults route placement design."
"frontend/src/services/mindlab_v2_client_api_test.js","73","AGE_MODE_REFERENCE","console.error(err.message || err);","Review before Adults route placement design."
"frontend/src/ui/mindlab_interaction_controller.js","20","AGE_MODE_REFERENCE","onError: (error) => renderMindLabStatus(""mindlab-status-line"", error.message, true)","Review before Adults route placement design."
"frontend/src/ui/mindlab_interaction_controller.js","27","AGE_MODE_REFERENCE","renderMindLabStatus(""mindlab-status-line"", error.message, true);","Review before Adults route placement design."
"frontend/src/ui/mindlab_kids_certified_puzzle_01.js","1","KIDS_REFERENCE","function renderCertifiedKidsPuzzle01(containerId) {","Review before Adults route placement design."
"frontend/src/ui/mindlab_kids_certified_puzzle_01.js","4","KIDS_REFERENCE","if (!host) throw new Error(""Certified Kids Puzzle 01 host not found"");","Review before Adults route placement design."
"frontend/src/ui/mindlab_kids_certified_puzzle_01.js","7","KIDS_REFERENCE","<div class=""mindlab-kids-puzzle"">","Review before Adults route placement design."
"frontend/src/ui/mindlab_kids_certified_puzzle_01.js","12","KIDS_REFERENCE","<div id=""mindlab-certified-kids-puzzle-01-feedback""></div>","Review before Adults route placement design."
"frontend/src/ui/mindlab_kids_certified_puzzle_01.js","16","KIDS_REFERENCE","const feedback = host.querySelector(""#mindlab-certified-kids-puzzle-01-feedback"");","Review before Adults route placement design."
"frontend/src/ui/mindlab_kids_certified_puzzle_01.js","26","KIDS_REFERENCE","module.exports = { renderCertifiedKidsPuzzle01 };","Review before Adults route placement design."
"frontend/src/ui/mindlab_kids_certified_puzzle_02.js","1","KIDS_REFERENCE","function renderCertifiedKidsPuzzle02(containerId) {","Review before Adults route placement design."
"frontend/src/ui/mindlab_kids_certified_puzzle_02.js","4","KIDS_REFERENCE","if (!host) throw new Error(""Certified Kids Puzzle 02 host not found"");","Review before Adults route placement design."
"frontend/src/ui/mindlab_kids_certified_puzzle_02.js","6","KIDS_REFERENCE","host.innerHTML = '<div class=""mindlab-kids-puzzle"">' +","Review before Adults route placement design."
"frontend/src/ui/mindlab_kids_certified_puzzle_02.js","7","KIDS_REFERENCE","'<p>Certified Kids Puzzle 02 prompt goes here.</p>' +","Review before Adults route placement design."
"frontend/src/ui/mindlab_kids_certified_puzzle_02.js","11","KIDS_REFERENCE","'<div id=""mindlab-certified-kids-puzzle-02-feedback""></div>' +","Review before Adults route placement design."
"frontend/src/ui/mindlab_kids_certified_puzzle_02.js","14","KIDS_REFERENCE","const feedback = host.querySelector(""#mindlab-certified-kids-puzzle-02-feedback"");","Review before Adults route placement design."
"frontend/src/ui/mindlab_kids_certified_puzzle_02.js","24","KIDS_REFERENCE","module.exports = { renderCertifiedKidsPuzzle02 };","Review before Adults route placement design."
"frontend/src/ui/mindlab_kids_certified_puzzle_03.js","1","KIDS_REFERENCE","function renderCertifiedKidsPuzzle03(containerId) {","Review before Adults route placement design."
"frontend/src/ui/mindlab_kids_certified_puzzle_03.js","4","KIDS_REFERENCE","if (!host) throw new Error(""Certified Kids Puzzle 03 host not found"");","Review before Adults route placement design."
"frontend/src/ui/mindlab_kids_certified_puzzle_03.js","6","KIDS_REFERENCE","host.innerHTML = '<div class=""mindlab-kids-puzzle"">' +","Review before Adults route placement design."
"frontend/src/ui/mindlab_kids_certified_puzzle_03.js","7","KIDS_REFERENCE","'<p>Certified Kids Puzzle 03 prompt goes here.</p>' +","Review before Adults route placement design."
"frontend/src/ui/mindlab_kids_certified_puzzle_03.js","11","KIDS_REFERENCE","'<div id=""mindlab-certified-kids-puzzle-03-feedback""></div>' +","Review before Adults route placement design."
"frontend/src/ui/mindlab_kids_certified_puzzle_03.js","14","KIDS_REFERENCE","const feedback = host.querySelector(""#mindlab-certified-kids-puzzle-03-feedback"");","Review before Adults route placement design."
"frontend/src/ui/mindlab_kids_certified_puzzle_03.js","24","KIDS_REFERENCE","module.exports = { renderCertifiedKidsPuzzle03 };","Review before Adults route placement design."
"frontend/src/ui/mindlab_kids_certified_puzzle_04.js","1","KIDS_REFERENCE","function renderCertifiedKidsPuzzle04(containerId) {","Review before Adults route placement design."
"frontend/src/ui/mindlab_kids_certified_puzzle_04.js","4","KIDS_REFERENCE","if (!host) throw new Error(""Certified Kids Puzzle 04 host not found"");","Review before Adults route placement design."
"frontend/src/ui/mindlab_kids_certified_puzzle_04.js","6","KIDS_REFERENCE","host.innerHTML = '<div class=""mindlab-kids-puzzle"">' +","Review before Adults route placement design."
"frontend/src/ui/mindlab_kids_certified_puzzle_04.js","7","KIDS_REFERENCE","'<p>Certified Kids Puzzle 04 prompt goes here.</p>' +","Review before Adults route placement design."
"frontend/src/ui/mindlab_kids_certified_puzzle_04.js","11","KIDS_REFERENCE","'<div id=""mindlab-certified-kids-puzzle-04-feedback""></div>' +","Review before Adults route placement design."
"frontend/src/ui/mindlab_kids_certified_puzzle_04.js","14","KIDS_REFERENCE","const feedback = host.querySelector(""#mindlab-certified-kids-puzzle-04-feedback"");","Review before Adults route placement design."
"frontend/src/ui/mindlab_kids_certified_puzzle_04.js","24","KIDS_REFERENCE","module.exports = { renderCertifiedKidsPuzzle04 };","Review before Adults route placement design."
"frontend/src/ui/mindlab_kids_certified_puzzle_05.js","1","KIDS_REFERENCE","function renderCertifiedKidsPuzzle05(containerId) {","Review before Adults route placement design."
"frontend/src/ui/mindlab_kids_certified_puzzle_05.js","4","KIDS_REFERENCE","if (!host) throw new Error(""Certified Kids Puzzle 05 host not found"");","Review before Adults route placement design."
"frontend/src/ui/mindlab_kids_certified_puzzle_05.js","6","KIDS_REFERENCE","host.innerHTML = '<div class=""mindlab-kids-puzzle"">' +","Review before Adults route placement design."
"frontend/src/ui/mindlab_kids_certified_puzzle_05.js","7","KIDS_REFERENCE","'<p>Certified Kids Puzzle 05 prompt goes here.</p>' +","Review before Adults route placement design."
"frontend/src/ui/mindlab_kids_certified_puzzle_05.js","11","KIDS_REFERENCE","'<div id=""mindlab-certified-kids-puzzle-05-feedback""></div>' +","Review before Adults route placement design."
"frontend/src/ui/mindlab_kids_certified_puzzle_05.js","14","KIDS_REFERENCE","const feedback = host.querySelector(""#mindlab-certified-kids-puzzle-05-feedback"");","Review before Adults route placement design."
"frontend/src/ui/mindlab_kids_certified_puzzle_05.js","24","KIDS_REFERENCE","module.exports = { renderCertifiedKidsPuzzle05 };","Review before Adults route placement design."
"frontend/src/ui/mindlab_kids_certified_puzzle_06.js","1","KIDS_REFERENCE","function renderCertifiedKidsPuzzle06(containerId) {","Review before Adults route placement design."
"frontend/src/ui/mindlab_kids_certified_puzzle_06.js","6","KIDS_REFERENCE","host.innerHTML = '<div class=""mindlab-kids-puzzle"">' +","Review before Adults route placement design."
"frontend/src/ui/mindlab_kids_certified_puzzle_06.js","24","KIDS_REFERENCE","module.exports = { renderCertifiedKidsPuzzle06 };","Review before Adults route placement design."
"frontend/src/ui/mindlab_kids_certified_puzzle_07.js","1","KIDS_REFERENCE","function renderCertifiedKidsPuzzle07(containerId) {","Review before Adults route placement design."
"frontend/src/ui/mindlab_kids_certified_puzzle_07.js","6","KIDS_REFERENCE","host.innerHTML = '<div class=""mindlab-kids-puzzle"">' +","Review before Adults route placement design."
"frontend/src/ui/mindlab_kids_certified_puzzle_07.js","24","KIDS_REFERENCE","module.exports = { renderCertifiedKidsPuzzle07 };","Review before Adults route placement design."
"frontend/src/ui/mindlab_kids_certified_puzzle_08.js","1","KIDS_REFERENCE","function renderCertifiedKidsPuzzle08(containerId) {","Review before Adults route placement design."
"frontend/src/ui/mindlab_kids_certified_puzzle_08.js","6","KIDS_REFERENCE","host.innerHTML = '<div class=""mindlab-kids-puzzle"">' +","Review before Adults route placement design."
"frontend/src/ui/mindlab_kids_certified_puzzle_08.js","24","KIDS_REFERENCE","module.exports = { renderCertifiedKidsPuzzle08 };","Review before Adults route placement design."
"frontend/src/ui/mindlab_kids_certified_puzzle_09.js","1","KIDS_REFERENCE","function renderCertifiedKidsPuzzle09(containerId) {","Review before Adults route placement design."
"frontend/src/ui/mindlab_kids_certified_puzzle_09.js","6","KIDS_REFERENCE","host.innerHTML = '<div class=""mindlab-kids-puzzle"">' +","Review before Adults route placement design."
"frontend/src/ui/mindlab_kids_certified_puzzle_09.js","24","KIDS_REFERENCE","module.exports = { renderCertifiedKidsPuzzle09 };","Review before Adults route placement design."
"frontend/src/ui/mindlab_kids_certified_puzzle_10.js","1","KIDS_REFERENCE","function renderCertifiedKidsPuzzle10(containerId) {","Review before Adults route placement design."
"frontend/src/ui/mindlab_kids_certified_puzzle_10.js","6","KIDS_REFERENCE","host.innerHTML = '<div class=""mindlab-kids-puzzle"">' +","Review before Adults route placement design."
"frontend/src/ui/mindlab_kids_certified_puzzle_10.js","24","KIDS_REFERENCE","module.exports = { renderCertifiedKidsPuzzle10 };","Review before Adults route placement design."
"frontend/src/ui/mindlab_kids_certified_puzzle_11.js","1","KIDS_REFERENCE","function renderCertifiedKidsPuzzle11(containerId) {","Review before Adults route placement design."
"frontend/src/ui/mindlab_kids_certified_puzzle_11.js","6","KIDS_REFERENCE","host.innerHTML = '<div class=""mindlab-kids-puzzle"">' +","Review before Adults route placement design."
"frontend/src/ui/mindlab_kids_certified_puzzle_11.js","24","KIDS_REFERENCE","module.exports = { renderCertifiedKidsPuzzle11 };","Review before Adults route placement design."
"frontend/src/ui/mindlab_kids_certified_puzzle_12.js","1","KIDS_REFERENCE","function renderCertifiedKidsPuzzle12(containerId) {","Review before Adults route placement design."
"frontend/src/ui/mindlab_kids_certified_puzzle_12.js","6","KIDS_REFERENCE","host.innerHTML = '<div class=""mindlab-kids-puzzle"">' +","Review before Adults route placement design."
"frontend/src/ui/mindlab_kids_certified_puzzle_12.js","24","KIDS_REFERENCE","module.exports = { renderCertifiedKidsPuzzle12 };","Review before Adults route placement design."
"frontend/src/ui/mindlab_kids_certified_puzzle_13.js","1","KIDS_REFERENCE","function renderCertifiedKidsPuzzle13(containerId) {","Review before Adults route placement design."
"frontend/src/ui/mindlab_kids_certified_puzzle_13.js","6","KIDS_REFERENCE","host.innerHTML = '<div class=""mindlab-kids-puzzle"">' +","Review before Adults route placement design."
"frontend/src/ui/mindlab_kids_certified_puzzle_13.js","24","KIDS_REFERENCE","module.exports = { renderCertifiedKidsPuzzle13 };","Review before Adults route placement design."
"frontend/src/ui/mindlab_kids_certified_puzzle_14.js","1","KIDS_REFERENCE","function renderCertifiedKidsPuzzle14(containerId) {","Review before Adults route placement design."
"frontend/src/ui/mindlab_kids_certified_puzzle_14.js","6","KIDS_REFERENCE","host.innerHTML = '<div class=""mindlab-kids-puzzle"">' +","Review before Adults route placement design."
"frontend/src/ui/mindlab_kids_certified_puzzle_14.js","24","KIDS_REFERENCE","module.exports = { renderCertifiedKidsPuzzle14 };","Review before Adults route placement design."
"frontend/src/ui/mindlab_kids_certified_puzzle_15.js","1","KIDS_REFERENCE","function renderCertifiedKidsPuzzle15(containerId) {","Review before Adults route placement design."
"frontend/src/ui/mindlab_kids_certified_puzzle_15.js","6","KIDS_REFERENCE","host.innerHTML = '<div class=""mindlab-kids-puzzle"">' +","Review before Adults route placement design."
"frontend/src/ui/mindlab_kids_certified_puzzle_15.js","24","KIDS_REFERENCE","module.exports = { renderCertifiedKidsPuzzle15 };","Review before Adults route placement design."
"frontend/src/ui/mindlab_kids_certified_puzzle_16.js","1","KIDS_REFERENCE","function renderCertifiedKidsPuzzle16(containerId) {","Review before Adults route placement design."
"frontend/src/ui/mindlab_kids_certified_puzzle_16.js","6","KIDS_REFERENCE","host.innerHTML = '<div class=""mindlab-kids-puzzle"">' +","Review before Adults route placement design."
"frontend/src/ui/mindlab_kids_certified_puzzle_16.js","24","KIDS_REFERENCE","module.exports = { renderCertifiedKidsPuzzle16 };","Review before Adults route placement design."
"frontend/src/ui/mindlab_kids_certified_puzzle_17.js","1","KIDS_REFERENCE","function renderCertifiedKidsPuzzle17(containerId) {","Review before Adults route placement design."
"frontend/src/ui/mindlab_kids_certified_puzzle_17.js","6","KIDS_REFERENCE","host.innerHTML = '<div class=""mindlab-kids-puzzle"">' +","Review before Adults route placement design."
"frontend/src/ui/mindlab_kids_certified_puzzle_17.js","24","KIDS_REFERENCE","module.exports = { renderCertifiedKidsPuzzle17 };","Review before Adults route placement design."
"frontend/src/ui/mindlab_kids_certified_puzzle_18.js","1","KIDS_REFERENCE","function renderCertifiedKidsPuzzle18(containerId) {","Review before Adults route placement design."
"frontend/src/ui/mindlab_kids_certified_puzzle_18.js","6","KIDS_REFERENCE","host.innerHTML = '<div class=""mindlab-kids-puzzle"">' +","Review before Adults route placement design."
"frontend/src/ui/mindlab_kids_certified_puzzle_18.js","24","KIDS_REFERENCE","module.exports = { renderCertifiedKidsPuzzle18 };","Review before Adults route placement design."
"frontend/src/ui/mindlab_kids_certified_puzzle_19.js","1","KIDS_REFERENCE","function renderCertifiedKidsPuzzle19(containerId) {","Review before Adults route placement design."
"frontend/src/ui/mindlab_kids_certified_puzzle_19.js","6","KIDS_REFERENCE","host.innerHTML = '<div class=""mindlab-kids-puzzle"">' +","Review before Adults route placement design."
"frontend/src/ui/mindlab_kids_certified_puzzle_19.js","24","KIDS_REFERENCE","module.exports = { renderCertifiedKidsPuzzle19 };","Review before Adults route placement design."
"frontend/src/ui/mindlab_kids_certified_puzzle_20.js","1","KIDS_REFERENCE","function renderCertifiedKidsPuzzle20(containerId) {","Review before Adults route placement design."
"frontend/src/ui/mindlab_kids_certified_puzzle_20.js","6","KIDS_REFERENCE","host.innerHTML = '<div class=""mindlab-kids-puzzle"">' +","Review before Adults route placement design."
"frontend/src/ui/mindlab_kids_certified_puzzle_20.js","24","KIDS_REFERENCE","module.exports = { renderCertifiedKidsPuzzle20 };","Review before Adults route placement design."
"frontend/src/ui/mindlab_kids_certified_puzzle_21.js","1","KIDS_REFERENCE","function renderCertifiedKidsPuzzle21(containerId) {","Review before Adults route placement design."
"frontend/src/ui/mindlab_kids_certified_puzzle_21.js","6","KIDS_REFERENCE","host.innerHTML = '<div class=""mindlab-kids-puzzle"">' +","Review before Adults route placement design."
"frontend/src/ui/mindlab_kids_certified_puzzle_21.js","24","KIDS_REFERENCE","module.exports = { renderCertifiedKidsPuzzle21 };","Review before Adults route placement design."
"frontend/src/ui/mindlab_kids_certified_puzzle_22.js","1","KIDS_REFERENCE","function renderCertifiedKidsPuzzle22(containerId) {","Review before Adults route placement design."
"frontend/src/ui/mindlab_kids_certified_puzzle_22.js","6","KIDS_REFERENCE","host.innerHTML = '<div class=""mindlab-kids-puzzle"">' +","Review before Adults route placement design."
"frontend/src/ui/mindlab_kids_certified_puzzle_22.js","24","KIDS_REFERENCE","module.exports = { renderCertifiedKidsPuzzle22 };","Review before Adults route placement design."
"frontend/src/ui/mindlab_kids_certified_puzzle_23.js","1","KIDS_REFERENCE","function renderCertifiedKidsPuzzle23(containerId) {","Review before Adults route placement design."
"frontend/src/ui/mindlab_kids_certified_puzzle_23.js","6","KIDS_REFERENCE","host.innerHTML = '<div class=""mindlab-kids-puzzle"">' +","Review before Adults route placement design."
"frontend/src/ui/mindlab_kids_certified_puzzle_23.js","24","KIDS_REFERENCE","module.exports = { renderCertifiedKidsPuzzle23 };","Review before Adults route placement design."
"frontend/src/ui/mindlab_kids_certified_puzzle_24.js","1","KIDS_REFERENCE","function renderCertifiedKidsPuzzle24(containerId) {","Review before Adults route placement design."
"frontend/src/ui/mindlab_kids_certified_puzzle_24.js","6","KIDS_REFERENCE","host.innerHTML = '<div class=""mindlab-kids-puzzle"">' +","Review before Adults route placement design."
"frontend/src/ui/mindlab_kids_certified_puzzle_24.js","24","KIDS_REFERENCE","module.exports = { renderCertifiedKidsPuzzle24 };","Review before Adults route placement design."
"frontend/src/ui/mindlab_kids_certified_puzzle_25.js","1","KIDS_REFERENCE","function renderCertifiedKidsPuzzle25(containerId) {","Review before Adults route placement design."
"frontend/src/ui/mindlab_kids_certified_puzzle_25.js","6","KIDS_REFERENCE","host.innerHTML = '<div class=""mindlab-kids-puzzle"">' +","Review before Adults route placement design."
"frontend/src/ui/mindlab_kids_certified_puzzle_25.js","24","KIDS_REFERENCE","module.exports = { renderCertifiedKidsPuzzle25 };","Review before Adults route placement design."
"frontend/src/ui/mindlab_kids_first_puzzle.js","1","KIDS_REFERENCE","function renderKidsFirstPuzzle(containerId) {","Review before Adults route placement design."
"frontend/src/ui/mindlab_kids_first_puzzle.js","4","KIDS_REFERENCE","throw new Error(""Kids first puzzle host not found."");","Review before Adults route placement design."
"frontend/src/ui/mindlab_kids_first_puzzle.js","8","KIDS_REFERENCE","<div class=""mindlab-kids-puzzle"">","Review before Adults route placement design."
"frontend/src/ui/mindlab_kids_first_puzzle.js","13","KIDS_REFERENCE","<div id=""mindlab-kids-feedback""></div>","Review before Adults route placement design."
"frontend/src/ui/mindlab_kids_first_puzzle.js","17","KIDS_REFERENCE","const feedback = host.querySelector(""#mindlab-kids-feedback"");","Review before Adults route placement design."
"frontend/src/ui/mindlab_kids_first_puzzle.js","28","KIDS_REFERENCE","module.exports = { renderKidsFirstPuzzle };","Review before Adults route placement design."
"frontend/src/ui/mindlab_kids_game_flow.js","1","KIDS_REFERENCE","import { trackProgress } from ""./mindlab_kids_progress.js"";","Review before Adults route placement design."
"frontend/src/ui/mindlab_kids_game_flow.js","3","KIDS_REFERENCE","export function startMindLabKidsGame(containerId) {","Review before Adults route placement design."
"frontend/src/ui/mindlab_kids_game_flow.js","11","KIDS_REFERENCE","const fnName = ""renderCertifiedKidsPuzzle"" + String(index).padStart(2, ""0"");","Review before Adults route placement design."
"frontend/src/ui/mindlab_kids_main.js","1","KIDS_REFERENCE","import { startMindLabKidsGame } from ""./mindlab_kids_game_flow.js"";","Review before Adults route placement design."
"frontend/src/ui/mindlab_kids_main.js","4","KIDS_REFERENCE","startMindLabKidsGame(""app"");","Review before Adults route placement design."
"frontend/src/ui/mindlab_kids_mode_shell.js","1","KIDS_REFERENCE","function renderKidsModeShell(containerId) {","Review before Adults route placement design."
"frontend/src/ui/mindlab_kids_mode_shell.js","4","KIDS_REFERENCE","throw new Error(""Kids mode shell host not found."");","Review before Adults route placement design."
"frontend/src/ui/mindlab_kids_mode_shell.js","8","KIDS_REFERENCE","<section class=""mindlab-kids-mode"">","Review before Adults route placement design."
"frontend/src/ui/mindlab_kids_mode_shell.js","9","KIDS_REFERENCE","<h1>MindLab Kids Mode</h1>","Review before Adults route placement design."
"frontend/src/ui/mindlab_kids_mode_shell.js","11","KIDS_REFERENCE","<div id=""mindlab-kids-puzzle-host""></div>","Review before Adults route placement design."
"frontend/src/ui/mindlab_kids_mode_shell.js","12","KIDS_REFERENCE","<button id=""mindlab-kids-retry-button"" type=""button"">Retry</button>","Review before Adults route placement design."
"frontend/src/ui/mindlab_kids_mode_shell.js","18","KIDS_REFERENCE","module.exports = { renderKidsModeShell };","Review before Adults route placement design."
"frontend/src/ui/mindlab_kids_progress.js","3","KIDS_REFERENCE","const key = ""mindlab_kids_progress"";","Review before Adults route placement design."
"frontend/src/ui/mindlab_kids_progress.js","4","AGE_MODE_REFERENCE","const data = JSON.parse(localStorage.getItem(key) || ""{}"");","Review before Adults route placement design."
"frontend/src/ui/mindlab_kids_progress.js","8","AGE_MODE_REFERENCE","localStorage.setItem(key, JSON.stringify(data));","Review before Adults route placement design."
"frontend/src/ui/mindlab_kids_puzzle_02.js","1","KIDS_REFERENCE","function renderKidsPuzzle02(containerId) {","Review before Adults route placement design."
"frontend/src/ui/mindlab_kids_puzzle_02.js","4","KIDS_REFERENCE","throw new Error(""Kids puzzle 02 host not found."");","Review before Adults route placement design."
"frontend/src/ui/mindlab_kids_puzzle_02.js","8","KIDS_REFERENCE","<div class=""mindlab-kids-puzzle"">","Review before Adults route placement design."
"frontend/src/ui/mindlab_kids_puzzle_02.js","13","KIDS_REFERENCE","<div id=""mindlab-kids-puzzle-02-feedback""></div>","Review before Adults route placement design."
"frontend/src/ui/mindlab_kids_puzzle_02.js","17","KIDS_REFERENCE","const feedback = host.querySelector(""#mindlab-kids-puzzle-02-feedback"");","Review before Adults route placement design."
"frontend/src/ui/mindlab_kids_puzzle_02.js","28","KIDS_REFERENCE","module.exports = { renderKidsPuzzle02 };","Review before Adults route placement design."
"frontend/src/ui/mindlab_kids_puzzle_03.js","1","KIDS_REFERENCE","function renderKidsPuzzle03(containerId) {","Review before Adults route placement design."
"frontend/src/ui/mindlab_kids_puzzle_03.js","4","KIDS_REFERENCE","throw new Error(""Kids puzzle 03 host not found."");","Review before Adults route placement design."
"frontend/src/ui/mindlab_kids_puzzle_03.js","8","KIDS_REFERENCE","<div class=""mindlab-kids-puzzle"">","Review before Adults route placement design."
"frontend/src/ui/mindlab_kids_puzzle_03.js","13","KIDS_REFERENCE","<div id=""mindlab-kids-puzzle-03-feedback""></div>","Review before Adults route placement design."
"frontend/src/ui/mindlab_kids_puzzle_03.js","17","KIDS_REFERENCE","const feedback = host.querySelector(""#mindlab-kids-puzzle-03-feedback"");","Review before Adults route placement design."
"frontend/src/ui/mindlab_kids_puzzle_03.js","28","KIDS_REFERENCE","module.exports = { renderKidsPuzzle03 };","Review before Adults route placement design."
"frontend/src/ui/mindlab_kids_puzzle_04.js","1","KIDS_REFERENCE","function renderKidsPuzzle04(containerId) {","Review before Adults route placement design."
"frontend/src/ui/mindlab_kids_puzzle_04.js","4","KIDS_REFERENCE","throw new Error(""Kids puzzle 04 host not found."");","Review before Adults route placement design."
"frontend/src/ui/mindlab_kids_puzzle_04.js","8","KIDS_REFERENCE","<div class=""mindlab-kids-puzzle"">","Review before Adults route placement design."
"frontend/src/ui/mindlab_kids_puzzle_04.js","13","KIDS_REFERENCE","<div id=""mindlab-kids-puzzle-04-feedback""></div>","Review before Adults route placement design."
"frontend/src/ui/mindlab_kids_puzzle_04.js","17","KIDS_REFERENCE","const feedback = host.querySelector(""#mindlab-kids-puzzle-04-feedback"");","Review before Adults route placement design."
"frontend/src/ui/mindlab_kids_puzzle_04.js","28","KIDS_REFERENCE","module.exports = { renderKidsPuzzle04 };","Review before Adults route placement design."
"frontend/src/ui/mindlab_kids_puzzle_05.js","1","KIDS_REFERENCE","function renderKidsPuzzle05(containerId) {","Review before Adults route placement design."
"frontend/src/ui/mindlab_kids_puzzle_05.js","4","KIDS_REFERENCE","throw new Error(""Kids puzzle 05 host not found."");","Review before Adults route placement design."
"frontend/src/ui/mindlab_kids_puzzle_05.js","8","KIDS_REFERENCE","<div class=""mindlab-kids-puzzle"">","Review before Adults route placement design."
"frontend/src/ui/mindlab_kids_puzzle_05.js","13","KIDS_REFERENCE","<div id=""mindlab-kids-puzzle-05-feedback""></div>","Review before Adults route placement design."
"frontend/src/ui/mindlab_kids_puzzle_05.js","17","KIDS_REFERENCE","const feedback = host.querySelector(""#mindlab-kids-puzzle-05-feedback"");","Review before Adults route placement design."
"frontend/src/ui/mindlab_kids_puzzle_05.js","28","KIDS_REFERENCE","module.exports = { renderKidsPuzzle05 };","Review before Adults route placement design."
"frontend/src/ui/mindlab_kids_puzzle_06.js","1","KIDS_REFERENCE","function renderKidsPuzzle06(containerId) {","Review before Adults route placement design."
"frontend/src/ui/mindlab_kids_puzzle_06.js","4","KIDS_REFERENCE","throw new Error(""Kids puzzle 06 host not found."");","Review before Adults route placement design."
"frontend/src/ui/mindlab_kids_puzzle_06.js","8","KIDS_REFERENCE","<div class=""mindlab-kids-puzzle"">","Review before Adults route placement design."
"frontend/src/ui/mindlab_kids_puzzle_06.js","13","KIDS_REFERENCE","<div id=""mindlab-kids-puzzle-06-feedback""></div>","Review before Adults route placement design."
"frontend/src/ui/mindlab_kids_puzzle_06.js","17","KIDS_REFERENCE","const feedback = host.querySelector(""#mindlab-kids-puzzle-06-feedback"");","Review before Adults route placement design."
"frontend/src/ui/mindlab_kids_puzzle_06.js","28","KIDS_REFERENCE","module.exports = { renderKidsPuzzle06 };","Review before Adults route placement design."
"frontend/src/ui/mindlab_kids_puzzle_07.js","1","KIDS_REFERENCE","function renderKidsPuzzle07(containerId) {","Review before Adults route placement design."
"frontend/src/ui/mindlab_kids_puzzle_07.js","4","KIDS_REFERENCE","throw new Error(""Kids puzzle 07 host not found."");","Review before Adults route placement design."
"frontend/src/ui/mindlab_kids_puzzle_07.js","8","KIDS_REFERENCE","<div class=""mindlab-kids-puzzle"">","Review before Adults route placement design."
"frontend/src/ui/mindlab_kids_puzzle_07.js","13","KIDS_REFERENCE","<div id=""mindlab-kids-puzzle-07-feedback""></div>","Review before Adults route placement design."
"frontend/src/ui/mindlab_kids_puzzle_07.js","17","KIDS_REFERENCE","const feedback = host.querySelector(""#mindlab-kids-puzzle-07-feedback"");","Review before Adults route placement design."
"frontend/src/ui/mindlab_kids_puzzle_07.js","28","KIDS_REFERENCE","module.exports = { renderKidsPuzzle07 };","Review before Adults route placement design."
"frontend/src/ui/mindlab_kids_puzzle_08.js","1","KIDS_REFERENCE","function renderKidsPuzzle08(containerId) {","Review before Adults route placement design."
"frontend/src/ui/mindlab_kids_puzzle_08.js","4","KIDS_REFERENCE","throw new Error(""Kids puzzle 08 host not found."");","Review before Adults route placement design."
"frontend/src/ui/mindlab_kids_puzzle_08.js","8","KIDS_REFERENCE","<div class=""mindlab-kids-puzzle"">","Review before Adults route placement design."
"frontend/src/ui/mindlab_kids_puzzle_08.js","13","KIDS_REFERENCE","<div id=""mindlab-kids-puzzle-08-feedback""></div>","Review before Adults route placement design."
"frontend/src/ui/mindlab_kids_puzzle_08.js","17","KIDS_REFERENCE","const feedback = host.querySelector(""#mindlab-kids-puzzle-08-feedback"");","Review before Adults route placement design."
"frontend/src/ui/mindlab_kids_puzzle_08.js","28","KIDS_REFERENCE","module.exports = { renderKidsPuzzle08 };","Review before Adults route placement design."
"frontend/src/ui/mindlab_kids_puzzle_09.js","1","KIDS_REFERENCE","function renderKidsPuzzle09(containerId) {","Review before Adults route placement design."
"frontend/src/ui/mindlab_kids_puzzle_09.js","4","KIDS_REFERENCE","throw new Error(""Kids puzzle 09 host not found."");","Review before Adults route placement design."
"frontend/src/ui/mindlab_kids_puzzle_09.js","8","KIDS_REFERENCE","<div class=""mindlab-kids-puzzle"">","Review before Adults route placement design."
"frontend/src/ui/mindlab_kids_puzzle_09.js","13","KIDS_REFERENCE","<div id=""mindlab-kids-puzzle-09-feedback""></div>","Review before Adults route placement design."
"frontend/src/ui/mindlab_kids_puzzle_09.js","17","KIDS_REFERENCE","const feedback = host.querySelector(""#mindlab-kids-puzzle-09-feedback"");","Review before Adults route placement design."
"frontend/src/ui/mindlab_kids_puzzle_09.js","28","KIDS_REFERENCE","module.exports = { renderKidsPuzzle09 };","Review before Adults route placement design."
"frontend/src/ui/mindlab_kids_puzzle_10.js","1","KIDS_REFERENCE","function renderKidsPuzzle10(containerId) {","Review before Adults route placement design."
"frontend/src/ui/mindlab_kids_puzzle_10.js","4","KIDS_REFERENCE","throw new Error(""Kids puzzle 10 host not found."");","Review before Adults route placement design."
"frontend/src/ui/mindlab_kids_puzzle_10.js","8","KIDS_REFERENCE","<div class=""mindlab-kids-puzzle"">","Review before Adults route placement design."
"frontend/src/ui/mindlab_kids_puzzle_10.js","13","KIDS_REFERENCE","<div id=""mindlab-kids-puzzle-10-feedback""></div>","Review before Adults route placement design."
"frontend/src/ui/mindlab_kids_puzzle_10.js","17","KIDS_REFERENCE","const feedback = host.querySelector(""#mindlab-kids-puzzle-10-feedback"");","Review before Adults route placement design."
"frontend/src/ui/mindlab_kids_puzzle_10.js","28","KIDS_REFERENCE","module.exports = { renderKidsPuzzle10 };","Review before Adults route placement design."
"frontend/src/ui/mindlab_kids_puzzle_11.js","1","KIDS_REFERENCE","function renderKidsPuzzle11(containerId) {","Review before Adults route placement design."
"frontend/src/ui/mindlab_kids_puzzle_11.js","4","KIDS_REFERENCE","throw new Error(""Kids puzzle 11 host not found."");","Review before Adults route placement design."
"frontend/src/ui/mindlab_kids_puzzle_11.js","8","KIDS_REFERENCE","<div class=""mindlab-kids-puzzle"">","Review before Adults route placement design."
"frontend/src/ui/mindlab_kids_puzzle_11.js","13","KIDS_REFERENCE","<div id=""mindlab-kids-puzzle-11-feedback""></div>","Review before Adults route placement design."
"frontend/src/ui/mindlab_kids_puzzle_11.js","17","KIDS_REFERENCE","const feedback = host.querySelector(""#mindlab-kids-puzzle-11-feedback"");","Review before Adults route placement design."
"frontend/src/ui/mindlab_kids_puzzle_11.js","28","KIDS_REFERENCE","module.exports = { renderKidsPuzzle11 };","Review before Adults route placement design."
"frontend/src/ui/mindlab_kids_puzzle_12.js","1","KIDS_REFERENCE","function renderKidsPuzzle12(containerId) {","Review before Adults route placement design."
"frontend/src/ui/mindlab_kids_puzzle_12.js","4","KIDS_REFERENCE","throw new Error(""Kids puzzle 12 host not found."");","Review before Adults route placement design."
"frontend/src/ui/mindlab_kids_puzzle_12.js","8","KIDS_REFERENCE","<div class=""mindlab-kids-puzzle"">","Review before Adults route placement design."
"frontend/src/ui/mindlab_kids_puzzle_12.js","13","KIDS_REFERENCE","<div id=""mindlab-kids-puzzle-12-feedback""></div>","Review before Adults route placement design."
"frontend/src/ui/mindlab_kids_puzzle_12.js","17","KIDS_REFERENCE","const feedback = host.querySelector(""#mindlab-kids-puzzle-12-feedback"");","Review before Adults route placement design."
"frontend/src/ui/mindlab_kids_puzzle_12.js","28","KIDS_REFERENCE","module.exports = { renderKidsPuzzle12 };","Review before Adults route placement design."
"frontend/src/ui/mindlab_kids_puzzle_13.js","1","KIDS_REFERENCE","function renderKidsPuzzle13(containerId) {","Review before Adults route placement design."
"frontend/src/ui/mindlab_kids_puzzle_13.js","4","KIDS_REFERENCE","throw new Error(""Kids puzzle 13 host not found."");","Review before Adults route placement design."
"frontend/src/ui/mindlab_kids_puzzle_13.js","8","KIDS_REFERENCE","<div class=""mindlab-kids-puzzle"">","Review before Adults route placement design."
"frontend/src/ui/mindlab_kids_puzzle_13.js","13","KIDS_REFERENCE","<div id=""mindlab-kids-puzzle-13-feedback""></div>","Review before Adults route placement design."
"frontend/src/ui/mindlab_kids_puzzle_13.js","17","KIDS_REFERENCE","const feedback = host.querySelector(""#mindlab-kids-puzzle-13-feedback"");","Review before Adults route placement design."
"frontend/src/ui/mindlab_kids_puzzle_13.js","28","KIDS_REFERENCE","module.exports = { renderKidsPuzzle13 };","Review before Adults route placement design."
"frontend/src/ui/mindlab_kids_puzzle_14.js","1","KIDS_REFERENCE","function renderKidsPuzzle14(containerId) {","Review before Adults route placement design."
"frontend/src/ui/mindlab_kids_puzzle_14.js","4","KIDS_REFERENCE","throw new Error(""Kids puzzle 14 host not found."");","Review before Adults route placement design."
"frontend/src/ui/mindlab_kids_puzzle_14.js","8","KIDS_REFERENCE","<div class=""mindlab-kids-puzzle"">","Review before Adults route placement design."
"frontend/src/ui/mindlab_kids_puzzle_14.js","13","KIDS_REFERENCE","<div id=""mindlab-kids-puzzle-14-feedback""></div>","Review before Adults route placement design."
"frontend/src/ui/mindlab_kids_puzzle_14.js","17","KIDS_REFERENCE","const feedback = host.querySelector(""#mindlab-kids-puzzle-14-feedback"");","Review before Adults route placement design."
"frontend/src/ui/mindlab_kids_puzzle_14.js","28","KIDS_REFERENCE","module.exports = { renderKidsPuzzle14 };","Review before Adults route placement design."
"frontend/src/ui/mindlab_kids_puzzle_15.js","1","KIDS_REFERENCE","function renderKidsPuzzle15(containerId) {","Review before Adults route placement design."
"frontend/src/ui/mindlab_kids_puzzle_15.js","4","KIDS_REFERENCE","throw new Error(""Kids puzzle 15 host not found."");","Review before Adults route placement design."
"frontend/src/ui/mindlab_kids_puzzle_15.js","8","KIDS_REFERENCE","<div class=""mindlab-kids-puzzle"">","Review before Adults route placement design."
"frontend/src/ui/mindlab_kids_puzzle_15.js","13","KIDS_REFERENCE","<div id=""mindlab-kids-puzzle-15-feedback""></div>","Review before Adults route placement design."
"frontend/src/ui/mindlab_kids_puzzle_15.js","17","KIDS_REFERENCE","const feedback = host.querySelector(""#mindlab-kids-puzzle-15-feedback"");","Review before Adults route placement design."
"frontend/src/ui/mindlab_kids_puzzle_15.js","26","KIDS_REFERENCE","module.exports = { renderKidsPuzzle15 };","Review before Adults route placement design."
"frontend/src/ui/mindlab_kids_puzzle_16.js","1","KIDS_REFERENCE","function renderKidsPuzzle16(containerId) {","Review before Adults route placement design."
"frontend/src/ui/mindlab_kids_puzzle_16.js","6","KIDS_REFERENCE","<div class=""mindlab-kids-puzzle"">","Review before Adults route placement design."
"frontend/src/ui/mindlab_kids_puzzle_16.js","11","KIDS_REFERENCE","<div id=""mindlab-kids-puzzle-16-feedback""></div>","Review before Adults route placement design."
"frontend/src/ui/mindlab_kids_puzzle_16.js","15","KIDS_REFERENCE","const feedback = host.querySelector(""#mindlab-kids-puzzle-16-feedback"");","Review before Adults route placement design."
"frontend/src/ui/mindlab_kids_puzzle_16.js","24","KIDS_REFERENCE","module.exports = { renderKidsPuzzle16 };","Review before Adults route placement design."
"frontend/src/ui/mindlab_kids_puzzle_17.js","1","KIDS_REFERENCE","function renderKidsPuzzle17(containerId) {","Review before Adults route placement design."
"frontend/src/ui/mindlab_kids_puzzle_17.js","6","KIDS_REFERENCE","<div class=""mindlab-kids-puzzle"">","Review before Adults route placement design."
"frontend/src/ui/mindlab_kids_puzzle_17.js","11","KIDS_REFERENCE","<div id=""mindlab-kids-puzzle-17-feedback""></div>","Review before Adults route placement design."
"frontend/src/ui/mindlab_kids_puzzle_17.js","15","KIDS_REFERENCE","const feedback = host.querySelector(""#mindlab-kids-puzzle-17-feedback"");","Review before Adults route placement design."
"frontend/src/ui/mindlab_kids_puzzle_17.js","24","KIDS_REFERENCE","module.exports = { renderKidsPuzzle17 };","Review before Adults route placement design."
"frontend/src/ui/mindlab_kids_puzzle_18.js","1","KIDS_REFERENCE","function renderKidsPuzzle18(containerId) {","Review before Adults route placement design."
"frontend/src/ui/mindlab_kids_puzzle_18.js","6","KIDS_REFERENCE","<div class=""mindlab-kids-puzzle"">","Review before Adults route placement design."
"frontend/src/ui/mindlab_kids_puzzle_18.js","11","KIDS_REFERENCE","<div id=""mindlab-kids-puzzle-18-feedback""></div>","Review before Adults route placement design."
"frontend/src/ui/mindlab_kids_puzzle_18.js","15","KIDS_REFERENCE","const feedback = host.querySelector(""#mindlab-kids-puzzle-18-feedback"");","Review before Adults route placement design."
"frontend/src/ui/mindlab_kids_puzzle_18.js","24","KIDS_REFERENCE","module.exports = { renderKidsPuzzle18 };","Review before Adults route placement design."
"frontend/src/ui/mindlab_kids_puzzle_19.js","1","KIDS_REFERENCE","function renderKidsPuzzle19(containerId) {","Review before Adults route placement design."
"frontend/src/ui/mindlab_kids_puzzle_19.js","6","KIDS_REFERENCE","<div class=""mindlab-kids-puzzle"">","Review before Adults route placement design."
"frontend/src/ui/mindlab_kids_puzzle_19.js","11","KIDS_REFERENCE","<div id=""mindlab-kids-puzzle-19-feedback""></div>","Review before Adults route placement design."
"frontend/src/ui/mindlab_kids_puzzle_19.js","15","KIDS_REFERENCE","const feedback = host.querySelector(""#mindlab-kids-puzzle-19-feedback"");","Review before Adults route placement design."
"frontend/src/ui/mindlab_kids_puzzle_19.js","24","KIDS_REFERENCE","module.exports = { renderKidsPuzzle19 };","Review before Adults route placement design."
"frontend/src/ui/mindlab_kids_puzzle_20.js","1","KIDS_REFERENCE","function renderKidsPuzzle20(containerId) {","Review before Adults route placement design."
"frontend/src/ui/mindlab_kids_puzzle_20.js","6","KIDS_REFERENCE","<div class=""mindlab-kids-puzzle"">","Review before Adults route placement design."
"frontend/src/ui/mindlab_kids_puzzle_20.js","11","KIDS_REFERENCE","<div id=""mindlab-kids-puzzle-20-feedback""></div>","Review before Adults route placement design."
"frontend/src/ui/mindlab_kids_puzzle_20.js","15","KIDS_REFERENCE","const feedback = host.querySelector(""#mindlab-kids-puzzle-20-feedback"");","Review before Adults route placement design."
"frontend/src/ui/mindlab_kids_puzzle_20.js","24","KIDS_REFERENCE","module.exports = { renderKidsPuzzle20 };","Review before Adults route placement design."
"frontend/src/ui/mindlab_kids_puzzle_21.js","1","KIDS_REFERENCE","function renderKidsPuzzle21(containerId) {","Review before Adults route placement design."
"frontend/src/ui/mindlab_kids_puzzle_21.js","6","KIDS_REFERENCE","<div class=""mindlab-kids-puzzle"">","Review before Adults route placement design."
"frontend/src/ui/mindlab_kids_puzzle_21.js","11","KIDS_REFERENCE","<div id=""mindlab-kids-puzzle-21-feedback""></div>","Review before Adults route placement design."
"frontend/src/ui/mindlab_kids_puzzle_21.js","15","KIDS_REFERENCE","const feedback = host.querySelector(""#mindlab-kids-puzzle-21-feedback"");","Review before Adults route placement design."
"frontend/src/ui/mindlab_kids_puzzle_21.js","24","KIDS_REFERENCE","module.exports = { renderKidsPuzzle21 };","Review before Adults route placement design."
"frontend/src/ui/mindlab_kids_puzzle_22.js","1","KIDS_REFERENCE","function renderKidsPuzzle22(containerId) {","Review before Adults route placement design."
"frontend/src/ui/mindlab_kids_puzzle_22.js","6","KIDS_REFERENCE","<div class=""mindlab-kids-puzzle"">","Review before Adults route placement design."
"frontend/src/ui/mindlab_kids_puzzle_22.js","11","KIDS_REFERENCE","<div id=""mindlab-kids-puzzle-22-feedback""></div>","Review before Adults route placement design."
"frontend/src/ui/mindlab_kids_puzzle_22.js","15","KIDS_REFERENCE","const feedback = host.querySelector(""#mindlab-kids-puzzle-22-feedback"");","Review before Adults route placement design."
"frontend/src/ui/mindlab_kids_puzzle_22.js","24","KIDS_REFERENCE","module.exports = { renderKidsPuzzle22 };","Review before Adults route placement design."
"frontend/src/ui/mindlab_kids_puzzle_23.js","1","KIDS_REFERENCE","function renderKidsPuzzle23(containerId) {","Review before Adults route placement design."
"frontend/src/ui/mindlab_kids_puzzle_23.js","6","KIDS_REFERENCE","<div class=""mindlab-kids-puzzle"">","Review before Adults route placement design."
"frontend/src/ui/mindlab_kids_puzzle_23.js","11","KIDS_REFERENCE","<div id=""mindlab-kids-puzzle-23-feedback""></div>","Review before Adults route placement design."
"frontend/src/ui/mindlab_kids_puzzle_23.js","15","KIDS_REFERENCE","const feedback = host.querySelector(""#mindlab-kids-puzzle-23-feedback"");","Review before Adults route placement design."
"frontend/src/ui/mindlab_kids_puzzle_23.js","24","KIDS_REFERENCE","module.exports = { renderKidsPuzzle23 };","Review before Adults route placement design."
"frontend/src/ui/mindlab_kids_puzzle_24.js","1","KIDS_REFERENCE","function renderKidsPuzzle24(containerId) {","Review before Adults route placement design."
"frontend/src/ui/mindlab_kids_puzzle_24.js","6","KIDS_REFERENCE","<div class=""mindlab-kids-puzzle"">","Review before Adults route placement design."
"frontend/src/ui/mindlab_kids_puzzle_24.js","11","KIDS_REFERENCE","<div id=""mindlab-kids-puzzle-24-feedback""></div>","Review before Adults route placement design."
"frontend/src/ui/mindlab_kids_puzzle_24.js","15","KIDS_REFERENCE","const feedback = host.querySelector(""#mindlab-kids-puzzle-24-feedback"");","Review before Adults route placement design."
"frontend/src/ui/mindlab_kids_puzzle_24.js","24","KIDS_REFERENCE","module.exports = { renderKidsPuzzle24 };","Review before Adults route placement design."
"frontend/src/ui/mindlab_kids_puzzle_25.js","1","KIDS_REFERENCE","function renderKidsPuzzle25(containerId) {","Review before Adults route placement design."
"frontend/src/ui/mindlab_kids_puzzle_25.js","6","KIDS_REFERENCE","<div class=""mindlab-kids-puzzle"">","Review before Adults route placement design."
"frontend/src/ui/mindlab_kids_puzzle_25.js","11","KIDS_REFERENCE","<div id=""mindlab-kids-puzzle-25-feedback""></div>","Review before Adults route placement design."
"frontend/src/ui/mindlab_kids_puzzle_25.js","15","KIDS_REFERENCE","const feedback = host.querySelector(""#mindlab-kids-puzzle-25-feedback"");","Review before Adults route placement design."
"frontend/src/ui/mindlab_kids_puzzle_25.js","24","KIDS_REFERENCE","module.exports = { renderKidsPuzzle25 };","Review before Adults route placement design."
"frontend/src/ui/mindlab_kids_puzzle_26.js","1","KIDS_REFERENCE","function renderKidsPuzzle26(containerId) {","Review before Adults route placement design."
"frontend/src/ui/mindlab_kids_puzzle_26.js","6","KIDS_REFERENCE","<div class=""mindlab-kids-puzzle"">","Review before Adults route placement design."
"frontend/src/ui/mindlab_kids_puzzle_26.js","11","KIDS_REFERENCE","<div id=""mindlab-kids-puzzle-26-feedback""></div>","Review before Adults route placement design."
"frontend/src/ui/mindlab_kids_puzzle_26.js","15","KIDS_REFERENCE","const feedback = host.querySelector(""#mindlab-kids-puzzle-26-feedback"");","Review before Adults route placement design."
"frontend/src/ui/mindlab_kids_puzzle_26.js","24","KIDS_REFERENCE","module.exports = { renderKidsPuzzle26 };","Review before Adults route placement design."
"frontend/src/ui/mindlab_kids_puzzle_27.js","1","KIDS_REFERENCE","function renderKidsPuzzle27(containerId) {","Review before Adults route placement design."
"frontend/src/ui/mindlab_kids_puzzle_27.js","6","KIDS_REFERENCE","<div class=""mindlab-kids-puzzle"">","Review before Adults route placement design."
"frontend/src/ui/mindlab_kids_puzzle_27.js","11","KIDS_REFERENCE","<div id=""mindlab-kids-puzzle-27-feedback""></div>","Review before Adults route placement design."
"frontend/src/ui/mindlab_kids_puzzle_27.js","15","KIDS_REFERENCE","const feedback = host.querySelector(""#mindlab-kids-puzzle-27-feedback"");","Review before Adults route placement design."
"frontend/src/ui/mindlab_kids_puzzle_27.js","24","KIDS_REFERENCE","module.exports = { renderKidsPuzzle27 };","Review before Adults route placement design."
"frontend/src/ui/mindlab_kids_puzzle_28.js","1","KIDS_REFERENCE","function renderKidsPuzzle28(containerId) {","Review before Adults route placement design."
"frontend/src/ui/mindlab_kids_puzzle_28.js","6","KIDS_REFERENCE","<div class=""mindlab-kids-puzzle"">","Review before Adults route placement design."
"frontend/src/ui/mindlab_kids_puzzle_28.js","11","KIDS_REFERENCE","<div id=""mindlab-kids-puzzle-28-feedback""></div>","Review before Adults route placement design."
"frontend/src/ui/mindlab_kids_puzzle_28.js","15","KIDS_REFERENCE","const feedback = host.querySelector(""#mindlab-kids-puzzle-28-feedback"");","Review before Adults route placement design."
"frontend/src/ui/mindlab_kids_puzzle_28.js","24","KIDS_REFERENCE","module.exports = { renderKidsPuzzle28 };","Review before Adults route placement design."
"frontend/src/ui/mindlab_kids_puzzle_29.js","1","KIDS_REFERENCE","function renderKidsPuzzle29(containerId) {","Review before Adults route placement design."
"frontend/src/ui/mindlab_kids_puzzle_29.js","6","KIDS_REFERENCE","<div class=""mindlab-kids-puzzle"">","Review before Adults route placement design."
"frontend/src/ui/mindlab_kids_puzzle_29.js","11","KIDS_REFERENCE","<div id=""mindlab-kids-puzzle-29-feedback""></div>","Review before Adults route placement design."
"frontend/src/ui/mindlab_kids_puzzle_29.js","15","KIDS_REFERENCE","const feedback = host.querySelector(""#mindlab-kids-puzzle-29-feedback"");","Review before Adults route placement design."
"frontend/src/ui/mindlab_kids_puzzle_29.js","24","KIDS_REFERENCE","module.exports = { renderKidsPuzzle29 };","Review before Adults route placement design."
"frontend/src/ui/mindlab_kids_puzzle_30.js","1","KIDS_REFERENCE","function renderKidsPuzzle30(containerId) {","Review before Adults route placement design."
"frontend/src/ui/mindlab_kids_puzzle_30.js","6","KIDS_REFERENCE","<div class=""mindlab-kids-puzzle"">","Review before Adults route placement design."
"frontend/src/ui/mindlab_kids_puzzle_30.js","11","KIDS_REFERENCE","<div id=""mindlab-kids-puzzle-30-feedback""></div>","Review before Adults route placement design."
"frontend/src/ui/mindlab_kids_puzzle_30.js","15","KIDS_REFERENCE","const feedback = host.querySelector(""#mindlab-kids-puzzle-30-feedback"");","Review before Adults route placement design."
"frontend/src/ui/mindlab_kids_puzzle_30.js","24","KIDS_REFERENCE","module.exports = { renderKidsPuzzle30 };","Review before Adults route placement design."
"frontend/src/ui/mindlab_kids_puzzle_31.js","1","KIDS_REFERENCE","function renderKidsPuzzle31(containerId) {","Review before Adults route placement design."
"frontend/src/ui/mindlab_kids_puzzle_31.js","6","KIDS_REFERENCE","<div class=""mindlab-kids-puzzle"">","Review before Adults route placement design."
"frontend/src/ui/mindlab_kids_puzzle_31.js","11","KIDS_REFERENCE","<div id=""mindlab-kids-puzzle-31-feedback""></div>","Review before Adults route placement design."
"frontend/src/ui/mindlab_kids_puzzle_31.js","15","KIDS_REFERENCE","const feedback = host.querySelector(""#mindlab-kids-puzzle-31-feedback"");","Review before Adults route placement design."
"frontend/src/ui/mindlab_kids_puzzle_31.js","24","KIDS_REFERENCE","module.exports = { renderKidsPuzzle31 };","Review before Adults route placement design."
"frontend/src/ui/mindlab_kids_puzzle_32.js","1","KIDS_REFERENCE","function renderKidsPuzzle32(containerId) {","Review before Adults route placement design."
"frontend/src/ui/mindlab_kids_puzzle_32.js","6","KIDS_REFERENCE","<div class=""mindlab-kids-puzzle"">","Review before Adults route placement design."
"frontend/src/ui/mindlab_kids_puzzle_32.js","11","KIDS_REFERENCE","<div id=""mindlab-kids-puzzle-32-feedback""></div>","Review before Adults route placement design."
"frontend/src/ui/mindlab_kids_puzzle_32.js","15","KIDS_REFERENCE","const feedback = host.querySelector(""#mindlab-kids-puzzle-32-feedback"");","Review before Adults route placement design."
"frontend/src/ui/mindlab_kids_puzzle_32.js","24","KIDS_REFERENCE","module.exports = { renderKidsPuzzle32 };","Review before Adults route placement design."
"frontend/src/ui/mindlab_kids_puzzle_33.js","1","KIDS_REFERENCE","function renderKidsPuzzle33(containerId) {","Review before Adults route placement design."
"frontend/src/ui/mindlab_kids_puzzle_33.js","6","KIDS_REFERENCE","<div class=""mindlab-kids-puzzle"">","Review before Adults route placement design."
"frontend/src/ui/mindlab_kids_puzzle_33.js","11","KIDS_REFERENCE","<div id=""mindlab-kids-puzzle-33-feedback""></div>","Review before Adults route placement design."
"frontend/src/ui/mindlab_kids_puzzle_33.js","15","KIDS_REFERENCE","const feedback = host.querySelector(""#mindlab-kids-puzzle-33-feedback"");","Review before Adults route placement design."
"frontend/src/ui/mindlab_kids_puzzle_33.js","24","KIDS_REFERENCE","module.exports = { renderKidsPuzzle33 };","Review before Adults route placement design."
"frontend/src/ui/mindlab_kids_puzzle_34.js","1","KIDS_REFERENCE","function renderKidsPuzzle34(containerId) {","Review before Adults route placement design."
"frontend/src/ui/mindlab_kids_puzzle_34.js","6","KIDS_REFERENCE","<div class=""mindlab-kids-puzzle"">","Review before Adults route placement design."
"frontend/src/ui/mindlab_kids_puzzle_34.js","11","KIDS_REFERENCE","<div id=""mindlab-kids-puzzle-34-feedback""></div>","Review before Adults route placement design."
"frontend/src/ui/mindlab_kids_puzzle_34.js","15","KIDS_REFERENCE","const feedback = host.querySelector(""#mindlab-kids-puzzle-34-feedback"");","Review before Adults route placement design."
"frontend/src/ui/mindlab_kids_puzzle_34.js","24","KIDS_REFERENCE","module.exports = { renderKidsPuzzle34 };","Review before Adults route placement design."
"frontend/src/ui/mindlab_kids_puzzle_35.js","1","KIDS_REFERENCE","function renderKidsPuzzle35(containerId) {","Review before Adults route placement design."
"frontend/src/ui/mindlab_kids_puzzle_35.js","6","KIDS_REFERENCE","<div class=""mindlab-kids-puzzle"">","Review before Adults route placement design."
"frontend/src/ui/mindlab_kids_puzzle_35.js","11","KIDS_REFERENCE","<div id=""mindlab-kids-puzzle-35-feedback""></div>","Review before Adults route placement design."
"frontend/src/ui/mindlab_kids_puzzle_35.js","15","KIDS_REFERENCE","const feedback = host.querySelector(""#mindlab-kids-puzzle-35-feedback"");","Review before Adults route placement design."
"frontend/src/ui/mindlab_kids_puzzle_35.js","24","KIDS_REFERENCE","module.exports = { renderKidsPuzzle35 };","Review before Adults route placement design."
"frontend/src/ui/mindlab_kids_puzzle_36.js","1","KIDS_REFERENCE","function renderKidsPuzzle36(containerId) {","Review before Adults route placement design."
"frontend/src/ui/mindlab_kids_puzzle_36.js","6","KIDS_REFERENCE","<div class=""mindlab-kids-puzzle"">","Review before Adults route placement design."
"frontend/src/ui/mindlab_kids_puzzle_36.js","11","KIDS_REFERENCE","<div id=""mindlab-kids-puzzle-36-feedback""></div>","Review before Adults route placement design."
"frontend/src/ui/mindlab_kids_puzzle_36.js","15","KIDS_REFERENCE","const feedback = host.querySelector(""#mindlab-kids-puzzle-36-feedback"");","Review before Adults route placement design."
"frontend/src/ui/mindlab_kids_puzzle_36.js","24","KIDS_REFERENCE","module.exports = { renderKidsPuzzle36 };","Review before Adults route placement design."
"frontend/src/ui/mindlab_kids_puzzle_37.js","1","KIDS_REFERENCE","function renderKidsPuzzle37(containerId) {","Review before Adults route placement design."
"frontend/src/ui/mindlab_kids_puzzle_37.js","6","KIDS_REFERENCE","<div class=""mindlab-kids-puzzle"">","Review before Adults route placement design."
"frontend/src/ui/mindlab_kids_puzzle_37.js","11","KIDS_REFERENCE","<div id=""mindlab-kids-puzzle-37-feedback""></div>","Review before Adults route placement design."
"frontend/src/ui/mindlab_kids_puzzle_37.js","15","KIDS_REFERENCE","const feedback = host.querySelector(""#mindlab-kids-puzzle-37-feedback"");","Review before Adults route placement design."
"frontend/src/ui/mindlab_kids_puzzle_37.js","24","KIDS_REFERENCE","module.exports = { renderKidsPuzzle37 };","Review before Adults route placement design."
"frontend/src/ui/mindlab_kids_puzzle_38.js","1","KIDS_REFERENCE","function renderKidsPuzzle38(containerId) {","Review before Adults route placement design."
"frontend/src/ui/mindlab_kids_puzzle_38.js","6","KIDS_REFERENCE","<div class=""mindlab-kids-puzzle"">","Review before Adults route placement design."
"frontend/src/ui/mindlab_kids_puzzle_38.js","11","KIDS_REFERENCE","<div id=""mindlab-kids-puzzle-38-feedback""></div>","Review before Adults route placement design."
"frontend/src/ui/mindlab_kids_puzzle_38.js","15","KIDS_REFERENCE","const feedback = host.querySelector(""#mindlab-kids-puzzle-38-feedback"");","Review before Adults route placement design."
"frontend/src/ui/mindlab_kids_puzzle_38.js","24","KIDS_REFERENCE","module.exports = { renderKidsPuzzle38 };","Review before Adults route placement design."
"frontend/src/ui/mindlab_kids_puzzle_39.js","1","KIDS_REFERENCE","function renderKidsPuzzle39(containerId) {","Review before Adults route placement design."
"frontend/src/ui/mindlab_kids_puzzle_39.js","6","KIDS_REFERENCE","<div class=""mindlab-kids-puzzle"">","Review before Adults route placement design."
"frontend/src/ui/mindlab_kids_puzzle_39.js","11","KIDS_REFERENCE","<div id=""mindlab-kids-puzzle-39-feedback""></div>","Review before Adults route placement design."
"frontend/src/ui/mindlab_kids_puzzle_39.js","15","KIDS_REFERENCE","const feedback = host.querySelector(""#mindlab-kids-puzzle-39-feedback"");","Review before Adults route placement design."
"frontend/src/ui/mindlab_kids_puzzle_39.js","24","KIDS_REFERENCE","module.exports = { renderKidsPuzzle39 };","Review before Adults route placement design."
"frontend/src/ui/mindlab_kids_puzzle_40.js","1","KIDS_REFERENCE","function renderKidsPuzzle40(containerId) {","Review before Adults route placement design."
"frontend/src/ui/mindlab_kids_puzzle_40.js","6","KIDS_REFERENCE","<div class=""mindlab-kids-puzzle"">","Review before Adults route placement design."
"frontend/src/ui/mindlab_kids_puzzle_40.js","11","KIDS_REFERENCE","<div id=""mindlab-kids-puzzle-40-feedback""></div>","Review before Adults route placement design."
"frontend/src/ui/mindlab_kids_puzzle_40.js","15","KIDS_REFERENCE","const feedback = host.querySelector(""#mindlab-kids-puzzle-40-feedback"");","Review before Adults route placement design."
"frontend/src/ui/mindlab_kids_puzzle_40.js","24","KIDS_REFERENCE","module.exports = { renderKidsPuzzle40 };","Review before Adults route placement design."
"frontend/src/ui/mindlab_kids_puzzle_41.js","1","KIDS_REFERENCE","function renderKidsPuzzle41(containerId) {","Review before Adults route placement design."
"frontend/src/ui/mindlab_kids_puzzle_41.js","6","KIDS_REFERENCE","<div class=""mindlab-kids-puzzle"">","Review before Adults route placement design."
"frontend/src/ui/mindlab_kids_puzzle_41.js","11","KIDS_REFERENCE","<div id=""mindlab-kids-puzzle-41-feedback""></div>","Review before Adults route placement design."
"frontend/src/ui/mindlab_kids_puzzle_41.js","15","KIDS_REFERENCE","const feedback = host.querySelector(""#mindlab-kids-puzzle-41-feedback"");","Review before Adults route placement design."
"frontend/src/ui/mindlab_kids_puzzle_41.js","24","KIDS_REFERENCE","module.exports = { renderKidsPuzzle41 };","Review before Adults route placement design."
"frontend/src/ui/mindlab_kids_puzzle_42.js","1","KIDS_REFERENCE","function renderKidsPuzzle42(containerId) {","Review before Adults route placement design."
"frontend/src/ui/mindlab_kids_puzzle_42.js","6","KIDS_REFERENCE","<div class=""mindlab-kids-puzzle"">","Review before Adults route placement design."
"frontend/src/ui/mindlab_kids_puzzle_42.js","11","KIDS_REFERENCE","<div id=""mindlab-kids-puzzle-42-feedback""></div>","Review before Adults route placement design."
"frontend/src/ui/mindlab_kids_puzzle_42.js","15","KIDS_REFERENCE","const feedback = host.querySelector(""#mindlab-kids-puzzle-42-feedback"");","Review before Adults route placement design."
"frontend/src/ui/mindlab_kids_puzzle_42.js","24","KIDS_REFERENCE","module.exports = { renderKidsPuzzle42 };","Review before Adults route placement design."
"frontend/src/ui/mindlab_kids_puzzle_43.js","1","KIDS_REFERENCE","function renderKidsPuzzle43(containerId) {","Review before Adults route placement design."
"frontend/src/ui/mindlab_kids_puzzle_43.js","6","KIDS_REFERENCE","<div class=""mindlab-kids-puzzle"">","Review before Adults route placement design."
"frontend/src/ui/mindlab_kids_puzzle_43.js","11","KIDS_REFERENCE","<div id=""mindlab-kids-puzzle-43-feedback""></div>","Review before Adults route placement design."
"frontend/src/ui/mindlab_kids_puzzle_43.js","15","KIDS_REFERENCE","const feedback = host.querySelector(""#mindlab-kids-puzzle-43-feedback"");","Review before Adults route placement design."
"frontend/src/ui/mindlab_kids_puzzle_43.js","24","KIDS_REFERENCE","module.exports = { renderKidsPuzzle43 };","Review before Adults route placement design."
"frontend/src/ui/mindlab_kids_puzzle_44.js","1","KIDS_REFERENCE","function renderKidsPuzzle44(containerId) {","Review before Adults route placement design."
"frontend/src/ui/mindlab_kids_puzzle_44.js","6","KIDS_REFERENCE","<div class=""mindlab-kids-puzzle"">","Review before Adults route placement design."
"frontend/src/ui/mindlab_kids_puzzle_44.js","11","KIDS_REFERENCE","<div id=""mindlab-kids-puzzle-44-feedback""></div>","Review before Adults route placement design."
"frontend/src/ui/mindlab_kids_puzzle_44.js","15","KIDS_REFERENCE","const feedback = host.querySelector(""#mindlab-kids-puzzle-44-feedback"");","Review before Adults route placement design."
"frontend/src/ui/mindlab_kids_puzzle_44.js","24","KIDS_REFERENCE","module.exports = { renderKidsPuzzle44 };","Review before Adults route placement design."
"frontend/src/ui/mindlab_kids_puzzle_45.js","1","KIDS_REFERENCE","function renderKidsPuzzle45(containerId) {","Review before Adults route placement design."
"frontend/src/ui/mindlab_kids_puzzle_45.js","6","KIDS_REFERENCE","<div class=""mindlab-kids-puzzle"">","Review before Adults route placement design."
"frontend/src/ui/mindlab_kids_puzzle_45.js","11","KIDS_REFERENCE","<div id=""mindlab-kids-puzzle-45-feedback""></div>","Review before Adults route placement design."
"frontend/src/ui/mindlab_kids_puzzle_45.js","15","KIDS_REFERENCE","const feedback = host.querySelector(""#mindlab-kids-puzzle-45-feedback"");","Review before Adults route placement design."
"frontend/src/ui/mindlab_kids_puzzle_45.js","24","KIDS_REFERENCE","module.exports = { renderKidsPuzzle45 };","Review before Adults route placement design."
"frontend/src/ui/mindlab_kids_puzzle_46.js","1","KIDS_REFERENCE","function renderKidsPuzzle46(containerId) {","Review before Adults route placement design."
"frontend/src/ui/mindlab_kids_puzzle_46.js","6","KIDS_REFERENCE","<div class=""mindlab-kids-puzzle"">","Review before Adults route placement design."
"frontend/src/ui/mindlab_kids_puzzle_46.js","11","KIDS_REFERENCE","<div id=""mindlab-kids-puzzle-46-feedback""></div>","Review before Adults route placement design."
"frontend/src/ui/mindlab_kids_puzzle_46.js","15","KIDS_REFERENCE","const feedback = host.querySelector(""#mindlab-kids-puzzle-46-feedback"");","Review before Adults route placement design."
"frontend/src/ui/mindlab_kids_puzzle_46.js","24","KIDS_REFERENCE","module.exports = { renderKidsPuzzle46 };","Review before Adults route placement design."
"frontend/src/ui/mindlab_kids_puzzle_47.js","1","KIDS_REFERENCE","function renderKidsPuzzle47(containerId) {","Review before Adults route placement design."
"frontend/src/ui/mindlab_kids_puzzle_47.js","6","KIDS_REFERENCE","<div class=""mindlab-kids-puzzle"">","Review before Adults route placement design."
"frontend/src/ui/mindlab_kids_puzzle_47.js","11","KIDS_REFERENCE","<div id=""mindlab-kids-puzzle-47-feedback""></div>","Review before Adults route placement design."
"frontend/src/ui/mindlab_kids_puzzle_47.js","15","KIDS_REFERENCE","const feedback = host.querySelector(""#mindlab-kids-puzzle-47-feedback"");","Review before Adults route placement design."
"frontend/src/ui/mindlab_kids_puzzle_47.js","24","KIDS_REFERENCE","module.exports = { renderKidsPuzzle47 };","Review before Adults route placement design."
"frontend/src/ui/mindlab_kids_puzzle_48.js","1","KIDS_REFERENCE","function renderKidsPuzzle48(containerId) {","Review before Adults route placement design."
"frontend/src/ui/mindlab_kids_puzzle_48.js","6","KIDS_REFERENCE","<div class=""mindlab-kids-puzzle"">","Review before Adults route placement design."
"frontend/src/ui/mindlab_kids_puzzle_48.js","11","KIDS_REFERENCE","<div id=""mindlab-kids-puzzle-48-feedback""></div>","Review before Adults route placement design."
"frontend/src/ui/mindlab_kids_puzzle_48.js","15","KIDS_REFERENCE","const feedback = host.querySelector(""#mindlab-kids-puzzle-48-feedback"");","Review before Adults route placement design."
"frontend/src/ui/mindlab_kids_puzzle_48.js","24","KIDS_REFERENCE","module.exports = { renderKidsPuzzle48 };","Review before Adults route placement design."
"frontend/src/ui/mindlab_kids_puzzle_49.js","1","KIDS_REFERENCE","function renderKidsPuzzle49(containerId) {","Review before Adults route placement design."
"frontend/src/ui/mindlab_kids_puzzle_49.js","6","KIDS_REFERENCE","<div class=""mindlab-kids-puzzle"">","Review before Adults route placement design."
"frontend/src/ui/mindlab_kids_puzzle_49.js","11","KIDS_REFERENCE","<div id=""mindlab-kids-puzzle-49-feedback""></div>","Review before Adults route placement design."
"frontend/src/ui/mindlab_kids_puzzle_49.js","15","KIDS_REFERENCE","const feedback = host.querySelector(""#mindlab-kids-puzzle-49-feedback"");","Review before Adults route placement design."
"frontend/src/ui/mindlab_kids_puzzle_49.js","24","KIDS_REFERENCE","module.exports = { renderKidsPuzzle49 };","Review before Adults route placement design."
"frontend/src/ui/mindlab_kids_puzzle_50.js","1","KIDS_REFERENCE","function renderKidsPuzzle50(containerId) {","Review before Adults route placement design."
"frontend/src/ui/mindlab_kids_puzzle_50.js","6","KIDS_REFERENCE","<div class=""mindlab-kids-puzzle"">","Review before Adults route placement design."
"frontend/src/ui/mindlab_kids_puzzle_50.js","11","KIDS_REFERENCE","<div id=""mindlab-kids-puzzle-50-feedback""></div>","Review before Adults route placement design."
"frontend/src/ui/mindlab_kids_puzzle_50.js","15","KIDS_REFERENCE","const feedback = host.querySelector(""#mindlab-kids-puzzle-50-feedback"");","Review before Adults route placement design."
"frontend/src/ui/mindlab_kids_puzzle_50.js","24","KIDS_REFERENCE","module.exports = { renderKidsPuzzle50 };","Review before Adults route placement design."
"frontend/src/ui/mindlab_kids_puzzle_51.js","1","KIDS_REFERENCE","function renderKidsPuzzle51(containerId) {","Review before Adults route placement design."
"frontend/src/ui/mindlab_kids_puzzle_51.js","6","KIDS_REFERENCE","<div class=""mindlab-kids-puzzle"">","Review before Adults route placement design."
"frontend/src/ui/mindlab_kids_puzzle_51.js","11","KIDS_REFERENCE","<div id=""mindlab-kids-puzzle-51-feedback""></div>","Review before Adults route placement design."
"frontend/src/ui/mindlab_kids_puzzle_51.js","15","KIDS_REFERENCE","const feedback = host.querySelector(""#mindlab-kids-puzzle-51-feedback"");","Review before Adults route placement design."
"frontend/src/ui/mindlab_kids_puzzle_51.js","24","KIDS_REFERENCE","module.exports = { renderKidsPuzzle51 };","Review before Adults route placement design."
"frontend/src/ui/mindlab_kids_puzzle_52.js","1","KIDS_REFERENCE","function renderKidsPuzzle52(containerId) {","Review before Adults route placement design."
"frontend/src/ui/mindlab_kids_puzzle_52.js","6","KIDS_REFERENCE","<div class=""mindlab-kids-puzzle"">","Review before Adults route placement design."
"frontend/src/ui/mindlab_kids_puzzle_52.js","11","KIDS_REFERENCE","<div id=""mindlab-kids-puzzle-52-feedback""></div>","Review before Adults route placement design."
"frontend/src/ui/mindlab_kids_puzzle_52.js","15","KIDS_REFERENCE","const feedback = host.querySelector(""#mindlab-kids-puzzle-52-feedback"");","Review before Adults route placement design."
"frontend/src/ui/mindlab_kids_puzzle_52.js","24","KIDS_REFERENCE","module.exports = { renderKidsPuzzle52 };","Review before Adults route placement design."
"frontend/src/ui/mindlab_kids_puzzle_53.js","1","KIDS_REFERENCE","function renderKidsPuzzle53(containerId) {","Review before Adults route placement design."
"frontend/src/ui/mindlab_kids_puzzle_53.js","6","KIDS_REFERENCE","<div class=""mindlab-kids-puzzle"">","Review before Adults route placement design."
"frontend/src/ui/mindlab_kids_puzzle_53.js","11","KIDS_REFERENCE","<div id=""mindlab-kids-puzzle-53-feedback""></div>","Review before Adults route placement design."
"frontend/src/ui/mindlab_kids_puzzle_53.js","15","KIDS_REFERENCE","const feedback = host.querySelector(""#mindlab-kids-puzzle-53-feedback"");","Review before Adults route placement design."
"frontend/src/ui/mindlab_kids_puzzle_53.js","24","KIDS_REFERENCE","module.exports = { renderKidsPuzzle53 };","Review before Adults route placement design."
"frontend/src/ui/mindlab_kids_puzzle_54.js","1","KIDS_REFERENCE","function renderKidsPuzzle54(containerId) {","Review before Adults route placement design."
"frontend/src/ui/mindlab_kids_puzzle_54.js","6","KIDS_REFERENCE","<div class=""mindlab-kids-puzzle"">","Review before Adults route placement design."
"frontend/src/ui/mindlab_kids_puzzle_54.js","11","KIDS_REFERENCE","<div id=""mindlab-kids-puzzle-54-feedback""></div>","Review before Adults route placement design."
"frontend/src/ui/mindlab_kids_puzzle_54.js","15","KIDS_REFERENCE","const feedback = host.querySelector(""#mindlab-kids-puzzle-54-feedback"");","Review before Adults route placement design."
"frontend/src/ui/mindlab_kids_puzzle_54.js","24","KIDS_REFERENCE","module.exports = { renderKidsPuzzle54 };","Review before Adults route placement design."
"frontend/src/ui/mindlab_kids_puzzle_55.js","1","KIDS_REFERENCE","function renderKidsPuzzle55(containerId) {","Review before Adults route placement design."
"frontend/src/ui/mindlab_kids_puzzle_55.js","6","KIDS_REFERENCE","<div class=""mindlab-kids-puzzle"">","Review before Adults route placement design."
"frontend/src/ui/mindlab_kids_puzzle_55.js","11","KIDS_REFERENCE","<div id=""mindlab-kids-puzzle-55-feedback""></div>","Review before Adults route placement design."
"frontend/src/ui/mindlab_kids_puzzle_55.js","15","KIDS_REFERENCE","const feedback = host.querySelector(""#mindlab-kids-puzzle-55-feedback"");","Review before Adults route placement design."
"frontend/src/ui/mindlab_kids_puzzle_55.js","24","KIDS_REFERENCE","module.exports = { renderKidsPuzzle55 };","Review before Adults route placement design."
"frontend/src/ui/mindlab_renderer.js","27","AGE_MODE_REFERENCE","export function renderMindLabStatus(containerId, message, isError = false) {","Review before Adults route placement design."
"frontend/src/ui/mindlab_renderer.js","34","AGE_MODE_REFERENCE","host.textContent = message ?? """";","Review before Adults route placement design."
"frontend/src/ui/mindlab_v2_admin_educator_test.js","46","AGE_MODE_REFERENCE","console.error(err.message || err);","Review before Adults route placement design."
"frontend/src/ui/mindlab_v2_admin_export_test.js","18","AGE_MODE_REFERENCE","console.error(err.message);","Review before Adults route placement design."
"frontend/src/ui/mindlab_v2_analytics_deployment_test.js","29","AGE_MODE_REFERENCE","console.error(err.message || err);","Review before Adults route placement design."
"frontend/src/ui/mindlab_v2_ux_flow_controller.js","1","KIDS_REFERENCE","const { renderKidsPuzzle55 } = require(""./mindlab_kids_puzzle_55"");","Review before Adults route placement design."
"frontend/src/ui/mindlab_v2_ux_flow_controller.js","2","KIDS_REFERENCE","const { renderKidsPuzzle54 } = require(""./mindlab_kids_puzzle_54"");","Review before Adults route placement design."
"frontend/src/ui/mindlab_v2_ux_flow_controller.js","3","KIDS_REFERENCE","const { renderKidsPuzzle53 } = require(""./mindlab_kids_puzzle_53"");","Review before Adults route placement design."
"frontend/src/ui/mindlab_v2_ux_flow_controller.js","4","KIDS_REFERENCE","const { renderKidsPuzzle52 } = require(""./mindlab_kids_puzzle_52"");","Review before Adults route placement design."
"frontend/src/ui/mindlab_v2_ux_flow_controller.js","5","KIDS_REFERENCE","const { renderKidsPuzzle51 } = require(""./mindlab_kids_puzzle_51"");","Review before Adults route placement design."
"frontend/src/ui/mindlab_v2_ux_flow_controller.js","6","KIDS_REFERENCE","const { renderKidsPuzzle50 } = require(""./mindlab_kids_puzzle_50"");","Review before Adults route placement design."
"frontend/src/ui/mindlab_v2_ux_flow_controller.js","7","KIDS_REFERENCE","const { renderKidsPuzzle49 } = require(""./mindlab_kids_puzzle_49"");","Review before Adults route placement design."
"frontend/src/ui/mindlab_v2_ux_flow_controller.js","8","KIDS_REFERENCE","const { renderKidsPuzzle48 } = require(""./mindlab_kids_puzzle_48"");","Review before Adults route placement design."
"frontend/src/ui/mindlab_v2_ux_flow_controller.js","9","KIDS_REFERENCE","const { renderKidsPuzzle47 } = require(""./mindlab_kids_puzzle_47"");","Review before Adults route placement design."
"frontend/src/ui/mindlab_v2_ux_flow_controller.js","10","KIDS_REFERENCE","const { renderKidsPuzzle46 } = require(""./mindlab_kids_puzzle_46"");","Review before Adults route placement design."
"frontend/src/ui/mindlab_v2_ux_flow_controller.js","11","KIDS_REFERENCE","const { renderKidsPuzzle45 } = require(""./mindlab_kids_puzzle_45"");","Review before Adults route placement design."
"frontend/src/ui/mindlab_v2_ux_flow_controller.js","12","KIDS_REFERENCE","const { renderKidsPuzzle44 } = require(""./mindlab_kids_puzzle_44"");","Review before Adults route placement design."
"frontend/src/ui/mindlab_v2_ux_flow_controller.js","13","KIDS_REFERENCE","const { renderKidsPuzzle43 } = require(""./mindlab_kids_puzzle_43"");","Review before Adults route placement design."
"frontend/src/ui/mindlab_v2_ux_flow_controller.js","14","KIDS_REFERENCE","const { renderKidsPuzzle42 } = require(""./mindlab_kids_puzzle_42"");","Review before Adults route placement design."
"frontend/src/ui/mindlab_v2_ux_flow_controller.js","15","KIDS_REFERENCE","const { renderKidsPuzzle41 } = require(""./mindlab_kids_puzzle_41"");","Review before Adults route placement design."
"frontend/src/ui/mindlab_v2_ux_flow_controller.js","16","KIDS_REFERENCE","const { renderKidsPuzzle40 } = require(""./mindlab_kids_puzzle_40"");","Review before Adults route placement design."
"frontend/src/ui/mindlab_v2_ux_flow_controller.js","17","KIDS_REFERENCE","const { renderKidsPuzzle39 } = require(""./mindlab_kids_puzzle_39"");","Review before Adults route placement design."
"frontend/src/ui/mindlab_v2_ux_flow_controller.js","18","KIDS_REFERENCE","const { renderKidsPuzzle38 } = require(""./mindlab_kids_puzzle_38"");","Review before Adults route placement design."
"frontend/src/ui/mindlab_v2_ux_flow_controller.js","19","KIDS_REFERENCE","const { renderKidsPuzzle37 } = require(""./mindlab_kids_puzzle_37"");","Review before Adults route placement design."
"frontend/src/ui/mindlab_v2_ux_flow_controller.js","20","KIDS_REFERENCE","const { renderKidsPuzzle36 } = require(""./mindlab_kids_puzzle_36"");","Review before Adults route placement design."
"frontend/src/ui/mindlab_v2_ux_flow_controller.js","21","KIDS_REFERENCE","const { renderKidsPuzzle35 } = require(""./mindlab_kids_puzzle_35"");","Review before Adults route placement design."
"frontend/src/ui/mindlab_v2_ux_flow_controller.js","22","KIDS_REFERENCE","const { renderKidsPuzzle34 } = require(""./mindlab_kids_puzzle_34"");","Review before Adults route placement design."
"frontend/src/ui/mindlab_v2_ux_flow_controller.js","23","KIDS_REFERENCE","const { renderKidsPuzzle33 } = require(""./mindlab_kids_puzzle_33"");","Review before Adults route placement design."
"frontend/src/ui/mindlab_v2_ux_flow_controller.js","24","KIDS_REFERENCE","const { renderKidsPuzzle32 } = require(""./mindlab_kids_puzzle_32"");","Review before Adults route placement design."
"frontend/src/ui/mindlab_v2_ux_flow_controller.js","25","KIDS_REFERENCE","const { renderKidsPuzzle31 } = require(""./mindlab_kids_puzzle_31"");","Review before Adults route placement design."
"frontend/src/ui/mindlab_v2_ux_flow_controller.js","26","KIDS_REFERENCE","const { renderKidsPuzzle30 } = require(""./mindlab_kids_puzzle_30"");","Review before Adults route placement design."
"frontend/src/ui/mindlab_v2_ux_flow_controller.js","27","KIDS_REFERENCE","const { renderKidsPuzzle29 } = require(""./mindlab_kids_puzzle_29"");","Review before Adults route placement design."
"frontend/src/ui/mindlab_v2_ux_flow_controller.js","28","KIDS_REFERENCE","const { renderKidsPuzzle28 } = require(""./mindlab_kids_puzzle_28"");","Review before Adults route placement design."
"frontend/src/ui/mindlab_v2_ux_flow_controller.js","29","KIDS_REFERENCE","const { renderKidsPuzzle27 } = require(""./mindlab_kids_puzzle_27"");","Review before Adults route placement design."
"frontend/src/ui/mindlab_v2_ux_flow_controller.js","30","KIDS_REFERENCE","const { renderKidsPuzzle26 } = require(""./mindlab_kids_puzzle_26"");","Review before Adults route placement design."
"frontend/src/ui/mindlab_v2_ux_flow_controller.js","31","KIDS_REFERENCE","const { renderKidsPuzzle25 } = require(""./mindlab_kids_puzzle_25"");","Review before Adults route placement design."
"frontend/src/ui/mindlab_v2_ux_flow_controller.js","32","KIDS_REFERENCE","const { renderKidsPuzzle24 } = require(""./mindlab_kids_puzzle_24"");","Review before Adults route placement design."
"frontend/src/ui/mindlab_v2_ux_flow_controller.js","33","KIDS_REFERENCE","const { renderKidsPuzzle23 } = require(""./mindlab_kids_puzzle_23"");","Review before Adults route placement design."
"frontend/src/ui/mindlab_v2_ux_flow_controller.js","34","KIDS_REFERENCE","const { renderKidsPuzzle22 } = require(""./mindlab_kids_puzzle_22"");","Review before Adults route placement design."
"frontend/src/ui/mindlab_v2_ux_flow_controller.js","35","KIDS_REFERENCE","const { renderKidsPuzzle21 } = require(""./mindlab_kids_puzzle_21"");","Review before Adults route placement design."
"frontend/src/ui/mindlab_v2_ux_flow_controller.js","36","KIDS_REFERENCE","const { renderKidsPuzzle20 } = require(""./mindlab_kids_puzzle_20"");","Review before Adults route placement design."
"frontend/src/ui/mindlab_v2_ux_flow_controller.js","37","KIDS_REFERENCE","const { renderKidsPuzzle19 } = require(""./mindlab_kids_puzzle_19"");","Review before Adults route placement design."
"frontend/src/ui/mindlab_v2_ux_flow_controller.js","38","KIDS_REFERENCE","const { renderKidsPuzzle18 } = require(""./mindlab_kids_puzzle_18"");","Review before Adults route placement design."
"frontend/src/ui/mindlab_v2_ux_flow_controller.js","39","KIDS_REFERENCE","const { renderKidsPuzzle17 } = require(""./mindlab_kids_puzzle_17"");","Review before Adults route placement design."
"frontend/src/ui/mindlab_v2_ux_flow_controller.js","40","KIDS_REFERENCE","const { renderKidsPuzzle16 } = require(""./mindlab_kids_puzzle_16"");","Review before Adults route placement design."
"frontend/src/ui/mindlab_v2_ux_flow_controller.js","41","KIDS_REFERENCE","const { renderKidsPuzzle15 } = require(""./mindlab_kids_puzzle_15"");","Review before Adults route placement design."
"frontend/src/ui/mindlab_v2_ux_flow_controller.js","42","KIDS_REFERENCE","const { renderKidsPuzzle14 } = require(""./mindlab_kids_puzzle_14"");","Review before Adults route placement design."
"frontend/src/ui/mindlab_v2_ux_flow_controller.js","43","KIDS_REFERENCE","const { renderKidsPuzzle13 } = require(""./mindlab_kids_puzzle_13"");","Review before Adults route placement design."
"frontend/src/ui/mindlab_v2_ux_flow_controller.js","44","KIDS_REFERENCE","const { renderKidsPuzzle12 } = require(""./mindlab_kids_puzzle_12"");","Review before Adults route placement design."
"frontend/src/ui/mindlab_v2_ux_flow_controller.js","45","KIDS_REFERENCE","const { renderKidsPuzzle11 } = require(""./mindlab_kids_puzzle_11"");","Review before Adults route placement design."
"frontend/src/ui/mindlab_v2_ux_flow_controller.js","46","KIDS_REFERENCE","const { renderKidsPuzzle10 } = require(""./mindlab_kids_puzzle_10"");","Review before Adults route placement design."
"frontend/src/ui/mindlab_v2_ux_flow_controller.js","47","KIDS_REFERENCE","const { renderKidsPuzzle09 } = require(""./mindlab_kids_puzzle_09"");","Review before Adults route placement design."
"frontend/src/ui/mindlab_v2_ux_flow_controller.js","48","KIDS_REFERENCE","const { renderKidsPuzzle08 } = require(""./mindlab_kids_puzzle_08"");","Review before Adults route placement design."
"frontend/src/ui/mindlab_v2_ux_flow_controller.js","49","KIDS_REFERENCE","const { renderKidsPuzzle07 } = require(""./mindlab_kids_puzzle_07"");","Review before Adults route placement design."
"frontend/src/ui/mindlab_v2_ux_flow_controller.js","50","KIDS_REFERENCE","const { renderKidsPuzzle06 } = require(""./mindlab_kids_puzzle_06"");","Review before Adults route placement design."
"frontend/src/ui/mindlab_v2_ux_flow_controller.js","51","KIDS_REFERENCE","const { renderKidsPuzzle05 } = require(""./mindlab_kids_puzzle_05"");","Review before Adults route placement design."
"frontend/src/ui/mindlab_v2_ux_flow_controller.js","52","KIDS_REFERENCE","const { renderKidsPuzzle04 } = require(""./mindlab_kids_puzzle_04"");","Review before Adults route placement design."
"frontend/src/ui/mindlab_v2_ux_flow_controller.js","53","KIDS_REFERENCE","const { renderKidsPuzzle03 } = require(""./mindlab_kids_puzzle_03"");","Review before Adults route placement design."
"frontend/src/ui/mindlab_v2_ux_flow_controller.js","54","KIDS_REFERENCE","const { renderKidsPuzzle02 } = require(""./mindlab_kids_puzzle_02"");","Review before Adults route placement design."
"frontend/src/ui/mindlab_v2_ux_flow_controller.js","55","KIDS_REFERENCE","const { renderKidsModeShell } = require(""./mindlab_kids_mode_shell"");","Review before Adults route placement design."
"frontend/src/ui/mindlab_v2_ux_flow_controller.js","56","KIDS_REFERENCE","const { renderKidsFirstPuzzle } = require(""./mindlab_kids_first_puzzle"");","Review before Adults route placement design."
"frontend/src/ui/mindlab_v2_ux_flow_controller.js","63","AGE_MODE_REFERENCE","if (input.mode === ""recommendation"") {","Review before Adults route placement design."
"frontend/src/ui/mindlab_v2_ux_flow_controller.js","67","AGE_MODE_REFERENCE","if (input.mode === ""generation"") {","Review before Adults route placement design."
"frontend/src/ui/mindlab_v2_ux_flow_controller.js","71","AGE_MODE_REFERENCE","throw new Error(""STOP: unsupported UX flow mode"");","Review before Adults route placement design."
"frontend/src/ui/mindlab_v2_ux_flow_controller.js","78","KIDS_REFERENCE","// MINDLAB_KIDS_FIRST_SLICE_START","Review before Adults route placement design."
"frontend/src/ui/mindlab_v2_ux_flow_controller.js","79","KIDS_REFERENCE","function mountMindLabKidsFirstSlice(rootContainerId) {","Review before Adults route placement design."
"frontend/src/ui/mindlab_v2_ux_flow_controller.js","82","KIDS_REFERENCE","throw new Error(""Kids first slice root container not found."");","Review before Adults route placement design."
"frontend/src/ui/mindlab_v2_ux_flow_controller.js","85","KIDS_REFERENCE","renderKidsModeShell(rootContainerId);","Review before Adults route placement design."
"frontend/src/ui/mindlab_v2_ux_flow_controller.js","86","KIDS_REFERENCE","renderKidsFirstPuzzle(""mindlab-kids-puzzle-host"");","Review before Adults route placement design."
"frontend/src/ui/mindlab_v2_ux_flow_controller.js","88","KIDS_REFERENCE","const retryButton = document.getElementById(""mindlab-kids-retry-button"");","Review before Adults route placement design."
"frontend/src/ui/mindlab_v2_ux_flow_controller.js","91","KIDS_REFERENCE","renderKidsFirstPuzzle(""mindlab-kids-puzzle-host"");","Review before Adults route placement design."
"frontend/src/ui/mindlab_v2_ux_flow_controller.js","99","KIDS_REFERENCE","window.mountMindLabKidsFirstSlice = mountMindLabKidsFirstSlice;","Review before Adults route placement design."
"frontend/src/ui/mindlab_v2_ux_flow_controller.js","103","KIDS_REFERENCE","module.exports.mountMindLabKidsFirstSlice = mountMindLabKidsFirstSlice;","Review before Adults route placement design."
"frontend/src/ui/mindlab_v2_ux_flow_controller.js","105","KIDS_REFERENCE","// MINDLAB_KIDS_FIRST_SLICE_END","Review before Adults route placement design."
"frontend/src/ui/mindlab_v2_ux_flow_controller.js","107","KIDS_REFERENCE","// MINDLAB_KIDS_PUZZLE_02_START","Review before Adults route placement design."
"frontend/src/ui/mindlab_v2_ux_flow_controller.js","108","KIDS_REFERENCE","function mountMindLabKidsPuzzle02(rootContainerId) {","Review before Adults route placement design."
"frontend/src/ui/mindlab_v2_ux_flow_controller.js","111","KIDS_REFERENCE","throw new Error(""Kids puzzle 02 root container not found."");","Review before Adults route placement design."
"frontend/src/ui/mindlab_v2_ux_flow_controller.js","114","KIDS_REFERENCE","renderKidsModeShell(rootContainerId);","Review before Adults route placement design."
"frontend/src/ui/mindlab_v2_ux_flow_controller.js","115","KIDS_REFERENCE","renderKidsPuzzle02(""mindlab-kids-puzzle-host"");","Review before Adults route placement design."
"frontend/src/ui/mindlab_v2_ux_flow_controller.js","117","KIDS_REFERENCE","const retryButton = document.getElementById(""mindlab-kids-retry-button"");","Review before Adults route placement design."
"frontend/src/ui/mindlab_v2_ux_flow_controller.js","120","KIDS_REFERENCE","renderKidsPuzzle02(""mindlab-kids-puzzle-host"");","Review before Adults route placement design."
"frontend/src/ui/mindlab_v2_ux_flow_controller.js","128","KIDS_REFERENCE","window.mountMindLabKidsPuzzle02 = mountMindLabKidsPuzzle02;","Review before Adults route placement design."
"frontend/src/ui/mindlab_v2_ux_flow_controller.js","132","KIDS_REFERENCE","module.exports.mountMindLabKidsPuzzle02 = mountMindLabKidsPuzzle02;","Review before Adults route placement design."
"frontend/src/ui/mindlab_v2_ux_flow_controller.js","134","KIDS_REFERENCE","// MINDLAB_KIDS_PUZZLE_02_END","Review before Adults route placement design."
"frontend/src/ui/mindlab_v2_ux_flow_controller.js","136","KIDS_REFERENCE","// MINDLAB_KIDS_PUZZLE_03_START","Review before Adults route placement design."
"frontend/src/ui/mindlab_v2_ux_flow_controller.js","137","KIDS_REFERENCE","function mountMindLabKidsPuzzle03(rootContainerId) {","Review before Adults route placement design."
"frontend/src/ui/mindlab_v2_ux_flow_controller.js","140","KIDS_REFERENCE","throw new Error(""Kids puzzle 03 root container not found."");","Review before Adults route placement design."
"frontend/src/ui/mindlab_v2_ux_flow_controller.js","143","KIDS_REFERENCE","renderKidsModeShell(rootContainerId);","Review before Adults route placement design."
"frontend/src/ui/mindlab_v2_ux_flow_controller.js","144","KIDS_REFERENCE","renderKidsPuzzle03(""mindlab-kids-puzzle-host"");","Review before Adults route placement design."
"frontend/src/ui/mindlab_v2_ux_flow_controller.js","146","KIDS_REFERENCE","const retryButton = document.getElementById(""mindlab-kids-retry-button"");","Review before Adults route placement design."
"frontend/src/ui/mindlab_v2_ux_flow_controller.js","149","KIDS_REFERENCE","renderKidsPuzzle03(""mindlab-kids-puzzle-host"");","Review before Adults route placement design."
"frontend/src/ui/mindlab_v2_ux_flow_controller.js","157","KIDS_REFERENCE","window.mountMindLabKidsPuzzle03 = mountMindLabKidsPuzzle03;","Review before Adults route placement design."
"frontend/src/ui/mindlab_v2_ux_flow_controller.js","161","KIDS_REFERENCE","module.exports.mountMindLabKidsPuzzle03 = mountMindLabKidsPuzzle03;","Review before Adults route placement design."
"frontend/src/ui/mindlab_v2_ux_flow_controller.js","163","KIDS_REFERENCE","// MINDLAB_KIDS_PUZZLE_03_END","Review before Adults route placement design."
"frontend/src/ui/mindlab_v2_ux_flow_controller.js","165","KIDS_REFERENCE","// MINDLAB_KIDS_PUZZLE_04_START","Review before Adults route placement design."
"frontend/src/ui/mindlab_v2_ux_flow_controller.js","166","KIDS_REFERENCE","function mountMindLabKidsPuzzle04(rootContainerId) {","Review before Adults route placement design."
"frontend/src/ui/mindlab_v2_ux_flow_controller.js","169","KIDS_REFERENCE","throw new Error(""Kids puzzle 04 root container not found."");","Review before Adults route placement design."
"frontend/src/ui/mindlab_v2_ux_flow_controller.js","172","KIDS_REFERENCE","renderKidsModeShell(rootContainerId);","Review before Adults route placement design."
"frontend/src/ui/mindlab_v2_ux_flow_controller.js","173","KIDS_REFERENCE","renderKidsPuzzle04(""mindlab-kids-puzzle-host"");","Review before Adults route placement design."
"frontend/src/ui/mindlab_v2_ux_flow_controller.js","175","KIDS_REFERENCE","const retryButton = document.getElementById(""mindlab-kids-retry-button"");","Review before Adults route placement design."
"frontend/src/ui/mindlab_v2_ux_flow_controller.js","178","KIDS_REFERENCE","renderKidsPuzzle04(""mindlab-kids-puzzle-host"");","Review before Adults route placement design."
"frontend/src/ui/mindlab_v2_ux_flow_controller.js","186","KIDS_REFERENCE","window.mountMindLabKidsPuzzle04 = mountMindLabKidsPuzzle04;","Review before Adults route placement design."
"frontend/src/ui/mindlab_v2_ux_flow_controller.js","190","KIDS_REFERENCE","module.exports.mountMindLabKidsPuzzle04 = mountMindLabKidsPuzzle04;","Review before Adults route placement design."
"frontend/src/ui/mindlab_v2_ux_flow_controller.js","192","KIDS_REFERENCE","// MINDLAB_KIDS_PUZZLE_04_END","Review before Adults route placement design."
"frontend/src/ui/mindlab_v2_ux_flow_controller.js","194","KIDS_REFERENCE","// MINDLAB_KIDS_PUZZLE_05_START","Review before Adults route placement design."
"frontend/src/ui/mindlab_v2_ux_flow_controller.js","195","KIDS_REFERENCE","function mountMindLabKidsPuzzle05(rootContainerId) {","Review before Adults route placement design."
"frontend/src/ui/mindlab_v2_ux_flow_controller.js","198","KIDS_REFERENCE","throw new Error(""Kids puzzle 05 root container not found."");","Review before Adults route placement design."
"frontend/src/ui/mindlab_v2_ux_flow_controller.js","201","KIDS_REFERENCE","renderKidsModeShell(rootContainerId);","Review before Adults route placement design."
"frontend/src/ui/mindlab_v2_ux_flow_controller.js","202","KIDS_REFERENCE","renderKidsPuzzle05(""mindlab-kids-puzzle-host"");","Review before Adults route placement design."
"frontend/src/ui/mindlab_v2_ux_flow_controller.js","204","KIDS_REFERENCE","const retryButton = document.getElementById(""mindlab-kids-retry-button"");","Review before Adults route placement design."
"frontend/src/ui/mindlab_v2_ux_flow_controller.js","207","KIDS_REFERENCE","renderKidsPuzzle05(""mindlab-kids-puzzle-host"");","Review before Adults route placement design."
"frontend/src/ui/mindlab_v2_ux_flow_controller.js","215","KIDS_REFERENCE","window.mountMindLabKidsPuzzle05 = mountMindLabKidsPuzzle05;","Review before Adults route placement design."
"frontend/src/ui/mindlab_v2_ux_flow_controller.js","219","KIDS_REFERENCE","module.exports.mountMindLabKidsPuzzle05 = mountMindLabKidsPuzzle05;","Review before Adults route placement design."
"frontend/src/ui/mindlab_v2_ux_flow_controller.js","221","KIDS_REFERENCE","// MINDLAB_KIDS_PUZZLE_05_END","Review before Adults route placement design."
"frontend/src/ui/mindlab_v2_ux_flow_controller.js","223","KIDS_REFERENCE","// MINDLAB_KIDS_PUZZLE_06_START","Review before Adults route placement design."
"frontend/src/ui/mindlab_v2_ux_flow_controller.js","224","KIDS_REFERENCE","function mountMindLabKidsPuzzle06(rootContainerId) {","Review before Adults route placement design."
"frontend/src/ui/mindlab_v2_ux_flow_controller.js","227","KIDS_REFERENCE","throw new Error(""Kids puzzle 06 root container not found."");","Review before Adults route placement design."
"frontend/src/ui/mindlab_v2_ux_flow_controller.js","230","KIDS_REFERENCE","renderKidsModeShell(rootContainerId);","Review before Adults route placement design."
"frontend/src/ui/mindlab_v2_ux_flow_controller.js","231","KIDS_REFERENCE","renderKidsPuzzle06(""mindlab-kids-puzzle-host"");","Review before Adults route placement design."
"frontend/src/ui/mindlab_v2_ux_flow_controller.js","233","KIDS_REFERENCE","const retryButton = document.getElementById(""mindlab-kids-retry-button"");","Review before Adults route placement design."
"frontend/src/ui/mindlab_v2_ux_flow_controller.js","236","KIDS_REFERENCE","renderKidsPuzzle06(""mindlab-kids-puzzle-host"");","Review before Adults route placement design."
"frontend/src/ui/mindlab_v2_ux_flow_controller.js","244","KIDS_REFERENCE","window.mountMindLabKidsPuzzle06 = mountMindLabKidsPuzzle06;","Review before Adults route placement design."
"frontend/src/ui/mindlab_v2_ux_flow_controller.js","248","KIDS_REFERENCE","module.exports.mountMindLabKidsPuzzle06 = mountMindLabKidsPuzzle06;","Review before Adults route placement design."
"frontend/src/ui/mindlab_v2_ux_flow_controller.js","250","KIDS_REFERENCE","// MINDLAB_KIDS_PUZZLE_06_END","Review before Adults route placement design."
"frontend/src/ui/mindlab_v2_ux_flow_controller.js","252","KIDS_REFERENCE","// MINDLAB_KIDS_PUZZLE_07_START","Review before Adults route placement design."
"frontend/src/ui/mindlab_v2_ux_flow_controller.js","253","KIDS_REFERENCE","function mountMindLabKidsPuzzle07(rootContainerId) {","Review before Adults route placement design."
"frontend/src/ui/mindlab_v2_ux_flow_controller.js","256","KIDS_REFERENCE","throw new Error(""Kids puzzle 07 root container not found."");","Review before Adults route placement design."
"frontend/src/ui/mindlab_v2_ux_flow_controller.js","259","KIDS_REFERENCE","renderKidsModeShell(rootContainerId);","Review before Adults route placement design."
"frontend/src/ui/mindlab_v2_ux_flow_controller.js","260","KIDS_REFERENCE","renderKidsPuzzle07(""mindlab-kids-puzzle-host"");","Review before Adults route placement design."
"frontend/src/ui/mindlab_v2_ux_flow_controller.js","262","KIDS_REFERENCE","const retryButton = document.getElementById(""mindlab-kids-retry-button"");","Review before Adults route placement design."
"frontend/src/ui/mindlab_v2_ux_flow_controller.js","265","KIDS_REFERENCE","renderKidsPuzzle07(""mindlab-kids-puzzle-host"");","Review before Adults route placement design."
"frontend/src/ui/mindlab_v2_ux_flow_controller.js","273","KIDS_REFERENCE","window.mountMindLabKidsPuzzle07 = mountMindLabKidsPuzzle07;","Review before Adults route placement design."
"frontend/src/ui/mindlab_v2_ux_flow_controller.js","277","KIDS_REFERENCE","module.exports.mountMindLabKidsPuzzle07 = mountMindLabKidsPuzzle07;","Review before Adults route placement design."
"frontend/src/ui/mindlab_v2_ux_flow_controller.js","279","KIDS_REFERENCE","// MINDLAB_KIDS_PUZZLE_07_END","Review before Adults route placement design."
"frontend/src/ui/mindlab_v2_ux_flow_controller.js","281","KIDS_REFERENCE","// MINDLAB_KIDS_PUZZLE_08_START","Review before Adults route placement design."
"frontend/src/ui/mindlab_v2_ux_flow_controller.js","282","KIDS_REFERENCE","function mountMindLabKidsPuzzle08(rootContainerId) {","Review before Adults route placement design."
"frontend/src/ui/mindlab_v2_ux_flow_controller.js","285","KIDS_REFERENCE","throw new Error(""Kids puzzle 08 root container not found."");","Review before Adults route placement design."
"frontend/src/ui/mindlab_v2_ux_flow_controller.js","288","KIDS_REFERENCE","renderKidsModeShell(rootContainerId);","Review before Adults route placement design."
"frontend/src/ui/mindlab_v2_ux_flow_controller.js","289","KIDS_REFERENCE","renderKidsPuzzle08(""mindlab-kids-puzzle-host"");","Review before Adults route placement design."
"frontend/src/ui/mindlab_v2_ux_flow_controller.js","291","KIDS_REFERENCE","const retryButton = document.getElementById(""mindlab-kids-retry-button"");","Review before Adults route placement design."
"frontend/src/ui/mindlab_v2_ux_flow_controller.js","294","KIDS_REFERENCE","renderKidsPuzzle08(""mindlab-kids-puzzle-host"");","Review before Adults route placement design."
"frontend/src/ui/mindlab_v2_ux_flow_controller.js","302","KIDS_REFERENCE","window.mountMindLabKidsPuzzle08 = mountMindLabKidsPuzzle08;","Review before Adults route placement design."
"frontend/src/ui/mindlab_v2_ux_flow_controller.js","306","KIDS_REFERENCE","module.exports.mountMindLabKidsPuzzle08 = mountMindLabKidsPuzzle08;","Review before Adults route placement design."
"frontend/src/ui/mindlab_v2_ux_flow_controller.js","308","KIDS_REFERENCE","// MINDLAB_KIDS_PUZZLE_08_END","Review before Adults route placement design."
"frontend/src/ui/mindlab_v2_ux_flow_controller.js","310","KIDS_REFERENCE","// MINDLAB_KIDS_PUZZLE_09_START","Review before Adults route placement design."
"frontend/src/ui/mindlab_v2_ux_flow_controller.js","311","KIDS_REFERENCE","function mountMindLabKidsPuzzle09(rootContainerId) {","Review before Adults route placement design."
"frontend/src/ui/mindlab_v2_ux_flow_controller.js","314","KIDS_REFERENCE","throw new Error(""Kids puzzle 09 root container not found."");","Review before Adults route placement design."
"frontend/src/ui/mindlab_v2_ux_flow_controller.js","317","KIDS_REFERENCE","renderKidsModeShell(rootContainerId);","Review before Adults route placement design."
"frontend/src/ui/mindlab_v2_ux_flow_controller.js","318","KIDS_REFERENCE","renderKidsPuzzle09(""mindlab-kids-puzzle-host"");","Review before Adults route placement design."
"frontend/src/ui/mindlab_v2_ux_flow_controller.js","320","KIDS_REFERENCE","const retryButton = document.getElementById(""mindlab-kids-retry-button"");","Review before Adults route placement design."
"frontend/src/ui/mindlab_v2_ux_flow_controller.js","323","KIDS_REFERENCE","renderKidsPuzzle09(""mindlab-kids-puzzle-host"");","Review before Adults route placement design."
"frontend/src/ui/mindlab_v2_ux_flow_controller.js","331","KIDS_REFERENCE","window.mountMindLabKidsPuzzle09 = mountMindLabKidsPuzzle09;","Review before Adults route placement design."
"frontend/src/ui/mindlab_v2_ux_flow_controller.js","335","KIDS_REFERENCE","module.exports.mountMindLabKidsPuzzle09 = mountMindLabKidsPuzzle09;","Review before Adults route placement design."
"frontend/src/ui/mindlab_v2_ux_flow_controller.js","337","KIDS_REFERENCE","// MINDLAB_KIDS_PUZZLE_09_END","Review before Adults route placement design."
"frontend/src/ui/mindlab_v2_ux_flow_controller.js","339","KIDS_REFERENCE","// MINDLAB_KIDS_PUZZLE_10_START","Review before Adults route placement design."
"frontend/src/ui/mindlab_v2_ux_flow_controller.js","340","KIDS_REFERENCE","function mountMindLabKidsPuzzle10(rootContainerId) {","Review before Adults route placement design."
"frontend/src/ui/mindlab_v2_ux_flow_controller.js","343","KIDS_REFERENCE","throw new Error(""Kids puzzle 10 root container not found."");","Review before Adults route placement design."
"frontend/src/ui/mindlab_v2_ux_flow_controller.js","346","KIDS_REFERENCE","renderKidsModeShell(rootContainerId);","Review before Adults route placement design."
"frontend/src/ui/mindlab_v2_ux_flow_controller.js","347","KIDS_REFERENCE","renderKidsPuzzle10(""mindlab-kids-puzzle-host"");","Review before Adults route placement design."
"frontend/src/ui/mindlab_v2_ux_flow_controller.js","349","KIDS_REFERENCE","const retryButton = document.getElementById(""mindlab-kids-retry-button"");","Review before Adults route placement design."
"frontend/src/ui/mindlab_v2_ux_flow_controller.js","352","KIDS_REFERENCE","renderKidsPuzzle10(""mindlab-kids-puzzle-host"");","Review before Adults route placement design."
"frontend/src/ui/mindlab_v2_ux_flow_controller.js","360","KIDS_REFERENCE","window.mountMindLabKidsPuzzle10 = mountMindLabKidsPuzzle10;","Review before Adults route placement design."
"frontend/src/ui/mindlab_v2_ux_flow_controller.js","364","KIDS_REFERENCE","module.exports.mountMindLabKidsPuzzle10 = mountMindLabKidsPuzzle10;","Review before Adults route placement design."
"frontend/src/ui/mindlab_v2_ux_flow_controller.js","366","KIDS_REFERENCE","// MINDLAB_KIDS_PUZZLE_10_END","Review before Adults route placement design."
"frontend/src/ui/mindlab_v2_ux_flow_controller.js","368","KIDS_REFERENCE","// MINDLAB_KIDS_PUZZLE_11_START","Review before Adults route placement design."
"frontend/src/ui/mindlab_v2_ux_flow_controller.js","369","KIDS_REFERENCE","function mountMindLabKidsPuzzle11(rootContainerId) {","Review before Adults route placement design."
"frontend/src/ui/mindlab_v2_ux_flow_controller.js","372","KIDS_REFERENCE","throw new Error(""Kids puzzle 11 root container not found."");","Review before Adults route placement design."
"frontend/src/ui/mindlab_v2_ux_flow_controller.js","375","KIDS_REFERENCE","renderKidsModeShell(rootContainerId);","Review before Adults route placement design."
"frontend/src/ui/mindlab_v2_ux_flow_controller.js","376","KIDS_REFERENCE","renderKidsPuzzle11(""mindlab-kids-puzzle-host"");","Review before Adults route placement design."
"frontend/src/ui/mindlab_v2_ux_flow_controller.js","378","KIDS_REFERENCE","const retryButton = document.getElementById(""mindlab-kids-retry-button"");","Review before Adults route placement design."
"frontend/src/ui/mindlab_v2_ux_flow_controller.js","381","KIDS_REFERENCE","renderKidsPuzzle11(""mindlab-kids-puzzle-host"");","Review before Adults route placement design."
"frontend/src/ui/mindlab_v2_ux_flow_controller.js","389","KIDS_REFERENCE","window.mountMindLabKidsPuzzle11 = mountMindLabKidsPuzzle11;","Review before Adults route placement design."
"frontend/src/ui/mindlab_v2_ux_flow_controller.js","393","KIDS_REFERENCE","module.exports.mountMindLabKidsPuzzle11 = mountMindLabKidsPuzzle11;","Review before Adults route placement design."
"frontend/src/ui/mindlab_v2_ux_flow_controller.js","395","KIDS_REFERENCE","// MINDLAB_KIDS_PUZZLE_11_END","Review before Adults route placement design."
"frontend/src/ui/mindlab_v2_ux_flow_controller.js","397","KIDS_REFERENCE","// MINDLAB_KIDS_PUZZLE_12_START","Review before Adults route placement design."
"frontend/src/ui/mindlab_v2_ux_flow_controller.js","398","KIDS_REFERENCE","function mountMindLabKidsPuzzle12(rootContainerId) {","Review before Adults route placement design."
"frontend/src/ui/mindlab_v2_ux_flow_controller.js","401","KIDS_REFERENCE","throw new Error(""Kids puzzle 12 root container not found."");","Review before Adults route placement design."
"frontend/src/ui/mindlab_v2_ux_flow_controller.js","404","KIDS_REFERENCE","renderKidsModeShell(rootContainerId);","Review before Adults route placement design."
"frontend/src/ui/mindlab_v2_ux_flow_controller.js","405","KIDS_REFERENCE","renderKidsPuzzle12(""mindlab-kids-puzzle-host"");","Review before Adults route placement design."
"frontend/src/ui/mindlab_v2_ux_flow_controller.js","407","KIDS_REFERENCE","const retryButton = document.getElementById(""mindlab-kids-retry-button"");","Review before Adults route placement design."
"frontend/src/ui/mindlab_v2_ux_flow_controller.js","410","KIDS_REFERENCE","renderKidsPuzzle12(""mindlab-kids-puzzle-host"");","Review before Adults route placement design."
"frontend/src/ui/mindlab_v2_ux_flow_controller.js","418","KIDS_REFERENCE","window.mountMindLabKidsPuzzle12 = mountMindLabKidsPuzzle12;","Review before Adults route placement design."
"frontend/src/ui/mindlab_v2_ux_flow_controller.js","422","KIDS_REFERENCE","module.exports.mountMindLabKidsPuzzle12 = mountMindLabKidsPuzzle12;","Review before Adults route placement design."
"frontend/src/ui/mindlab_v2_ux_flow_controller.js","424","KIDS_REFERENCE","// MINDLAB_KIDS_PUZZLE_12_END","Review before Adults route placement design."
"frontend/src/ui/mindlab_v2_ux_flow_controller.js","426","KIDS_REFERENCE","// MINDLAB_KIDS_PUZZLE_13_START","Review before Adults route placement design."
"frontend/src/ui/mindlab_v2_ux_flow_controller.js","427","KIDS_REFERENCE","function mountMindLabKidsPuzzle13(rootContainerId) {","Review before Adults route placement design."
"frontend/src/ui/mindlab_v2_ux_flow_controller.js","430","KIDS_REFERENCE","throw new Error(""Kids puzzle 13 root container not found."");","Review before Adults route placement design."
"frontend/src/ui/mindlab_v2_ux_flow_controller.js","433","KIDS_REFERENCE","renderKidsModeShell(rootContainerId);","Review before Adults route placement design."
"frontend/src/ui/mindlab_v2_ux_flow_controller.js","434","KIDS_REFERENCE","renderKidsPuzzle13(""mindlab-kids-puzzle-host"");","Review before Adults route placement design."
"frontend/src/ui/mindlab_v2_ux_flow_controller.js","436","KIDS_REFERENCE","const retryButton = document.getElementById(""mindlab-kids-retry-button"");","Review before Adults route placement design."
"frontend/src/ui/mindlab_v2_ux_flow_controller.js","439","KIDS_REFERENCE","renderKidsPuzzle13(""mindlab-kids-puzzle-host"");","Review before Adults route placement design."
"frontend/src/ui/mindlab_v2_ux_flow_controller.js","447","KIDS_REFERENCE","window.mountMindLabKidsPuzzle13 = mountMindLabKidsPuzzle13;","Review before Adults route placement design."
"frontend/src/ui/mindlab_v2_ux_flow_controller.js","451","KIDS_REFERENCE","module.exports.mountMindLabKidsPuzzle13 = mountMindLabKidsPuzzle13;","Review before Adults route placement design."
"frontend/src/ui/mindlab_v2_ux_flow_controller.js","453","KIDS_REFERENCE","// MINDLAB_KIDS_PUZZLE_13_END","Review before Adults route placement design."
"frontend/src/ui/mindlab_v2_ux_flow_controller.js","455","KIDS_REFERENCE","// MINDLAB_KIDS_PUZZLE_14_START","Review before Adults route placement design."
"frontend/src/ui/mindlab_v2_ux_flow_controller.js","456","KIDS_REFERENCE","function mountMindLabKidsPuzzle14(rootContainerId) {","Review before Adults route placement design."
"frontend/src/ui/mindlab_v2_ux_flow_controller.js","458","KIDS_REFERENCE","if (!root) throw new Error(""Kids puzzle 14 root container not found."");","Review before Adults route placement design."
"frontend/src/ui/mindlab_v2_ux_flow_controller.js","460","KIDS_REFERENCE","renderKidsModeShell(rootContainerId);","Review before Adults route placement design."
"frontend/src/ui/mindlab_v2_ux_flow_controller.js","461","KIDS_REFERENCE","renderKidsPuzzle14(""mindlab-kids-puzzle-host"");","Review before Adults route placement design."
"frontend/src/ui/mindlab_v2_ux_flow_controller.js","463","KIDS_REFERENCE","const retryButton = document.getElementById(""mindlab-kids-retry-button"");","Review before Adults route placement design."
"frontend/src/ui/mindlab_v2_ux_flow_controller.js","466","KIDS_REFERENCE","renderKidsPuzzle14(""mindlab-kids-puzzle-host"");","Review before Adults route placement design."
"frontend/src/ui/mindlab_v2_ux_flow_controller.js","474","KIDS_REFERENCE","window.mountMindLabKidsPuzzle14 = mountMindLabKidsPuzzle14;","Review before Adults route placement design."
"frontend/src/ui/mindlab_v2_ux_flow_controller.js","478","KIDS_REFERENCE","module.exports.mountMindLabKidsPuzzle14 = mountMindLabKidsPuzzle14;","Review before Adults route placement design."
"frontend/src/ui/mindlab_v2_ux_flow_controller.js","480","KIDS_REFERENCE","// MINDLAB_KIDS_PUZZLE_14_END","Review before Adults route placement design."
"frontend/src/ui/mindlab_v2_ux_flow_controller.js","482","KIDS_REFERENCE","// MINDLAB_KIDS_PUZZLE_15_START","Review before Adults route placement design."
"frontend/src/ui/mindlab_v2_ux_flow_controller.js","483","KIDS_REFERENCE","function mountMindLabKidsPuzzle15(rootContainerId){","Review before Adults route placement design."
"frontend/src/ui/mindlab_v2_ux_flow_controller.js","486","KIDS_REFERENCE","renderKidsModeShell(rootContainerId);","Review before Adults route placement design."
"frontend/src/ui/mindlab_v2_ux_flow_controller.js","487","KIDS_REFERENCE","renderKidsPuzzle15(""mindlab-kids-puzzle-host"");","Review before Adults route placement design."
"frontend/src/ui/mindlab_v2_ux_flow_controller.js","490","KIDS_REFERENCE","if(typeof window!==""undefined""){window.mountMindLabKidsPuzzle15=mountMindLabKidsPuzzle15;}","Review before Adults route placement design."
"frontend/src/ui/mindlab_v2_ux_flow_controller.js","491","KIDS_REFERENCE","if(typeof module!==""undefined""){module.exports.mountMindLabKidsPuzzle15=mountMindLabKidsPuzzle15;}","Review before Adults route placement design."
"frontend/src/ui/mindlab_v2_ux_flow_controller.js","492","KIDS_REFERENCE","// MINDLAB_KIDS_PUZZLE_15_END","Review before Adults route placement design."
"frontend/src/ui/mindlab_v2_ux_flow_controller.js","494","KIDS_REFERENCE","// MINDLAB_KIDS_PUZZLE_16_START","Review before Adults route placement design."
"frontend/src/ui/mindlab_v2_ux_flow_controller.js","495","KIDS_REFERENCE","function mountMindLabKidsPuzzle16(rootContainerId){","Review before Adults route placement design."
"frontend/src/ui/mindlab_v2_ux_flow_controller.js","498","KIDS_REFERENCE","renderKidsModeShell(rootContainerId);","Review before Adults route placement design."
"frontend/src/ui/mindlab_v2_ux_flow_controller.js","499","KIDS_REFERENCE","renderKidsPuzzle16(""mindlab-kids-puzzle-host"");","Review before Adults route placement design."
"frontend/src/ui/mindlab_v2_ux_flow_controller.js","502","KIDS_REFERENCE","if(typeof window!==""undefined""){window.mountMindLabKidsPuzzle16=mountMindLabKidsPuzzle16;}","Review before Adults route placement design."
"frontend/src/ui/mindlab_v2_ux_flow_controller.js","503","KIDS_REFERENCE","if(typeof module!==""undefined""){module.exports.mountMindLabKidsPuzzle16=mountMindLabKidsPuzzle16;}","Review before Adults route placement design."
"frontend/src/ui/mindlab_v2_ux_flow_controller.js","504","KIDS_REFERENCE","// MINDLAB_KIDS_PUZZLE_16_END","Review before Adults route placement design."
"frontend/src/ui/mindlab_v2_ux_flow_controller.js","506","KIDS_REFERENCE","// MINDLAB_KIDS_PUZZLE_17_START","Review before Adults route placement design."
"frontend/src/ui/mindlab_v2_ux_flow_controller.js","507","KIDS_REFERENCE","function mountMindLabKidsPuzzle17(rootContainerId){","Review before Adults route placement design."
"frontend/src/ui/mindlab_v2_ux_flow_controller.js","510","KIDS_REFERENCE","renderKidsModeShell(rootContainerId);","Review before Adults route placement design."
"frontend/src/ui/mindlab_v2_ux_flow_controller.js","511","KIDS_REFERENCE","renderKidsPuzzle17(""mindlab-kids-puzzle-host"");","Review before Adults route placement design."
"frontend/src/ui/mindlab_v2_ux_flow_controller.js","514","KIDS_REFERENCE","if(typeof window!==""undefined""){window.mountMindLabKidsPuzzle17=mountMindLabKidsPuzzle17;}","Review before Adults route placement design."
"frontend/src/ui/mindlab_v2_ux_flow_controller.js","515","KIDS_REFERENCE","if(typeof module!==""undefined""){module.exports.mountMindLabKidsPuzzle17=mountMindLabKidsPuzzle17;}","Review before Adults route placement design."
"frontend/src/ui/mindlab_v2_ux_flow_controller.js","516","KIDS_REFERENCE","// MINDLAB_KIDS_PUZZLE_17_END","Review before Adults route placement design."
"frontend/src/ui/mindlab_v2_ux_flow_controller.js","518","KIDS_REFERENCE","// MINDLAB_KIDS_PUZZLE_18_START","Review before Adults route placement design."
"frontend/src/ui/mindlab_v2_ux_flow_controller.js","519","KIDS_REFERENCE","function mountMindLabKidsPuzzle18(rootContainerId){","Review before Adults route placement design."
"frontend/src/ui/mindlab_v2_ux_flow_controller.js","522","KIDS_REFERENCE","renderKidsModeShell(rootContainerId);","Review before Adults route placement design."
"frontend/src/ui/mindlab_v2_ux_flow_controller.js","523","KIDS_REFERENCE","renderKidsPuzzle18(""mindlab-kids-puzzle-host"");","Review before Adults route placement design."
"frontend/src/ui/mindlab_v2_ux_flow_controller.js","526","KIDS_REFERENCE","if(typeof window!==""undefined""){window.mountMindLabKidsPuzzle18=mountMindLabKidsPuzzle18;}","Review before Adults route placement design."
"frontend/src/ui/mindlab_v2_ux_flow_controller.js","527","KIDS_REFERENCE","if(typeof module!==""undefined""){module.exports.mountMindLabKidsPuzzle18=mountMindLabKidsPuzzle18;}","Review before Adults route placement design."
"frontend/src/ui/mindlab_v2_ux_flow_controller.js","528","KIDS_REFERENCE","// MINDLAB_KIDS_PUZZLE_18_END","Review before Adults route placement design."
"frontend/src/ui/mindlab_v2_ux_flow_controller.js","530","KIDS_REFERENCE","// MINDLAB_KIDS_PUZZLE_19_START","Review before Adults route placement design."
"frontend/src/ui/mindlab_v2_ux_flow_controller.js","531","KIDS_REFERENCE","function mountMindLabKidsPuzzle19(rootContainerId){","Review before Adults route placement design."
"frontend/src/ui/mindlab_v2_ux_flow_controller.js","534","KIDS_REFERENCE","renderKidsModeShell(rootContainerId);","Review before Adults route placement design."
"frontend/src/ui/mindlab_v2_ux_flow_controller.js","535","KIDS_REFERENCE","renderKidsPuzzle19(""mindlab-kids-puzzle-host"");","Review before Adults route placement design."
"frontend/src/ui/mindlab_v2_ux_flow_controller.js","538","KIDS_REFERENCE","if(typeof window!==""undefined""){window.mountMindLabKidsPuzzle19=mountMindLabKidsPuzzle19;}","Review before Adults route placement design."
"frontend/src/ui/mindlab_v2_ux_flow_controller.js","539","KIDS_REFERENCE","if(typeof module!==""undefined""){module.exports.mountMindLabKidsPuzzle19=mountMindLabKidsPuzzle19;}","Review before Adults route placement design."
"frontend/src/ui/mindlab_v2_ux_flow_controller.js","540","KIDS_REFERENCE","// MINDLAB_KIDS_PUZZLE_19_END","Review before Adults route placement design."
"frontend/src/ui/mindlab_v2_ux_flow_controller.js","542","KIDS_REFERENCE","// MINDLAB_KIDS_PUZZLE_20_START","Review before Adults route placement design."
"frontend/src/ui/mindlab_v2_ux_flow_controller.js","543","KIDS_REFERENCE","function mountMindLabKidsPuzzle20(rootContainerId){","Review before Adults route placement design."
"frontend/src/ui/mindlab_v2_ux_flow_controller.js","546","KIDS_REFERENCE","renderKidsModeShell(rootContainerId);","Review before Adults route placement design."
"frontend/src/ui/mindlab_v2_ux_flow_controller.js","547","KIDS_REFERENCE","renderKidsPuzzle20(""mindlab-kids-puzzle-host"");","Review before Adults route placement design."
"frontend/src/ui/mindlab_v2_ux_flow_controller.js","550","KIDS_REFERENCE","if(typeof window!==""undefined""){window.mountMindLabKidsPuzzle20=mountMindLabKidsPuzzle20;}","Review before Adults route placement design."
"frontend/src/ui/mindlab_v2_ux_flow_controller.js","551","KIDS_REFERENCE","if(typeof module!==""undefined""){module.exports.mountMindLabKidsPuzzle20=mountMindLabKidsPuzzle20;}","Review before Adults route placement design."
"frontend/src/ui/mindlab_v2_ux_flow_controller.js","552","KIDS_REFERENCE","// MINDLAB_KIDS_PUZZLE_20_END","Review before Adults route placement design."
"frontend/src/ui/mindlab_v2_ux_flow_controller.js","554","KIDS_REFERENCE","// MINDLAB_KIDS_PUZZLE_21_START","Review before Adults route placement design."
"frontend/src/ui/mindlab_v2_ux_flow_controller.js","555","KIDS_REFERENCE","function mountMindLabKidsPuzzle21(rootContainerId){","Review before Adults route placement design."
"frontend/src/ui/mindlab_v2_ux_flow_controller.js","558","KIDS_REFERENCE","renderKidsModeShell(rootContainerId);","Review before Adults route placement design."
"frontend/src/ui/mindlab_v2_ux_flow_controller.js","559","KIDS_REFERENCE","renderKidsPuzzle21(""mindlab-kids-puzzle-host"");","Review before Adults route placement design."
"frontend/src/ui/mindlab_v2_ux_flow_controller.js","562","KIDS_REFERENCE","if(typeof window!==""undefined""){window.mountMindLabKidsPuzzle21=mountMindLabKidsPuzzle21;}","Review before Adults route placement design."
"frontend/src/ui/mindlab_v2_ux_flow_controller.js","563","KIDS_REFERENCE","if(typeof module!==""undefined""){module.exports.mountMindLabKidsPuzzle21=mountMindLabKidsPuzzle21;}","Review before Adults route placement design."
"frontend/src/ui/mindlab_v2_ux_flow_controller.js","564","KIDS_REFERENCE","// MINDLAB_KIDS_PUZZLE_21_END","Review before Adults route placement design."
"frontend/src/ui/mindlab_v2_ux_flow_controller.js","566","KIDS_REFERENCE","// MINDLAB_KIDS_PUZZLE_22_START","Review before Adults route placement design."
"frontend/src/ui/mindlab_v2_ux_flow_controller.js","567","KIDS_REFERENCE","function mountMindLabKidsPuzzle22(rootContainerId){","Review before Adults route placement design."
"frontend/src/ui/mindlab_v2_ux_flow_controller.js","570","KIDS_REFERENCE","renderKidsModeShell(rootContainerId);","Review before Adults route placement design."
"frontend/src/ui/mindlab_v2_ux_flow_controller.js","571","KIDS_REFERENCE","renderKidsPuzzle22(""mindlab-kids-puzzle-host"");","Review before Adults route placement design."
"frontend/src/ui/mindlab_v2_ux_flow_controller.js","574","KIDS_REFERENCE","if(typeof window!==""undefined""){window.mountMindLabKidsPuzzle22=mountMindLabKidsPuzzle22;}","Review before Adults route placement design."
"frontend/src/ui/mindlab_v2_ux_flow_controller.js","575","KIDS_REFERENCE","if(typeof module!==""undefined""){module.exports.mountMindLabKidsPuzzle22=mountMindLabKidsPuzzle22;}","Review before Adults route placement design."
"frontend/src/ui/mindlab_v2_ux_flow_controller.js","576","KIDS_REFERENCE","// MINDLAB_KIDS_PUZZLE_22_END","Review before Adults route placement design."
"frontend/src/ui/mindlab_v2_ux_flow_controller.js","578","KIDS_REFERENCE","// MINDLAB_KIDS_PUZZLE_23_START","Review before Adults route placement design."
"frontend/src/ui/mindlab_v2_ux_flow_controller.js","579","KIDS_REFERENCE","function mountMindLabKidsPuzzle23(rootContainerId){","Review before Adults route placement design."
"frontend/src/ui/mindlab_v2_ux_flow_controller.js","582","KIDS_REFERENCE","renderKidsModeShell(rootContainerId);","Review before Adults route placement design."
"frontend/src/ui/mindlab_v2_ux_flow_controller.js","583","KIDS_REFERENCE","renderKidsPuzzle23(""mindlab-kids-puzzle-host"");","Review before Adults route placement design."
"frontend/src/ui/mindlab_v2_ux_flow_controller.js","586","KIDS_REFERENCE","if(typeof window!==""undefined""){window.mountMindLabKidsPuzzle23=mountMindLabKidsPuzzle23;}","Review before Adults route placement design."
"frontend/src/ui/mindlab_v2_ux_flow_controller.js","587","KIDS_REFERENCE","if(typeof module!==""undefined""){module.exports.mountMindLabKidsPuzzle23=mountMindLabKidsPuzzle23;}","Review before Adults route placement design."
"frontend/src/ui/mindlab_v2_ux_flow_controller.js","588","KIDS_REFERENCE","// MINDLAB_KIDS_PUZZLE_23_END","Review before Adults route placement design."
"frontend/src/ui/mindlab_v2_ux_flow_controller.js","590","KIDS_REFERENCE","// MINDLAB_KIDS_PUZZLE_24_START","Review before Adults route placement design."
"frontend/src/ui/mindlab_v2_ux_flow_controller.js","591","KIDS_REFERENCE","function mountMindLabKidsPuzzle24(rootContainerId){","Review before Adults route placement design."
"frontend/src/ui/mindlab_v2_ux_flow_controller.js","594","KIDS_REFERENCE","renderKidsModeShell(rootContainerId);","Review before Adults route placement design."
"frontend/src/ui/mindlab_v2_ux_flow_controller.js","595","KIDS_REFERENCE","renderKidsPuzzle24(""mindlab-kids-puzzle-host"");","Review before Adults route placement design."
"frontend/src/ui/mindlab_v2_ux_flow_controller.js","598","KIDS_REFERENCE","if(typeof window!==""undefined""){window.mountMindLabKidsPuzzle24=mountMindLabKidsPuzzle24;}","Review before Adults route placement design."
"frontend/src/ui/mindlab_v2_ux_flow_controller.js","599","KIDS_REFERENCE","if(typeof module!==""undefined""){module.exports.mountMindLabKidsPuzzle24=mountMindLabKidsPuzzle24;}","Review before Adults route placement design."
"frontend/src/ui/mindlab_v2_ux_flow_controller.js","600","KIDS_REFERENCE","// MINDLAB_KIDS_PUZZLE_24_END","Review before Adults route placement design."
"frontend/src/ui/mindlab_v2_ux_flow_controller.js","602","KIDS_REFERENCE","// MINDLAB_KIDS_PUZZLE_25_START","Review before Adults route placement design."
"frontend/src/ui/mindlab_v2_ux_flow_controller.js","603","KIDS_REFERENCE","function mountMindLabKidsPuzzle25(rootContainerId){","Review before Adults route placement design."
"frontend/src/ui/mindlab_v2_ux_flow_controller.js","606","KIDS_REFERENCE","renderKidsModeShell(rootContainerId);","Review before Adults route placement design."
"frontend/src/ui/mindlab_v2_ux_flow_controller.js","607","KIDS_REFERENCE","renderKidsPuzzle25(""mindlab-kids-puzzle-host"");","Review before Adults route placement design."
"frontend/src/ui/mindlab_v2_ux_flow_controller.js","610","KIDS_REFERENCE","if(typeof window!==""undefined""){window.mountMindLabKidsPuzzle25=mountMindLabKidsPuzzle25;}","Review before Adults route placement design."
"frontend/src/ui/mindlab_v2_ux_flow_controller.js","611","KIDS_REFERENCE","if(typeof module!==""undefined""){module.exports.mountMindLabKidsPuzzle25=mountMindLabKidsPuzzle25;}","Review before Adults route placement design."
"frontend/src/ui/mindlab_v2_ux_flow_controller.js","612","KIDS_REFERENCE","// MINDLAB_KIDS_PUZZLE_25_END","Review before Adults route placement design."
"frontend/src/ui/mindlab_v2_ux_flow_controller.js","614","KIDS_REFERENCE","// MINDLAB_KIDS_PUZZLE_26_START","Review before Adults route placement design."
"frontend/src/ui/mindlab_v2_ux_flow_controller.js","615","KIDS_REFERENCE","function mountMindLabKidsPuzzle26(rootContainerId){","Review before Adults route placement design."
"frontend/src/ui/mindlab_v2_ux_flow_controller.js","618","KIDS_REFERENCE","renderKidsModeShell(rootContainerId);","Review before Adults route placement design."
"frontend/src/ui/mindlab_v2_ux_flow_controller.js","619","KIDS_REFERENCE","renderKidsPuzzle26(""mindlab-kids-puzzle-host"");","Review before Adults route placement design."
"frontend/src/ui/mindlab_v2_ux_flow_controller.js","622","KIDS_REFERENCE","if(typeof window!==""undefined""){window.mountMindLabKidsPuzzle26=mountMindLabKidsPuzzle26;}","Review before Adults route placement design."
"frontend/src/ui/mindlab_v2_ux_flow_controller.js","623","KIDS_REFERENCE","if(typeof module!==""undefined""){module.exports.mountMindLabKidsPuzzle26=mountMindLabKidsPuzzle26;}","Review before Adults route placement design."
"frontend/src/ui/mindlab_v2_ux_flow_controller.js","624","KIDS_REFERENCE","// MINDLAB_KIDS_PUZZLE_26_END","Review before Adults route placement design."
"frontend/src/ui/mindlab_v2_ux_flow_controller.js","626","KIDS_REFERENCE","// MINDLAB_KIDS_PUZZLE_27_START","Review before Adults route placement design."
"frontend/src/ui/mindlab_v2_ux_flow_controller.js","627","KIDS_REFERENCE","function mountMindLabKidsPuzzle27(rootContainerId){","Review before Adults route placement design."
"frontend/src/ui/mindlab_v2_ux_flow_controller.js","630","KIDS_REFERENCE","renderKidsModeShell(rootContainerId);","Review before Adults route placement design."
"frontend/src/ui/mindlab_v2_ux_flow_controller.js","631","KIDS_REFERENCE","renderKidsPuzzle27(""mindlab-kids-puzzle-host"");","Review before Adults route placement design."
"frontend/src/ui/mindlab_v2_ux_flow_controller.js","634","KIDS_REFERENCE","if(typeof window!==""undefined""){window.mountMindLabKidsPuzzle27=mountMindLabKidsPuzzle27;}","Review before Adults route placement design."
"frontend/src/ui/mindlab_v2_ux_flow_controller.js","635","KIDS_REFERENCE","if(typeof module!==""undefined""){module.exports.mountMindLabKidsPuzzle27=mountMindLabKidsPuzzle27;}","Review before Adults route placement design."
"frontend/src/ui/mindlab_v2_ux_flow_controller.js","636","KIDS_REFERENCE","// MINDLAB_KIDS_PUZZLE_27_END","Review before Adults route placement design."
"frontend/src/ui/mindlab_v2_ux_flow_controller.js","638","KIDS_REFERENCE","// MINDLAB_KIDS_PUZZLE_28_START","Review before Adults route placement design."
"frontend/src/ui/mindlab_v2_ux_flow_controller.js","639","KIDS_REFERENCE","function mountMindLabKidsPuzzle28(rootContainerId){","Review before Adults route placement design."
"frontend/src/ui/mindlab_v2_ux_flow_controller.js","642","KIDS_REFERENCE","renderKidsModeShell(rootContainerId);","Review before Adults route placement design."
"frontend/src/ui/mindlab_v2_ux_flow_controller.js","643","KIDS_REFERENCE","renderKidsPuzzle28(""mindlab-kids-puzzle-host"");","Review before Adults route placement design."
"frontend/src/ui/mindlab_v2_ux_flow_controller.js","646","KIDS_REFERENCE","if(typeof window!==""undefined""){window.mountMindLabKidsPuzzle28=mountMindLabKidsPuzzle28;}","Review before Adults route placement design."
"frontend/src/ui/mindlab_v2_ux_flow_controller.js","647","KIDS_REFERENCE","if(typeof module!==""undefined""){module.exports.mountMindLabKidsPuzzle28=mountMindLabKidsPuzzle28;}","Review before Adults route placement design."
"frontend/src/ui/mindlab_v2_ux_flow_controller.js","648","KIDS_REFERENCE","// MINDLAB_KIDS_PUZZLE_28_END","Review before Adults route placement design."
"frontend/src/ui/mindlab_v2_ux_flow_controller.js","650","KIDS_REFERENCE","// MINDLAB_KIDS_PUZZLE_29_START","Review before Adults route placement design."
"frontend/src/ui/mindlab_v2_ux_flow_controller.js","651","KIDS_REFERENCE","function mountMindLabKidsPuzzle29(rootContainerId){","Review before Adults route placement design."
"frontend/src/ui/mindlab_v2_ux_flow_controller.js","654","KIDS_REFERENCE","renderKidsModeShell(rootContainerId);","Review before Adults route placement design."
"frontend/src/ui/mindlab_v2_ux_flow_controller.js","655","KIDS_REFERENCE","renderKidsPuzzle29(""mindlab-kids-puzzle-host"");","Review before Adults route placement design."
"frontend/src/ui/mindlab_v2_ux_flow_controller.js","658","KIDS_REFERENCE","if(typeof window!==""undefined""){window.mountMindLabKidsPuzzle29=mountMindLabKidsPuzzle29;}","Review before Adults route placement design."
"frontend/src/ui/mindlab_v2_ux_flow_controller.js","659","KIDS_REFERENCE","if(typeof module!==""undefined""){module.exports.mountMindLabKidsPuzzle29=mountMindLabKidsPuzzle29;}","Review before Adults route placement design."
"frontend/src/ui/mindlab_v2_ux_flow_controller.js","660","KIDS_REFERENCE","// MINDLAB_KIDS_PUZZLE_29_END","Review before Adults route placement design."
"frontend/src/ui/mindlab_v2_ux_flow_controller.js","662","KIDS_REFERENCE","// MINDLAB_KIDS_PUZZLE_30_START","Review before Adults route placement design."
"frontend/src/ui/mindlab_v2_ux_flow_controller.js","663","KIDS_REFERENCE","function mountMindLabKidsPuzzle30(rootContainerId){","Review before Adults route placement design."
"frontend/src/ui/mindlab_v2_ux_flow_controller.js","666","KIDS_REFERENCE","renderKidsModeShell(rootContainerId);","Review before Adults route placement design."
"frontend/src/ui/mindlab_v2_ux_flow_controller.js","667","KIDS_REFERENCE","renderKidsPuzzle30(""mindlab-kids-puzzle-host"");","Review before Adults route placement design."
"frontend/src/ui/mindlab_v2_ux_flow_controller.js","670","KIDS_REFERENCE","if(typeof window!==""undefined""){window.mountMindLabKidsPuzzle30=mountMindLabKidsPuzzle30;}","Review before Adults route placement design."
"frontend/src/ui/mindlab_v2_ux_flow_controller.js","671","KIDS_REFERENCE","if(typeof module!==""undefined""){module.exports.mountMindLabKidsPuzzle30=mountMindLabKidsPuzzle30;}","Review before Adults route placement design."
"frontend/src/ui/mindlab_v2_ux_flow_controller.js","672","KIDS_REFERENCE","// MINDLAB_KIDS_PUZZLE_30_END","Review before Adults route placement design."
"frontend/src/ui/mindlab_v2_ux_flow_controller.js","674","KIDS_REFERENCE","// MINDLAB_KIDS_PUZZLE_31_START","Review before Adults route placement design."
"frontend/src/ui/mindlab_v2_ux_flow_controller.js","675","KIDS_REFERENCE","function mountMindLabKidsPuzzle31(rootContainerId){","Review before Adults route placement design."
"frontend/src/ui/mindlab_v2_ux_flow_controller.js","678","KIDS_REFERENCE","renderKidsModeShell(rootContainerId);","Review before Adults route placement design."
"frontend/src/ui/mindlab_v2_ux_flow_controller.js","679","KIDS_REFERENCE","renderKidsPuzzle31(""mindlab-kids-puzzle-host"");","Review before Adults route placement design."
"frontend/src/ui/mindlab_v2_ux_flow_controller.js","682","KIDS_REFERENCE","if(typeof window!==""undefined""){window.mountMindLabKidsPuzzle31=mountMindLabKidsPuzzle31;}","Review before Adults route placement design."
"frontend/src/ui/mindlab_v2_ux_flow_controller.js","683","KIDS_REFERENCE","if(typeof module!==""undefined""){module.exports.mountMindLabKidsPuzzle31=mountMindLabKidsPuzzle31;}","Review before Adults route placement design."
"frontend/src/ui/mindlab_v2_ux_flow_controller.js","684","KIDS_REFERENCE","// MINDLAB_KIDS_PUZZLE_31_END","Review before Adults route placement design."
"frontend/src/ui/mindlab_v2_ux_flow_controller.js","686","KIDS_REFERENCE","// MINDLAB_KIDS_PUZZLE_32_START","Review before Adults route placement design."
"frontend/src/ui/mindlab_v2_ux_flow_controller.js","687","KIDS_REFERENCE","function mountMindLabKidsPuzzle32(rootContainerId){","Review before Adults route placement design."
"frontend/src/ui/mindlab_v2_ux_flow_controller.js","690","KIDS_REFERENCE","renderKidsModeShell(rootContainerId);","Review before Adults route placement design."
"frontend/src/ui/mindlab_v2_ux_flow_controller.js","691","KIDS_REFERENCE","renderKidsPuzzle32(""mindlab-kids-puzzle-host"");","Review before Adults route placement design."
"frontend/src/ui/mindlab_v2_ux_flow_controller.js","694","KIDS_REFERENCE","if(typeof window!==""undefined""){window.mountMindLabKidsPuzzle32=mountMindLabKidsPuzzle32;}","Review before Adults route placement design."
"frontend/src/ui/mindlab_v2_ux_flow_controller.js","695","KIDS_REFERENCE","if(typeof module!==""undefined""){module.exports.mountMindLabKidsPuzzle32=mountMindLabKidsPuzzle32;}","Review before Adults route placement design."
"frontend/src/ui/mindlab_v2_ux_flow_controller.js","696","KIDS_REFERENCE","// MINDLAB_KIDS_PUZZLE_32_END","Review before Adults route placement design."
"frontend/src/ui/mindlab_v2_ux_flow_controller.js","698","KIDS_REFERENCE","// MINDLAB_KIDS_PUZZLE_33_START","Review before Adults route placement design."
"frontend/src/ui/mindlab_v2_ux_flow_controller.js","699","KIDS_REFERENCE","function mountMindLabKidsPuzzle33(rootContainerId){","Review before Adults route placement design."
"frontend/src/ui/mindlab_v2_ux_flow_controller.js","702","KIDS_REFERENCE","renderKidsModeShell(rootContainerId);","Review before Adults route placement design."
"frontend/src/ui/mindlab_v2_ux_flow_controller.js","703","KIDS_REFERENCE","renderKidsPuzzle33(""mindlab-kids-puzzle-host"");","Review before Adults route placement design."
"frontend/src/ui/mindlab_v2_ux_flow_controller.js","706","KIDS_REFERENCE","if(typeof window!==""undefined""){window.mountMindLabKidsPuzzle33=mountMindLabKidsPuzzle33;}","Review before Adults route placement design."
"frontend/src/ui/mindlab_v2_ux_flow_controller.js","707","KIDS_REFERENCE","if(typeof module!==""undefined""){module.exports.mountMindLabKidsPuzzle33=mountMindLabKidsPuzzle33;}","Review before Adults route placement design."
"frontend/src/ui/mindlab_v2_ux_flow_controller.js","708","KIDS_REFERENCE","// MINDLAB_KIDS_PUZZLE_33_END","Review before Adults route placement design."
"frontend/src/ui/mindlab_v2_ux_flow_controller.js","710","KIDS_REFERENCE","// MINDLAB_KIDS_PUZZLE_34_START","Review before Adults route placement design."
"frontend/src/ui/mindlab_v2_ux_flow_controller.js","711","KIDS_REFERENCE","function mountMindLabKidsPuzzle34(rootContainerId){","Review before Adults route placement design."
"frontend/src/ui/mindlab_v2_ux_flow_controller.js","714","KIDS_REFERENCE","renderKidsModeShell(rootContainerId);","Review before Adults route placement design."
"frontend/src/ui/mindlab_v2_ux_flow_controller.js","715","KIDS_REFERENCE","renderKidsPuzzle34(""mindlab-kids-puzzle-host"");","Review before Adults route placement design."
"frontend/src/ui/mindlab_v2_ux_flow_controller.js","718","KIDS_REFERENCE","if(typeof window!==""undefined""){window.mountMindLabKidsPuzzle34=mountMindLabKidsPuzzle34;}","Review before Adults route placement design."
"frontend/src/ui/mindlab_v2_ux_flow_controller.js","719","KIDS_REFERENCE","if(typeof module!==""undefined""){module.exports.mountMindLabKidsPuzzle34=mountMindLabKidsPuzzle34;}","Review before Adults route placement design."
"frontend/src/ui/mindlab_v2_ux_flow_controller.js","720","KIDS_REFERENCE","// MINDLAB_KIDS_PUZZLE_34_END","Review before Adults route placement design."
"frontend/src/ui/mindlab_v2_ux_flow_controller.js","722","KIDS_REFERENCE","// MINDLAB_KIDS_PUZZLE_35_START","Review before Adults route placement design."
"frontend/src/ui/mindlab_v2_ux_flow_controller.js","723","KIDS_REFERENCE","function mountMindLabKidsPuzzle35(rootContainerId){","Review before Adults route placement design."
"frontend/src/ui/mindlab_v2_ux_flow_controller.js","726","KIDS_REFERENCE","renderKidsModeShell(rootContainerId);","Review before Adults route placement design."
"frontend/src/ui/mindlab_v2_ux_flow_controller.js","727","KIDS_REFERENCE","renderKidsPuzzle35(""mindlab-kids-puzzle-host"");","Review before Adults route placement design."
"frontend/src/ui/mindlab_v2_ux_flow_controller.js","730","KIDS_REFERENCE","if(typeof window!==""undefined""){window.mountMindLabKidsPuzzle35=mountMindLabKidsPuzzle35;}","Review before Adults route placement design."
"frontend/src/ui/mindlab_v2_ux_flow_controller.js","731","KIDS_REFERENCE","if(typeof module!==""undefined""){module.exports.mountMindLabKidsPuzzle35=mountMindLabKidsPuzzle35;}","Review before Adults route placement design."
"frontend/src/ui/mindlab_v2_ux_flow_controller.js","732","KIDS_REFERENCE","// MINDLAB_KIDS_PUZZLE_35_END","Review before Adults route placement design."
"frontend/src/ui/mindlab_v2_ux_flow_controller.js","734","KIDS_REFERENCE","// MINDLAB_KIDS_PUZZLE_36_START","Review before Adults route placement design."
"frontend/src/ui/mindlab_v2_ux_flow_controller.js","735","KIDS_REFERENCE","function mountMindLabKidsPuzzle36(rootContainerId){","Review before Adults route placement design."
"frontend/src/ui/mindlab_v2_ux_flow_controller.js","738","KIDS_REFERENCE","renderKidsModeShell(rootContainerId);","Review before Adults route placement design."
"frontend/src/ui/mindlab_v2_ux_flow_controller.js","739","KIDS_REFERENCE","renderKidsPuzzle36(""mindlab-kids-puzzle-host"");","Review before Adults route placement design."
"frontend/src/ui/mindlab_v2_ux_flow_controller.js","742","KIDS_REFERENCE","if(typeof window!==""undefined""){window.mountMindLabKidsPuzzle36=mountMindLabKidsPuzzle36;}","Review before Adults route placement design."
"frontend/src/ui/mindlab_v2_ux_flow_controller.js","743","KIDS_REFERENCE","if(typeof module!==""undefined""){module.exports.mountMindLabKidsPuzzle36=mountMindLabKidsPuzzle36;}","Review before Adults route placement design."
"frontend/src/ui/mindlab_v2_ux_flow_controller.js","744","KIDS_REFERENCE","// MINDLAB_KIDS_PUZZLE_36_END","Review before Adults route placement design."
"frontend/src/ui/mindlab_v2_ux_flow_controller.js","750","KIDS_REFERENCE","// MINDLAB_KIDS_PUZZLE_38_START","Review before Adults route placement design."
"frontend/src/ui/mindlab_v2_ux_flow_controller.js","751","KIDS_REFERENCE","function mountMindLabKidsPuzzle38(rootContainerId){","Review before Adults route placement design."
"frontend/src/ui/mindlab_v2_ux_flow_controller.js","754","KIDS_REFERENCE","renderKidsModeShell(rootContainerId);","Review before Adults route placement design."
"frontend/src/ui/mindlab_v2_ux_flow_controller.js","755","KIDS_REFERENCE","renderKidsPuzzle38(""mindlab-kids-puzzle-host"");","Review before Adults route placement design."
"frontend/src/ui/mindlab_v2_ux_flow_controller.js","758","KIDS_REFERENCE","if(typeof window!==""undefined""){window.mountMindLabKidsPuzzle38=mountMindLabKidsPuzzle38;}","Review before Adults route placement design."
"frontend/src/ui/mindlab_v2_ux_flow_controller.js","759","KIDS_REFERENCE","if(typeof module!==""undefined""){module.exports.mountMindLabKidsPuzzle38=mountMindLabKidsPuzzle38;}","Review before Adults route placement design."
"frontend/src/ui/mindlab_v2_ux_flow_controller.js","760","KIDS_REFERENCE","// MINDLAB_KIDS_PUZZLE_38_END","Review before Adults route placement design."
"frontend/src/ui/mindlab_v2_ux_flow_controller.js","762","KIDS_REFERENCE","// MINDLAB_KIDS_PUZZLE_39_START","Review before Adults route placement design."
"frontend/src/ui/mindlab_v2_ux_flow_controller.js","763","KIDS_REFERENCE","function mountMindLabKidsPuzzle39(rootContainerId){","Review before Adults route placement design."
"frontend/src/ui/mindlab_v2_ux_flow_controller.js","766","KIDS_REFERENCE","renderKidsModeShell(rootContainerId);","Review before Adults route placement design."
"frontend/src/ui/mindlab_v2_ux_flow_controller.js","767","KIDS_REFERENCE","renderKidsPuzzle39(""mindlab-kids-puzzle-host"");","Review before Adults route placement design."
"frontend/src/ui/mindlab_v2_ux_flow_controller.js","770","KIDS_REFERENCE","if(typeof window!==""undefined""){window.mountMindLabKidsPuzzle39=mountMindLabKidsPuzzle39;}","Review before Adults route placement design."
"frontend/src/ui/mindlab_v2_ux_flow_controller.js","771","KIDS_REFERENCE","if(typeof module!==""undefined""){module.exports.mountMindLabKidsPuzzle39=mountMindLabKidsPuzzle39;}","Review before Adults route placement design."
"frontend/src/ui/mindlab_v2_ux_flow_controller.js","772","KIDS_REFERENCE","// MINDLAB_KIDS_PUZZLE_39_END","Review before Adults route placement design."
"frontend/src/ui/mindlab_v2_ux_flow_controller.js","774","KIDS_REFERENCE","// MINDLAB_KIDS_PUZZLE_40_START","Review before Adults route placement design."
"frontend/src/ui/mindlab_v2_ux_flow_controller.js","775","KIDS_REFERENCE","function mountMindLabKidsPuzzle40(rootContainerId){","Review before Adults route placement design."
"frontend/src/ui/mindlab_v2_ux_flow_controller.js","778","KIDS_REFERENCE","renderKidsModeShell(rootContainerId);","Review before Adults route placement design."
"frontend/src/ui/mindlab_v2_ux_flow_controller.js","779","KIDS_REFERENCE","renderKidsPuzzle40(""mindlab-kids-puzzle-host"");","Review before Adults route placement design."
"frontend/src/ui/mindlab_v2_ux_flow_controller.js","782","KIDS_REFERENCE","if(typeof window!==""undefined""){window.mountMindLabKidsPuzzle40=mountMindLabKidsPuzzle40;}","Review before Adults route placement design."
"frontend/src/ui/mindlab_v2_ux_flow_controller.js","783","KIDS_REFERENCE","if(typeof module!==""undefined""){module.exports.mountMindLabKidsPuzzle40=mountMindLabKidsPuzzle40;}","Review before Adults route placement design."
"frontend/src/ui/mindlab_v2_ux_flow_controller.js","784","KIDS_REFERENCE","// MINDLAB_KIDS_PUZZLE_40_END","Review before Adults route placement design."
"frontend/src/ui/mindlab_v2_ux_flow_controller.js","786","KIDS_REFERENCE","// MINDLAB_KIDS_PUZZLE_41_START","Review before Adults route placement design."
"frontend/src/ui/mindlab_v2_ux_flow_controller.js","787","KIDS_REFERENCE","function mountMindLabKidsPuzzle41(rootContainerId){","Review before Adults route placement design."
"frontend/src/ui/mindlab_v2_ux_flow_controller.js","790","KIDS_REFERENCE","renderKidsModeShell(rootContainerId);","Review before Adults route placement design."
"frontend/src/ui/mindlab_v2_ux_flow_controller.js","791","KIDS_REFERENCE","renderKidsPuzzle41(""mindlab-kids-puzzle-host"");","Review before Adults route placement design."
"frontend/src/ui/mindlab_v2_ux_flow_controller.js","794","KIDS_REFERENCE","if(typeof window!==""undefined""){window.mountMindLabKidsPuzzle41=mountMindLabKidsPuzzle41;}","Review before Adults route placement design."
"frontend/src/ui/mindlab_v2_ux_flow_controller.js","795","KIDS_REFERENCE","if(typeof module!==""undefined""){module.exports.mountMindLabKidsPuzzle41=mountMindLabKidsPuzzle41;}","Review before Adults route placement design."
"frontend/src/ui/mindlab_v2_ux_flow_controller.js","796","KIDS_REFERENCE","// MINDLAB_KIDS_PUZZLE_41_END","Review before Adults route placement design."
"frontend/src/ui/mindlab_v2_ux_flow_controller.js","798","KIDS_REFERENCE","// MINDLAB_KIDS_PUZZLE_42_START","Review before Adults route placement design."
"frontend/src/ui/mindlab_v2_ux_flow_controller.js","799","KIDS_REFERENCE","function mountMindLabKidsPuzzle42(rootContainerId){","Review before Adults route placement design."
"frontend/src/ui/mindlab_v2_ux_flow_controller.js","802","KIDS_REFERENCE","renderKidsModeShell(rootContainerId);","Review before Adults route placement design."
"frontend/src/ui/mindlab_v2_ux_flow_controller.js","803","KIDS_REFERENCE","renderKidsPuzzle42(""mindlab-kids-puzzle-host"");","Review before Adults route placement design."
"frontend/src/ui/mindlab_v2_ux_flow_controller.js","806","KIDS_REFERENCE","if(typeof window!==""undefined""){window.mountMindLabKidsPuzzle42=mountMindLabKidsPuzzle42;}","Review before Adults route placement design."
"frontend/src/ui/mindlab_v2_ux_flow_controller.js","807","KIDS_REFERENCE","if(typeof module!==""undefined""){module.exports.mountMindLabKidsPuzzle42=mountMindLabKidsPuzzle42;}","Review before Adults route placement design."
"frontend/src/ui/mindlab_v2_ux_flow_controller.js","808","KIDS_REFERENCE","// MINDLAB_KIDS_PUZZLE_42_END","Review before Adults route placement design."
"frontend/src/ui/mindlab_v2_ux_flow_controller.js","810","KIDS_REFERENCE","// MINDLAB_KIDS_PUZZLE_43_START","Review before Adults route placement design."
"frontend/src/ui/mindlab_v2_ux_flow_controller.js","811","KIDS_REFERENCE","function mountMindLabKidsPuzzle43(rootContainerId){","Review before Adults route placement design."
"frontend/src/ui/mindlab_v2_ux_flow_controller.js","814","KIDS_REFERENCE","renderKidsModeShell(rootContainerId);","Review before Adults route placement design."
"frontend/src/ui/mindlab_v2_ux_flow_controller.js","815","KIDS_REFERENCE","renderKidsPuzzle43(""mindlab-kids-puzzle-host"");","Review before Adults route placement design."
"frontend/src/ui/mindlab_v2_ux_flow_controller.js","818","KIDS_REFERENCE","if(typeof window!==""undefined""){window.mountMindLabKidsPuzzle43=mountMindLabKidsPuzzle43;}","Review before Adults route placement design."
"frontend/src/ui/mindlab_v2_ux_flow_controller.js","819","KIDS_REFERENCE","if(typeof module!==""undefined""){module.exports.mountMindLabKidsPuzzle43=mountMindLabKidsPuzzle43;}","Review before Adults route placement design."
"frontend/src/ui/mindlab_v2_ux_flow_controller.js","820","KIDS_REFERENCE","// MINDLAB_KIDS_PUZZLE_43_END","Review before Adults route placement design."
"frontend/src/ui/mindlab_v2_ux_flow_controller.js","822","KIDS_REFERENCE","// MINDLAB_KIDS_PUZZLE_44_START","Review before Adults route placement design."
"frontend/src/ui/mindlab_v2_ux_flow_controller.js","823","KIDS_REFERENCE","function mountMindLabKidsPuzzle44(rootContainerId){","Review before Adults route placement design."
"frontend/src/ui/mindlab_v2_ux_flow_controller.js","826","KIDS_REFERENCE","renderKidsModeShell(rootContainerId);","Review before Adults route placement design."
"frontend/src/ui/mindlab_v2_ux_flow_controller.js","827","KIDS_REFERENCE","renderKidsPuzzle44(""mindlab-kids-puzzle-host"");","Review before Adults route placement design."
"frontend/src/ui/mindlab_v2_ux_flow_controller.js","830","KIDS_REFERENCE","if(typeof window!==""undefined""){window.mountMindLabKidsPuzzle44=mountMindLabKidsPuzzle44;}","Review before Adults route placement design."
"frontend/src/ui/mindlab_v2_ux_flow_controller.js","831","KIDS_REFERENCE","if(typeof module!==""undefined""){module.exports.mountMindLabKidsPuzzle44=mountMindLabKidsPuzzle44;}","Review before Adults route placement design."
"frontend/src/ui/mindlab_v2_ux_flow_controller.js","832","KIDS_REFERENCE","// MINDLAB_KIDS_PUZZLE_44_END","Review before Adults route placement design."
"frontend/src/ui/mindlab_v2_ux_flow_controller.js","834","KIDS_REFERENCE","// MINDLAB_KIDS_PUZZLE_45_START","Review before Adults route placement design."
"frontend/src/ui/mindlab_v2_ux_flow_controller.js","835","KIDS_REFERENCE","function mountMindLabKidsPuzzle45(rootContainerId){","Review before Adults route placement design."
"frontend/src/ui/mindlab_v2_ux_flow_controller.js","838","KIDS_REFERENCE","renderKidsModeShell(rootContainerId);","Review before Adults route placement design."
"frontend/src/ui/mindlab_v2_ux_flow_controller.js","839","KIDS_REFERENCE","renderKidsPuzzle45(""mindlab-kids-puzzle-host"");","Review before Adults route placement design."
"frontend/src/ui/mindlab_v2_ux_flow_controller.js","842","KIDS_REFERENCE","if(typeof window!==""undefined""){window.mountMindLabKidsPuzzle45=mountMindLabKidsPuzzle45;}","Review before Adults route placement design."
"frontend/src/ui/mindlab_v2_ux_flow_controller.js","843","KIDS_REFERENCE","if(typeof module!==""undefined""){module.exports.mountMindLabKidsPuzzle45=mountMindLabKidsPuzzle45;}","Review before Adults route placement design."
"frontend/src/ui/mindlab_v2_ux_flow_controller.js","844","KIDS_REFERENCE","// MINDLAB_KIDS_PUZZLE_45_END","Review before Adults route placement design."
"frontend/src/ui/mindlab_v2_ux_flow_controller.js","846","KIDS_REFERENCE","// MINDLAB_KIDS_PUZZLE_46_START","Review before Adults route placement design."
"frontend/src/ui/mindlab_v2_ux_flow_controller.js","847","KIDS_REFERENCE","function mountMindLabKidsPuzzle46(rootContainerId){","Review before Adults route placement design."
"frontend/src/ui/mindlab_v2_ux_flow_controller.js","850","KIDS_REFERENCE","renderKidsModeShell(rootContainerId);","Review before Adults route placement design."
"frontend/src/ui/mindlab_v2_ux_flow_controller.js","851","KIDS_REFERENCE","renderKidsPuzzle46(""mindlab-kids-puzzle-host"");","Review before Adults route placement design."
"frontend/src/ui/mindlab_v2_ux_flow_controller.js","854","KIDS_REFERENCE","if(typeof window!==""undefined""){window.mountMindLabKidsPuzzle46=mountMindLabKidsPuzzle46;}","Review before Adults route placement design."
"frontend/src/ui/mindlab_v2_ux_flow_controller.js","855","KIDS_REFERENCE","if(typeof module!==""undefined""){module.exports.mountMindLabKidsPuzzle46=mountMindLabKidsPuzzle46;}","Review before Adults route placement design."
"frontend/src/ui/mindlab_v2_ux_flow_controller.js","856","KIDS_REFERENCE","// MINDLAB_KIDS_PUZZLE_46_END","Review before Adults route placement design."
"frontend/src/ui/mindlab_v2_ux_flow_controller.js","858","KIDS_REFERENCE","// MINDLAB_KIDS_PUZZLE_47_START","Review before Adults route placement design."
"frontend/src/ui/mindlab_v2_ux_flow_controller.js","859","KIDS_REFERENCE","function mountMindLabKidsPuzzle47(rootContainerId){","Review before Adults route placement design."
"frontend/src/ui/mindlab_v2_ux_flow_controller.js","862","KIDS_REFERENCE","renderKidsModeShell(rootContainerId);","Review before Adults route placement design."
"frontend/src/ui/mindlab_v2_ux_flow_controller.js","863","KIDS_REFERENCE","renderKidsPuzzle47(""mindlab-kids-puzzle-host"");","Review before Adults route placement design."
"frontend/src/ui/mindlab_v2_ux_flow_controller.js","866","KIDS_REFERENCE","if(typeof window!==""undefined""){window.mountMindLabKidsPuzzle47=mountMindLabKidsPuzzle47;}","Review before Adults route placement design."
"frontend/src/ui/mindlab_v2_ux_flow_controller.js","867","KIDS_REFERENCE","if(typeof module!==""undefined""){module.exports.mountMindLabKidsPuzzle47=mountMindLabKidsPuzzle47;}","Review before Adults route placement design."
"frontend/src/ui/mindlab_v2_ux_flow_controller.js","868","KIDS_REFERENCE","// MINDLAB_KIDS_PUZZLE_47_END","Review before Adults route placement design."
"frontend/src/ui/mindlab_v2_ux_flow_controller.js","870","KIDS_REFERENCE","// MINDLAB_KIDS_PUZZLE_48_START","Review before Adults route placement design."
"frontend/src/ui/mindlab_v2_ux_flow_controller.js","871","KIDS_REFERENCE","function mountMindLabKidsPuzzle48(rootContainerId){","Review before Adults route placement design."
"frontend/src/ui/mindlab_v2_ux_flow_controller.js","874","KIDS_REFERENCE","renderKidsModeShell(rootContainerId);","Review before Adults route placement design."
"frontend/src/ui/mindlab_v2_ux_flow_controller.js","875","KIDS_REFERENCE","renderKidsPuzzle48(""mindlab-kids-puzzle-host"");","Review before Adults route placement design."
"frontend/src/ui/mindlab_v2_ux_flow_controller.js","878","KIDS_REFERENCE","if(typeof window!==""undefined""){window.mountMindLabKidsPuzzle48=mountMindLabKidsPuzzle48;}","Review before Adults route placement design."
"frontend/src/ui/mindlab_v2_ux_flow_controller.js","879","KIDS_REFERENCE","if(typeof module!==""undefined""){module.exports.mountMindLabKidsPuzzle48=mountMindLabKidsPuzzle48;}","Review before Adults route placement design."
"frontend/src/ui/mindlab_v2_ux_flow_controller.js","880","KIDS_REFERENCE","// MINDLAB_KIDS_PUZZLE_48_END","Review before Adults route placement design."
"frontend/src/ui/mindlab_v2_ux_flow_controller.js","882","KIDS_REFERENCE","// MINDLAB_KIDS_PUZZLE_49_START","Review before Adults route placement design."
"frontend/src/ui/mindlab_v2_ux_flow_controller.js","883","KIDS_REFERENCE","function mountMindLabKidsPuzzle49(rootContainerId){","Review before Adults route placement design."
"frontend/src/ui/mindlab_v2_ux_flow_controller.js","886","KIDS_REFERENCE","renderKidsModeShell(rootContainerId);","Review before Adults route placement design."
"frontend/src/ui/mindlab_v2_ux_flow_controller.js","887","KIDS_REFERENCE","renderKidsPuzzle49(""mindlab-kids-puzzle-host"");","Review before Adults route placement design."
"frontend/src/ui/mindlab_v2_ux_flow_controller.js","890","KIDS_REFERENCE","if(typeof window!==""undefined""){window.mountMindLabKidsPuzzle49=mountMindLabKidsPuzzle49;}","Review before Adults route placement design."
"frontend/src/ui/mindlab_v2_ux_flow_controller.js","891","KIDS_REFERENCE","if(typeof module!==""undefined""){module.exports.mountMindLabKidsPuzzle49=mountMindLabKidsPuzzle49;}","Review before Adults route placement design."
"frontend/src/ui/mindlab_v2_ux_flow_controller.js","892","KIDS_REFERENCE","// MINDLAB_KIDS_PUZZLE_49_END","Review before Adults route placement design."
"frontend/src/ui/mindlab_v2_ux_flow_controller.js","894","KIDS_REFERENCE","// MINDLAB_KIDS_PUZZLE_50_START","Review before Adults route placement design."
"frontend/src/ui/mindlab_v2_ux_flow_controller.js","895","KIDS_REFERENCE","function mountMindLabKidsPuzzle50(rootContainerId){","Review before Adults route placement design."
"frontend/src/ui/mindlab_v2_ux_flow_controller.js","898","KIDS_REFERENCE","renderKidsModeShell(rootContainerId);","Review before Adults route placement design."
"frontend/src/ui/mindlab_v2_ux_flow_controller.js","899","KIDS_REFERENCE","renderKidsPuzzle50(""mindlab-kids-puzzle-host"");","Review before Adults route placement design."
"frontend/src/ui/mindlab_v2_ux_flow_controller.js","902","KIDS_REFERENCE","if(typeof window!==""undefined""){window.mountMindLabKidsPuzzle50=mountMindLabKidsPuzzle50;}","Review before Adults route placement design."
"frontend/src/ui/mindlab_v2_ux_flow_controller.js","903","KIDS_REFERENCE","if(typeof module!==""undefined""){module.exports.mountMindLabKidsPuzzle50=mountMindLabKidsPuzzle50;}","Review before Adults route placement design."
"frontend/src/ui/mindlab_v2_ux_flow_controller.js","904","KIDS_REFERENCE","// MINDLAB_KIDS_PUZZLE_50_END","Review before Adults route placement design."
"frontend/src/ui/mindlab_v2_ux_flow_controller.js","906","KIDS_REFERENCE","// MINDLAB_KIDS_PUZZLE_51_START","Review before Adults route placement design."
"frontend/src/ui/mindlab_v2_ux_flow_controller.js","907","KIDS_REFERENCE","function mountMindLabKidsPuzzle51(rootContainerId){","Review before Adults route placement design."
"frontend/src/ui/mindlab_v2_ux_flow_controller.js","910","KIDS_REFERENCE","renderKidsModeShell(rootContainerId);","Review before Adults route placement design."
"frontend/src/ui/mindlab_v2_ux_flow_controller.js","911","KIDS_REFERENCE","renderKidsPuzzle51(""mindlab-kids-puzzle-host"");","Review before Adults route placement design."
"frontend/src/ui/mindlab_v2_ux_flow_controller.js","914","KIDS_REFERENCE","if(typeof window!==""undefined""){window.mountMindLabKidsPuzzle51=mountMindLabKidsPuzzle51;}","Review before Adults route placement design."
"frontend/src/ui/mindlab_v2_ux_flow_controller.js","915","KIDS_REFERENCE","if(typeof module!==""undefined""){module.exports.mountMindLabKidsPuzzle51=mountMindLabKidsPuzzle51;}","Review before Adults route placement design."
"frontend/src/ui/mindlab_v2_ux_flow_controller.js","916","KIDS_REFERENCE","// MINDLAB_KIDS_PUZZLE_51_END","Review before Adults route placement design."
"frontend/src/ui/mindlab_v2_ux_flow_controller.js","918","KIDS_REFERENCE","// MINDLAB_KIDS_PUZZLE_52_START","Review before Adults route placement design."
"frontend/src/ui/mindlab_v2_ux_flow_controller.js","919","KIDS_REFERENCE","function mountMindLabKidsPuzzle52(rootContainerId){","Review before Adults route placement design."
"frontend/src/ui/mindlab_v2_ux_flow_controller.js","922","KIDS_REFERENCE","renderKidsModeShell(rootContainerId);","Review before Adults route placement design."
"frontend/src/ui/mindlab_v2_ux_flow_controller.js","923","KIDS_REFERENCE","renderKidsPuzzle52(""mindlab-kids-puzzle-host"");","Review before Adults route placement design."
"frontend/src/ui/mindlab_v2_ux_flow_controller.js","926","KIDS_REFERENCE","if(typeof window!==""undefined""){window.mountMindLabKidsPuzzle52=mountMindLabKidsPuzzle52;}","Review before Adults route placement design."
"frontend/src/ui/mindlab_v2_ux_flow_controller.js","927","KIDS_REFERENCE","if(typeof module!==""undefined""){module.exports.mountMindLabKidsPuzzle52=mountMindLabKidsPuzzle52;}","Review before Adults route placement design."
"frontend/src/ui/mindlab_v2_ux_flow_controller.js","928","KIDS_REFERENCE","// MINDLAB_KIDS_PUZZLE_52_END","Review before Adults route placement design."
"frontend/src/ui/mindlab_v2_ux_flow_controller.js","930","KIDS_REFERENCE","// MINDLAB_KIDS_PUZZLE_53_START","Review before Adults route placement design."
"frontend/src/ui/mindlab_v2_ux_flow_controller.js","931","KIDS_REFERENCE","function mountMindLabKidsPuzzle53(rootContainerId){","Review before Adults route placement design."
"frontend/src/ui/mindlab_v2_ux_flow_controller.js","934","KIDS_REFERENCE","renderKidsModeShell(rootContainerId);","Review before Adults route placement design."
"frontend/src/ui/mindlab_v2_ux_flow_controller.js","935","KIDS_REFERENCE","renderKidsPuzzle53(""mindlab-kids-puzzle-host"");","Review before Adults route placement design."
"frontend/src/ui/mindlab_v2_ux_flow_controller.js","938","KIDS_REFERENCE","if(typeof window!==""undefined""){window.mountMindLabKidsPuzzle53=mountMindLabKidsPuzzle53;}","Review before Adults route placement design."
"frontend/src/ui/mindlab_v2_ux_flow_controller.js","939","KIDS_REFERENCE","if(typeof module!==""undefined""){module.exports.mountMindLabKidsPuzzle53=mountMindLabKidsPuzzle53;}","Review before Adults route placement design."
"frontend/src/ui/mindlab_v2_ux_flow_controller.js","940","KIDS_REFERENCE","// MINDLAB_KIDS_PUZZLE_53_END","Review before Adults route placement design."
"frontend/src/ui/mindlab_v2_ux_flow_controller.js","942","KIDS_REFERENCE","// MINDLAB_KIDS_PUZZLE_54_START","Review before Adults route placement design."
"frontend/src/ui/mindlab_v2_ux_flow_controller.js","943","KIDS_REFERENCE","function mountMindLabKidsPuzzle54(rootContainerId){","Review before Adults route placement design."
"frontend/src/ui/mindlab_v2_ux_flow_controller.js","946","KIDS_REFERENCE","renderKidsModeShell(rootContainerId);","Review before Adults route placement design."
"frontend/src/ui/mindlab_v2_ux_flow_controller.js","947","KIDS_REFERENCE","renderKidsPuzzle54(""mindlab-kids-puzzle-host"");","Review before Adults route placement design."
"frontend/src/ui/mindlab_v2_ux_flow_controller.js","950","KIDS_REFERENCE","if(typeof window!==""undefined""){window.mountMindLabKidsPuzzle54=mountMindLabKidsPuzzle54;}","Review before Adults route placement design."
"frontend/src/ui/mindlab_v2_ux_flow_controller.js","951","KIDS_REFERENCE","if(typeof module!==""undefined""){module.exports.mountMindLabKidsPuzzle54=mountMindLabKidsPuzzle54;}","Review before Adults route placement design."
"frontend/src/ui/mindlab_v2_ux_flow_controller.js","952","KIDS_REFERENCE","// MINDLAB_KIDS_PUZZLE_54_END","Review before Adults route placement design."
"frontend/src/ui/mindlab_v2_ux_flow_controller.js","954","KIDS_REFERENCE","// MINDLAB_KIDS_PUZZLE_55_START","Review before Adults route placement design."
"frontend/src/ui/mindlab_v2_ux_flow_controller.js","955","KIDS_REFERENCE","function mountMindLabKidsPuzzle55(rootContainerId){","Review before Adults route placement design."
"frontend/src/ui/mindlab_v2_ux_flow_controller.js","958","KIDS_REFERENCE","renderKidsModeShell(rootContainerId);","Review before Adults route placement design."
"frontend/src/ui/mindlab_v2_ux_flow_controller.js","959","KIDS_REFERENCE","renderKidsPuzzle55(""mindlab-kids-puzzle-host"");","Review before Adults route placement design."
"frontend/src/ui/mindlab_v2_ux_flow_controller.js","962","KIDS_REFERENCE","if(typeof window!==""undefined""){window.mountMindLabKidsPuzzle55=mountMindLabKidsPuzzle55;}","Review before Adults route placement design."
"frontend/src/ui/mindlab_v2_ux_flow_controller.js","963","KIDS_REFERENCE","if(typeof module!==""undefined""){module.exports.mountMindLabKidsPuzzle55=mountMindLabKidsPuzzle55;}","Review before Adults route placement design."
"frontend/src/ui/mindlab_v2_ux_flow_controller.js","964","KIDS_REFERENCE","// MINDLAB_KIDS_PUZZLE_55_END","Review before Adults route placement design."
"frontend/src/ui/mindlab_v2_ux_flow_controller_test.js","49","AGE_MODE_REFERENCE","mode: ""recommendation"",","Review before Adults route placement design."
"frontend/src/ui/mindlab_v2_ux_flow_controller_test.js","58","AGE_MODE_REFERENCE","mode: ""generation"",","Review before Adults route placement design."
"frontend/src/ui/mindlab_v2_ux_flow_controller_test.js","74","AGE_MODE_REFERENCE","console.error(err.message || err);","Review before Adults route placement design."
