"RelativePath","Extension","SizeBytes","Priority","RecommendedPatchAction","PassFailRule"
"__BASELINE_BACKEND_PHASE5_20260104_110518\daily-challenge\dailyChallengeEngine.ts",".ts","3464","P2","REVIEW_ONLY","PATCH_ONLY_AFTER_PATH_EXISTS_AND_REPO_CLEAN"
"__BASELINE_BACKEND_PHASE5_20260104_110518\daily-challenge\dailyChallengeRoutes.ts",".ts","5027","P1","PATCH_CANDIDATE","PATCH_ONLY_AFTER_PATH_EXISTS_AND_REPO_CLEAN"
"__BASELINE_BACKEND_PHASE5_20260104_110518\uxhelpers.js",".js","391","P2","REVIEW_ONLY","PATCH_ONLY_AFTER_PATH_EXISTS_AND_REPO_CLEAN"
"__BASELINE_BACKEND_PHASE5_20260104_113049\daily-challenge\dailyChallengeEngine.ts",".ts","3464","P2","REVIEW_ONLY","PATCH_ONLY_AFTER_PATH_EXISTS_AND_REPO_CLEAN"
"__BASELINE_BACKEND_PHASE5_20260104_113049\daily-challenge\dailyChallengeRoutes.ts",".ts","5027","P1","PATCH_CANDIDATE","PATCH_ONLY_AFTER_PATH_EXISTS_AND_REPO_CLEAN"
"__BASELINE_BACKEND_PHASE5_20260104_113049\uxhelpers.js",".js","391","P2","REVIEW_ONLY","PATCH_ONLY_AFTER_PATH_EXISTS_AND_REPO_CLEAN"
"__BASELINE_BACKEND_PHASE5B5C_20260104_120421\daily-challenge\dailyChallengeEngine.ts",".ts","3464","P2","REVIEW_ONLY","PATCH_ONLY_AFTER_PATH_EXISTS_AND_REPO_CLEAN"
"__BASELINE_BACKEND_PHASE5B5C_20260104_120421\daily-challenge\dailyChallengeRoutes.ts",".ts","5027","P1","PATCH_CANDIDATE","PATCH_ONLY_AFTER_PATH_EXISTS_AND_REPO_CLEAN"
"__BASELINE_BACKEND_PHASE5B5C_20260104_120421\uxhelpers.js",".js","391","P2","REVIEW_ONLY","PATCH_ONLY_AFTER_PATH_EXISTS_AND_REPO_CLEAN"
"__BASELINE_BACKEND_PHASE5D_20260105_184300\daily-challenge\dailyChallengeEngine.ts",".ts","3464","P2","REVIEW_ONLY","PATCH_ONLY_AFTER_PATH_EXISTS_AND_REPO_CLEAN"
"__BASELINE_BACKEND_PHASE5D_20260105_184300\daily-challenge\dailyChallengeRoutes.ts",".ts","5027","P1","PATCH_CANDIDATE","PATCH_ONLY_AFTER_PATH_EXISTS_AND_REPO_CLEAN"
"__BASELINE_BACKEND_PHASE5D_20260105_184300\uxhelpers.js",".js","391","P2","REVIEW_ONLY","PATCH_ONLY_AFTER_PATH_EXISTS_AND_REPO_CLEAN"
"__BASELINE_FRONTEND_PHASE5_20260104_110518\_legacy_js_backup_20251208\auth.js",".js","168","P2","REVIEW_ONLY","PATCH_ONLY_AFTER_PATH_EXISTS_AND_REPO_CLEAN"
"__BASELINE_FRONTEND_PHASE5_20260104_110518\_legacy_js_backup_20251208\dailyChallengeApi.js",".js","1354","P2","REVIEW_ONLY","PATCH_ONLY_AFTER_PATH_EXISTS_AND_REPO_CLEAN"
"__BASELINE_FRONTEND_PHASE5_20260104_110518\_legacy_js_backup_20251208\DailyChallengeDetailPage.js",".js","7961","P1","PATCH_CANDIDATE","PATCH_ONLY_AFTER_PATH_EXISTS_AND_REPO_CLEAN"
"__BASELINE_FRONTEND_PHASE5_20260104_110518\_legacy_js_backup_20251208\DailyChallengeHomeCard.js",".js","3280","P2","REVIEW_ONLY","PATCH_ONLY_AFTER_PATH_EXISTS_AND_REPO_CLEAN"
"__BASELINE_FRONTEND_PHASE5_20260104_110518\_legacy_js_backup_20251208\ErrorBoundary.js",".js","807","P2","REVIEW_ONLY","PATCH_ONLY_AFTER_PATH_EXISTS_AND_REPO_CLEAN"
"__BASELINE_FRONTEND_PHASE5_20260104_110518\_legacy_js_backup_20251208\HealthPanel.js",".js","1783","P2","REVIEW_ONLY","PATCH_ONLY_AFTER_PATH_EXISTS_AND_REPO_CLEAN"
"__BASELINE_FRONTEND_PHASE5_20260104_110518\_legacy_js_backup_20251208\main.js",".js","649","P2","REVIEW_ONLY","PATCH_ONLY_AFTER_PATH_EXISTS_AND_REPO_CLEAN"
"__BASELINE_FRONTEND_PHASE5_20260104_110518\App.tsx",".tsx","1148","P2","REVIEW_ONLY","PATCH_ONLY_AFTER_PATH_EXISTS_AND_REPO_CLEAN"
"__BASELINE_FRONTEND_PHASE5_20260104_110518\auth.ts",".ts","218","P2","REVIEW_ONLY","PATCH_ONLY_AFTER_PATH_EXISTS_AND_REPO_CLEAN"
"__BASELINE_FRONTEND_PHASE5_20260104_110518\components\DailyCompletionCard.tsx",".tsx","2603","P1","PATCH_CANDIDATE","PATCH_ONLY_AFTER_PATH_EXISTS_AND_REPO_CLEAN"
"__BASELINE_FRONTEND_PHASE5_20260104_110518\components\ErrorBoundary.tsx",".tsx","784","P1","PATCH_CANDIDATE","PATCH_ONLY_AFTER_PATH_EXISTS_AND_REPO_CLEAN"
"__BASELINE_FRONTEND_PHASE5_20260104_110518\components\GamePanel.tsx",".tsx","1289","P1","PATCH_CANDIDATE","PATCH_ONLY_AFTER_PATH_EXISTS_AND_REPO_CLEAN"
"__BASELINE_FRONTEND_PHASE5_20260104_110518\components\HealthPanel.tsx",".tsx","2278","P1","PATCH_CANDIDATE","PATCH_ONLY_AFTER_PATH_EXISTS_AND_REPO_CLEAN"
"__BASELINE_FRONTEND_PHASE5_20260104_110518\components\ProgressPanel.tsx",".tsx","1019","P1","PATCH_CANDIDATE","PATCH_ONLY_AFTER_PATH_EXISTS_AND_REPO_CLEAN"
"__BASELINE_FRONTEND_PHASE5_20260104_110518\daily-challenge\DailyChallengeDetailPage.tsx",".tsx","12624","P1","PATCH_CANDIDATE","PATCH_ONLY_AFTER_PATH_EXISTS_AND_REPO_CLEAN"
"__BASELINE_FRONTEND_PHASE5_20260104_110518\daily-challenge\DailyChallengeHomeCard.tsx",".tsx","2666","P2","REVIEW_ONLY","PATCH_ONLY_AFTER_PATH_EXISTS_AND_REPO_CLEAN"
"__BASELINE_FRONTEND_PHASE5_20260104_110518\lib\auth.ts",".ts","168","P2","REVIEW_ONLY","PATCH_ONLY_AFTER_PATH_EXISTS_AND_REPO_CLEAN"
"__BASELINE_FRONTEND_PHASE5_20260104_110518\pages\Daily.tsx",".tsx","2086","P1","PATCH_CANDIDATE","PATCH_ONLY_AFTER_PATH_EXISTS_AND_REPO_CLEAN"
"__BASELINE_FRONTEND_PHASE5_20260104_110518\pages\Progress.tsx",".tsx","1928","P1","PATCH_CANDIDATE","PATCH_ONLY_AFTER_PATH_EXISTS_AND_REPO_CLEAN"
"__BASELINE_FRONTEND_PHASE5_20260104_110518\pages\PuzzlesPlay.tsx",".tsx","4752","P1","PATCH_CANDIDATE","PATCH_ONLY_AFTER_PATH_EXISTS_AND_REPO_CLEAN"
"__BASELINE_FRONTEND_PHASE5_20260104_110518\pages\SolvePuzzle.tsx",".tsx","9952","P1","PATCH_CANDIDATE","PATCH_ONLY_AFTER_PATH_EXISTS_AND_REPO_CLEAN"
"__BASELINE_FRONTEND_PHASE5_20260104_110518\progress\ProgressPage.tsx",".tsx","1942","P1","PATCH_CANDIDATE","PATCH_ONLY_AFTER_PATH_EXISTS_AND_REPO_CLEAN"
"__BASELINE_FRONTEND_PHASE5_20260104_113049\_legacy_js_backup_20251208\auth.js",".js","168","P2","REVIEW_ONLY","PATCH_ONLY_AFTER_PATH_EXISTS_AND_REPO_CLEAN"
"__BASELINE_FRONTEND_PHASE5_20260104_113049\_legacy_js_backup_20251208\dailyChallengeApi.js",".js","1354","P2","REVIEW_ONLY","PATCH_ONLY_AFTER_PATH_EXISTS_AND_REPO_CLEAN"
"__BASELINE_FRONTEND_PHASE5_20260104_113049\_legacy_js_backup_20251208\DailyChallengeDetailPage.js",".js","7961","P1","PATCH_CANDIDATE","PATCH_ONLY_AFTER_PATH_EXISTS_AND_REPO_CLEAN"
"__BASELINE_FRONTEND_PHASE5_20260104_113049\_legacy_js_backup_20251208\DailyChallengeHomeCard.js",".js","3280","P2","REVIEW_ONLY","PATCH_ONLY_AFTER_PATH_EXISTS_AND_REPO_CLEAN"
"__BASELINE_FRONTEND_PHASE5_20260104_113049\_legacy_js_backup_20251208\ErrorBoundary.js",".js","807","P2","REVIEW_ONLY","PATCH_ONLY_AFTER_PATH_EXISTS_AND_REPO_CLEAN"
"__BASELINE_FRONTEND_PHASE5_20260104_113049\_legacy_js_backup_20251208\HealthPanel.js",".js","1783","P2","REVIEW_ONLY","PATCH_ONLY_AFTER_PATH_EXISTS_AND_REPO_CLEAN"
"__BASELINE_FRONTEND_PHASE5_20260104_113049\_legacy_js_backup_20251208\main.js",".js","649","P2","REVIEW_ONLY","PATCH_ONLY_AFTER_PATH_EXISTS_AND_REPO_CLEAN"
"__BASELINE_FRONTEND_PHASE5_20260104_113049\App.tsx",".tsx","1148","P2","REVIEW_ONLY","PATCH_ONLY_AFTER_PATH_EXISTS_AND_REPO_CLEAN"
"__BASELINE_FRONTEND_PHASE5_20260104_113049\auth.ts",".ts","218","P2","REVIEW_ONLY","PATCH_ONLY_AFTER_PATH_EXISTS_AND_REPO_CLEAN"
"__BASELINE_FRONTEND_PHASE5_20260104_113049\components\DailyCompletionCard.tsx",".tsx","2603","P1","PATCH_CANDIDATE","PATCH_ONLY_AFTER_PATH_EXISTS_AND_REPO_CLEAN"
"__BASELINE_FRONTEND_PHASE5_20260104_113049\components\ErrorBoundary.tsx",".tsx","784","P1","PATCH_CANDIDATE","PATCH_ONLY_AFTER_PATH_EXISTS_AND_REPO_CLEAN"
"__BASELINE_FRONTEND_PHASE5_20260104_113049\components\GamePanel.tsx",".tsx","1289","P1","PATCH_CANDIDATE","PATCH_ONLY_AFTER_PATH_EXISTS_AND_REPO_CLEAN"
"__BASELINE_FRONTEND_PHASE5_20260104_113049\components\HealthPanel.tsx",".tsx","2278","P1","PATCH_CANDIDATE","PATCH_ONLY_AFTER_PATH_EXISTS_AND_REPO_CLEAN"
"__BASELINE_FRONTEND_PHASE5_20260104_113049\components\ProgressPanel.tsx",".tsx","1019","P1","PATCH_CANDIDATE","PATCH_ONLY_AFTER_PATH_EXISTS_AND_REPO_CLEAN"
"__BASELINE_FRONTEND_PHASE5_20260104_113049\daily-challenge\DailyChallengeDetailPage.tsx",".tsx","12624","P1","PATCH_CANDIDATE","PATCH_ONLY_AFTER_PATH_EXISTS_AND_REPO_CLEAN"
"__BASELINE_FRONTEND_PHASE5_20260104_113049\daily-challenge\DailyChallengeHomeCard.tsx",".tsx","2666","P2","REVIEW_ONLY","PATCH_ONLY_AFTER_PATH_EXISTS_AND_REPO_CLEAN"
"__BASELINE_FRONTEND_PHASE5_20260104_113049\lib\auth.ts",".ts","168","P2","REVIEW_ONLY","PATCH_ONLY_AFTER_PATH_EXISTS_AND_REPO_CLEAN"
"__BASELINE_FRONTEND_PHASE5_20260104_113049\pages\Daily.tsx",".tsx","2086","P1","PATCH_CANDIDATE","PATCH_ONLY_AFTER_PATH_EXISTS_AND_REPO_CLEAN"
"__BASELINE_FRONTEND_PHASE5_20260104_113049\pages\Progress.tsx",".tsx","1928","P1","PATCH_CANDIDATE","PATCH_ONLY_AFTER_PATH_EXISTS_AND_REPO_CLEAN"
"__BASELINE_FRONTEND_PHASE5_20260104_113049\pages\PuzzlesPlay.tsx",".tsx","4752","P1","PATCH_CANDIDATE","PATCH_ONLY_AFTER_PATH_EXISTS_AND_REPO_CLEAN"
"__BASELINE_FRONTEND_PHASE5_20260104_113049\pages\SolvePuzzle.tsx",".tsx","9952","P1","PATCH_CANDIDATE","PATCH_ONLY_AFTER_PATH_EXISTS_AND_REPO_CLEAN"
"__BASELINE_FRONTEND_PHASE5_20260104_113049\progress\ProgressPage.tsx",".tsx","1942","P1","PATCH_CANDIDATE","PATCH_ONLY_AFTER_PATH_EXISTS_AND_REPO_CLEAN"
"__BASELINE_FRONTEND_PHASE5B5C_20260104_120421\_legacy_js_backup_20251208\auth.js",".js","168","P2","REVIEW_ONLY","PATCH_ONLY_AFTER_PATH_EXISTS_AND_REPO_CLEAN"
"__BASELINE_FRONTEND_PHASE5B5C_20260104_120421\_legacy_js_backup_20251208\dailyChallengeApi.js",".js","1354","P2","REVIEW_ONLY","PATCH_ONLY_AFTER_PATH_EXISTS_AND_REPO_CLEAN"
"__BASELINE_FRONTEND_PHASE5B5C_20260104_120421\_legacy_js_backup_20251208\DailyChallengeDetailPage.js",".js","7961","P1","PATCH_CANDIDATE","PATCH_ONLY_AFTER_PATH_EXISTS_AND_REPO_CLEAN"
"__BASELINE_FRONTEND_PHASE5B5C_20260104_120421\_legacy_js_backup_20251208\DailyChallengeHomeCard.js",".js","3280","P2","REVIEW_ONLY","PATCH_ONLY_AFTER_PATH_EXISTS_AND_REPO_CLEAN"
"__BASELINE_FRONTEND_PHASE5B5C_20260104_120421\_legacy_js_backup_20251208\ErrorBoundary.js",".js","807","P2","REVIEW_ONLY","PATCH_ONLY_AFTER_PATH_EXISTS_AND_REPO_CLEAN"
"__BASELINE_FRONTEND_PHASE5B5C_20260104_120421\_legacy_js_backup_20251208\HealthPanel.js",".js","1783","P2","REVIEW_ONLY","PATCH_ONLY_AFTER_PATH_EXISTS_AND_REPO_CLEAN"
"__BASELINE_FRONTEND_PHASE5B5C_20260104_120421\_legacy_js_backup_20251208\main.js",".js","649","P2","REVIEW_ONLY","PATCH_ONLY_AFTER_PATH_EXISTS_AND_REPO_CLEAN"
"__BASELINE_FRONTEND_PHASE5B5C_20260104_120421\App.tsx",".tsx","1148","P2","REVIEW_ONLY","PATCH_ONLY_AFTER_PATH_EXISTS_AND_REPO_CLEAN"
"__BASELINE_FRONTEND_PHASE5B5C_20260104_120421\auth.ts",".ts","218","P2","REVIEW_ONLY","PATCH_ONLY_AFTER_PATH_EXISTS_AND_REPO_CLEAN"
"__BASELINE_FRONTEND_PHASE5B5C_20260104_120421\components\DailyCompletionCard.tsx",".tsx","2603","P1","PATCH_CANDIDATE","PATCH_ONLY_AFTER_PATH_EXISTS_AND_REPO_CLEAN"
"__BASELINE_FRONTEND_PHASE5B5C_20260104_120421\components\ErrorBoundary.tsx",".tsx","784","P1","PATCH_CANDIDATE","PATCH_ONLY_AFTER_PATH_EXISTS_AND_REPO_CLEAN"
"__BASELINE_FRONTEND_PHASE5B5C_20260104_120421\components\GamePanel.tsx",".tsx","1289","P1","PATCH_CANDIDATE","PATCH_ONLY_AFTER_PATH_EXISTS_AND_REPO_CLEAN"
"__BASELINE_FRONTEND_PHASE5B5C_20260104_120421\components\HealthPanel.tsx",".tsx","2278","P1","PATCH_CANDIDATE","PATCH_ONLY_AFTER_PATH_EXISTS_AND_REPO_CLEAN"
"__BASELINE_FRONTEND_PHASE5B5C_20260104_120421\components\ProgressPanel.tsx",".tsx","1019","P1","PATCH_CANDIDATE","PATCH_ONLY_AFTER_PATH_EXISTS_AND_REPO_CLEAN"
"__BASELINE_FRONTEND_PHASE5B5C_20260104_120421\daily-challenge\DailyChallengeDetailPage.tsx",".tsx","12624","P1","PATCH_CANDIDATE","PATCH_ONLY_AFTER_PATH_EXISTS_AND_REPO_CLEAN"
"__BASELINE_FRONTEND_PHASE5B5C_20260104_120421\daily-challenge\DailyChallengeHomeCard.tsx",".tsx","2666","P2","REVIEW_ONLY","PATCH_ONLY_AFTER_PATH_EXISTS_AND_REPO_CLEAN"
"__BASELINE_FRONTEND_PHASE5B5C_20260104_120421\lib\auth.ts",".ts","168","P2","REVIEW_ONLY","PATCH_ONLY_AFTER_PATH_EXISTS_AND_REPO_CLEAN"
"__BASELINE_FRONTEND_PHASE5B5C_20260104_120421\pages\Daily.tsx",".tsx","2086","P1","PATCH_CANDIDATE","PATCH_ONLY_AFTER_PATH_EXISTS_AND_REPO_CLEAN"
"__BASELINE_FRONTEND_PHASE5B5C_20260104_120421\pages\Progress.tsx",".tsx","1928","P1","PATCH_CANDIDATE","PATCH_ONLY_AFTER_PATH_EXISTS_AND_REPO_CLEAN"
"__BASELINE_FRONTEND_PHASE5B5C_20260104_120421\pages\PuzzlesPlay.tsx",".tsx","4752","P1","PATCH_CANDIDATE","PATCH_ONLY_AFTER_PATH_EXISTS_AND_REPO_CLEAN"
"__BASELINE_FRONTEND_PHASE5B5C_20260104_120421\pages\SolvePuzzle.tsx",".tsx","9952","P1","PATCH_CANDIDATE","PATCH_ONLY_AFTER_PATH_EXISTS_AND_REPO_CLEAN"
"__BASELINE_FRONTEND_PHASE5B5C_20260104_120421\progress\ProgressPage.tsx",".tsx","1942","P1","PATCH_CANDIDATE","PATCH_ONLY_AFTER_PATH_EXISTS_AND_REPO_CLEAN"
"__BASELINE_FRONTEND_PHASE5D_20260105_184300\_legacy_js_backup_20251208\auth.js",".js","168","P2","REVIEW_ONLY","PATCH_ONLY_AFTER_PATH_EXISTS_AND_REPO_CLEAN"
"__BASELINE_FRONTEND_PHASE5D_20260105_184300\_legacy_js_backup_20251208\dailyChallengeApi.js",".js","1354","P2","REVIEW_ONLY","PATCH_ONLY_AFTER_PATH_EXISTS_AND_REPO_CLEAN"
"__BASELINE_FRONTEND_PHASE5D_20260105_184300\_legacy_js_backup_20251208\DailyChallengeDetailPage.js",".js","7961","P1","PATCH_CANDIDATE","PATCH_ONLY_AFTER_PATH_EXISTS_AND_REPO_CLEAN"
"__BASELINE_FRONTEND_PHASE5D_20260105_184300\_legacy_js_backup_20251208\DailyChallengeHomeCard.js",".js","3280","P2","REVIEW_ONLY","PATCH_ONLY_AFTER_PATH_EXISTS_AND_REPO_CLEAN"
"__BASELINE_FRONTEND_PHASE5D_20260105_184300\_legacy_js_backup_20251208\ErrorBoundary.js",".js","807","P2","REVIEW_ONLY","PATCH_ONLY_AFTER_PATH_EXISTS_AND_REPO_CLEAN"
"__BASELINE_FRONTEND_PHASE5D_20260105_184300\_legacy_js_backup_20251208\HealthPanel.js",".js","1783","P2","REVIEW_ONLY","PATCH_ONLY_AFTER_PATH_EXISTS_AND_REPO_CLEAN"
"__BASELINE_FRONTEND_PHASE5D_20260105_184300\_legacy_js_backup_20251208\main.js",".js","649","P2","REVIEW_ONLY","PATCH_ONLY_AFTER_PATH_EXISTS_AND_REPO_CLEAN"
"__BASELINE_FRONTEND_PHASE5D_20260105_184300\App.tsx",".tsx","1148","P2","REVIEW_ONLY","PATCH_ONLY_AFTER_PATH_EXISTS_AND_REPO_CLEAN"
"__BASELINE_FRONTEND_PHASE5D_20260105_184300\auth.ts",".ts","218","P2","REVIEW_ONLY","PATCH_ONLY_AFTER_PATH_EXISTS_AND_REPO_CLEAN"
"__BASELINE_FRONTEND_PHASE5D_20260105_184300\components\DailyCompletionCard.tsx",".tsx","2603","P1","PATCH_CANDIDATE","PATCH_ONLY_AFTER_PATH_EXISTS_AND_REPO_CLEAN"
"__BASELINE_FRONTEND_PHASE5D_20260105_184300\components\ErrorBoundary.tsx",".tsx","784","P1","PATCH_CANDIDATE","PATCH_ONLY_AFTER_PATH_EXISTS_AND_REPO_CLEAN"
"__BASELINE_FRONTEND_PHASE5D_20260105_184300\components\GamePanel.tsx",".tsx","1289","P1","PATCH_CANDIDATE","PATCH_ONLY_AFTER_PATH_EXISTS_AND_REPO_CLEAN"
"__BASELINE_FRONTEND_PHASE5D_20260105_184300\components\HealthPanel.tsx",".tsx","2278","P1","PATCH_CANDIDATE","PATCH_ONLY_AFTER_PATH_EXISTS_AND_REPO_CLEAN"
"__BASELINE_FRONTEND_PHASE5D_20260105_184300\components\ProgressPanel.tsx",".tsx","1019","P1","PATCH_CANDIDATE","PATCH_ONLY_AFTER_PATH_EXISTS_AND_REPO_CLEAN"
"__BASELINE_FRONTEND_PHASE5D_20260105_184300\daily-challenge\DailyChallengeDetailPage.tsx",".tsx","12624","P1","PATCH_CANDIDATE","PATCH_ONLY_AFTER_PATH_EXISTS_AND_REPO_CLEAN"
"__BASELINE_FRONTEND_PHASE5D_20260105_184300\daily-challenge\DailyChallengeHomeCard.tsx",".tsx","2666","P2","REVIEW_ONLY","PATCH_ONLY_AFTER_PATH_EXISTS_AND_REPO_CLEAN"
"__BASELINE_FRONTEND_PHASE5D_20260105_184300\lib\auth.ts",".ts","168","P2","REVIEW_ONLY","PATCH_ONLY_AFTER_PATH_EXISTS_AND_REPO_CLEAN"
"__BASELINE_FRONTEND_PHASE5D_20260105_184300\pages\Daily.tsx",".tsx","2086","P1","PATCH_CANDIDATE","PATCH_ONLY_AFTER_PATH_EXISTS_AND_REPO_CLEAN"
"__BASELINE_FRONTEND_PHASE5D_20260105_184300\pages\Progress.tsx",".tsx","1928","P1","PATCH_CANDIDATE","PATCH_ONLY_AFTER_PATH_EXISTS_AND_REPO_CLEAN"
"__BASELINE_FRONTEND_PHASE5D_20260105_184300\pages\PuzzlesPlay.tsx",".tsx","4752","P1","PATCH_CANDIDATE","PATCH_ONLY_AFTER_PATH_EXISTS_AND_REPO_CLEAN"
"__BASELINE_FRONTEND_PHASE5D_20260105_184300\pages\SolvePuzzle.tsx",".tsx","10112","P1","PATCH_CANDIDATE","PATCH_ONLY_AFTER_PATH_EXISTS_AND_REPO_CLEAN"
"__BASELINE_FRONTEND_PHASE5D_20260105_184300\progress\ProgressPage.tsx",".tsx","1942","P1","PATCH_CANDIDATE","PATCH_ONLY_AFTER_PATH_EXISTS_AND_REPO_CLEAN"
"__FREEZE_BACKEND_PHASE5D_20260106_184626\daily-challenge\dailyChallengeEngine.ts",".ts","3464","P2","REVIEW_ONLY","PATCH_ONLY_AFTER_PATH_EXISTS_AND_REPO_CLEAN"
"__FREEZE_BACKEND_PHASE5D_20260106_184626\daily-challenge\dailyChallengeRoutes.ts",".ts","5027","P1","PATCH_CANDIDATE","PATCH_ONLY_AFTER_PATH_EXISTS_AND_REPO_CLEAN"
"__FREEZE_BACKEND_PHASE5D_20260106_184626\uxhelpers.js",".js","391","P2","REVIEW_ONLY","PATCH_ONLY_AFTER_PATH_EXISTS_AND_REPO_CLEAN"
"__FREEZE_FRONTEND_PHASE5D_20260106_184626\_legacy_js_backup_20251208\auth.js",".js","168","P2","REVIEW_ONLY","PATCH_ONLY_AFTER_PATH_EXISTS_AND_REPO_CLEAN"
"__FREEZE_FRONTEND_PHASE5D_20260106_184626\_legacy_js_backup_20251208\dailyChallengeApi.js",".js","1354","P2","REVIEW_ONLY","PATCH_ONLY_AFTER_PATH_EXISTS_AND_REPO_CLEAN"
"__FREEZE_FRONTEND_PHASE5D_20260106_184626\_legacy_js_backup_20251208\DailyChallengeDetailPage.js",".js","7961","P1","PATCH_CANDIDATE","PATCH_ONLY_AFTER_PATH_EXISTS_AND_REPO_CLEAN"
"__FREEZE_FRONTEND_PHASE5D_20260106_184626\_legacy_js_backup_20251208\DailyChallengeHomeCard.js",".js","3280","P2","REVIEW_ONLY","PATCH_ONLY_AFTER_PATH_EXISTS_AND_REPO_CLEAN"
"__FREEZE_FRONTEND_PHASE5D_20260106_184626\_legacy_js_backup_20251208\ErrorBoundary.js",".js","807","P2","REVIEW_ONLY","PATCH_ONLY_AFTER_PATH_EXISTS_AND_REPO_CLEAN"
"__FREEZE_FRONTEND_PHASE5D_20260106_184626\_legacy_js_backup_20251208\HealthPanel.js",".js","1783","P2","REVIEW_ONLY","PATCH_ONLY_AFTER_PATH_EXISTS_AND_REPO_CLEAN"
"__FREEZE_FRONTEND_PHASE5D_20260106_184626\_legacy_js_backup_20251208\main.js",".js","649","P2","REVIEW_ONLY","PATCH_ONLY_AFTER_PATH_EXISTS_AND_REPO_CLEAN"
"__FREEZE_FRONTEND_PHASE5D_20260106_184626\App.tsx",".tsx","1148","P2","REVIEW_ONLY","PATCH_ONLY_AFTER_PATH_EXISTS_AND_REPO_CLEAN"
"__FREEZE_FRONTEND_PHASE5D_20260106_184626\auth.ts",".ts","218","P2","REVIEW_ONLY","PATCH_ONLY_AFTER_PATH_EXISTS_AND_REPO_CLEAN"
"__FREEZE_FRONTEND_PHASE5D_20260106_184626\components\DailyCompletionCard.tsx",".tsx","2603","P1","PATCH_CANDIDATE","PATCH_ONLY_AFTER_PATH_EXISTS_AND_REPO_CLEAN"
"__FREEZE_FRONTEND_PHASE5D_20260106_184626\components\ErrorBoundary.tsx",".tsx","784","P1","PATCH_CANDIDATE","PATCH_ONLY_AFTER_PATH_EXISTS_AND_REPO_CLEAN"
"__FREEZE_FRONTEND_PHASE5D_20260106_184626\components\GamePanel.tsx",".tsx","1289","P1","PATCH_CANDIDATE","PATCH_ONLY_AFTER_PATH_EXISTS_AND_REPO_CLEAN"
"__FREEZE_FRONTEND_PHASE5D_20260106_184626\components\HealthPanel.tsx",".tsx","2278","P1","PATCH_CANDIDATE","PATCH_ONLY_AFTER_PATH_EXISTS_AND_REPO_CLEAN"
"__FREEZE_FRONTEND_PHASE5D_20260106_184626\components\ProgressPanel.tsx",".tsx","1019","P1","PATCH_CANDIDATE","PATCH_ONLY_AFTER_PATH_EXISTS_AND_REPO_CLEAN"
"__FREEZE_FRONTEND_PHASE5D_20260106_184626\daily-challenge\DailyChallengeDetailPage.tsx",".tsx","12624","P1","PATCH_CANDIDATE","PATCH_ONLY_AFTER_PATH_EXISTS_AND_REPO_CLEAN"
"__FREEZE_FRONTEND_PHASE5D_20260106_184626\daily-challenge\DailyChallengeHomeCard.tsx",".tsx","2666","P2","REVIEW_ONLY","PATCH_ONLY_AFTER_PATH_EXISTS_AND_REPO_CLEAN"
"__FREEZE_FRONTEND_PHASE5D_20260106_184626\lib\auth.ts",".ts","168","P2","REVIEW_ONLY","PATCH_ONLY_AFTER_PATH_EXISTS_AND_REPO_CLEAN"
"__FREEZE_FRONTEND_PHASE5D_20260106_184626\pages\Daily.tsx",".tsx","2086","P1","PATCH_CANDIDATE","PATCH_ONLY_AFTER_PATH_EXISTS_AND_REPO_CLEAN"
"__FREEZE_FRONTEND_PHASE5D_20260106_184626\pages\Progress.tsx",".tsx","1928","P1","PATCH_CANDIDATE","PATCH_ONLY_AFTER_PATH_EXISTS_AND_REPO_CLEAN"
"__FREEZE_FRONTEND_PHASE5D_20260106_184626\pages\PuzzlesPlay.tsx",".tsx","4752","P1","PATCH_CANDIDATE","PATCH_ONLY_AFTER_PATH_EXISTS_AND_REPO_CLEAN"
"__FREEZE_FRONTEND_PHASE5D_20260106_184626\pages\SolvePuzzle.tsx",".tsx","10112","P1","PATCH_CANDIDATE","PATCH_ONLY_AFTER_PATH_EXISTS_AND_REPO_CLEAN"
"__FREEZE_FRONTEND_PHASE5D_20260106_184626\progress\ProgressPage.tsx",".tsx","1942","P1","PATCH_CANDIDATE","PATCH_ONLY_AFTER_PATH_EXISTS_AND_REPO_CLEAN"
"_BASELINE_BACKEND_20260103_102610\daily-challenge\dailyChallengeEngine.ts",".ts","3464","P2","REVIEW_ONLY","PATCH_ONLY_AFTER_PATH_EXISTS_AND_REPO_CLEAN"
"_BASELINE_BACKEND_20260103_102610\daily-challenge\dailyChallengeRoutes.ts",".ts","5027","P1","PATCH_CANDIDATE","PATCH_ONLY_AFTER_PATH_EXISTS_AND_REPO_CLEAN"
"_BASELINE_BACKEND_20260103_102610\uxhelpers.js",".js","391","P2","REVIEW_ONLY","PATCH_ONLY_AFTER_PATH_EXISTS_AND_REPO_CLEAN"
"_BASELINE_BACKEND_PHASE2_20260103_131246\daily-challenge\dailyChallengeEngine.ts",".ts","3464","P2","REVIEW_ONLY","PATCH_ONLY_AFTER_PATH_EXISTS_AND_REPO_CLEAN"
"_BASELINE_BACKEND_PHASE2_20260103_131246\daily-challenge\dailyChallengeRoutes.ts",".ts","5027","P1","PATCH_CANDIDATE","PATCH_ONLY_AFTER_PATH_EXISTS_AND_REPO_CLEAN"
"_BASELINE_BACKEND_PHASE2_20260103_131246\uxhelpers.js",".js","391","P2","REVIEW_ONLY","PATCH_ONLY_AFTER_PATH_EXISTS_AND_REPO_CLEAN"
"_BASELINE_BACKEND_PHASE3_20260103_133742\daily-challenge\dailyChallengeEngine.ts",".ts","3464","P2","REVIEW_ONLY","PATCH_ONLY_AFTER_PATH_EXISTS_AND_REPO_CLEAN"
"_BASELINE_BACKEND_PHASE3_20260103_133742\daily-challenge\dailyChallengeRoutes.ts",".ts","5027","P1","PATCH_CANDIDATE","PATCH_ONLY_AFTER_PATH_EXISTS_AND_REPO_CLEAN"
"_BASELINE_BACKEND_PHASE3_20260103_133742\uxhelpers.js",".js","391","P2","REVIEW_ONLY","PATCH_ONLY_AFTER_PATH_EXISTS_AND_REPO_CLEAN"
"_BASELINE_BACKEND_PHASE4_20260103_135829\daily-challenge\dailyChallengeEngine.ts",".ts","3464","P2","REVIEW_ONLY","PATCH_ONLY_AFTER_PATH_EXISTS_AND_REPO_CLEAN"
"_BASELINE_BACKEND_PHASE4_20260103_135829\daily-challenge\dailyChallengeRoutes.ts",".ts","5027","P1","PATCH_CANDIDATE","PATCH_ONLY_AFTER_PATH_EXISTS_AND_REPO_CLEAN"
"_BASELINE_BACKEND_PHASE4_20260103_135829\uxhelpers.js",".js","391","P2","REVIEW_ONLY","PATCH_ONLY_AFTER_PATH_EXISTS_AND_REPO_CLEAN"
"_BASELINE_FRONTEND_20260103_102610\_legacy_js_backup_20251208\auth.js",".js","168","P2","REVIEW_ONLY","PATCH_ONLY_AFTER_PATH_EXISTS_AND_REPO_CLEAN"
"_BASELINE_FRONTEND_20260103_102610\_legacy_js_backup_20251208\dailyChallengeApi.js",".js","1354","P2","REVIEW_ONLY","PATCH_ONLY_AFTER_PATH_EXISTS_AND_REPO_CLEAN"
"_BASELINE_FRONTEND_20260103_102610\_legacy_js_backup_20251208\DailyChallengeDetailPage.js",".js","7961","P1","PATCH_CANDIDATE","PATCH_ONLY_AFTER_PATH_EXISTS_AND_REPO_CLEAN"
"_BASELINE_FRONTEND_20260103_102610\_legacy_js_backup_20251208\DailyChallengeHomeCard.js",".js","3280","P2","REVIEW_ONLY","PATCH_ONLY_AFTER_PATH_EXISTS_AND_REPO_CLEAN"
"_BASELINE_FRONTEND_20260103_102610\_legacy_js_backup_20251208\ErrorBoundary.js",".js","807","P2","REVIEW_ONLY","PATCH_ONLY_AFTER_PATH_EXISTS_AND_REPO_CLEAN"
"_BASELINE_FRONTEND_20260103_102610\_legacy_js_backup_20251208\HealthPanel.js",".js","1783","P2","REVIEW_ONLY","PATCH_ONLY_AFTER_PATH_EXISTS_AND_REPO_CLEAN"
"_BASELINE_FRONTEND_20260103_102610\_legacy_js_backup_20251208\main.js",".js","649","P2","REVIEW_ONLY","PATCH_ONLY_AFTER_PATH_EXISTS_AND_REPO_CLEAN"
"_BASELINE_FRONTEND_20260103_102610\App.tsx",".tsx","1148","P2","REVIEW_ONLY","PATCH_ONLY_AFTER_PATH_EXISTS_AND_REPO_CLEAN"
"_BASELINE_FRONTEND_20260103_102610\auth.ts",".ts","218","P2","REVIEW_ONLY","PATCH_ONLY_AFTER_PATH_EXISTS_AND_REPO_CLEAN"
"_BASELINE_FRONTEND_20260103_102610\components\DailyCompletionCard.tsx",".tsx","2603","P1","PATCH_CANDIDATE","PATCH_ONLY_AFTER_PATH_EXISTS_AND_REPO_CLEAN"
"_BASELINE_FRONTEND_20260103_102610\components\ErrorBoundary.tsx",".tsx","784","P1","PATCH_CANDIDATE","PATCH_ONLY_AFTER_PATH_EXISTS_AND_REPO_CLEAN"
"_BASELINE_FRONTEND_20260103_102610\components\GamePanel.tsx",".tsx","1289","P1","PATCH_CANDIDATE","PATCH_ONLY_AFTER_PATH_EXISTS_AND_REPO_CLEAN"
"_BASELINE_FRONTEND_20260103_102610\components\HealthPanel.tsx",".tsx","2278","P1","PATCH_CANDIDATE","PATCH_ONLY_AFTER_PATH_EXISTS_AND_REPO_CLEAN"
"_BASELINE_FRONTEND_20260103_102610\components\ProgressPanel.tsx",".tsx","1019","P1","PATCH_CANDIDATE","PATCH_ONLY_AFTER_PATH_EXISTS_AND_REPO_CLEAN"
"_BASELINE_FRONTEND_20260103_102610\daily-challenge\DailyChallengeDetailPage.tsx",".tsx","8916","P1","PATCH_CANDIDATE","PATCH_ONLY_AFTER_PATH_EXISTS_AND_REPO_CLEAN"
"_BASELINE_FRONTEND_20260103_102610\daily-challenge\DailyChallengeHomeCard.tsx",".tsx","2666","P2","REVIEW_ONLY","PATCH_ONLY_AFTER_PATH_EXISTS_AND_REPO_CLEAN"
"_BASELINE_FRONTEND_20260103_102610\lib\auth.ts",".ts","168","P2","REVIEW_ONLY","PATCH_ONLY_AFTER_PATH_EXISTS_AND_REPO_CLEAN"
"_BASELINE_FRONTEND_20260103_102610\pages\Daily.tsx",".tsx","2086","P1","PATCH_CANDIDATE","PATCH_ONLY_AFTER_PATH_EXISTS_AND_REPO_CLEAN"
"_BASELINE_FRONTEND_20260103_102610\pages\Progress.tsx",".tsx","1928","P1","PATCH_CANDIDATE","PATCH_ONLY_AFTER_PATH_EXISTS_AND_REPO_CLEAN"
"_BASELINE_FRONTEND_20260103_102610\pages\PuzzlesPlay.tsx",".tsx","4752","P1","PATCH_CANDIDATE","PATCH_ONLY_AFTER_PATH_EXISTS_AND_REPO_CLEAN"
"_BASELINE_FRONTEND_20260103_102610\pages\SolvePuzzle.tsx",".tsx","6039","P1","PATCH_CANDIDATE","PATCH_ONLY_AFTER_PATH_EXISTS_AND_REPO_CLEAN"
"_BASELINE_FRONTEND_20260103_102610\progress\ProgressPage.tsx",".tsx","1942","P1","PATCH_CANDIDATE","PATCH_ONLY_AFTER_PATH_EXISTS_AND_REPO_CLEAN"
"_BASELINE_FRONTEND_PHASE2_20260103_131246\_legacy_js_backup_20251208\auth.js",".js","168","P2","REVIEW_ONLY","PATCH_ONLY_AFTER_PATH_EXISTS_AND_REPO_CLEAN"
"_BASELINE_FRONTEND_PHASE2_20260103_131246\_legacy_js_backup_20251208\dailyChallengeApi.js",".js","1354","P2","REVIEW_ONLY","PATCH_ONLY_AFTER_PATH_EXISTS_AND_REPO_CLEAN"
"_BASELINE_FRONTEND_PHASE2_20260103_131246\_legacy_js_backup_20251208\DailyChallengeDetailPage.js",".js","7961","P1","PATCH_CANDIDATE","PATCH_ONLY_AFTER_PATH_EXISTS_AND_REPO_CLEAN"
"_BASELINE_FRONTEND_PHASE2_20260103_131246\_legacy_js_backup_20251208\DailyChallengeHomeCard.js",".js","3280","P2","REVIEW_ONLY","PATCH_ONLY_AFTER_PATH_EXISTS_AND_REPO_CLEAN"
"_BASELINE_FRONTEND_PHASE2_20260103_131246\_legacy_js_backup_20251208\ErrorBoundary.js",".js","807","P2","REVIEW_ONLY","PATCH_ONLY_AFTER_PATH_EXISTS_AND_REPO_CLEAN"
"_BASELINE_FRONTEND_PHASE2_20260103_131246\_legacy_js_backup_20251208\HealthPanel.js",".js","1783","P2","REVIEW_ONLY","PATCH_ONLY_AFTER_PATH_EXISTS_AND_REPO_CLEAN"
"_BASELINE_FRONTEND_PHASE2_20260103_131246\_legacy_js_backup_20251208\main.js",".js","649","P2","REVIEW_ONLY","PATCH_ONLY_AFTER_PATH_EXISTS_AND_REPO_CLEAN"
"_BASELINE_FRONTEND_PHASE2_20260103_131246\App.tsx",".tsx","1148","P2","REVIEW_ONLY","PATCH_ONLY_AFTER_PATH_EXISTS_AND_REPO_CLEAN"
"_BASELINE_FRONTEND_PHASE2_20260103_131246\auth.ts",".ts","218","P2","REVIEW_ONLY","PATCH_ONLY_AFTER_PATH_EXISTS_AND_REPO_CLEAN"
"_BASELINE_FRONTEND_PHASE2_20260103_131246\components\DailyCompletionCard.tsx",".tsx","2603","P1","PATCH_CANDIDATE","PATCH_ONLY_AFTER_PATH_EXISTS_AND_REPO_CLEAN"
"_BASELINE_FRONTEND_PHASE2_20260103_131246\components\ErrorBoundary.tsx",".tsx","784","P1","PATCH_CANDIDATE","PATCH_ONLY_AFTER_PATH_EXISTS_AND_REPO_CLEAN"
"_BASELINE_FRONTEND_PHASE2_20260103_131246\components\GamePanel.tsx",".tsx","1289","P1","PATCH_CANDIDATE","PATCH_ONLY_AFTER_PATH_EXISTS_AND_REPO_CLEAN"
"_BASELINE_FRONTEND_PHASE2_20260103_131246\components\HealthPanel.tsx",".tsx","2278","P1","PATCH_CANDIDATE","PATCH_ONLY_AFTER_PATH_EXISTS_AND_REPO_CLEAN"
"_BASELINE_FRONTEND_PHASE2_20260103_131246\components\ProgressPanel.tsx",".tsx","1019","P1","PATCH_CANDIDATE","PATCH_ONLY_AFTER_PATH_EXISTS_AND_REPO_CLEAN"
"_BASELINE_FRONTEND_PHASE2_20260103_131246\daily-challenge\DailyChallengeDetailPage.tsx",".tsx","8916","P1","PATCH_CANDIDATE","PATCH_ONLY_AFTER_PATH_EXISTS_AND_REPO_CLEAN"
"_BASELINE_FRONTEND_PHASE2_20260103_131246\daily-challenge\DailyChallengeHomeCard.tsx",".tsx","2666","P2","REVIEW_ONLY","PATCH_ONLY_AFTER_PATH_EXISTS_AND_REPO_CLEAN"
"_BASELINE_FRONTEND_PHASE2_20260103_131246\lib\auth.ts",".ts","168","P2","REVIEW_ONLY","PATCH_ONLY_AFTER_PATH_EXISTS_AND_REPO_CLEAN"
"_BASELINE_FRONTEND_PHASE2_20260103_131246\pages\Daily.tsx",".tsx","2086","P1","PATCH_CANDIDATE","PATCH_ONLY_AFTER_PATH_EXISTS_AND_REPO_CLEAN"
"_BASELINE_FRONTEND_PHASE2_20260103_131246\pages\Progress.tsx",".tsx","1928","P1","PATCH_CANDIDATE","PATCH_ONLY_AFTER_PATH_EXISTS_AND_REPO_CLEAN"
"_BASELINE_FRONTEND_PHASE2_20260103_131246\pages\PuzzlesPlay.tsx",".tsx","4752","P1","PATCH_CANDIDATE","PATCH_ONLY_AFTER_PATH_EXISTS_AND_REPO_CLEAN"
"_BASELINE_FRONTEND_PHASE2_20260103_131246\pages\SolvePuzzle.tsx",".tsx","9765","P1","PATCH_CANDIDATE","PATCH_ONLY_AFTER_PATH_EXISTS_AND_REPO_CLEAN"
"_BASELINE_FRONTEND_PHASE2_20260103_131246\progress\ProgressPage.tsx",".tsx","1942","P1","PATCH_CANDIDATE","PATCH_ONLY_AFTER_PATH_EXISTS_AND_REPO_CLEAN"
"_BASELINE_FRONTEND_PHASE3_20260103_133742\_legacy_js_backup_20251208\auth.js",".js","168","P2","REVIEW_ONLY","PATCH_ONLY_AFTER_PATH_EXISTS_AND_REPO_CLEAN"
"_BASELINE_FRONTEND_PHASE3_20260103_133742\_legacy_js_backup_20251208\dailyChallengeApi.js",".js","1354","P2","REVIEW_ONLY","PATCH_ONLY_AFTER_PATH_EXISTS_AND_REPO_CLEAN"
"_BASELINE_FRONTEND_PHASE3_20260103_133742\_legacy_js_backup_20251208\DailyChallengeDetailPage.js",".js","7961","P1","PATCH_CANDIDATE","PATCH_ONLY_AFTER_PATH_EXISTS_AND_REPO_CLEAN"
"_BASELINE_FRONTEND_PHASE3_20260103_133742\_legacy_js_backup_20251208\DailyChallengeHomeCard.js",".js","3280","P2","REVIEW_ONLY","PATCH_ONLY_AFTER_PATH_EXISTS_AND_REPO_CLEAN"
"_BASELINE_FRONTEND_PHASE3_20260103_133742\_legacy_js_backup_20251208\ErrorBoundary.js",".js","807","P2","REVIEW_ONLY","PATCH_ONLY_AFTER_PATH_EXISTS_AND_REPO_CLEAN"
"_BASELINE_FRONTEND_PHASE3_20260103_133742\_legacy_js_backup_20251208\HealthPanel.js",".js","1783","P2","REVIEW_ONLY","PATCH_ONLY_AFTER_PATH_EXISTS_AND_REPO_CLEAN"
"_BASELINE_FRONTEND_PHASE3_20260103_133742\_legacy_js_backup_20251208\main.js",".js","649","P2","REVIEW_ONLY","PATCH_ONLY_AFTER_PATH_EXISTS_AND_REPO_CLEAN"
"_BASELINE_FRONTEND_PHASE3_20260103_133742\App.tsx",".tsx","1148","P2","REVIEW_ONLY","PATCH_ONLY_AFTER_PATH_EXISTS_AND_REPO_CLEAN"
"_BASELINE_FRONTEND_PHASE3_20260103_133742\auth.ts",".ts","218","P2","REVIEW_ONLY","PATCH_ONLY_AFTER_PATH_EXISTS_AND_REPO_CLEAN"
"_BASELINE_FRONTEND_PHASE3_20260103_133742\components\DailyCompletionCard.tsx",".tsx","2603","P1","PATCH_CANDIDATE","PATCH_ONLY_AFTER_PATH_EXISTS_AND_REPO_CLEAN"
"_BASELINE_FRONTEND_PHASE3_20260103_133742\components\ErrorBoundary.tsx",".tsx","784","P1","PATCH_CANDIDATE","PATCH_ONLY_AFTER_PATH_EXISTS_AND_REPO_CLEAN"
"_BASELINE_FRONTEND_PHASE3_20260103_133742\components\GamePanel.tsx",".tsx","1289","P1","PATCH_CANDIDATE","PATCH_ONLY_AFTER_PATH_EXISTS_AND_REPO_CLEAN"
"_BASELINE_FRONTEND_PHASE3_20260103_133742\components\HealthPanel.tsx",".tsx","2278","P1","PATCH_CANDIDATE","PATCH_ONLY_AFTER_PATH_EXISTS_AND_REPO_CLEAN"
"_BASELINE_FRONTEND_PHASE3_20260103_133742\components\ProgressPanel.tsx",".tsx","1019","P1","PATCH_CANDIDATE","PATCH_ONLY_AFTER_PATH_EXISTS_AND_REPO_CLEAN"
"_BASELINE_FRONTEND_PHASE3_20260103_133742\daily-challenge\DailyChallengeDetailPage.tsx",".tsx","10662","P1","PATCH_CANDIDATE","PATCH_ONLY_AFTER_PATH_EXISTS_AND_REPO_CLEAN"
"_BASELINE_FRONTEND_PHASE3_20260103_133742\daily-challenge\DailyChallengeHomeCard.tsx",".tsx","2666","P2","REVIEW_ONLY","PATCH_ONLY_AFTER_PATH_EXISTS_AND_REPO_CLEAN"
"_BASELINE_FRONTEND_PHASE3_20260103_133742\lib\auth.ts",".ts","168","P2","REVIEW_ONLY","PATCH_ONLY_AFTER_PATH_EXISTS_AND_REPO_CLEAN"
"_BASELINE_FRONTEND_PHASE3_20260103_133742\pages\Daily.tsx",".tsx","2086","P1","PATCH_CANDIDATE","PATCH_ONLY_AFTER_PATH_EXISTS_AND_REPO_CLEAN"
"_BASELINE_FRONTEND_PHASE3_20260103_133742\pages\Progress.tsx",".tsx","1928","P1","PATCH_CANDIDATE","PATCH_ONLY_AFTER_PATH_EXISTS_AND_REPO_CLEAN"
"_BASELINE_FRONTEND_PHASE3_20260103_133742\pages\PuzzlesPlay.tsx",".tsx","4752","P1","PATCH_CANDIDATE","PATCH_ONLY_AFTER_PATH_EXISTS_AND_REPO_CLEAN"
"_BASELINE_FRONTEND_PHASE3_20260103_133742\pages\SolvePuzzle.tsx",".tsx","9765","P1","PATCH_CANDIDATE","PATCH_ONLY_AFTER_PATH_EXISTS_AND_REPO_CLEAN"
"_BASELINE_FRONTEND_PHASE3_20260103_133742\progress\ProgressPage.tsx",".tsx","1942","P1","PATCH_CANDIDATE","PATCH_ONLY_AFTER_PATH_EXISTS_AND_REPO_CLEAN"
"_BASELINE_FRONTEND_PHASE4_20260103_135829\_legacy_js_backup_20251208\auth.js",".js","168","P2","REVIEW_ONLY","PATCH_ONLY_AFTER_PATH_EXISTS_AND_REPO_CLEAN"
"_BASELINE_FRONTEND_PHASE4_20260103_135829\_legacy_js_backup_20251208\dailyChallengeApi.js",".js","1354","P2","REVIEW_ONLY","PATCH_ONLY_AFTER_PATH_EXISTS_AND_REPO_CLEAN"
"_BASELINE_FRONTEND_PHASE4_20260103_135829\_legacy_js_backup_20251208\DailyChallengeDetailPage.js",".js","7961","P1","PATCH_CANDIDATE","PATCH_ONLY_AFTER_PATH_EXISTS_AND_REPO_CLEAN"
"_BASELINE_FRONTEND_PHASE4_20260103_135829\_legacy_js_backup_20251208\DailyChallengeHomeCard.js",".js","3280","P2","REVIEW_ONLY","PATCH_ONLY_AFTER_PATH_EXISTS_AND_REPO_CLEAN"
"_BASELINE_FRONTEND_PHASE4_20260103_135829\_legacy_js_backup_20251208\ErrorBoundary.js",".js","807","P2","REVIEW_ONLY","PATCH_ONLY_AFTER_PATH_EXISTS_AND_REPO_CLEAN"
"_BASELINE_FRONTEND_PHASE4_20260103_135829\_legacy_js_backup_20251208\HealthPanel.js",".js","1783","P2","REVIEW_ONLY","PATCH_ONLY_AFTER_PATH_EXISTS_AND_REPO_CLEAN"
"_BASELINE_FRONTEND_PHASE4_20260103_135829\_legacy_js_backup_20251208\main.js",".js","649","P2","REVIEW_ONLY","PATCH_ONLY_AFTER_PATH_EXISTS_AND_REPO_CLEAN"
"_BASELINE_FRONTEND_PHASE4_20260103_135829\App.tsx",".tsx","1148","P2","REVIEW_ONLY","PATCH_ONLY_AFTER_PATH_EXISTS_AND_REPO_CLEAN"
"_BASELINE_FRONTEND_PHASE4_20260103_135829\auth.ts",".ts","218","P2","REVIEW_ONLY","PATCH_ONLY_AFTER_PATH_EXISTS_AND_REPO_CLEAN"
"_BASELINE_FRONTEND_PHASE4_20260103_135829\components\DailyCompletionCard.tsx",".tsx","2603","P1","PATCH_CANDIDATE","PATCH_ONLY_AFTER_PATH_EXISTS_AND_REPO_CLEAN"
"_BASELINE_FRONTEND_PHASE4_20260103_135829\components\ErrorBoundary.tsx",".tsx","784","P1","PATCH_CANDIDATE","PATCH_ONLY_AFTER_PATH_EXISTS_AND_REPO_CLEAN"
"_BASELINE_FRONTEND_PHASE4_20260103_135829\components\GamePanel.tsx",".tsx","1289","P1","PATCH_CANDIDATE","PATCH_ONLY_AFTER_PATH_EXISTS_AND_REPO_CLEAN"
"_BASELINE_FRONTEND_PHASE4_20260103_135829\components\HealthPanel.tsx",".tsx","2278","P1","PATCH_CANDIDATE","PATCH_ONLY_AFTER_PATH_EXISTS_AND_REPO_CLEAN"
"_BASELINE_FRONTEND_PHASE4_20260103_135829\components\ProgressPanel.tsx",".tsx","1019","P1","PATCH_CANDIDATE","PATCH_ONLY_AFTER_PATH_EXISTS_AND_REPO_CLEAN"
"_BASELINE_FRONTEND_PHASE4_20260103_135829\daily-challenge\DailyChallengeDetailPage.tsx",".tsx","12624","P1","PATCH_CANDIDATE","PATCH_ONLY_AFTER_PATH_EXISTS_AND_REPO_CLEAN"
"_BASELINE_FRONTEND_PHASE4_20260103_135829\daily-challenge\DailyChallengeHomeCard.tsx",".tsx","2666","P2","REVIEW_ONLY","PATCH_ONLY_AFTER_PATH_EXISTS_AND_REPO_CLEAN"
"_BASELINE_FRONTEND_PHASE4_20260103_135829\lib\auth.ts",".ts","168","P2","REVIEW_ONLY","PATCH_ONLY_AFTER_PATH_EXISTS_AND_REPO_CLEAN"
"_BASELINE_FRONTEND_PHASE4_20260103_135829\pages\Daily.tsx",".tsx","2086","P1","PATCH_CANDIDATE","PATCH_ONLY_AFTER_PATH_EXISTS_AND_REPO_CLEAN"
"_BASELINE_FRONTEND_PHASE4_20260103_135829\pages\Progress.tsx",".tsx","1928","P1","PATCH_CANDIDATE","PATCH_ONLY_AFTER_PATH_EXISTS_AND_REPO_CLEAN"
"_BASELINE_FRONTEND_PHASE4_20260103_135829\pages\PuzzlesPlay.tsx",".tsx","4752","P1","PATCH_CANDIDATE","PATCH_ONLY_AFTER_PATH_EXISTS_AND_REPO_CLEAN"
"_BASELINE_FRONTEND_PHASE4_20260103_135829\pages\SolvePuzzle.tsx",".tsx","9765","P1","PATCH_CANDIDATE","PATCH_ONLY_AFTER_PATH_EXISTS_AND_REPO_CLEAN"
"_BASELINE_FRONTEND_PHASE4_20260103_135829\progress\ProgressPage.tsx",".tsx","1942","P1","PATCH_CANDIDATE","PATCH_ONLY_AFTER_PATH_EXISTS_AND_REPO_CLEAN"
"_daily_closeout\snapshot_20251231_151341\App.tsx",".tsx","1148","P2","REVIEW_ONLY","PATCH_ONLY_AFTER_PATH_EXISTS_AND_REPO_CLEAN"
"_daily_closeout\snapshot_20251231_151341\DailyChallengeDetailPage.tsx",".tsx","8637","P1","PATCH_CANDIDATE","PATCH_ONLY_AFTER_PATH_EXISTS_AND_REPO_CLEAN"
"_daily_closeout\snapshot_20251231_151341\HealthPanel.tsx",".tsx","2278","P2","REVIEW_ONLY","PATCH_ONLY_AFTER_PATH_EXISTS_AND_REPO_CLEAN"
"_daily_closeout\snapshot_20251231_151341\SolvePuzzle.tsx",".tsx","5051","P2","REVIEW_ONLY","PATCH_ONLY_AFTER_PATH_EXISTS_AND_REPO_CLEAN"
"_snapshots\phase2_complete_20251224_144242\backend_src\daily-challenge\dailyChallengeEngine.ts",".ts","3464","P2","REVIEW_ONLY","PATCH_ONLY_AFTER_PATH_EXISTS_AND_REPO_CLEAN"
"_snapshots\phase2_complete_20251224_144242\backend_src\daily-challenge\dailyChallengeRoutes.ts",".ts","5027","P1","PATCH_CANDIDATE","PATCH_ONLY_AFTER_PATH_EXISTS_AND_REPO_CLEAN"
"_snapshots\phase2_complete_20251224_144242\backend_src\uxhelpers.js",".js","391","P2","REVIEW_ONLY","PATCH_ONLY_AFTER_PATH_EXISTS_AND_REPO_CLEAN"
"_snapshots\phase2_complete_20251224_144242\frontend_src\_legacy_js_backup_20251208\auth.js",".js","168","P2","REVIEW_ONLY","PATCH_ONLY_AFTER_PATH_EXISTS_AND_REPO_CLEAN"
"_snapshots\phase2_complete_20251224_144242\frontend_src\_legacy_js_backup_20251208\dailyChallengeApi.js",".js","1354","P2","REVIEW_ONLY","PATCH_ONLY_AFTER_PATH_EXISTS_AND_REPO_CLEAN"
"_snapshots\phase2_complete_20251224_144242\frontend_src\_legacy_js_backup_20251208\DailyChallengeDetailPage.js",".js","7961","P1","PATCH_CANDIDATE","PATCH_ONLY_AFTER_PATH_EXISTS_AND_REPO_CLEAN"
"_snapshots\phase2_complete_20251224_144242\frontend_src\_legacy_js_backup_20251208\DailyChallengeHomeCard.js",".js","3280","P2","REVIEW_ONLY","PATCH_ONLY_AFTER_PATH_EXISTS_AND_REPO_CLEAN"
"_snapshots\phase2_complete_20251224_144242\frontend_src\_legacy_js_backup_20251208\ErrorBoundary.js",".js","807","P2","REVIEW_ONLY","PATCH_ONLY_AFTER_PATH_EXISTS_AND_REPO_CLEAN"
"_snapshots\phase2_complete_20251224_144242\frontend_src\_legacy_js_backup_20251208\HealthPanel.js",".js","1783","P2","REVIEW_ONLY","PATCH_ONLY_AFTER_PATH_EXISTS_AND_REPO_CLEAN"
"_snapshots\phase2_complete_20251224_144242\frontend_src\_legacy_js_backup_20251208\main.js",".js","649","P2","REVIEW_ONLY","PATCH_ONLY_AFTER_PATH_EXISTS_AND_REPO_CLEAN"
"_snapshots\phase2_complete_20251224_144242\frontend_src\App.tsx",".tsx","1197","P2","REVIEW_ONLY","PATCH_ONLY_AFTER_PATH_EXISTS_AND_REPO_CLEAN"
"_snapshots\phase2_complete_20251224_144242\frontend_src\auth.ts",".ts","218","P2","REVIEW_ONLY","PATCH_ONLY_AFTER_PATH_EXISTS_AND_REPO_CLEAN"
"_snapshots\phase2_complete_20251224_144242\frontend_src\components\DailyCompletionCard.tsx",".tsx","2603","P1","PATCH_CANDIDATE","PATCH_ONLY_AFTER_PATH_EXISTS_AND_REPO_CLEAN"
"_snapshots\phase2_complete_20251224_144242\frontend_src\components\ErrorBoundary.tsx",".tsx","784","P1","PATCH_CANDIDATE","PATCH_ONLY_AFTER_PATH_EXISTS_AND_REPO_CLEAN"
"_snapshots\phase2_complete_20251224_144242\frontend_src\components\GamePanel.tsx",".tsx","1289","P1","PATCH_CANDIDATE","PATCH_ONLY_AFTER_PATH_EXISTS_AND_REPO_CLEAN"
"_snapshots\phase2_complete_20251224_144242\frontend_src\components\HealthPanel.tsx",".tsx","1749","P1","PATCH_CANDIDATE","PATCH_ONLY_AFTER_PATH_EXISTS_AND_REPO_CLEAN"
"_snapshots\phase2_complete_20251224_144242\frontend_src\components\ProgressPanel.tsx",".tsx","1019","P1","PATCH_CANDIDATE","PATCH_ONLY_AFTER_PATH_EXISTS_AND_REPO_CLEAN"
"_snapshots\phase2_complete_20251224_144242\frontend_src\daily-challenge\DailyChallengeDetailPage.tsx",".tsx","6656","P1","PATCH_CANDIDATE","PATCH_ONLY_AFTER_PATH_EXISTS_AND_REPO_CLEAN"
"_snapshots\phase2_complete_20251224_144242\frontend_src\daily-challenge\DailyChallengeHomeCard.tsx",".tsx","2666","P2","REVIEW_ONLY","PATCH_ONLY_AFTER_PATH_EXISTS_AND_REPO_CLEAN"
"_snapshots\phase2_complete_20251224_144242\frontend_src\lib\auth.ts",".ts","168","P2","REVIEW_ONLY","PATCH_ONLY_AFTER_PATH_EXISTS_AND_REPO_CLEAN"
"_snapshots\phase2_complete_20251224_144242\frontend_src\pages\Daily.tsx",".tsx","2086","P1","PATCH_CANDIDATE","PATCH_ONLY_AFTER_PATH_EXISTS_AND_REPO_CLEAN"
"_snapshots\phase2_complete_20251224_144242\frontend_src\pages\Progress.tsx",".tsx","1695","P1","PATCH_CANDIDATE","PATCH_ONLY_AFTER_PATH_EXISTS_AND_REPO_CLEAN"
"_snapshots\phase2_complete_20251224_144242\frontend_src\progress\ProgressPage.tsx",".tsx","1942","P1","PATCH_CANDIDATE","PATCH_ONLY_AFTER_PATH_EXISTS_AND_REPO_CLEAN"
"ARCHIVE_DUPLICATES_2025-12-27\backend_backup_phase12_20251126_202223\daily-challenge\dailyChallengeEngine.ts",".ts","3464","P2","REVIEW_ONLY","PATCH_ONLY_AFTER_PATH_EXISTS_AND_REPO_CLEAN"
"ARCHIVE_DUPLICATES_2025-12-27\backend_backup_phase12_20251126_202223\daily-challenge\dailyChallengeRoutes.ts",".ts","5027","P1","PATCH_CANDIDATE","PATCH_ONLY_AFTER_PATH_EXISTS_AND_REPO_CLEAN"
"ARCHIVE_DUPLICATES_2025-12-27\backend_backup_phase12_20251126_202223\uxhelpers.js",".js","391","P2","REVIEW_ONLY","PATCH_ONLY_AFTER_PATH_EXISTS_AND_REPO_CLEAN"
"ARCHIVE_DUPLICATES_2025-12-27\DailyChallengeDetailPage.tsx",".tsx","8422","P1","PATCH_CANDIDATE","PATCH_ONLY_AFTER_PATH_EXISTS_AND_REPO_CLEAN"
"ARCHIVE_DUPLICATES_2025-12-27\frontend_20251029_090727\eslint.config.js",".js","621","P3","DO_NOT_PATCH_UNLESS_REQUIRED","PATCH_ONLY_AFTER_PATH_EXISTS_AND_REPO_CLEAN"
"ARCHIVE_DUPLICATES_2025-12-27\frontend_20251029_090727\index.html",".html","373","P2","REVIEW_ONLY","PATCH_ONLY_AFTER_PATH_EXISTS_AND_REPO_CLEAN"
"ARCHIVE_DUPLICATES_2025-12-27\frontend_20251029_090727\package-lock.json",".json","103323","P3","DO_NOT_PATCH_UNLESS_REQUIRED","PATCH_ONLY_AFTER_PATH_EXISTS_AND_REPO_CLEAN"
"ARCHIVE_DUPLICATES_2025-12-27\frontend_20251029_090727\src\App.tsx",".tsx","1911","P2","REVIEW_ONLY","PATCH_ONLY_AFTER_PATH_EXISTS_AND_REPO_CLEAN"
"ARCHIVE_DUPLICATES_2025-12-27\frontend_20251029_090727\src\auth.ts",".ts","229","P2","REVIEW_ONLY","PATCH_ONLY_AFTER_PATH_EXISTS_AND_REPO_CLEAN"
"ARCHIVE_DUPLICATES_2025-12-27\frontend_20251029_090727\src\components\ErrorBanner.tsx",".tsx","287","P1","PATCH_CANDIDATE","PATCH_ONLY_AFTER_PATH_EXISTS_AND_REPO_CLEAN"
"backend\data\scores.json",".json","641","P1","PATCH_CANDIDATE","PATCH_ONLY_AFTER_PATH_EXISTS_AND_REPO_CLEAN"
"backend\package-lock.json",".json","29820","P3","DO_NOT_PATCH_UNLESS_REQUIRED","PATCH_ONLY_AFTER_PATH_EXISTS_AND_REPO_CLEAN"
"backend\src\daily-challenge\dailyChallengeEngine.ts",".ts","3464","P2","REVIEW_ONLY","PATCH_ONLY_AFTER_PATH_EXISTS_AND_REPO_CLEAN"
"backend\src\daily-challenge\dailyChallengeRoutes.ts",".ts","8551","P1","PATCH_CANDIDATE","PATCH_ONLY_AFTER_PATH_EXISTS_AND_REPO_CLEAN"
"backend\src\game\adaptive_recommendation_v2_test.js",".js","1763","P1","PATCH_CANDIDATE","PATCH_ONLY_AFTER_PATH_EXISTS_AND_REPO_CLEAN"
"backend\src\game\ai_dataset_export_orchestrator_v2_test.js",".js","1055","P1","PATCH_CANDIDATE","PATCH_ONLY_AFTER_PATH_EXISTS_AND_REPO_CLEAN"
"backend\src\game\ai_dataset_export_v2.js",".js","928","P1","PATCH_CANDIDATE","PATCH_ONLY_AFTER_PATH_EXISTS_AND_REPO_CLEAN"
"backend\src\game\ai_dataset_export_v2_schema.json",".json","448","P1","PATCH_CANDIDATE","PATCH_ONLY_AFTER_PATH_EXISTS_AND_REPO_CLEAN"
"backend\src\game\ai_dataset_export_v2_test.js",".js","1023","P1","PATCH_CANDIDATE","PATCH_ONLY_AFTER_PATH_EXISTS_AND_REPO_CLEAN"
"backend\src\game\cognitive_monthly_report_generator_v2_test.js",".js","684","P1","PATCH_CANDIDATE","PATCH_ONLY_AFTER_PATH_EXISTS_AND_REPO_CLEAN"
"backend\src\game\cognitive_report_generator_v2_test.js",".js","583","P1","PATCH_CANDIDATE","PATCH_ONLY_AFTER_PATH_EXISTS_AND_REPO_CLEAN"
"backend\src\game\mindlab_v2_route_registry_test.js",".js","3262","P1","PATCH_CANDIDATE","PATCH_ONLY_AFTER_PATH_EXISTS_AND_REPO_CLEAN"
"backend\src\game\puzzle_dna_v2_schema.json",".json","433","P1","PATCH_CANDIDATE","PATCH_ONLY_AFTER_PATH_EXISTS_AND_REPO_CLEAN"
"backend\src\game\puzzle_generation_api_controller_v2_test.js",".js","1011","P1","PATCH_CANDIDATE","PATCH_ONLY_AFTER_PATH_EXISTS_AND_REPO_CLEAN"
"backend\src\game\puzzle_generation_request_v2_schema.json",".json","328","P1","PATCH_CANDIDATE","PATCH_ONLY_AFTER_PATH_EXISTS_AND_REPO_CLEAN"
"backend\src\game\user_skill_profile_v2_schema.json",".json","231","P1","PATCH_CANDIDATE","PATCH_ONLY_AFTER_PATH_EXISTS_AND_REPO_CLEAN"
"backend\src\game\user_skill_progression_v2_test.js",".js","1641","P1","PATCH_CANDIDATE","PATCH_ONLY_AFTER_PATH_EXISTS_AND_REPO_CLEAN"
"backend\src\uxhelpers.js",".js","391","P2","REVIEW_ONLY","PATCH_ONLY_AFTER_PATH_EXISTS_AND_REPO_CLEAN"
"backups\app_router_debug_2025-11-29_1643\App.tsx",".tsx","621","P1","PATCH_CANDIDATE","PATCH_ONLY_AFTER_PATH_EXISTS_AND_REPO_CLEAN"
"backups\app_simple_debug_2025-11-29_1701\App.tsx",".tsx","1475","P2","REVIEW_ONLY","PATCH_ONLY_AFTER_PATH_EXISTS_AND_REPO_CLEAN"
"backups\baseline_snapshots\baseline_20251214_115859\backend\package-lock.json",".json","64691","P3","DO_NOT_PATCH_UNLESS_REQUIRED","PATCH_ONLY_AFTER_PATH_EXISTS_AND_REPO_CLEAN"
"backups\baseline_snapshots\baseline_20251214_115859\backend\src\daily-challenge\dailyChallengeEngine.ts",".ts","3464","P2","REVIEW_ONLY","PATCH_ONLY_AFTER_PATH_EXISTS_AND_REPO_CLEAN"
"backups\baseline_snapshots\baseline_20251214_115859\backend\src\daily-challenge\dailyChallengeRoutes.ts",".ts","5027","P1","PATCH_CANDIDATE","PATCH_ONLY_AFTER_PATH_EXISTS_AND_REPO_CLEAN"
"backups\baseline_snapshots\baseline_20251214_115859\backend\src\uxhelpers.js",".js","391","P2","REVIEW_ONLY","PATCH_ONLY_AFTER_PATH_EXISTS_AND_REPO_CLEAN"
"backups\baseline_snapshots\baseline_20251214_115859\frontend\package-lock.json",".json","94874","P3","DO_NOT_PATCH_UNLESS_REQUIRED","PATCH_ONLY_AFTER_PATH_EXISTS_AND_REPO_CLEAN"
"backups\baseline_snapshots\baseline_20251214_115859\frontend\src\_legacy_js_backup_20251208\auth.js",".js","168","P2","REVIEW_ONLY","PATCH_ONLY_AFTER_PATH_EXISTS_AND_REPO_CLEAN"
"backups\baseline_snapshots\baseline_20251214_115859\frontend\src\_legacy_js_backup_20251208\dailyChallengeApi.js",".js","1354","P2","REVIEW_ONLY","PATCH_ONLY_AFTER_PATH_EXISTS_AND_REPO_CLEAN"
"backups\baseline_snapshots\baseline_20251214_115859\frontend\src\_legacy_js_backup_20251208\DailyChallengeDetailPage.js",".js","7961","P1","PATCH_CANDIDATE","PATCH_ONLY_AFTER_PATH_EXISTS_AND_REPO_CLEAN"
"backups\baseline_snapshots\baseline_20251214_115859\frontend\src\_legacy_js_backup_20251208\DailyChallengeHomeCard.js",".js","3280","P2","REVIEW_ONLY","PATCH_ONLY_AFTER_PATH_EXISTS_AND_REPO_CLEAN"
"backups\baseline_snapshots\baseline_20251214_115859\frontend\src\_legacy_js_backup_20251208\ErrorBoundary.js",".js","807","P2","REVIEW_ONLY","PATCH_ONLY_AFTER_PATH_EXISTS_AND_REPO_CLEAN"
"backups\baseline_snapshots\baseline_20251214_115859\frontend\src\_legacy_js_backup_20251208\HealthPanel.js",".js","1783","P2","REVIEW_ONLY","PATCH_ONLY_AFTER_PATH_EXISTS_AND_REPO_CLEAN"
"backups\baseline_snapshots\baseline_20251214_115859\frontend\src\_legacy_js_backup_20251208\main.js",".js","649","P2","REVIEW_ONLY","PATCH_ONLY_AFTER_PATH_EXISTS_AND_REPO_CLEAN"
"backups\baseline_snapshots\baseline_20251214_115859\frontend\src\App.tsx",".tsx","1197","P2","REVIEW_ONLY","PATCH_ONLY_AFTER_PATH_EXISTS_AND_REPO_CLEAN"
"backups\baseline_snapshots\baseline_20251214_115859\frontend\src\auth.ts",".ts","218","P2","REVIEW_ONLY","PATCH_ONLY_AFTER_PATH_EXISTS_AND_REPO_CLEAN"
"backups\baseline_snapshots\baseline_20251214_115859\frontend\src\components\DailyCompletionCard.tsx",".tsx","2603","P1","PATCH_CANDIDATE","PATCH_ONLY_AFTER_PATH_EXISTS_AND_REPO_CLEAN"
"backups\baseline_snapshots\baseline_20251214_115859\frontend\src\components\ErrorBoundary.tsx",".tsx","784","P1","PATCH_CANDIDATE","PATCH_ONLY_AFTER_PATH_EXISTS_AND_REPO_CLEAN"
"backups\baseline_snapshots\baseline_20251214_115859\frontend\src\components\GamePanel.tsx",".tsx","1287","P1","PATCH_CANDIDATE","PATCH_ONLY_AFTER_PATH_EXISTS_AND_REPO_CLEAN"
"backups\baseline_snapshots\baseline_20251214_115859\frontend\src\components\HealthPanel.tsx",".tsx","2749","P1","PATCH_CANDIDATE","PATCH_ONLY_AFTER_PATH_EXISTS_AND_REPO_CLEAN"
"backups\baseline_snapshots\baseline_20251214_115859\frontend\src\components\ProgressPanel.tsx",".tsx","1019","P1","PATCH_CANDIDATE","PATCH_ONLY_AFTER_PATH_EXISTS_AND_REPO_CLEAN"
"backups\baseline_snapshots\baseline_20251214_115859\frontend\src\daily-challenge\dailyChallengeApi.ts",".ts","2444","P2","REVIEW_ONLY","PATCH_ONLY_AFTER_PATH_EXISTS_AND_REPO_CLEAN"
"backups\baseline_snapshots\baseline_20251214_115859\frontend\src\daily-challenge\DailyChallengeDetailPage.tsx",".tsx","5329","P1","PATCH_CANDIDATE","PATCH_ONLY_AFTER_PATH_EXISTS_AND_REPO_CLEAN"
"backups\baseline_snapshots\baseline_20251214_115859\frontend\src\daily-challenge\DailyChallengeHomeCard.tsx",".tsx","3067","P2","REVIEW_ONLY","PATCH_ONLY_AFTER_PATH_EXISTS_AND_REPO_CLEAN"
"backups\baseline_snapshots\baseline_20251214_115859\frontend\src\lib\auth.ts",".ts","168","P2","REVIEW_ONLY","PATCH_ONLY_AFTER_PATH_EXISTS_AND_REPO_CLEAN"
"backups\baseline_snapshots\baseline_20251214_115859\frontend\src\pages\Daily.tsx",".tsx","2298","P1","PATCH_CANDIDATE","PATCH_ONLY_AFTER_PATH_EXISTS_AND_REPO_CLEAN"
"backups\baseline_snapshots\baseline_20251214_115859\frontend\src\pages\Progress.tsx",".tsx","1818","P1","PATCH_CANDIDATE","PATCH_ONLY_AFTER_PATH_EXISTS_AND_REPO_CLEAN"
"backups\baseline_snapshots\baseline_20251214_115859\frontend\src\progress\ProgressPage.tsx",".tsx","2030","P1","PATCH_CANDIDATE","PATCH_ONLY_AFTER_PATH_EXISTS_AND_REPO_CLEAN"
"backups\daily_feature_2025-11-29_1408\DailyChallengeDetailPage.tsx",".tsx","8422","P1","PATCH_CANDIDATE","PATCH_ONLY_AFTER_PATH_EXISTS_AND_REPO_CLEAN"
"backups\daily_feature_2025-11-29_1408\DailyCompletionCard.tsx",".tsx","2032","P2","REVIEW_ONLY","PATCH_ONLY_AFTER_PATH_EXISTS_AND_REPO_CLEAN"
"backups\daily_ui_phase1_2025-11-30_0933\DailyChallengeDetailPage.tsx",".tsx","8422","P1","PATCH_CANDIDATE","PATCH_ONLY_AFTER_PATH_EXISTS_AND_REPO_CLEAN"
"backups\daily_ui_phase1_2025-11-30_0933\DailyCompletionCard.tsx",".tsx","2603","P2","REVIEW_ONLY","PATCH_ONLY_AFTER_PATH_EXISTS_AND_REPO_CLEAN"
"backups\fullcheck_20251209_2024\health-and-puzzles.spec.ts",".ts","1654","P2","REVIEW_ONLY","PATCH_ONLY_AFTER_PATH_EXISTS_AND_REPO_CLEAN"
"backups\fullcheck_20251209_2024\mindlab-basic.spec.ts",".ts","711","P2","REVIEW_ONLY","PATCH_ONLY_AFTER_PATH_EXISTS_AND_REPO_CLEAN"
"backups\fullcheck_20251209_2024\mindlab-daily-ui.spec.ts",".ts","2182","P2","REVIEW_ONLY","PATCH_ONLY_AFTER_PATH_EXISTS_AND_REPO_CLEAN"
"backups\fullcheck_20251209_2024\mindlab-daily-ui-optional.spec.ts",".ts","691","P2","REVIEW_ONLY","PATCH_ONLY_AFTER_PATH_EXISTS_AND_REPO_CLEAN"
"backups\fullcheck_20251209_2024\puzzles-navigation.spec.ts",".ts","1547","P2","REVIEW_ONLY","PATCH_ONLY_AFTER_PATH_EXISTS_AND_REPO_CLEAN"
"backups\MindLab_Snapshot_2025-11-29_1306\src\auth.js",".js","210","P2","REVIEW_ONLY","PATCH_ONLY_AFTER_PATH_EXISTS_AND_REPO_CLEAN"
"backups\MindLab_Snapshot_2025-11-29_1306\src\auth.ts",".ts","218","P2","REVIEW_ONLY","PATCH_ONLY_AFTER_PATH_EXISTS_AND_REPO_CLEAN"
"backups\MindLab_Snapshot_2025-11-29_1306\src\components\ErrorBoundary.js",".js","807","P1","PATCH_CANDIDATE","PATCH_ONLY_AFTER_PATH_EXISTS_AND_REPO_CLEAN"
"backups\MindLab_Snapshot_2025-11-29_1306\src\components\ErrorBoundary.tsx",".tsx","784","P1","PATCH_CANDIDATE","PATCH_ONLY_AFTER_PATH_EXISTS_AND_REPO_CLEAN"
"backups\MindLab_Snapshot_2025-11-29_1306\src\components\GamePanel.js",".js","1425","P1","PATCH_CANDIDATE","PATCH_ONLY_AFTER_PATH_EXISTS_AND_REPO_CLEAN"
"backups\MindLab_Snapshot_2025-11-29_1306\src\components\GamePanel.tsx",".tsx","1287","P1","PATCH_CANDIDATE","PATCH_ONLY_AFTER_PATH_EXISTS_AND_REPO_CLEAN"
"backups\MindLab_Snapshot_2025-11-29_1306\src\components\HealthPanel.js",".js","1783","P1","PATCH_CANDIDATE","PATCH_ONLY_AFTER_PATH_EXISTS_AND_REPO_CLEAN"
"backups\MindLab_Snapshot_2025-11-29_1306\src\components\HealthPanel.tsx",".tsx","1759","P1","PATCH_CANDIDATE","PATCH_ONLY_AFTER_PATH_EXISTS_AND_REPO_CLEAN"
"backups\MindLab_Snapshot_2025-11-29_1306\src\components\ProgressPanel.js",".js","1233","P1","PATCH_CANDIDATE","PATCH_ONLY_AFTER_PATH_EXISTS_AND_REPO_CLEAN"
"backups\MindLab_Snapshot_2025-11-29_1306\src\components\ProgressPanel.tsx",".tsx","1019","P1","PATCH_CANDIDATE","PATCH_ONLY_AFTER_PATH_EXISTS_AND_REPO_CLEAN"
"backups\MindLab_Snapshot_2025-11-29_1306\src\daily-challenge\dailyChallengeApi.js",".js","1354","P2","REVIEW_ONLY","PATCH_ONLY_AFTER_PATH_EXISTS_AND_REPO_CLEAN"
"backups\MindLab_Snapshot_2025-11-29_1306\src\daily-challenge\dailyChallengeApi.ts",".ts","2444","P2","REVIEW_ONLY","PATCH_ONLY_AFTER_PATH_EXISTS_AND_REPO_CLEAN"
"backups\MindLab_Snapshot_2025-11-29_1306\src\daily-challenge\DailyChallengeDetailPage.js",".js","7961","P1","PATCH_CANDIDATE","PATCH_ONLY_AFTER_PATH_EXISTS_AND_REPO_CLEAN"
"backups\MindLab_Snapshot_2025-11-29_1306\src\daily-challenge\DailyChallengeDetailPage.tsx",".tsx","8422","P1","PATCH_CANDIDATE","PATCH_ONLY_AFTER_PATH_EXISTS_AND_REPO_CLEAN"
"backups\MindLab_Snapshot_2025-11-29_1306\src\daily-challenge\dailyChallengeEngine.ts",".ts","3464","P2","REVIEW_ONLY","PATCH_ONLY_AFTER_PATH_EXISTS_AND_REPO_CLEAN"
"backups\MindLab_Snapshot_2025-11-29_1306\src\daily-challenge\DailyChallengeHomeCard.js",".js","3280","P2","REVIEW_ONLY","PATCH_ONLY_AFTER_PATH_EXISTS_AND_REPO_CLEAN"
"backups\MindLab_Snapshot_2025-11-29_1306\src\daily-challenge\DailyChallengeHomeCard.tsx",".tsx","3067","P2","REVIEW_ONLY","PATCH_ONLY_AFTER_PATH_EXISTS_AND_REPO_CLEAN"
"backups\MindLab_Snapshot_2025-11-29_1306\src\daily-challenge\dailyChallengeRoutes.ts",".ts","5027","P1","PATCH_CANDIDATE","PATCH_ONLY_AFTER_PATH_EXISTS_AND_REPO_CLEAN"
"backups\MindLab_Snapshot_2025-11-29_1306\src\lib\auth.js",".js","168","P2","REVIEW_ONLY","PATCH_ONLY_AFTER_PATH_EXISTS_AND_REPO_CLEAN"
"backups\MindLab_Snapshot_2025-11-29_1306\src\lib\auth.ts",".ts","168","P2","REVIEW_ONLY","PATCH_ONLY_AFTER_PATH_EXISTS_AND_REPO_CLEAN"
"backups\MindLab_Snapshot_2025-11-29_1306\src\main.js",".js","649","P2","REVIEW_ONLY","PATCH_ONLY_AFTER_PATH_EXISTS_AND_REPO_CLEAN"
"backups\MindLab_Snapshot_2025-11-29_1306\src\main.tsx",".tsx","623","P2","REVIEW_ONLY","PATCH_ONLY_AFTER_PATH_EXISTS_AND_REPO_CLEAN"
"backups\MindLab_Snapshot_2025-11-29_1306\src\uxhelpers.js",".js","391","P2","REVIEW_ONLY","PATCH_ONLY_AFTER_PATH_EXISTS_AND_REPO_CLEAN"
"backups\PHASE2_STEP2_manual_20251221_100326\backend_src\daily-challenge\dailyChallengeEngine.ts",".ts","3464","P2","REVIEW_ONLY","PATCH_ONLY_AFTER_PATH_EXISTS_AND_REPO_CLEAN"
"backups\PHASE2_STEP2_manual_20251221_100326\backend_src\daily-challenge\dailyChallengeRoutes.ts",".ts","5027","P1","PATCH_CANDIDATE","PATCH_ONLY_AFTER_PATH_EXISTS_AND_REPO_CLEAN"
"backups\PHASE2_STEP2_manual_20251221_100326\backend_src\uxhelpers.js",".js","391","P2","REVIEW_ONLY","PATCH_ONLY_AFTER_PATH_EXISTS_AND_REPO_CLEAN"
"backups\PHASE2_STEP2_manual_20251221_100326\frontend_src\_legacy_js_backup_20251208\auth.js",".js","168","P2","REVIEW_ONLY","PATCH_ONLY_AFTER_PATH_EXISTS_AND_REPO_CLEAN"
"backups\PHASE2_STEP2_manual_20251221_100326\frontend_src\_legacy_js_backup_20251208\dailyChallengeApi.js",".js","1354","P2","REVIEW_ONLY","PATCH_ONLY_AFTER_PATH_EXISTS_AND_REPO_CLEAN"
"backups\PHASE2_STEP2_manual_20251221_100326\frontend_src\_legacy_js_backup_20251208\DailyChallengeDetailPage.js",".js","7961","P1","PATCH_CANDIDATE","PATCH_ONLY_AFTER_PATH_EXISTS_AND_REPO_CLEAN"
"backups\PHASE2_STEP2_manual_20251221_100326\frontend_src\_legacy_js_backup_20251208\DailyChallengeHomeCard.js",".js","3280","P2","REVIEW_ONLY","PATCH_ONLY_AFTER_PATH_EXISTS_AND_REPO_CLEAN"
"backups\PHASE2_STEP2_manual_20251221_100326\frontend_src\_legacy_js_backup_20251208\ErrorBoundary.js",".js","807","P2","REVIEW_ONLY","PATCH_ONLY_AFTER_PATH_EXISTS_AND_REPO_CLEAN"
"backups\PHASE2_STEP2_manual_20251221_100326\frontend_src\_legacy_js_backup_20251208\HealthPanel.js",".js","1783","P2","REVIEW_ONLY","PATCH_ONLY_AFTER_PATH_EXISTS_AND_REPO_CLEAN"
"backups\PHASE2_STEP2_manual_20251221_100326\frontend_src\_legacy_js_backup_20251208\main.js",".js","649","P2","REVIEW_ONLY","PATCH_ONLY_AFTER_PATH_EXISTS_AND_REPO_CLEAN"
"backups\PHASE2_STEP2_manual_20251221_100326\frontend_src\App.tsx",".tsx","1197","P2","REVIEW_ONLY","PATCH_ONLY_AFTER_PATH_EXISTS_AND_REPO_CLEAN"
"backups\PHASE2_STEP2_manual_20251221_100326\frontend_src\auth.ts",".ts","218","P2","REVIEW_ONLY","PATCH_ONLY_AFTER_PATH_EXISTS_AND_REPO_CLEAN"
"backups\PHASE2_STEP2_manual_20251221_100326\frontend_src\components\DailyCompletionCard.tsx",".tsx","2603","P1","PATCH_CANDIDATE","PATCH_ONLY_AFTER_PATH_EXISTS_AND_REPO_CLEAN"
"backups\PHASE2_STEP2_manual_20251221_100326\frontend_src\components\ErrorBoundary.tsx",".tsx","784","P1","PATCH_CANDIDATE","PATCH_ONLY_AFTER_PATH_EXISTS_AND_REPO_CLEAN"
"backups\PHASE2_STEP2_manual_20251221_100326\frontend_src\components\GamePanel.tsx",".tsx","1289","P1","PATCH_CANDIDATE","PATCH_ONLY_AFTER_PATH_EXISTS_AND_REPO_CLEAN"
"backups\PHASE2_STEP2_manual_20251221_100326\frontend_src\components\HealthPanel.tsx",".tsx","2749","P1","PATCH_CANDIDATE","PATCH_ONLY_AFTER_PATH_EXISTS_AND_REPO_CLEAN"
"backups\PHASE2_STEP2_manual_20251221_100326\frontend_src\components\ProgressPanel.tsx",".tsx","1019","P1","PATCH_CANDIDATE","PATCH_ONLY_AFTER_PATH_EXISTS_AND_REPO_CLEAN"
"backups\PHASE2_STEP2_manual_20251221_100326\frontend_src\daily-challenge\dailyChallengeApi.ts",".ts","2444","P2","REVIEW_ONLY","PATCH_ONLY_AFTER_PATH_EXISTS_AND_REPO_CLEAN"
"backups\PHASE2_STEP2_manual_20251221_100326\frontend_src\daily-challenge\DailyChallengeDetailPage.tsx",".tsx","5329","P1","PATCH_CANDIDATE","PATCH_ONLY_AFTER_PATH_EXISTS_AND_REPO_CLEAN"
"backups\PHASE2_STEP2_manual_20251221_100326\frontend_src\daily-challenge\DailyChallengeHomeCard.tsx",".tsx","3067","P2","REVIEW_ONLY","PATCH_ONLY_AFTER_PATH_EXISTS_AND_REPO_CLEAN"
"backups\PHASE2_STEP2_manual_20251221_100326\frontend_src\lib\auth.ts",".ts","168","P2","REVIEW_ONLY","PATCH_ONLY_AFTER_PATH_EXISTS_AND_REPO_CLEAN"
"backups\PHASE2_STEP2_manual_20251221_100326\frontend_src\pages\Daily.tsx",".tsx","2298","P1","PATCH_CANDIDATE","PATCH_ONLY_AFTER_PATH_EXISTS_AND_REPO_CLEAN"
"backups\PHASE2_STEP2_manual_20251221_100326\frontend_src\pages\Progress.tsx",".tsx","1818","P1","PATCH_CANDIDATE","PATCH_ONLY_AFTER_PATH_EXISTS_AND_REPO_CLEAN"
"backups\PHASE2_STEP2_manual_20251221_100326\frontend_src\progress\ProgressPage.tsx",".tsx","2030","P1","PATCH_CANDIDATE","PATCH_ONLY_AFTER_PATH_EXISTS_AND_REPO_CLEAN"
"backups\routes_daily_2025-11-29_1612\DailyChallengeDetailPage.tsx",".tsx","8422","P1","PATCH_CANDIDATE","PATCH_ONLY_AFTER_PATH_EXISTS_AND_REPO_CLEAN"
"backups\routes_daily_2025-11-29_1612\DailyCompletionCard.tsx",".tsx","2603","P1","PATCH_CANDIDATE","PATCH_ONLY_AFTER_PATH_EXISTS_AND_REPO_CLEAN"
"backups\routes_daily_2025-11-29_1612\main.tsx",".tsx","623","P1","PATCH_CANDIDATE","PATCH_ONLY_AFTER_PATH_EXISTS_AND_REPO_CLEAN"
"DailyCompletionCard.tsx",".tsx","2032","P2","REVIEW_ONLY","PATCH_ONLY_AFTER_PATH_EXISTS_AND_REPO_CLEAN"
"deploy\backend\server.js",".js","1814","P2","REVIEW_ONLY","PATCH_ONLY_AFTER_PATH_EXISTS_AND_REPO_CLEAN"
"docs\planning\kids_certified\06_ux_qa\kids_pilot_evidence_input_change_guard.json",".json","892","P1","PATCH_CANDIDATE","PATCH_ONLY_AFTER_PATH_EXISTS_AND_REPO_CLEAN"
"docs\planning\kids_certified\06_ux_qa\row_lock\current_focus.json",".json","754","P3","DO_NOT_PATCH_UNLESS_REQUIRED","PATCH_ONLY_AFTER_PATH_EXISTS_AND_REPO_CLEAN"
"docs\planning\kids_certified\06_ux_qa\row_lock\current_focus_apply_manifest.json",".json","1657","P3","DO_NOT_PATCH_UNLESS_REQUIRED","PATCH_ONLY_AFTER_PATH_EXISTS_AND_REPO_CLEAN"
"docs\planning\kids_certified\06_ux_qa\row_lock\current_focus_blocker_rows_manifest.json",".json","406","P3","DO_NOT_PATCH_UNLESS_REQUIRED","PATCH_ONLY_AFTER_PATH_EXISTS_AND_REPO_CLEAN"
"docs\planning\kids_certified\06_ux_qa\row_lock\current_focus_forced_override_manifest.json",".json","1712","P3","DO_NOT_PATCH_UNLESS_REQUIRED","PATCH_ONLY_AFTER_PATH_EXISTS_AND_REPO_CLEAN"
"docs\planning\kids_certified\06_ux_qa\row_lock\current_focus_known_value_map.json",".json","10037","P3","DO_NOT_PATCH_UNLESS_REQUIRED","PATCH_ONLY_AFTER_PATH_EXISTS_AND_REPO_CLEAN"
"docs\planning\kids_certified\06_ux_qa\row_lock\current_focus_manual_entry_manifest.json",".json","249","P3","DO_NOT_PATCH_UNLESS_REQUIRED","PATCH_ONLY_AFTER_PATH_EXISTS_AND_REPO_CLEAN"
"docs\planning\kids_certified\06_ux_qa\row_lock\current_focus_single_submission_row_manifest.json",".json","639","P3","DO_NOT_PATCH_UNLESS_REQUIRED","PATCH_ONLY_AFTER_PATH_EXISTS_AND_REPO_CLEAN"
"docs\planning\kids_certified\06_ux_qa\row_lock\current_focus_submission_pack_manifest.json",".json","759","P3","DO_NOT_PATCH_UNLESS_REQUIRED","PATCH_ONLY_AFTER_PATH_EXISTS_AND_REPO_CLEAN"
"docs\planning\kids_certified\06_ux_qa\row_lock\current_focus_unresolved_manual_batch_packet_manifest.json",".json","584","P3","DO_NOT_PATCH_UNLESS_REQUIRED","PATCH_ONLY_AFTER_PATH_EXISTS_AND_REPO_CLEAN"
"frontend\assets\index-kZBGcqck.js",".js","150322","P2","REVIEW_ONLY","PATCH_ONLY_AFTER_PATH_EXISTS_AND_REPO_CLEAN"
"frontend\backups\frontend_daily_ui_20251209\App.tsx",".tsx","1197","P2","REVIEW_ONLY","PATCH_ONLY_AFTER_PATH_EXISTS_AND_REPO_CLEAN"
"frontend\backups\frontend_daily_ui_20251209\DailyChallengeDetailPage.tsx",".tsx","3041","P1","PATCH_CANDIDATE","PATCH_ONLY_AFTER_PATH_EXISTS_AND_REPO_CLEAN"
"frontend\backups\frontend_daily_ui_20251209\HealthPanel.tsx",".tsx","2749","P2","REVIEW_ONLY","PATCH_ONLY_AFTER_PATH_EXISTS_AND_REPO_CLEAN"
"frontend\backups\frontend_daily_ui_20251209\mindlab-daily-ui.spec.ts",".ts","2182","P2","REVIEW_ONLY","PATCH_ONLY_AFTER_PATH_EXISTS_AND_REPO_CLEAN"
"frontend\backups\frontend_daily_ui_20251209\mindlab-daily-ui-optional.spec.ts",".ts","691","P2","REVIEW_ONLY","PATCH_ONLY_AFTER_PATH_EXISTS_AND_REPO_CLEAN"
"frontend\backups\frontend_daily_ui_20251209\ProgressPage.tsx",".tsx","1352","P1","PATCH_CANDIDATE","PATCH_ONLY_AFTER_PATH_EXISTS_AND_REPO_CLEAN"
"frontend\backups\fullcheck_20251209_2017\health-and-puzzles.spec.ts",".ts","1654","P2","REVIEW_ONLY","PATCH_ONLY_AFTER_PATH_EXISTS_AND_REPO_CLEAN"
"frontend\backups\fullcheck_20251209_2017\mindlab-basic.spec.ts",".ts","711","P2","REVIEW_ONLY","PATCH_ONLY_AFTER_PATH_EXISTS_AND_REPO_CLEAN"
"frontend\backups\fullcheck_20251209_2017\mindlab-daily-ui.spec.ts",".ts","2182","P2","REVIEW_ONLY","PATCH_ONLY_AFTER_PATH_EXISTS_AND_REPO_CLEAN"
"frontend\backups\fullcheck_20251209_2017\mindlab-daily-ui-optional.spec.ts",".ts","691","P2","REVIEW_ONLY","PATCH_ONLY_AFTER_PATH_EXISTS_AND_REPO_CLEAN"
"frontend\backups\fullcheck_20251209_2017\puzzles-navigation.spec.ts",".ts","1547","P2","REVIEW_ONLY","PATCH_ONLY_AFTER_PATH_EXISTS_AND_REPO_CLEAN"
"frontend\backups\fullcheck_20251210_1949\tests_e2e\daily-challenge.spec.ts",".ts","1171","P2","REVIEW_ONLY","PATCH_ONLY_AFTER_PATH_EXISTS_AND_REPO_CLEAN"
"frontend\backups\fullcheck_20251210_1949\tests_e2e\daily-challenge-prod.spec.ts",".ts","845","P2","REVIEW_ONLY","PATCH_ONLY_AFTER_PATH_EXISTS_AND_REPO_CLEAN"
"frontend\backups\fullcheck_20251210_1949\tests_e2e\health-and-puzzles.spec.ts",".ts","1654","P2","REVIEW_ONLY","PATCH_ONLY_AFTER_PATH_EXISTS_AND_REPO_CLEAN"
"frontend\backups\fullcheck_20251210_1949\tests_e2e\mindlab-basic.spec.ts",".ts","711","P2","REVIEW_ONLY","PATCH_ONLY_AFTER_PATH_EXISTS_AND_REPO_CLEAN"
"frontend\backups\fullcheck_20251210_1949\tests_e2e\mindlab-daily-result.spec.ts",".ts","1877","P2","REVIEW_ONLY","PATCH_ONLY_AFTER_PATH_EXISTS_AND_REPO_CLEAN"
"frontend\backups\fullcheck_20251210_1949\tests_e2e\mindlab-daily-solve.spec.ts",".ts","1639","P2","REVIEW_ONLY","PATCH_ONLY_AFTER_PATH_EXISTS_AND_REPO_CLEAN"
"frontend\backups\fullcheck_20251210_1949\tests_e2e\mindlab-daily-ui.spec.ts",".ts","2182","P2","REVIEW_ONLY","PATCH_ONLY_AFTER_PATH_EXISTS_AND_REPO_CLEAN"
"frontend\backups\fullcheck_20251210_1949\tests_e2e\mindlab-daily-ui-optional.spec.ts",".ts","691","P2","REVIEW_ONLY","PATCH_ONLY_AFTER_PATH_EXISTS_AND_REPO_CLEAN"
"frontend\backups\fullcheck_20251210_1949\tests_e2e\mindlab-health-ui.spec.ts",".ts","1010","P2","REVIEW_ONLY","PATCH_ONLY_AFTER_PATH_EXISTS_AND_REPO_CLEAN"
"frontend\backups\fullcheck_20251210_1949\tests_e2e\mindlab-prod.spec.ts",".ts","1169","P2","REVIEW_ONLY","PATCH_ONLY_AFTER_PATH_EXISTS_AND_REPO_CLEAN"
"frontend\backups\fullcheck_20251210_1949\tests_e2e\mindlab-progress-ui.spec.ts",".ts","787","P1","PATCH_CANDIDATE","PATCH_ONLY_AFTER_PATH_EXISTS_AND_REPO_CLEAN"
"frontend\backups\fullcheck_20251210_1949\tests_e2e\progress-api.spec.ts",".ts","1169","P1","PATCH_CANDIDATE","PATCH_ONLY_AFTER_PATH_EXISTS_AND_REPO_CLEAN"
"frontend\backups\fullcheck_20251210_1949\tests_e2e\progress-ui.spec.ts",".ts","1553","P1","PATCH_CANDIDATE","PATCH_ONLY_AFTER_PATH_EXISTS_AND_REPO_CLEAN"
"frontend\backups\fullcheck_20251210_1949\tests_e2e\puzzles-navigation.spec.ts",".ts","1547","P2","REVIEW_ONLY","PATCH_ONLY_AFTER_PATH_EXISTS_AND_REPO_CLEAN"
"frontend\backups\fullcheck_20251210_1959\tests_e2e\daily-challenge.spec.ts",".ts","1171","P2","REVIEW_ONLY","PATCH_ONLY_AFTER_PATH_EXISTS_AND_REPO_CLEAN"
"frontend\backups\fullcheck_20251210_1959\tests_e2e\daily-challenge-prod.spec.ts",".ts","845","P2","REVIEW_ONLY","PATCH_ONLY_AFTER_PATH_EXISTS_AND_REPO_CLEAN"
"frontend\backups\fullcheck_20251210_1959\tests_e2e\health-and-puzzles.spec.ts",".ts","1654","P2","REVIEW_ONLY","PATCH_ONLY_AFTER_PATH_EXISTS_AND_REPO_CLEAN"
"frontend\backups\fullcheck_20251210_1959\tests_e2e\mindlab-basic.spec.ts",".ts","711","P2","REVIEW_ONLY","PATCH_ONLY_AFTER_PATH_EXISTS_AND_REPO_CLEAN"
"frontend\backups\fullcheck_20251210_1959\tests_e2e\mindlab-daily-result.spec.ts",".ts","1877","P2","REVIEW_ONLY","PATCH_ONLY_AFTER_PATH_EXISTS_AND_REPO_CLEAN"
"frontend\backups\fullcheck_20251210_1959\tests_e2e\mindlab-daily-solve.spec.ts",".ts","1639","P2","REVIEW_ONLY","PATCH_ONLY_AFTER_PATH_EXISTS_AND_REPO_CLEAN"
"frontend\backups\fullcheck_20251210_1959\tests_e2e\mindlab-daily-ui.spec.ts",".ts","2182","P2","REVIEW_ONLY","PATCH_ONLY_AFTER_PATH_EXISTS_AND_REPO_CLEAN"
"frontend\backups\fullcheck_20251210_1959\tests_e2e\mindlab-daily-ui-optional.spec.ts",".ts","691","P2","REVIEW_ONLY","PATCH_ONLY_AFTER_PATH_EXISTS_AND_REPO_CLEAN"
"frontend\backups\fullcheck_20251210_1959\tests_e2e\mindlab-health-ui.spec.ts",".ts","1010","P2","REVIEW_ONLY","PATCH_ONLY_AFTER_PATH_EXISTS_AND_REPO_CLEAN"
"frontend\backups\fullcheck_20251210_1959\tests_e2e\mindlab-prod.spec.ts",".ts","1169","P2","REVIEW_ONLY","PATCH_ONLY_AFTER_PATH_EXISTS_AND_REPO_CLEAN"
"frontend\backups\fullcheck_20251210_1959\tests_e2e\mindlab-progress-ui.spec.ts",".ts","787","P1","PATCH_CANDIDATE","PATCH_ONLY_AFTER_PATH_EXISTS_AND_REPO_CLEAN"
"frontend\backups\fullcheck_20251210_1959\tests_e2e\progress-api.spec.ts",".ts","1169","P1","PATCH_CANDIDATE","PATCH_ONLY_AFTER_PATH_EXISTS_AND_REPO_CLEAN"
"frontend\backups\fullcheck_20251210_1959\tests_e2e\progress-ui.spec.ts",".ts","1553","P1","PATCH_CANDIDATE","PATCH_ONLY_AFTER_PATH_EXISTS_AND_REPO_CLEAN"
"frontend\backups\fullcheck_20251210_1959\tests_e2e\puzzles-navigation.spec.ts",".ts","1547","P2","REVIEW_ONLY","PATCH_ONLY_AFTER_PATH_EXISTS_AND_REPO_CLEAN"
"frontend\backups\fullcheck_20251211_1900\tests_e2e\daily-challenge.spec.ts",".ts","1171","P2","REVIEW_ONLY","PATCH_ONLY_AFTER_PATH_EXISTS_AND_REPO_CLEAN"
"frontend\backups\fullcheck_20251211_1900\tests_e2e\daily-challenge-prod.spec.ts",".ts","845","P2","REVIEW_ONLY","PATCH_ONLY_AFTER_PATH_EXISTS_AND_REPO_CLEAN"
"frontend\backups\fullcheck_20251211_1900\tests_e2e\health-and-puzzles.spec.ts",".ts","1654","P2","REVIEW_ONLY","PATCH_ONLY_AFTER_PATH_EXISTS_AND_REPO_CLEAN"
"frontend\backups\fullcheck_20251211_1900\tests_e2e\mindlab-basic.spec.ts",".ts","711","P2","REVIEW_ONLY","PATCH_ONLY_AFTER_PATH_EXISTS_AND_REPO_CLEAN"
"frontend\backups\fullcheck_20251211_1900\tests_e2e\mindlab-daily-result.spec.ts",".ts","1877","P2","REVIEW_ONLY","PATCH_ONLY_AFTER_PATH_EXISTS_AND_REPO_CLEAN"
"frontend\backups\fullcheck_20251211_1900\tests_e2e\mindlab-daily-solve.spec.ts",".ts","1639","P2","REVIEW_ONLY","PATCH_ONLY_AFTER_PATH_EXISTS_AND_REPO_CLEAN"
"frontend\backups\fullcheck_20251211_1900\tests_e2e\mindlab-daily-ui.spec.ts",".ts","2182","P2","REVIEW_ONLY","PATCH_ONLY_AFTER_PATH_EXISTS_AND_REPO_CLEAN"
"frontend\backups\fullcheck_20251211_1900\tests_e2e\mindlab-daily-ui-optional.spec.ts",".ts","691","P2","REVIEW_ONLY","PATCH_ONLY_AFTER_PATH_EXISTS_AND_REPO_CLEAN"
"frontend\backups\fullcheck_20251211_1900\tests_e2e\mindlab-health-ui.spec.ts",".ts","1010","P2","REVIEW_ONLY","PATCH_ONLY_AFTER_PATH_EXISTS_AND_REPO_CLEAN"
"frontend\backups\fullcheck_20251211_1900\tests_e2e\mindlab-prod.spec.ts",".ts","1169","P2","REVIEW_ONLY","PATCH_ONLY_AFTER_PATH_EXISTS_AND_REPO_CLEAN"
"frontend\backups\fullcheck_20251211_1900\tests_e2e\mindlab-progress-ui.spec.ts",".ts","787","P1","PATCH_CANDIDATE","PATCH_ONLY_AFTER_PATH_EXISTS_AND_REPO_CLEAN"
"frontend\backups\fullcheck_20251211_1900\tests_e2e\progress-api.spec.ts",".ts","1169","P1","PATCH_CANDIDATE","PATCH_ONLY_AFTER_PATH_EXISTS_AND_REPO_CLEAN"
"frontend\backups\fullcheck_20251211_1900\tests_e2e\progress-ui.spec.ts",".ts","1553","P1","PATCH_CANDIDATE","PATCH_ONLY_AFTER_PATH_EXISTS_AND_REPO_CLEAN"
"frontend\backups\fullcheck_20251211_1900\tests_e2e\puzzles-navigation.spec.ts",".ts","1547","P2","REVIEW_ONLY","PATCH_ONLY_AFTER_PATH_EXISTS_AND_REPO_CLEAN"
"frontend\backups\fullcheck_20251211_2031\tests_e2e\daily-challenge.spec.ts",".ts","1171","P2","REVIEW_ONLY","PATCH_ONLY_AFTER_PATH_EXISTS_AND_REPO_CLEAN"
"frontend\backups\fullcheck_20251211_2031\tests_e2e\daily-challenge-prod.spec.ts",".ts","845","P2","REVIEW_ONLY","PATCH_ONLY_AFTER_PATH_EXISTS_AND_REPO_CLEAN"
"frontend\backups\fullcheck_20251211_2031\tests_e2e\health-and-puzzles.spec.ts",".ts","1654","P2","REVIEW_ONLY","PATCH_ONLY_AFTER_PATH_EXISTS_AND_REPO_CLEAN"
"frontend\backups\fullcheck_20251211_2031\tests_e2e\mindlab-basic.spec.ts",".ts","711","P2","REVIEW_ONLY","PATCH_ONLY_AFTER_PATH_EXISTS_AND_REPO_CLEAN"
"frontend\backups\fullcheck_20251211_2031\tests_e2e\mindlab-daily-result.spec.ts",".ts","1877","P2","REVIEW_ONLY","PATCH_ONLY_AFTER_PATH_EXISTS_AND_REPO_CLEAN"
"frontend\backups\fullcheck_20251211_2031\tests_e2e\mindlab-daily-solve.spec.ts",".ts","1639","P2","REVIEW_ONLY","PATCH_ONLY_AFTER_PATH_EXISTS_AND_REPO_CLEAN"
"frontend\backups\fullcheck_20251211_2031\tests_e2e\mindlab-daily-ui.spec.ts",".ts","2182","P2","REVIEW_ONLY","PATCH_ONLY_AFTER_PATH_EXISTS_AND_REPO_CLEAN"
"frontend\backups\fullcheck_20251211_2031\tests_e2e\mindlab-daily-ui-optional.spec.ts",".ts","691","P2","REVIEW_ONLY","PATCH_ONLY_AFTER_PATH_EXISTS_AND_REPO_CLEAN"
"frontend\backups\fullcheck_20251211_2031\tests_e2e\mindlab-health-ui.spec.ts",".ts","1010","P2","REVIEW_ONLY","PATCH_ONLY_AFTER_PATH_EXISTS_AND_REPO_CLEAN"
"frontend\backups\fullcheck_20251211_2031\tests_e2e\mindlab-prod.spec.ts",".ts","1169","P2","REVIEW_ONLY","PATCH_ONLY_AFTER_PATH_EXISTS_AND_REPO_CLEAN"
"frontend\backups\fullcheck_20251211_2031\tests_e2e\mindlab-progress-ui.spec.ts",".ts","787","P1","PATCH_CANDIDATE","PATCH_ONLY_AFTER_PATH_EXISTS_AND_REPO_CLEAN"
"frontend\backups\fullcheck_20251211_2031\tests_e2e\progress-api.spec.ts",".ts","1169","P1","PATCH_CANDIDATE","PATCH_ONLY_AFTER_PATH_EXISTS_AND_REPO_CLEAN"
"frontend\backups\fullcheck_20251211_2031\tests_e2e\progress-ui.spec.ts",".ts","1553","P1","PATCH_CANDIDATE","PATCH_ONLY_AFTER_PATH_EXISTS_AND_REPO_CLEAN"
"frontend\backups\fullcheck_20251211_2031\tests_e2e\puzzles-navigation.spec.ts",".ts","1547","P2","REVIEW_ONLY","PATCH_ONLY_AFTER_PATH_EXISTS_AND_REPO_CLEAN"
"frontend\backups\fullcheck_20251211_2155\tests_e2e\daily-challenge.spec.ts",".ts","1171","P2","REVIEW_ONLY","PATCH_ONLY_AFTER_PATH_EXISTS_AND_REPO_CLEAN"
"frontend\backups\fullcheck_20251211_2155\tests_e2e\daily-challenge-prod.spec.ts",".ts","845","P2","REVIEW_ONLY","PATCH_ONLY_AFTER_PATH_EXISTS_AND_REPO_CLEAN"
"frontend\backups\fullcheck_20251211_2155\tests_e2e\health-and-puzzles.spec.ts",".ts","1654","P2","REVIEW_ONLY","PATCH_ONLY_AFTER_PATH_EXISTS_AND_REPO_CLEAN"
"frontend\backups\fullcheck_20251211_2155\tests_e2e\mindlab-basic.spec.ts",".ts","711","P2","REVIEW_ONLY","PATCH_ONLY_AFTER_PATH_EXISTS_AND_REPO_CLEAN"
"frontend\backups\fullcheck_20251211_2155\tests_e2e\mindlab-daily-result.spec.ts",".ts","1877","P2","REVIEW_ONLY","PATCH_ONLY_AFTER_PATH_EXISTS_AND_REPO_CLEAN"
"frontend\backups\fullcheck_20251211_2155\tests_e2e\mindlab-daily-solve.spec.ts",".ts","1639","P2","REVIEW_ONLY","PATCH_ONLY_AFTER_PATH_EXISTS_AND_REPO_CLEAN"
"frontend\backups\fullcheck_20251211_2155\tests_e2e\mindlab-daily-ui.spec.ts",".ts","2182","P2","REVIEW_ONLY","PATCH_ONLY_AFTER_PATH_EXISTS_AND_REPO_CLEAN"
"frontend\backups\fullcheck_20251211_2155\tests_e2e\mindlab-daily-ui-optional.spec.ts",".ts","691","P2","REVIEW_ONLY","PATCH_ONLY_AFTER_PATH_EXISTS_AND_REPO_CLEAN"
"frontend\backups\fullcheck_20251211_2155\tests_e2e\mindlab-game-flow.spec.ts",".ts","1651","P1","PATCH_CANDIDATE","PATCH_ONLY_AFTER_PATH_EXISTS_AND_REPO_CLEAN"
"frontend\backups\fullcheck_20251211_2155\tests_e2e\mindlab-health-ui.spec.ts",".ts","1010","P2","REVIEW_ONLY","PATCH_ONLY_AFTER_PATH_EXISTS_AND_REPO_CLEAN"
"frontend\backups\fullcheck_20251211_2155\tests_e2e\mindlab-prod.spec.ts",".ts","1169","P2","REVIEW_ONLY","PATCH_ONLY_AFTER_PATH_EXISTS_AND_REPO_CLEAN"
"frontend\backups\fullcheck_20251211_2155\tests_e2e\mindlab-progress-ui.spec.ts",".ts","787","P1","PATCH_CANDIDATE","PATCH_ONLY_AFTER_PATH_EXISTS_AND_REPO_CLEAN"
"frontend\backups\fullcheck_20251211_2155\tests_e2e\progress-api.spec.ts",".ts","1169","P1","PATCH_CANDIDATE","PATCH_ONLY_AFTER_PATH_EXISTS_AND_REPO_CLEAN"
"frontend\backups\fullcheck_20251211_2155\tests_e2e\progress-ui.spec.ts",".ts","1553","P1","PATCH_CANDIDATE","PATCH_ONLY_AFTER_PATH_EXISTS_AND_REPO_CLEAN"
"frontend\backups\fullcheck_20251211_2155\tests_e2e\puzzles-navigation.spec.ts",".ts","1547","P2","REVIEW_ONLY","PATCH_ONLY_AFTER_PATH_EXISTS_AND_REPO_CLEAN"
"frontend\backups\fullcheck_20251212_1838\tests_e2e\daily-challenge.spec.ts",".ts","1171","P2","REVIEW_ONLY","PATCH_ONLY_AFTER_PATH_EXISTS_AND_REPO_CLEAN"
"frontend\backups\fullcheck_20251212_1838\tests_e2e\daily-challenge-prod.spec.ts",".ts","845","P2","REVIEW_ONLY","PATCH_ONLY_AFTER_PATH_EXISTS_AND_REPO_CLEAN"
"frontend\backups\fullcheck_20251212_1838\tests_e2e\health-and-puzzles.spec.ts",".ts","1654","P2","REVIEW_ONLY","PATCH_ONLY_AFTER_PATH_EXISTS_AND_REPO_CLEAN"
"frontend\backups\fullcheck_20251212_1838\tests_e2e\mindlab-basic.spec.ts",".ts","711","P2","REVIEW_ONLY","PATCH_ONLY_AFTER_PATH_EXISTS_AND_REPO_CLEAN"
"frontend\backups\fullcheck_20251212_1838\tests_e2e\mindlab-daily-result.spec.ts",".ts","1877","P2","REVIEW_ONLY","PATCH_ONLY_AFTER_PATH_EXISTS_AND_REPO_CLEAN"
"frontend\backups\fullcheck_20251212_1838\tests_e2e\mindlab-daily-solve.spec.ts",".ts","1639","P2","REVIEW_ONLY","PATCH_ONLY_AFTER_PATH_EXISTS_AND_REPO_CLEAN"
"frontend\backups\fullcheck_20251212_1838\tests_e2e\mindlab-daily-ui.spec.ts",".ts","2182","P2","REVIEW_ONLY","PATCH_ONLY_AFTER_PATH_EXISTS_AND_REPO_CLEAN"
"frontend\backups\fullcheck_20251212_1838\tests_e2e\mindlab-daily-ui-optional.spec.ts",".ts","691","P2","REVIEW_ONLY","PATCH_ONLY_AFTER_PATH_EXISTS_AND_REPO_CLEAN"
"frontend\backups\fullcheck_20251212_1838\tests_e2e\mindlab-game-flow.spec.ts",".ts","1651","P1","PATCH_CANDIDATE","PATCH_ONLY_AFTER_PATH_EXISTS_AND_REPO_CLEAN"
"frontend\backups\fullcheck_20251212_1838\tests_e2e\mindlab-health-ui.spec.ts",".ts","1010","P2","REVIEW_ONLY","PATCH_ONLY_AFTER_PATH_EXISTS_AND_REPO_CLEAN"
"frontend\backups\fullcheck_20251212_1838\tests_e2e\mindlab-prod.spec.ts",".ts","1169","P2","REVIEW_ONLY","PATCH_ONLY_AFTER_PATH_EXISTS_AND_REPO_CLEAN"
"frontend\backups\fullcheck_20251212_1838\tests_e2e\mindlab-progress-ui.spec.ts",".ts","787","P1","PATCH_CANDIDATE","PATCH_ONLY_AFTER_PATH_EXISTS_AND_REPO_CLEAN"
"frontend\backups\fullcheck_20251212_1838\tests_e2e\progress-api.spec.ts",".ts","1169","P1","PATCH_CANDIDATE","PATCH_ONLY_AFTER_PATH_EXISTS_AND_REPO_CLEAN"
"frontend\backups\fullcheck_20251212_1838\tests_e2e\progress-ui.spec.ts",".ts","1553","P1","PATCH_CANDIDATE","PATCH_ONLY_AFTER_PATH_EXISTS_AND_REPO_CLEAN"
"frontend\backups\fullcheck_20251212_1838\tests_e2e\puzzles-navigation.spec.ts",".ts","1547","P2","REVIEW_ONLY","PATCH_ONLY_AFTER_PATH_EXISTS_AND_REPO_CLEAN"
"frontend\backups\fullcheck_20251212_1928\tests_e2e\daily-challenge.spec.ts",".ts","1171","P2","REVIEW_ONLY","PATCH_ONLY_AFTER_PATH_EXISTS_AND_REPO_CLEAN"
"frontend\backups\fullcheck_20251212_1928\tests_e2e\daily-challenge-prod.spec.ts",".ts","845","P2","REVIEW_ONLY","PATCH_ONLY_AFTER_PATH_EXISTS_AND_REPO_CLEAN"
"frontend\backups\fullcheck_20251212_1928\tests_e2e\health-and-puzzles.spec.ts",".ts","1654","P2","REVIEW_ONLY","PATCH_ONLY_AFTER_PATH_EXISTS_AND_REPO_CLEAN"
"frontend\backups\fullcheck_20251212_1928\tests_e2e\mindlab-basic.spec.ts",".ts","711","P2","REVIEW_ONLY","PATCH_ONLY_AFTER_PATH_EXISTS_AND_REPO_CLEAN"
"frontend\backups\fullcheck_20251212_1928\tests_e2e\mindlab-daily-result.spec.ts",".ts","1877","P2","REVIEW_ONLY","PATCH_ONLY_AFTER_PATH_EXISTS_AND_REPO_CLEAN"
"frontend\backups\fullcheck_20251212_1928\tests_e2e\mindlab-daily-solve.spec.ts",".ts","1639","P2","REVIEW_ONLY","PATCH_ONLY_AFTER_PATH_EXISTS_AND_REPO_CLEAN"
"frontend\backups\fullcheck_20251212_1928\tests_e2e\mindlab-daily-ui.spec.ts",".ts","2182","P2","REVIEW_ONLY","PATCH_ONLY_AFTER_PATH_EXISTS_AND_REPO_CLEAN"
"frontend\backups\fullcheck_20251212_1928\tests_e2e\mindlab-daily-ui-optional.spec.ts",".ts","691","P2","REVIEW_ONLY","PATCH_ONLY_AFTER_PATH_EXISTS_AND_REPO_CLEAN"
"frontend\backups\fullcheck_20251212_1928\tests_e2e\mindlab-game-flow.spec.ts",".ts","1651","P1","PATCH_CANDIDATE","PATCH_ONLY_AFTER_PATH_EXISTS_AND_REPO_CLEAN"
"frontend\backups\fullcheck_20251212_1928\tests_e2e\mindlab-health-ui.spec.ts",".ts","1010","P2","REVIEW_ONLY","PATCH_ONLY_AFTER_PATH_EXISTS_AND_REPO_CLEAN"
"frontend\backups\fullcheck_20251212_1928\tests_e2e\mindlab-prod.spec.ts",".ts","1169","P2","REVIEW_ONLY","PATCH_ONLY_AFTER_PATH_EXISTS_AND_REPO_CLEAN"
"frontend\backups\fullcheck_20251212_1928\tests_e2e\mindlab-progress-ui.spec.ts",".ts","787","P1","PATCH_CANDIDATE","PATCH_ONLY_AFTER_PATH_EXISTS_AND_REPO_CLEAN"
"frontend\backups\fullcheck_20251212_1928\tests_e2e\progress-api.spec.ts",".ts","1169","P1","PATCH_CANDIDATE","PATCH_ONLY_AFTER_PATH_EXISTS_AND_REPO_CLEAN"
"frontend\backups\fullcheck_20251212_1928\tests_e2e\progress-ui.spec.ts",".ts","1553","P1","PATCH_CANDIDATE","PATCH_ONLY_AFTER_PATH_EXISTS_AND_REPO_CLEAN"
"frontend\backups\fullcheck_20251212_1928\tests_e2e\puzzles-navigation.spec.ts",".ts","1547","P2","REVIEW_ONLY","PATCH_ONLY_AFTER_PATH_EXISTS_AND_REPO_CLEAN"
"frontend\backups\manual_edits\Daily_PATCH_BACKUP_20251213_111716_Daily.tsx",".tsx","5867","P2","REVIEW_ONLY","PATCH_ONLY_AFTER_PATH_EXISTS_AND_REPO_CLEAN"
"frontend\backups\manual_edits\DailyChallengeDetailPage_PATCH_BACKUP_20251213_113423.tsx",".tsx","4924","P1","PATCH_CANDIDATE","PATCH_ONLY_AFTER_PATH_EXISTS_AND_REPO_CLEAN"
"frontend\backups\manual_edits\DailyChallengeDetailPage_SOLVEUI_BACKUP_20251213_123034.tsx",".tsx","2278","P1","PATCH_CANDIDATE","PATCH_ONLY_AFTER_PATH_EXISTS_AND_REPO_CLEAN"
"frontend\package-lock.json",".json","109241","P3","DO_NOT_PATCH_UNLESS_REQUIRED","PATCH_ONLY_AFTER_PATH_EXISTS_AND_REPO_CLEAN"
"frontend\src\_legacy_js_backup_20251208\auth.js",".js","174","P2","REVIEW_ONLY","PATCH_ONLY_AFTER_PATH_EXISTS_AND_REPO_CLEAN"
"frontend\src\_legacy_js_backup_20251208\dailyChallengeApi.js",".js","1538","P2","REVIEW_ONLY","PATCH_ONLY_AFTER_PATH_EXISTS_AND_REPO_CLEAN"
"frontend\src\_legacy_js_backup_20251208\DailyChallengeDetailPage.js",".js","8083","P1","PATCH_CANDIDATE","PATCH_ONLY_AFTER_PATH_EXISTS_AND_REPO_CLEAN"
"frontend\src\_legacy_js_backup_20251208\DailyChallengeHomeCard.js",".js","3344","P2","REVIEW_ONLY","PATCH_ONLY_AFTER_PATH_EXISTS_AND_REPO_CLEAN"
"frontend\src\_legacy_js_backup_20251208\ErrorBoundary.js",".js","828","P2","REVIEW_ONLY","PATCH_ONLY_AFTER_PATH_EXISTS_AND_REPO_CLEAN"
"frontend\src\_legacy_js_backup_20251208\HealthPanel.js",".js","1824","P2","REVIEW_ONLY","PATCH_ONLY_AFTER_PATH_EXISTS_AND_REPO_CLEAN"
"frontend\src\_legacy_js_backup_20251208\main.js",".js","666","P2","REVIEW_ONLY","PATCH_ONLY_AFTER_PATH_EXISTS_AND_REPO_CLEAN"
"frontend\src\App.tsx",".tsx","1148","P2","REVIEW_ONLY","PATCH_ONLY_AFTER_PATH_EXISTS_AND_REPO_CLEAN"
"frontend\src\app\mindlab_kids_runtime.js",".js","3401","P1","PATCH_CANDIDATE","PATCH_ONLY_AFTER_PATH_EXISTS_AND_REPO_CLEAN"
"frontend\src\auth.ts",".ts","218","P2","REVIEW_ONLY","PATCH_ONLY_AFTER_PATH_EXISTS_AND_REPO_CLEAN"
"frontend\src\components\DailyCompletionCard.tsx",".tsx","2603","P1","PATCH_CANDIDATE","PATCH_ONLY_AFTER_PATH_EXISTS_AND_REPO_CLEAN"
"frontend\src\components\ErrorBoundary.tsx",".tsx","784","P1","PATCH_CANDIDATE","PATCH_ONLY_AFTER_PATH_EXISTS_AND_REPO_CLEAN"
"frontend\src\components\GamePanel.tsx",".tsx","1289","P1","PATCH_CANDIDATE","PATCH_ONLY_AFTER_PATH_EXISTS_AND_REPO_CLEAN"
"frontend\src\components\HealthPanel.tsx",".tsx","2278","P1","PATCH_CANDIDATE","PATCH_ONLY_AFTER_PATH_EXISTS_AND_REPO_CLEAN"
"frontend\src\components\ProgressPanel.tsx",".tsx","1019","P1","PATCH_CANDIDATE","PATCH_ONLY_AFTER_PATH_EXISTS_AND_REPO_CLEAN"
"frontend\src\daily-challenge\DailyChallengeDetailPage.tsx",".tsx","6609","P1","PATCH_CANDIDATE","PATCH_ONLY_AFTER_PATH_EXISTS_AND_REPO_CLEAN"
"frontend\src\daily-challenge\DailyChallengeHomeCard.tsx",".tsx","2666","P2","REVIEW_ONLY","PATCH_ONLY_AFTER_PATH_EXISTS_AND_REPO_CLEAN"
"frontend\src\data\kids\mindlab_kids_content_selector.js",".js","232","P1","PATCH_CANDIDATE","PATCH_ONLY_AFTER_PATH_EXISTS_AND_REPO_CLEAN"
"frontend\src\data\kids\mindlab_kids_pack_index.js",".js","433","P1","PATCH_CANDIDATE","PATCH_ONLY_AFTER_PATH_EXISTS_AND_REPO_CLEAN"
"frontend\src\data\kids\mindlab_kids_seed_puzzles.js",".js","412","P1","PATCH_CANDIDATE","PATCH_ONLY_AFTER_PATH_EXISTS_AND_REPO_CLEAN"
"frontend\src\data\kids\packs\mindlab_kids_pack_k1.js",".js","704","P1","PATCH_CANDIDATE","PATCH_ONLY_AFTER_PATH_EXISTS_AND_REPO_CLEAN"
"frontend\src\data\kids\packs\mindlab_kids_pack_k2.js",".js","823","P1","PATCH_CANDIDATE","PATCH_ONLY_AFTER_PATH_EXISTS_AND_REPO_CLEAN"
"frontend\src\data\kids\packs\mindlab_kids_pack_k3.js",".js","761","P1","PATCH_CANDIDATE","PATCH_ONLY_AFTER_PATH_EXISTS_AND_REPO_CLEAN"
"frontend\src\data\kids\packs\mindlab_kids_pack_k4.js",".js","427","P1","PATCH_CANDIDATE","PATCH_ONLY_AFTER_PATH_EXISTS_AND_REPO_CLEAN"
"frontend\src\data\kids\packs\mindlab_kids_pack_k5.js",".js","458","P1","PATCH_CANDIDATE","PATCH_ONLY_AFTER_PATH_EXISTS_AND_REPO_CLEAN"
"frontend\src\engine\mindlab_adaptive_engine.js",".js","275","P2","REVIEW_ONLY","PATCH_ONLY_AFTER_PATH_EXISTS_AND_REPO_CLEAN"
"frontend\src\engine\mindlab_backend_route_probe.js",".js","1146","P1","PATCH_CANDIDATE","PATCH_ONLY_AFTER_PATH_EXISTS_AND_REPO_CLEAN"
"frontend\src\engine\mindlab_safe_fetch.js",".js","508","P2","REVIEW_ONLY","PATCH_ONLY_AFTER_PATH_EXISTS_AND_REPO_CLEAN"
"frontend\src\engine\mindlab_state_sync.js",".js","509","P2","REVIEW_ONLY","PATCH_ONLY_AFTER_PATH_EXISTS_AND_REPO_CLEAN"
"frontend\src\engine\mindlab_state_tracker.js",".js","362","P2","REVIEW_ONLY","PATCH_ONLY_AFTER_PATH_EXISTS_AND_REPO_CLEAN"
"frontend\src\features\adults\adultsGameplayContent.ts",".ts","3970","P1","PATCH_CANDIDATE","PATCH_ONLY_AFTER_PATH_EXISTS_AND_REPO_CLEAN"
"frontend\src\features\adults\AdultsGameplayPanel.tsx",".tsx","5488","P1","PATCH_CANDIDATE","PATCH_ONLY_AFTER_PATH_EXISTS_AND_REPO_CLEAN"
"frontend\src\features\adults\AdultsLanding.tsx",".tsx","2003","P1","PATCH_CANDIDATE","PATCH_ONLY_AFTER_PATH_EXISTS_AND_REPO_CLEAN"
"frontend\src\features\adults\adultsPersistence.ts",".ts","3767","P1","PATCH_CANDIDATE","PATCH_ONLY_AFTER_PATH_EXISTS_AND_REPO_CLEAN"
"frontend\src\features\adults\AdultsPostSessionInsightPanel.tsx",".tsx","2193","P1","PATCH_CANDIDATE","PATCH_ONLY_AFTER_PATH_EXISTS_AND_REPO_CLEAN"
"frontend\src\features\adults\adultsPostSessionInsights.ts",".ts","2029","P1","PATCH_CANDIDATE","PATCH_ONLY_AFTER_PATH_EXISTS_AND_REPO_CLEAN"
"frontend\src\features\adults\adultsRouteConfig.ts",".ts","474","P1","PATCH_CANDIDATE","PATCH_ONLY_AFTER_PATH_EXISTS_AND_REPO_CLEAN"
"frontend\src\features\adults\adultsScoring.ts",".ts","3569","P1","PATCH_CANDIDATE","PATCH_ONLY_AFTER_PATH_EXISTS_AND_REPO_CLEAN"
"frontend\src\features\adults\adultsSessionModes.ts",".ts","1829","P1","PATCH_CANDIDATE","PATCH_ONLY_AFTER_PATH_EXISTS_AND_REPO_CLEAN"
"frontend\src\features\adults\AdultsSessionModeSelector.tsx",".tsx","2187","P1","PATCH_CANDIDATE","PATCH_ONLY_AFTER_PATH_EXISTS_AND_REPO_CLEAN"
"frontend\src\features\kids\kidsGameplayContent.ts",".ts","9868","P1","PATCH_CANDIDATE","PATCH_ONLY_AFTER_PATH_EXISTS_AND_REPO_CLEAN"
"frontend\src\features\kids\KidsGameplayPanel.tsx",".tsx","12508","P1","PATCH_CANDIDATE","PATCH_ONLY_AFTER_PATH_EXISTS_AND_REPO_CLEAN"
"frontend\src\features\kids\KidsLanding.tsx",".tsx","7218","P1","PATCH_CANDIDATE","PATCH_ONLY_AFTER_PATH_EXISTS_AND_REPO_CLEAN"
"frontend\src\features\kids\kidsPersistence.ts",".ts","8612","P1","PATCH_CANDIDATE","PATCH_ONLY_AFTER_PATH_EXISTS_AND_REPO_CLEAN"
"frontend\src\features\kids\KidsPostSessionInsightPanel.tsx",".tsx","1509","P1","PATCH_CANDIDATE","PATCH_ONLY_AFTER_PATH_EXISTS_AND_REPO_CLEAN"
"frontend\src\features\kids\kidsPostSessionInsights.ts",".ts","3372","P1","PATCH_CANDIDATE","PATCH_ONLY_AFTER_PATH_EXISTS_AND_REPO_CLEAN"
"frontend\src\features\kids\kidsScoring.ts",".ts","5406","P1","PATCH_CANDIDATE","PATCH_ONLY_AFTER_PATH_EXISTS_AND_REPO_CLEAN"
"frontend\src\features\kids\kidsSessionModes.ts",".ts","1585","P1","PATCH_CANDIDATE","PATCH_ONLY_AFTER_PATH_EXISTS_AND_REPO_CLEAN"
"frontend\src\lib\auth.ts",".ts","168","P2","REVIEW_ONLY","PATCH_ONLY_AFTER_PATH_EXISTS_AND_REPO_CLEAN"
"frontend\src\main.tsx",".tsx","711","P2","REVIEW_ONLY","PATCH_ONLY_AFTER_PATH_EXISTS_AND_REPO_CLEAN"
"frontend\src\pages\Daily.tsx",".tsx","2086","P1","PATCH_CANDIDATE","PATCH_ONLY_AFTER_PATH_EXISTS_AND_REPO_CLEAN"
"frontend\src\pages\Progress.tsx",".tsx","1928","P1","PATCH_CANDIDATE","PATCH_ONLY_AFTER_PATH_EXISTS_AND_REPO_CLEAN"
"frontend\src\pages\PuzzlesPlay.tsx",".tsx","4752","P1","PATCH_CANDIDATE","PATCH_ONLY_AFTER_PATH_EXISTS_AND_REPO_CLEAN"
"frontend\src\pages\SolvePuzzle.tsx",".tsx","10093","P1","PATCH_CANDIDATE","PATCH_ONLY_AFTER_PATH_EXISTS_AND_REPO_CLEAN"
"frontend\src\progress\ProgressPage.tsx",".tsx","1942","P1","PATCH_CANDIDATE","PATCH_ONLY_AFTER_PATH_EXISTS_AND_REPO_CLEAN"
"frontend\src\services\mindlab_v2_client_api_test.js",".js","2083","P2","REVIEW_ONLY","PATCH_ONLY_AFTER_PATH_EXISTS_AND_REPO_CLEAN"
"frontend\src\ui\mindlab_interaction_controller.js",".js","1161","P2","REVIEW_ONLY","PATCH_ONLY_AFTER_PATH_EXISTS_AND_REPO_CLEAN"
"frontend\src\ui\mindlab_kids_certified_puzzle_01.js",".js","972","P1","PATCH_CANDIDATE","PATCH_ONLY_AFTER_PATH_EXISTS_AND_REPO_CLEAN"
"frontend\src\ui\mindlab_kids_certified_puzzle_02.js",".js","963","P1","PATCH_CANDIDATE","PATCH_ONLY_AFTER_PATH_EXISTS_AND_REPO_CLEAN"
"frontend\src\ui\mindlab_kids_certified_puzzle_03.js",".js","963","P1","PATCH_CANDIDATE","PATCH_ONLY_AFTER_PATH_EXISTS_AND_REPO_CLEAN"
"frontend\src\ui\mindlab_kids_certified_puzzle_04.js",".js","963","P1","PATCH_CANDIDATE","PATCH_ONLY_AFTER_PATH_EXISTS_AND_REPO_CLEAN"
"frontend\src\ui\mindlab_kids_certified_puzzle_05.js",".js","963","P1","PATCH_CANDIDATE","PATCH_ONLY_AFTER_PATH_EXISTS_AND_REPO_CLEAN"
"frontend\src\ui\mindlab_kids_certified_puzzle_06.js",".js","887","P1","PATCH_CANDIDATE","PATCH_ONLY_AFTER_PATH_EXISTS_AND_REPO_CLEAN"
"frontend\src\ui\mindlab_kids_certified_puzzle_07.js",".js","896","P1","PATCH_CANDIDATE","PATCH_ONLY_AFTER_PATH_EXISTS_AND_REPO_CLEAN"
"frontend\src\ui\mindlab_kids_certified_puzzle_08.js",".js","875","P1","PATCH_CANDIDATE","PATCH_ONLY_AFTER_PATH_EXISTS_AND_REPO_CLEAN"
"frontend\src\ui\mindlab_kids_certified_puzzle_09.js",".js","882","P1","PATCH_CANDIDATE","PATCH_ONLY_AFTER_PATH_EXISTS_AND_REPO_CLEAN"
"frontend\src\ui\mindlab_kids_certified_puzzle_10.js",".js","916","P1","PATCH_CANDIDATE","PATCH_ONLY_AFTER_PATH_EXISTS_AND_REPO_CLEAN"
"frontend\src\ui\mindlab_kids_certified_puzzle_11.js",".js","893","P1","PATCH_CANDIDATE","PATCH_ONLY_AFTER_PATH_EXISTS_AND_REPO_CLEAN"
"frontend\src\ui\mindlab_kids_certified_puzzle_12.js",".js","859","P1","PATCH_CANDIDATE","PATCH_ONLY_AFTER_PATH_EXISTS_AND_REPO_CLEAN"
"frontend\src\ui\mindlab_kids_certified_puzzle_13.js",".js","877","P1","PATCH_CANDIDATE","PATCH_ONLY_AFTER_PATH_EXISTS_AND_REPO_CLEAN"
"frontend\src\ui\mindlab_kids_certified_puzzle_14.js",".js","896","P1","PATCH_CANDIDATE","PATCH_ONLY_AFTER_PATH_EXISTS_AND_REPO_CLEAN"
"frontend\src\ui\mindlab_kids_certified_puzzle_15.js",".js","864","P1","PATCH_CANDIDATE","PATCH_ONLY_AFTER_PATH_EXISTS_AND_REPO_CLEAN"
"frontend\src\ui\mindlab_kids_certified_puzzle_16.js",".js","923","P1","PATCH_CANDIDATE","PATCH_ONLY_AFTER_PATH_EXISTS_AND_REPO_CLEAN"
"frontend\src\ui\mindlab_kids_certified_puzzle_17.js",".js","896","P1","PATCH_CANDIDATE","PATCH_ONLY_AFTER_PATH_EXISTS_AND_REPO_CLEAN"
"frontend\src\ui\mindlab_kids_certified_puzzle_18.js",".js","867","P1","PATCH_CANDIDATE","PATCH_ONLY_AFTER_PATH_EXISTS_AND_REPO_CLEAN"
"frontend\src\ui\mindlab_kids_certified_puzzle_19.js",".js","916","P1","PATCH_CANDIDATE","PATCH_ONLY_AFTER_PATH_EXISTS_AND_REPO_CLEAN"
"frontend\src\ui\mindlab_kids_certified_puzzle_20.js",".js","915","P1","PATCH_CANDIDATE","PATCH_ONLY_AFTER_PATH_EXISTS_AND_REPO_CLEAN"
"frontend\src\ui\mindlab_kids_certified_puzzle_21.js",".js","943","P1","PATCH_CANDIDATE","PATCH_ONLY_AFTER_PATH_EXISTS_AND_REPO_CLEAN"
"frontend\src\ui\mindlab_kids_certified_puzzle_22.js",".js","925","P1","PATCH_CANDIDATE","PATCH_ONLY_AFTER_PATH_EXISTS_AND_REPO_CLEAN"
"frontend\src\ui\mindlab_kids_certified_puzzle_23.js",".js","867","P1","PATCH_CANDIDATE","PATCH_ONLY_AFTER_PATH_EXISTS_AND_REPO_CLEAN"
"frontend\src\ui\mindlab_kids_certified_puzzle_24.js",".js","913","P1","PATCH_CANDIDATE","PATCH_ONLY_AFTER_PATH_EXISTS_AND_REPO_CLEAN"
"frontend\src\ui\mindlab_kids_certified_puzzle_25.js",".js","927","P1","PATCH_CANDIDATE","PATCH_ONLY_AFTER_PATH_EXISTS_AND_REPO_CLEAN"
"frontend\src\ui\mindlab_kids_first_puzzle.js",".js","1050","P1","PATCH_CANDIDATE","PATCH_ONLY_AFTER_PATH_EXISTS_AND_REPO_CLEAN"
"frontend\src\ui\mindlab_kids_game_flow.js",".js","642","P1","PATCH_CANDIDATE","PATCH_ONLY_AFTER_PATH_EXISTS_AND_REPO_CLEAN"
"frontend\src\ui\mindlab_kids_main.js",".js","169","P1","PATCH_CANDIDATE","PATCH_ONLY_AFTER_PATH_EXISTS_AND_REPO_CLEAN"
"frontend\src\ui\mindlab_kids_mode_shell.js",".js","609","P1","PATCH_CANDIDATE","PATCH_ONLY_AFTER_PATH_EXISTS_AND_REPO_CLEAN"
"frontend\src\ui\mindlab_kids_progress.js",".js","255","P1","PATCH_CANDIDATE","PATCH_ONLY_AFTER_PATH_EXISTS_AND_REPO_CLEAN"
"frontend\src\ui\mindlab_kids_puzzle_02.js",".js","1022","P1","PATCH_CANDIDATE","PATCH_ONLY_AFTER_PATH_EXISTS_AND_REPO_CLEAN"
"frontend\src\ui\mindlab_kids_puzzle_03.js",".js","1053","P1","PATCH_CANDIDATE","PATCH_ONLY_AFTER_PATH_EXISTS_AND_REPO_CLEAN"
"frontend\src\ui\mindlab_kids_puzzle_04.js",".js","1041","P1","PATCH_CANDIDATE","PATCH_ONLY_AFTER_PATH_EXISTS_AND_REPO_CLEAN"
"frontend\src\ui\mindlab_kids_puzzle_05.js",".js","1029","P1","PATCH_CANDIDATE","PATCH_ONLY_AFTER_PATH_EXISTS_AND_REPO_CLEAN"
"frontend\src\ui\mindlab_kids_puzzle_06.js",".js","1055","P1","PATCH_CANDIDATE","PATCH_ONLY_AFTER_PATH_EXISTS_AND_REPO_CLEAN"
"frontend\src\ui\mindlab_kids_puzzle_07.js",".js","1071","P1","PATCH_CANDIDATE","PATCH_ONLY_AFTER_PATH_EXISTS_AND_REPO_CLEAN"
"frontend\src\ui\mindlab_kids_puzzle_08.js",".js","1054","P1","PATCH_CANDIDATE","PATCH_ONLY_AFTER_PATH_EXISTS_AND_REPO_CLEAN"
"frontend\src\ui\mindlab_kids_puzzle_09.js",".js","1049","P1","PATCH_CANDIDATE","PATCH_ONLY_AFTER_PATH_EXISTS_AND_REPO_CLEAN"
"frontend\src\ui\mindlab_kids_puzzle_10.js",".js","1074","P1","PATCH_CANDIDATE","PATCH_ONLY_AFTER_PATH_EXISTS_AND_REPO_CLEAN"
"frontend\src\ui\mindlab_kids_puzzle_11.js",".js","1073","P1","PATCH_CANDIDATE","PATCH_ONLY_AFTER_PATH_EXISTS_AND_REPO_CLEAN"
"frontend\src\ui\mindlab_kids_puzzle_12.js",".js","1073","P1","PATCH_CANDIDATE","PATCH_ONLY_AFTER_PATH_EXISTS_AND_REPO_CLEAN"
"frontend\src\ui\mindlab_kids_puzzle_13.js",".js","1058","P1","PATCH_CANDIDATE","PATCH_ONLY_AFTER_PATH_EXISTS_AND_REPO_CLEAN"
"frontend\src\ui\mindlab_kids_puzzle_14.js",".js","1071","P1","PATCH_CANDIDATE","PATCH_ONLY_AFTER_PATH_EXISTS_AND_REPO_CLEAN"
"frontend\src\ui\mindlab_kids_puzzle_15.js",".js","960","P1","PATCH_CANDIDATE","PATCH_ONLY_AFTER_PATH_EXISTS_AND_REPO_CLEAN"
"frontend\src\ui\mindlab_kids_puzzle_16.js",".js","910","P1","PATCH_CANDIDATE","PATCH_ONLY_AFTER_PATH_EXISTS_AND_REPO_CLEAN"
"frontend\src\ui\mindlab_kids_puzzle_17.js",".js","906","P1","PATCH_CANDIDATE","PATCH_ONLY_AFTER_PATH_EXISTS_AND_REPO_CLEAN"
"frontend\src\ui\mindlab_kids_puzzle_18.js",".js","931","P1","PATCH_CANDIDATE","PATCH_ONLY_AFTER_PATH_EXISTS_AND_REPO_CLEAN"
"frontend\src\ui\mindlab_kids_puzzle_19.js",".js","906","P1","PATCH_CANDIDATE","PATCH_ONLY_AFTER_PATH_EXISTS_AND_REPO_CLEAN"
"frontend\src\ui\mindlab_kids_puzzle_20.js",".js","927","P1","PATCH_CANDIDATE","PATCH_ONLY_AFTER_PATH_EXISTS_AND_REPO_CLEAN"
"frontend\src\ui\mindlab_kids_puzzle_21.js",".js","919","P1","PATCH_CANDIDATE","PATCH_ONLY_AFTER_PATH_EXISTS_AND_REPO_CLEAN"
"frontend\src\ui\mindlab_kids_puzzle_22.js",".js","904","P1","PATCH_CANDIDATE","PATCH_ONLY_AFTER_PATH_EXISTS_AND_REPO_CLEAN"
"frontend\src\ui\mindlab_kids_puzzle_23.js",".js","947","P1","PATCH_CANDIDATE","PATCH_ONLY_AFTER_PATH_EXISTS_AND_REPO_CLEAN"
"frontend\src\ui\mindlab_kids_puzzle_24.js",".js","918","P1","PATCH_CANDIDATE","PATCH_ONLY_AFTER_PATH_EXISTS_AND_REPO_CLEAN"
"frontend\src\ui\mindlab_kids_puzzle_25.js",".js","922","P1","PATCH_CANDIDATE","PATCH_ONLY_AFTER_PATH_EXISTS_AND_REPO_CLEAN"
"frontend\src\ui\mindlab_kids_puzzle_26.js",".js","904","P1","PATCH_CANDIDATE","PATCH_ONLY_AFTER_PATH_EXISTS_AND_REPO_CLEAN"
"frontend\src\ui\mindlab_kids_puzzle_27.js",".js","908","P1","PATCH_CANDIDATE","PATCH_ONLY_AFTER_PATH_EXISTS_AND_REPO_CLEAN"
"frontend\src\ui\mindlab_kids_puzzle_28.js",".js","908","P1","PATCH_CANDIDATE","PATCH_ONLY_AFTER_PATH_EXISTS_AND_REPO_CLEAN"
"frontend\src\ui\mindlab_kids_puzzle_29.js",".js","925","P1","PATCH_CANDIDATE","PATCH_ONLY_AFTER_PATH_EXISTS_AND_REPO_CLEAN"
"frontend\src\ui\mindlab_kids_puzzle_30.js",".js","902","P1","PATCH_CANDIDATE","PATCH_ONLY_AFTER_PATH_EXISTS_AND_REPO_CLEAN"
"frontend\src\ui\mindlab_kids_puzzle_31.js",".js","913","P1","PATCH_CANDIDATE","PATCH_ONLY_AFTER_PATH_EXISTS_AND_REPO_CLEAN"
"frontend\src\ui\mindlab_kids_puzzle_32.js",".js","927","P1","PATCH_CANDIDATE","PATCH_ONLY_AFTER_PATH_EXISTS_AND_REPO_CLEAN"
"frontend\src\ui\mindlab_kids_puzzle_33.js",".js","918","P1","PATCH_CANDIDATE","PATCH_ONLY_AFTER_PATH_EXISTS_AND_REPO_CLEAN"
"frontend\src\ui\mindlab_kids_puzzle_34.js",".js","920","P1","PATCH_CANDIDATE","PATCH_ONLY_AFTER_PATH_EXISTS_AND_REPO_CLEAN"
"frontend\src\ui\mindlab_kids_puzzle_35.js",".js","912","P1","PATCH_CANDIDATE","PATCH_ONLY_AFTER_PATH_EXISTS_AND_REPO_CLEAN"
"frontend\src\ui\mindlab_kids_puzzle_36.js",".js","916","P1","PATCH_CANDIDATE","PATCH_ONLY_AFTER_PATH_EXISTS_AND_REPO_CLEAN"
"frontend\src\ui\mindlab_kids_puzzle_37.js",".js","914","P1","PATCH_CANDIDATE","PATCH_ONLY_AFTER_PATH_EXISTS_AND_REPO_CLEAN"
"frontend\src\ui\mindlab_kids_puzzle_38.js",".js","929","P1","PATCH_CANDIDATE","PATCH_ONLY_AFTER_PATH_EXISTS_AND_REPO_CLEAN"
"frontend\src\ui\mindlab_kids_puzzle_39.js",".js","915","P1","PATCH_CANDIDATE","PATCH_ONLY_AFTER_PATH_EXISTS_AND_REPO_CLEAN"
"frontend\src\ui\mindlab_kids_puzzle_40.js",".js","916","P1","PATCH_CANDIDATE","PATCH_ONLY_AFTER_PATH_EXISTS_AND_REPO_CLEAN"
"frontend\src\ui\mindlab_kids_puzzle_41.js",".js","920","P1","PATCH_CANDIDATE","PATCH_ONLY_AFTER_PATH_EXISTS_AND_REPO_CLEAN"
"frontend\src\ui\mindlab_kids_puzzle_42.js",".js","922","P1","PATCH_CANDIDATE","PATCH_ONLY_AFTER_PATH_EXISTS_AND_REPO_CLEAN"
"frontend\src\ui\mindlab_kids_puzzle_43.js",".js","925","P1","PATCH_CANDIDATE","PATCH_ONLY_AFTER_PATH_EXISTS_AND_REPO_CLEAN"
"frontend\src\ui\mindlab_kids_puzzle_44.js",".js","923","P1","PATCH_CANDIDATE","PATCH_ONLY_AFTER_PATH_EXISTS_AND_REPO_CLEAN"
"frontend\src\ui\mindlab_kids_puzzle_45.js",".js","927","P1","PATCH_CANDIDATE","PATCH_ONLY_AFTER_PATH_EXISTS_AND_REPO_CLEAN"
"frontend\src\ui\mindlab_kids_puzzle_46.js",".js","910","P1","PATCH_CANDIDATE","PATCH_ONLY_AFTER_PATH_EXISTS_AND_REPO_CLEAN"
"frontend\src\ui\mindlab_kids_puzzle_47.js",".js","929","P1","PATCH_CANDIDATE","PATCH_ONLY_AFTER_PATH_EXISTS_AND_REPO_CLEAN"
"frontend\src\ui\mindlab_kids_puzzle_48.js",".js","927","P1","PATCH_CANDIDATE","PATCH_ONLY_AFTER_PATH_EXISTS_AND_REPO_CLEAN"
"frontend\src\ui\mindlab_kids_puzzle_49.js",".js","915","P1","PATCH_CANDIDATE","PATCH_ONLY_AFTER_PATH_EXISTS_AND_REPO_CLEAN"
"frontend\src\ui\mindlab_kids_puzzle_50.js",".js","918","P1","PATCH_CANDIDATE","PATCH_ONLY_AFTER_PATH_EXISTS_AND_REPO_CLEAN"
"frontend\src\ui\mindlab_kids_puzzle_51.js",".js","921","P1","PATCH_CANDIDATE","PATCH_ONLY_AFTER_PATH_EXISTS_AND_REPO_CLEAN"
"frontend\src\ui\mindlab_kids_puzzle_52.js",".js","910","P1","PATCH_CANDIDATE","PATCH_ONLY_AFTER_PATH_EXISTS_AND_REPO_CLEAN"
"frontend\src\ui\mindlab_kids_puzzle_53.js",".js","910","P1","PATCH_CANDIDATE","PATCH_ONLY_AFTER_PATH_EXISTS_AND_REPO_CLEAN"
"frontend\src\ui\mindlab_kids_puzzle_54.js",".js","907","P1","PATCH_CANDIDATE","PATCH_ONLY_AFTER_PATH_EXISTS_AND_REPO_CLEAN"
"frontend\src\ui\mindlab_kids_puzzle_55.js",".js","906","P1","PATCH_CANDIDATE","PATCH_ONLY_AFTER_PATH_EXISTS_AND_REPO_CLEAN"
"frontend\src\ui\mindlab_renderer.js",".js","1084","P2","REVIEW_ONLY","PATCH_ONLY_AFTER_PATH_EXISTS_AND_REPO_CLEAN"
"frontend\src\ui\mindlab_v2_admin_educator_test.js",".js","1632","P2","REVIEW_ONLY","PATCH_ONLY_AFTER_PATH_EXISTS_AND_REPO_CLEAN"
"frontend\src\ui\mindlab_v2_admin_export_test.js",".js","645","P2","REVIEW_ONLY","PATCH_ONLY_AFTER_PATH_EXISTS_AND_REPO_CLEAN"
"frontend\src\ui\mindlab_v2_analytics_deployment_test.js",".js","960","P2","REVIEW_ONLY","PATCH_ONLY_AFTER_PATH_EXISTS_AND_REPO_CLEAN"
"frontend\src\ui\mindlab_v2_ux_flow_controller.js",".js","38055","P2","REVIEW_ONLY","PATCH_ONLY_AFTER_PATH_EXISTS_AND_REPO_CLEAN"
"frontend\src\ui\mindlab_v2_ux_flow_controller_test.js",".js","2198","P2","REVIEW_ONLY","PATCH_ONLY_AFTER_PATH_EXISTS_AND_REPO_CLEAN"
"frontend\tests\e2e\backups\mindlab-daily-ui.spec.ts.before_20251201_202342.ts",".ts","1595","P2","REVIEW_ONLY","PATCH_ONLY_AFTER_PATH_EXISTS_AND_REPO_CLEAN"
"frontend\tests\e2e\backups\mindlab-daily-ui.spec.ts.before_20251201_204445.ts",".ts","836","P2","REVIEW_ONLY","PATCH_ONLY_AFTER_PATH_EXISTS_AND_REPO_CLEAN"
"frontend\tests\e2e\backups\mindlab-daily-ui.spec.ts.before_20251205_165031.ts",".ts","1263","P2","REVIEW_ONLY","PATCH_ONLY_AFTER_PATH_EXISTS_AND_REPO_CLEAN"
"frontend\tests\e2e\backups\mindlab-daily-ui.spec.ts.before_20251205_211746.ts",".ts","1161","P2","REVIEW_ONLY","PATCH_ONLY_AFTER_PATH_EXISTS_AND_REPO_CLEAN"
"frontend\tests\e2e\daily-challenge.spec.ts",".ts","1171","P2","REVIEW_ONLY","PATCH_ONLY_AFTER_PATH_EXISTS_AND_REPO_CLEAN"
"frontend\tests\e2e\daily-challenge-prod.spec.ts",".ts","845","P2","REVIEW_ONLY","PATCH_ONLY_AFTER_PATH_EXISTS_AND_REPO_CLEAN"
"frontend\tests\e2e\health-and-puzzles.spec.ts",".ts","1654","P2","REVIEW_ONLY","PATCH_ONLY_AFTER_PATH_EXISTS_AND_REPO_CLEAN"
"frontend\tests\e2e\mindlab-basic.spec.ts",".ts","711","P2","REVIEW_ONLY","PATCH_ONLY_AFTER_PATH_EXISTS_AND_REPO_CLEAN"
"frontend\tests\e2e\mindlab-daily-result.spec.ts",".ts","1877","P2","REVIEW_ONLY","PATCH_ONLY_AFTER_PATH_EXISTS_AND_REPO_CLEAN"
"frontend\tests\e2e\mindlab-daily-solve.spec.ts",".ts","1639","P2","REVIEW_ONLY","PATCH_ONLY_AFTER_PATH_EXISTS_AND_REPO_CLEAN"
"frontend\tests\e2e\mindlab-daily-ui.spec.ts",".ts","2182","P2","REVIEW_ONLY","PATCH_ONLY_AFTER_PATH_EXISTS_AND_REPO_CLEAN"
"frontend\tests\e2e\mindlab-daily-ui-optional.spec.ts",".ts","620","P2","REVIEW_ONLY","PATCH_ONLY_AFTER_PATH_EXISTS_AND_REPO_CLEAN"
"frontend\tests\e2e\mindlab-game-flow.spec.ts",".ts","1651","P1","PATCH_CANDIDATE","PATCH_ONLY_AFTER_PATH_EXISTS_AND_REPO_CLEAN"
"frontend\tests\e2e\mindlab-health-ui.spec.ts",".ts","1010","P2","REVIEW_ONLY","PATCH_ONLY_AFTER_PATH_EXISTS_AND_REPO_CLEAN"
"frontend\tests\e2e\mindlab-prod.spec.ts",".ts","1169","P2","REVIEW_ONLY","PATCH_ONLY_AFTER_PATH_EXISTS_AND_REPO_CLEAN"
"frontend\tests\e2e\mindlab-progress-ui.spec.ts",".ts","787","P1","PATCH_CANDIDATE","PATCH_ONLY_AFTER_PATH_EXISTS_AND_REPO_CLEAN"
"frontend\tests\e2e\progress-api.spec.ts",".ts","1169","P1","PATCH_CANDIDATE","PATCH_ONLY_AFTER_PATH_EXISTS_AND_REPO_CLEAN"
"frontend\tests\e2e\progress-ui.spec.ts",".ts","1553","P1","PATCH_CANDIDATE","PATCH_ONLY_AFTER_PATH_EXISTS_AND_REPO_CLEAN"
"frontend\tests\e2e\puzzles-navigation.spec.ts",".ts","1547","P2","REVIEW_ONLY","PATCH_ONLY_AFTER_PATH_EXISTS_AND_REPO_CLEAN"
"frontend\vitest.config.ts",".ts","470","P3","DO_NOT_PATCH_UNLESS_REQUIRED","PATCH_ONLY_AFTER_PATH_EXISTS_AND_REPO_CLEAN"
"game\achievements_notifications.js",".js","438","P1","PATCH_CANDIDATE","PATCH_ONLY_AFTER_PATH_EXISTS_AND_REPO_CLEAN"
"game\achievements_test.js",".js","1643","P1","PATCH_CANDIDATE","PATCH_ONLY_AFTER_PATH_EXISTS_AND_REPO_CLEAN"
"game\analytics_test.js",".js","1404","P1","PATCH_CANDIDATE","PATCH_ONLY_AFTER_PATH_EXISTS_AND_REPO_CLEAN"
"game\content_pack_test.js",".js","1203","P1","PATCH_CANDIDATE","PATCH_ONLY_AFTER_PATH_EXISTS_AND_REPO_CLEAN"
"game\live_ops_test.js",".js","1448","P1","PATCH_CANDIDATE","PATCH_ONLY_AFTER_PATH_EXISTS_AND_REPO_CLEAN"
"game\puzzle_editor_test.js",".js","1136","P1","PATCH_CANDIDATE","PATCH_ONLY_AFTER_PATH_EXISTS_AND_REPO_CLEAN"
"game\qa_automation_test.js",".js","1344","P1","PATCH_CANDIDATE","PATCH_ONLY_AFTER_PATH_EXISTS_AND_REPO_CLEAN"
"game\tournament_test.js",".js","1479","P1","PATCH_CANDIDATE","PATCH_ONLY_AFTER_PATH_EXISTS_AND_REPO_CLEAN"
"package-lock.json",".json","102","P3","DO_NOT_PATCH_UNLESS_REQUIRED","PATCH_ONLY_AFTER_PATH_EXISTS_AND_REPO_CLEAN"
"src\features\adults\adultsGameplayContent.ts",".ts","3970","P1","PATCH_CANDIDATE","PATCH_ONLY_AFTER_PATH_EXISTS_AND_REPO_CLEAN"
"src\features\adults\AdultsGameplayPanel.tsx",".tsx","5455","P1","PATCH_CANDIDATE","PATCH_ONLY_AFTER_PATH_EXISTS_AND_REPO_CLEAN"
"src\features\adults\AdultsLanding.tsx",".tsx","2003","P1","PATCH_CANDIDATE","PATCH_ONLY_AFTER_PATH_EXISTS_AND_REPO_CLEAN"
"src\features\adults\adultsPersistence.ts",".ts","3767","P1","PATCH_CANDIDATE","PATCH_ONLY_AFTER_PATH_EXISTS_AND_REPO_CLEAN"
"src\features\adults\AdultsPostSessionInsightPanel.tsx",".tsx","2182","P1","PATCH_CANDIDATE","PATCH_ONLY_AFTER_PATH_EXISTS_AND_REPO_CLEAN"
"src\features\adults\adultsPostSessionInsights.ts",".ts","2029","P1","PATCH_CANDIDATE","PATCH_ONLY_AFTER_PATH_EXISTS_AND_REPO_CLEAN"
"src\features\adults\adultsRouteConfig.ts",".ts","474","P1","PATCH_CANDIDATE","PATCH_ONLY_AFTER_PATH_EXISTS_AND_REPO_CLEAN"
"src\features\adults\adultsScoring.ts",".ts","3569","P1","PATCH_CANDIDATE","PATCH_ONLY_AFTER_PATH_EXISTS_AND_REPO_CLEAN"
"src\features\adults\adultsSessionModes.ts",".ts","1829","P1","PATCH_CANDIDATE","PATCH_ONLY_AFTER_PATH_EXISTS_AND_REPO_CLEAN"
"src\features\adults\AdultsSessionModeSelector.tsx",".tsx","2176","P1","PATCH_CANDIDATE","PATCH_ONLY_AFTER_PATH_EXISTS_AND_REPO_CLEAN"
"tools\backups\frontend_lock\mindlab_browser_app.js",".js","442","P3","DO_NOT_PATCH_UNLESS_REQUIRED","PATCH_ONLY_AFTER_PATH_EXISTS_AND_REPO_CLEAN"
"tools\backups\frontend_lock\mindlab_score_submitter.js",".js","513","P3","DO_NOT_PATCH_UNLESS_REQUIRED","PATCH_ONLY_AFTER_PATH_EXISTS_AND_REPO_CLEAN"
"tools\backups\manual_loop_failure_recovery\20260412_120604\docs\planning\kids_certified\06_ux_qa\row_lock\current_focus_unresolved_manual_batch_packet_manifest.json",".json","584","P3","DO_NOT_PATCH_UNLESS_REQUIRED","PATCH_ONLY_AFTER_PATH_EXISTS_AND_REPO_CLEAN"
